Upload started: 2026-08-26T13:03:45Z
Source: /Volumes/Samsung 990-2/100 Hours/Electronics
Destination: gs://100hr-data/Electronics/
OK    /Volumes/Samsung 990-2/100 Hours/Electronics/MTL-SKL00098-119.mp4 -> gs://100hr-data/Electronics/Videos/MTL-SKL00098-119.mp4
OK    /Volumes/Samsung 990-2/100 Hours/Electronics/MTL-SKL00098-016.aac -> gs://100hr-data/Electronics/IMU/MTL-SKL00098-016.aac
OK    /Volumes/Samsung 990-2/100 Hours/Electronics/MTL-SKL00102-046.aac -> gs://100hr-data/Electronics/IMU/MTL-SKL00102-046.aac
OK    /Volumes/Samsung 990-2/100 Hours/Electronics/MTL-SKL00110-058.mp4 -> gs://100hr-data/Electronics/Videos/MTL-SKL00110-058.mp4
OK    /Volumes/Samsung 990-2/100 Hours/Electronics/MTL-SKL00100-058.mp4 -> gs://100hr-data/Electronics/Videos/MTL-SKL00100-058.mp4
OK    /Volumes/Samsung 990-2/100 Hours/Electronics/MTL-SKL00094-018.aac -> gs://100hr-data/Electronics/IMU/MTL-SKL00094-018.aac
OK    /Volumes/Samsung 990-2/100 Hours/Electronics/MTL-SKL00110-064.mp4 -> gs://100hr-data/Electronics/Videos/MTL-SKL00110-064.mp4
OK    /Volumes/Samsung 990-2/100 Hours/Electronics/MTL-SKL00091-052.mp4 -> gs://100hr-data/Electronics/Videos/MTL-SKL00091-052.mp4
OK    /Volumes/Samsung 990-2/100 Hours/Electronics/MTL-SKL00094-030.aac -> gs://100hr-data/Electronics/IMU/MTL-SKL00094-030.aac
OK    /Volumes/Samsung 990-2/100 Hours/Electronics/MTL-SKL00108-025.aac -> gs://100hr-data/Electronics/IMU/MTL-SKL00108-025.aac
OK    /Volumes/Samsung 990-2/100 Hours/Electronics/MTL-SKL00089-013.aac -> gs://100hr-data/Electronics/IMU/MTL-SKL00089-013.aac
OK    /Volumes/Samsung 990-2/100 Hours/Electronics/MTL-SKL00094-103.mp4 -> gs://100hr-data/Electronics/Videos/MTL-SKL00094-103.mp4
OK    /Volumes/Samsung 990-2/100 Hours/Electronics/MTL-SKL00094-117.mp4 -> gs://100hr-data/Electronics/Videos/MTL-SKL00094-117.mp4
OK    /Volumes/Samsung 990-2/100 Hours/Electronics/MTL-SKL00100-064.mp4 -> gs://100hr-data/Electronics/Videos/MTL-SKL00100-064.mp4
OK    /Volumes/Samsung 990-2/100 Hours/Electronics/MTL-SKL00089-007.aac -> gs://100hr-data/Electronics/IMU/MTL-SKL00089-007.aac
OK    /Volumes/Samsung 990-2/100 Hours/Electronics/MTL-SKL00108-031.aac -> gs://100hr-data/Electronics/IMU/MTL-SKL00108-031.aac
OK    /Volumes/Samsung 990-2/100 Hours/Electronics/MTL-SKL00094-024.aac -> gs://100hr-data/Electronics/IMU/MTL-SKL00094-024.aac
OK    /Volumes/Samsung 990-2/100 Hours/Electronics/MTL-SKL00091-046.mp4 -> gs://100hr-data/Electronics/Videos/MTL-SKL00091-046.mp4
OK    /Volumes/Samsung 990-2/100 Hours/Electronics/MTL-SKL00091-012.txt -> gs://100hr-data/Electronics/IMU/MTL-SKL00091-012.txt
OK    /Volumes/Samsung 990-2/100 Hours/Electronics/MTL-SKL00110-024.txt -> gs://100hr-data/Electronics/IMU/MTL-SKL00110-024.txt
OK    /Volumes/Samsung 990-2/100 Hours/Electronics/MTL-SKL00100-030.txt -> gs://100hr-data/Electronics/IMU/MTL-SKL00100-030.txt
OK    /Volumes/Samsung 990-2/100 Hours/Electronics/MTL-SKL00100-024.txt -> gs://100hr-data/Electronics/IMU/MTL-SKL00100-024.txt
OK    /Volumes/Samsung 990-2/100 Hours/Electronics/MTL-SKL00110-030.txt -> gs://100hr-data/Electronics/IMU/MTL-SKL00110-030.txt
OK    /Volumes/Samsung 990-2/100 Hours/Electronics/MTL-SKL00091-006.txt -> gs://100hr-data/Electronics/IMU/MTL-SKL00091-006.txt
OK    /Volumes/Samsung 990-2/100 Hours/Electronics/MTL-SKL00091-085.mp4 -> gs://100hr-data/Electronics/Videos/MTL-SKL00091-085.mp4
OK    /Volumes/Samsung 990-2/100 Hours/Electronics/MTL-SKL00091-029.aac -> gs://100hr-data/Electronics/IMU/MTL-SKL00091-029.aac
OK    /Volumes/Samsung 990-2/100 Hours/Electronics/MTL-SKL00089-068.mp4 -> gs://100hr-data/Electronics/Videos/MTL-SKL00089-068.mp4
OK    /Volumes/Samsung 990-2/100 Hours/Electronics/MTL-SKL00091-015.aac -> gs://100hr-data/Electronics/IMU/MTL-SKL00091-015.aac
OK    /Volumes/Samsung 990-2/100 Hours/Electronics/MTL-SKL00110-023.aac -> gs://100hr-data/Electronics/IMU/MTL-SKL00110-023.aac
OK    /Volumes/Samsung 990-2/100 Hours/Electronics/MTL-SKL00089-054.mp4 -> gs://100hr-data/Electronics/Videos/MTL-SKL00089-054.mp4
OK    /Volumes/Samsung 990-2/100 Hours/Electronics/MTL-SKL00094-077.mp4 -> gs://100hr-data/Electronics/Videos/MTL-SKL00094-077.mp4
OK    /Volumes/Samsung 990-2/100 Hours/Electronics/MTL-SKL00100-023.aac -> gs://100hr-data/Electronics/IMU/MTL-SKL00100-023.aac
OK    /Volumes/Samsung 990-2/100 Hours/Electronics/MTL-SKL00094-063.mp4 -> gs://100hr-data/Electronics/Videos/MTL-SKL00094-063.mp4
OK    /Volumes/Samsung 990-2/100 Hours/Electronics/MTL-SKL00089-040.mp4 -> gs://100hr-data/Electronics/Videos/MTL-SKL00089-040.mp4
OK    /Volumes/Samsung 990-2/100 Hours/Electronics/MTL-SKL00089-014.txt -> gs://100hr-data/Electronics/IMU/MTL-SKL00089-014.txt
OK    /Volumes/Samsung 990-2/100 Hours/Electronics/MTL-SKL00094-037.txt -> gs://100hr-data/Electronics/IMU/MTL-SKL00094-037.txt
OK    /Volumes/Samsung 990-2/100 Hours/Electronics/MTL-SKL00094-088.mp4 -> gs://100hr-data/Electronics/Videos/MTL-SKL00094-088.mp4
OK    /Volumes/Samsung 990-2/100 Hours/Electronics/MTL-SKL00094-023.txt -> gs://100hr-data/Electronics/IMU/MTL-SKL00094-023.txt
OK    /Volumes/Samsung 990-2/100 Hours/Electronics/MTL-SKL00089-028.txt -> gs://100hr-data/Electronics/IMU/MTL-SKL00089-028.txt
OK    /Volumes/Samsung 990-2/100 Hours/Electronics/MTL-SKL00098-079.mp4 -> gs://100hr-data/Electronics/Videos/MTL-SKL00098-079.mp4
OK    /Volumes/Samsung 990-2/100 Hours/Electronics/MTL-SKL00102-041.txt -> gs://100hr-data/Electronics/IMU/MTL-SKL00102-041.txt
OK    /Volumes/Samsung 990-2/100 Hours/Electronics/MTL-SKL00098-051.mp4 -> gs://100hr-data/Electronics/Videos/MTL-SKL00098-051.mp4
OK    /Volumes/Samsung 990-2/100 Hours/Electronics/MTL-SKL00098-045.mp4 -> gs://100hr-data/Electronics/Videos/MTL-SKL00098-045.mp4
OK    /Volumes/Samsung 990-2/100 Hours/Electronics/MTL-SKL00098-086.mp4 -> gs://100hr-data/Electronics/Videos/MTL-SKL00098-086.mp4
OK    /Volumes/Samsung 990-2/100 Hours/Electronics/MTL-SKL00098-039.txt -> gs://100hr-data/Electronics/IMU/MTL-SKL00098-039.txt
OK    /Volumes/Samsung 990-2/100 Hours/Electronics/MTL-SKL00098-038.txt -> gs://100hr-data/Electronics/IMU/MTL-SKL00098-038.txt
OK    /Volumes/Samsung 990-2/100 Hours/Electronics/MTL-SKL00098-087.mp4 -> gs://100hr-data/Electronics/Videos/MTL-SKL00098-087.mp4
OK    /Volumes/Samsung 990-2/100 Hours/Electronics/MTL-SKL00102-014.mp4 -> gs://100hr-data/Electronics/Videos/MTL-SKL00102-014.mp4
OK    /Volumes/Samsung 990-2/100 Hours/Electronics/MTL-SKL00098-093.mp4 -> gs://100hr-data/Electronics/Videos/MTL-SKL00098-093.mp4
OK    /Volumes/Samsung 990-2/100 Hours/Electronics/MTL-SKL00102-028.mp4 -> gs://100hr-data/Electronics/Videos/MTL-SKL00102-028.mp4
OK    /Volumes/Samsung 990-2/100 Hours/Electronics/MTL-SKL00098-010.txt -> gs://100hr-data/Electronics/IMU/MTL-SKL00098-010.txt
OK    /Volumes/Samsung 990-2/100 Hours/Electronics/MTL-SKL00102-068.txt -> gs://100hr-data/Electronics/IMU/MTL-SKL00102-068.txt
OK    /Volumes/Samsung 990-2/100 Hours/Electronics/MTL-SKL00098-050.mp4 -> gs://100hr-data/Electronics/Videos/MTL-SKL00098-050.mp4
OK    /Volumes/Samsung 990-2/100 Hours/Electronics/MTL-SKL00098-078.mp4 -> gs://100hr-data/Electronics/Videos/MTL-SKL00098-078.mp4
OK    /Volumes/Samsung 990-2/100 Hours/Electronics/MTL-SKL00102-054.txt -> gs://100hr-data/Electronics/IMU/MTL-SKL00102-054.txt
OK    /Volumes/Samsung 990-2/100 Hours/Electronics/MTL-SKL00089-029.txt -> gs://100hr-data/Electronics/IMU/MTL-SKL00089-029.txt
OK    /Volumes/Samsung 990-2/100 Hours/Electronics/MTL-SKL00094-022.txt -> gs://100hr-data/Electronics/IMU/MTL-SKL00094-022.txt
OK    /Volumes/Samsung 990-2/100 Hours/Electronics/MTL-SKL00108-037.txt -> gs://100hr-data/Electronics/IMU/MTL-SKL00108-037.txt
OK    /Volumes/Samsung 990-2/100 Hours/Electronics/MTL-SKL00094-089.mp4 -> gs://100hr-data/Electronics/Videos/MTL-SKL00094-089.mp4
OK    /Volumes/Samsung 990-2/100 Hours/Electronics/MTL-SKL00089-015.txt -> gs://100hr-data/Electronics/IMU/MTL-SKL00089-015.txt
OK    /Volumes/Samsung 990-2/100 Hours/Electronics/MTL-SKL00108-023.txt -> gs://100hr-data/Electronics/IMU/MTL-SKL00108-023.txt
OK    /Volumes/Samsung 990-2/100 Hours/Electronics/MTL-SKL00094-036.txt -> gs://100hr-data/Electronics/IMU/MTL-SKL00094-036.txt
OK    /Volumes/Samsung 990-2/100 Hours/Electronics/MTL-SKL00094-062.mp4 -> gs://100hr-data/Electronics/Videos/MTL-SKL00094-062.mp4
OK    /Volumes/Samsung 990-2/100 Hours/Electronics/MTL-SKL00089-041.mp4 -> gs://100hr-data/Electronics/Videos/MTL-SKL00089-041.mp4
OK    /Volumes/Samsung 990-2/100 Hours/Electronics/MTL-SKL00110-036.aac -> gs://100hr-data/Electronics/IMU/MTL-SKL00110-036.aac
OK    /Volumes/Samsung 990-2/100 Hours/Electronics/MTL-SKL00091-014.aac -> gs://100hr-data/Electronics/IMU/MTL-SKL00091-014.aac
OK    /Volumes/Samsung 990-2/100 Hours/Electronics/MTL-SKL00108-063.mp4 -> gs://100hr-data/Electronics/Videos/MTL-SKL00108-063.mp4
OK    /Volumes/Samsung 990-2/100 Hours/Electronics/MTL-SKL00089-055.mp4 -> gs://100hr-data/Electronics/Videos/MTL-SKL00089-055.mp4
OK    /Volumes/Samsung 990-2/100 Hours/Electronics/MTL-SKL00094-076.mp4 -> gs://100hr-data/Electronics/Videos/MTL-SKL00094-076.mp4
OK    /Volumes/Samsung 990-2/100 Hours/Electronics/MTL-SKL00100-036.aac -> gs://100hr-data/Electronics/IMU/MTL-SKL00100-036.aac
OK    /Volumes/Samsung 990-2/100 Hours/Electronics/MTL-SKL00091-028.aac -> gs://100hr-data/Electronics/IMU/MTL-SKL00091-028.aac
OK    /Volumes/Samsung 990-2/100 Hours/Electronics/MTL-SKL00089-069.mp4 -> gs://100hr-data/Electronics/Videos/MTL-SKL00089-069.mp4
OK    /Volumes/Samsung 990-2/100 Hours/Electronics/MTL-SKL00100-019.txt -> gs://100hr-data/Electronics/IMU/MTL-SKL00100-019.txt
OK    /Volumes/Samsung 990-2/100 Hours/Electronics/MTL-SKL00091-084.mp4 -> gs://100hr-data/Electronics/Videos/MTL-SKL00091-084.mp4
OK    /Volumes/Samsung 990-2/100 Hours/Electronics/MTL-SKL00110-019.txt -> gs://100hr-data/Electronics/IMU/MTL-SKL00110-019.txt
OK    /Volumes/Samsung 990-2/100 Hours/Electronics/MTL-SKL00091-007.txt -> gs://100hr-data/Electronics/IMU/MTL-SKL00091-007.txt
OK    /Volumes/Samsung 990-2/100 Hours/Electronics/MTL-SKL00110-031.txt -> gs://100hr-data/Electronics/IMU/MTL-SKL00110-031.txt
OK    /Volumes/Samsung 990-2/100 Hours/Electronics/MTL-SKL00091-013.txt -> gs://100hr-data/Electronics/IMU/MTL-SKL00091-013.txt
OK    /Volumes/Samsung 990-2/100 Hours/Electronics/MTL-SKL00100-031.txt -> gs://100hr-data/Electronics/IMU/MTL-SKL00100-031.txt
OK    /Volumes/Samsung 990-2/100 Hours/Electronics/MTL-SKL00089-006.aac -> gs://100hr-data/Electronics/IMU/MTL-SKL00089-006.aac
OK    /Volumes/Samsung 990-2/100 Hours/Electronics/MTL-SKL00094-025.aac -> gs://100hr-data/Electronics/IMU/MTL-SKL00094-025.aac
OK    /Volumes/Samsung 990-2/100 Hours/Electronics/MTL-SKL00100-065.mp4 -> gs://100hr-data/Electronics/Videos/MTL-SKL00100-065.mp4
OK    /Volumes/Samsung 990-2/100 Hours/Electronics/MTL-SKL00094-116.mp4 -> gs://100hr-data/Electronics/Videos/MTL-SKL00094-116.mp4
OK    /Volumes/Samsung 990-2/100 Hours/Electronics/MTL-SKL00110-071.mp4 -> gs://100hr-data/Electronics/Videos/MTL-SKL00110-071.mp4
OK    /Volumes/Samsung 990-2/100 Hours/Electronics/MTL-SKL00091-047.mp4 -> gs://100hr-data/Electronics/Videos/MTL-SKL00091-047.mp4
OK    /Volumes/Samsung 990-2/100 Hours/Electronics/MTL-SKL00091-053.mp4 -> gs://100hr-data/Electronics/Videos/MTL-SKL00091-053.mp4
OK    /Volumes/Samsung 990-2/100 Hours/Electronics/MTL-SKL00110-065.mp4 -> gs://100hr-data/Electronics/Videos/MTL-SKL00110-065.mp4
OK    /Volumes/Samsung 990-2/100 Hours/Electronics/MTL-SKL00094-102.mp4 -> gs://100hr-data/Electronics/Videos/MTL-SKL00094-102.mp4
OK    /Volumes/Samsung 990-2/100 Hours/Electronics/MTL-SKL00094-031.aac -> gs://100hr-data/Electronics/IMU/MTL-SKL00094-031.aac
OK    /Volumes/Samsung 990-2/100 Hours/Electronics/MTL-SKL00089-012.aac -> gs://100hr-data/Electronics/IMU/MTL-SKL00089-012.aac
OK    /Volumes/Samsung 990-2/100 Hours/Electronics/MTL-SKL00108-024.aac -> gs://100hr-data/Electronics/IMU/MTL-SKL00108-024.aac
OK    /Volumes/Samsung 990-2/100 Hours/Electronics/MTL-SKL00100-071.mp4 -> gs://100hr-data/Electronics/Videos/MTL-SKL00100-071.mp4
OK    /Volumes/Samsung 990-2/100 Hours/Electronics/MTL-SKL00094-019.aac -> gs://100hr-data/Electronics/IMU/MTL-SKL00094-019.aac
OK    /Volumes/Samsung 990-2/100 Hours/Electronics/MTL-SKL00108-018.aac -> gs://100hr-data/Electronics/IMU/MTL-SKL00108-018.aac
OK    /Volumes/Samsung 990-2/100 Hours/Electronics/MTL-SKL00102-047.aac -> gs://100hr-data/Electronics/IMU/MTL-SKL00102-047.aac
OK    /Volumes/Samsung 990-2/100 Hours/Electronics/MTL-SKL00102-053.aac -> gs://100hr-data/Electronics/IMU/MTL-SKL00102-053.aac
OK    /Volumes/Samsung 990-2/100 Hours/Electronics/MTL-SKL00098-017.aac -> gs://100hr-data/Electronics/IMU/MTL-SKL00098-017.aac
OK    /Volumes/Samsung 990-2/100 Hours/Electronics/MTL-SKL00098-124.mp4 -> gs://100hr-data/Electronics/Videos/MTL-SKL00098-124.mp4
OK    /Volumes/Samsung 990-2/100 Hours/Electronics/MTL-SKL00098-118.mp4 -> gs://100hr-data/Electronics/Videos/MTL-SKL00098-118.mp4
OK    /Volumes/Samsung 990-2/100 Hours/Electronics/MTL-SKL00098-029.aac -> gs://100hr-data/Electronics/IMU/MTL-SKL00098-029.aac
OK    /Volumes/Samsung 990-2/100 Hours/Electronics/MTL-SKL00098-126.mp4 -> gs://100hr-data/Electronics/Videos/MTL-SKL00098-126.mp4
OK    /Volumes/Samsung 990-2/100 Hours/Electronics/MTL-SKL00102-045.aac -> gs://100hr-data/Electronics/IMU/MTL-SKL00102-045.aac
OK    /Volumes/Samsung 990-2/100 Hours/Electronics/MTL-SKL00102-051.aac -> gs://100hr-data/Electronics/IMU/MTL-SKL00102-051.aac
OK    /Volumes/Samsung 990-2/100 Hours/Electronics/MTL-SKL00091-079.mp4 -> gs://100hr-data/Electronics/Videos/MTL-SKL00091-079.mp4
OK    /Volumes/Samsung 990-2/100 Hours/Electronics/MTL-SKL00089-038.aac -> gs://100hr-data/Electronics/IMU/MTL-SKL00089-038.aac
OK    /Volumes/Samsung 990-2/100 Hours/Electronics/MTL-SKL00091-045.mp4 -> gs://100hr-data/Electronics/Videos/MTL-SKL00091-045.mp4
OK    /Volumes/Samsung 990-2/100 Hours/Electronics/MTL-SKL00094-114.mp4 -> gs://100hr-data/Electronics/Videos/MTL-SKL00094-114.mp4
OK    /Volumes/Samsung 990-2/100 Hours/Electronics/MTL-SKL00100-067.mp4 -> gs://100hr-data/Electronics/Videos/MTL-SKL00100-067.mp4
OK    /Volumes/Samsung 990-2/100 Hours/Electronics/MTL-SKL00094-027.aac -> gs://100hr-data/Electronics/IMU/MTL-SKL00094-027.aac
OK    /Volumes/Samsung 990-2/100 Hours/Electronics/MTL-SKL00108-032.aac -> gs://100hr-data/Electronics/IMU/MTL-SKL00108-032.aac
OK    /Volumes/Samsung 990-2/100 Hours/Electronics/MTL-SKL00089-010.aac -> gs://100hr-data/Electronics/IMU/MTL-SKL00089-010.aac
OK    /Volumes/Samsung 990-2/100 Hours/Electronics/MTL-SKL00094-033.aac -> gs://100hr-data/Electronics/IMU/MTL-SKL00094-033.aac
OK    /Volumes/Samsung 990-2/100 Hours/Electronics/MTL-SKL00094-100.mp4 -> gs://100hr-data/Electronics/Videos/MTL-SKL00094-100.mp4
OK    /Volumes/Samsung 990-2/100 Hours/Electronics/MTL-SKL00110-067.mp4 -> gs://100hr-data/Electronics/Videos/MTL-SKL00110-067.mp4
OK    /Volumes/Samsung 990-2/100 Hours/Electronics/MTL-SKL00091-051.mp4 -> gs://100hr-data/Electronics/Videos/MTL-SKL00091-051.mp4
OK    /Volumes/Samsung 990-2/100 Hours/Electronics/MTL-SKL00091-005.txt -> gs://100hr-data/Electronics/IMU/MTL-SKL00091-005.txt
OK    /Volumes/Samsung 990-2/100 Hours/Electronics/MTL-SKL00100-027.txt -> gs://100hr-data/Electronics/IMU/MTL-SKL00100-027.txt
OK    /Volumes/Samsung 990-2/100 Hours/Electronics/MTL-SKL00110-098.mp4 -> gs://100hr-data/Electronics/Videos/MTL-SKL00110-098.mp4
OK    /Volumes/Samsung 990-2/100 Hours/Electronics/MTL-SKL00091-011.txt -> gs://100hr-data/Electronics/IMU/MTL-SKL00091-011.txt
OK    /Volumes/Samsung 990-2/100 Hours/Electronics/MTL-SKL00110-027.txt -> gs://100hr-data/Electronics/IMU/MTL-SKL00110-027.txt
OK    /Volumes/Samsung 990-2/100 Hours/Electronics/MTL-SKL00091-086.mp4 -> gs://100hr-data/Electronics/Videos/MTL-SKL00091-086.mp4
OK    /Volumes/Samsung 990-2/100 Hours/Electronics/MTL-SKL00091-039.txt -> gs://100hr-data/Electronics/IMU/MTL-SKL00091-039.txt
OK    /Volumes/Samsung 990-2/100 Hours/Electronics/MTL-SKL00108-049.mp4 -> gs://100hr-data/Electronics/Videos/MTL-SKL00108-049.mp4
OK    /Volumes/Samsung 990-2/100 Hours/Electronics/MTL-SKL00094-048.mp4 -> gs://100hr-data/Electronics/Videos/MTL-SKL00094-048.mp4
OK    /Volumes/Samsung 990-2/100 Hours/Electronics/MTL-SKL00110-034.aac -> gs://100hr-data/Electronics/IMU/MTL-SKL00110-034.aac
OK    /Volumes/Samsung 990-2/100 Hours/Electronics/MTL-SKL00100-020.aac -> gs://100hr-data/Electronics/IMU/MTL-SKL00100-020.aac
OK    /Volumes/Samsung 990-2/100 Hours/Electronics/MTL-SKL00089-043.mp4 -> gs://100hr-data/Electronics/Videos/MTL-SKL00089-043.mp4
OK    /Volumes/Samsung 990-2/100 Hours/Electronics/MTL-SKL00094-060.mp4 -> gs://100hr-data/Electronics/Videos/MTL-SKL00094-060.mp4
OK    /Volumes/Samsung 990-2/100 Hours/Electronics/MTL-SKL00100-034.aac -> gs://100hr-data/Electronics/IMU/MTL-SKL00100-034.aac
OK    /Volumes/Samsung 990-2/100 Hours/Electronics/MTL-SKL00094-074.mp4 -> gs://100hr-data/Electronics/Videos/MTL-SKL00094-074.mp4
OK    /Volumes/Samsung 990-2/100 Hours/Electronics/MTL-SKL00089-057.mp4 -> gs://100hr-data/Electronics/Videos/MTL-SKL00089-057.mp4
OK    /Volumes/Samsung 990-2/100 Hours/Electronics/MTL-SKL00108-061.mp4 -> gs://100hr-data/Electronics/Videos/MTL-SKL00108-061.mp4
OK    /Volumes/Samsung 990-2/100 Hours/Electronics/MTL-SKL00091-016.aac -> gs://100hr-data/Electronics/IMU/MTL-SKL00091-016.aac
OK    /Volumes/Samsung 990-2/100 Hours/Electronics/MTL-SKL00110-020.aac -> gs://100hr-data/Electronics/IMU/MTL-SKL00110-020.aac
OK    /Volumes/Samsung 990-2/100 Hours/Electronics/MTL-SKL00108-035.txt -> gs://100hr-data/Electronics/IMU/MTL-SKL00108-035.txt
OK    /Volumes/Samsung 990-2/100 Hours/Electronics/MTL-SKL00094-020.txt -> gs://100hr-data/Electronics/IMU/MTL-SKL00094-020.txt
OK    /Volumes/Samsung 990-2/100 Hours/Electronics/MTL-SKL00094-034.txt -> gs://100hr-data/Electronics/IMU/MTL-SKL00094-034.txt
OK    /Volumes/Samsung 990-2/100 Hours/Electronics/MTL-SKL00108-021.txt -> gs://100hr-data/Electronics/IMU/MTL-SKL00108-021.txt
OK    /Volumes/Samsung 990-2/100 Hours/Electronics/MTL-SKL00089-017.txt -> gs://100hr-data/Electronics/IMU/MTL-SKL00089-017.txt
OK    /Volumes/Samsung 990-2/100 Hours/Electronics/MTL-SKL00094-008.txt -> gs://100hr-data/Electronics/IMU/MTL-SKL00094-008.txt
OK    /Volumes/Samsung 990-2/100 Hours/Electronics/MTL-SKL00102-042.txt -> gs://100hr-data/Electronics/IMU/MTL-SKL00102-042.txt
OK    /Volumes/Samsung 990-2/100 Hours/Electronics/MTL-SKL00102-056.txt -> gs://100hr-data/Electronics/IMU/MTL-SKL00102-056.txt
OK    /Volumes/Samsung 990-2/100 Hours/Electronics/MTL-SKL00098-046.mp4 -> gs://100hr-data/Electronics/Videos/MTL-SKL00098-046.mp4
OK    /Volumes/Samsung 990-2/100 Hours/Electronics/MTL-SKL00098-052.mp4 -> gs://100hr-data/Electronics/Videos/MTL-SKL00098-052.mp4
OK    /Volumes/Samsung 990-2/100 Hours/Electronics/MTL-SKL00098-012.txt -> gs://100hr-data/Electronics/IMU/MTL-SKL00098-012.txt
OK    /Volumes/Samsung 990-2/100 Hours/Electronics/MTL-SKL00098-085.mp4 -> gs://100hr-data/Electronics/Videos/MTL-SKL00098-085.mp4
OK    /Volumes/Samsung 990-2/100 Hours/Electronics/MTL-SKL00098-091.mp4 -> gs://100hr-data/Electronics/Videos/MTL-SKL00098-091.mp4
OK    /Volumes/Samsung 990-2/100 Hours/Electronics/MTL-SKL00102-016.mp4 -> gs://100hr-data/Electronics/Videos/MTL-SKL00102-016.mp4
OK    /Volumes/Samsung 990-2/100 Hours/Electronics/MTL-SKL00098-090.mp4 -> gs://100hr-data/Electronics/Videos/MTL-SKL00098-090.mp4
OK    /Volumes/Samsung 990-2/100 Hours/Electronics/MTL-SKL00102-017.mp4 -> gs://100hr-data/Electronics/Videos/MTL-SKL00102-017.mp4
OK    /Volumes/Samsung 990-2/100 Hours/Electronics/MTL-SKL00098-084.mp4 -> gs://100hr-data/Electronics/Videos/MTL-SKL00098-084.mp4
OK    /Volumes/Samsung 990-2/100 Hours/Electronics/MTL-SKL00098-013.txt -> gs://100hr-data/Electronics/IMU/MTL-SKL00098-013.txt
OK    /Volumes/Samsung 990-2/100 Hours/Electronics/MTL-SKL00098-053.mp4 -> gs://100hr-data/Electronics/Videos/MTL-SKL00098-053.mp4
OK    /Volumes/Samsung 990-2/100 Hours/Electronics/MTL-SKL00098-047.mp4 -> gs://100hr-data/Electronics/Videos/MTL-SKL00098-047.mp4
OK    /Volumes/Samsung 990-2/100 Hours/Electronics/MTL-SKL00102-057.txt -> gs://100hr-data/Electronics/IMU/MTL-SKL00102-057.txt
OK    /Volumes/Samsung 990-2/100 Hours/Electronics/MTL-SKL00102-043.txt -> gs://100hr-data/Electronics/IMU/MTL-SKL00102-043.txt
OK    /Volumes/Samsung 990-2/100 Hours/Electronics/MTL-SKL00094-009.txt -> gs://100hr-data/Electronics/IMU/MTL-SKL00094-009.txt
OK    /Volumes/Samsung 990-2/100 Hours/Electronics/MTL-SKL00094-035.txt -> gs://100hr-data/Electronics/IMU/MTL-SKL00094-035.txt
OK    /Volumes/Samsung 990-2/100 Hours/Electronics/MTL-SKL00089-016.txt -> gs://100hr-data/Electronics/IMU/MTL-SKL00089-016.txt
OK    /Volumes/Samsung 990-2/100 Hours/Electronics/MTL-SKL00108-020.txt -> gs://100hr-data/Electronics/IMU/MTL-SKL00108-020.txt
OK    /Volumes/Samsung 990-2/100 Hours/Electronics/MTL-SKL00108-034.txt -> gs://100hr-data/Electronics/IMU/MTL-SKL00108-034.txt
OK    /Volumes/Samsung 990-2/100 Hours/Electronics/MTL-SKL00094-021.txt -> gs://100hr-data/Electronics/IMU/MTL-SKL00094-021.txt
OK    /Volumes/Samsung 990-2/100 Hours/Electronics/MTL-SKL00094-075.mp4 -> gs://100hr-data/Electronics/Videos/MTL-SKL00094-075.mp4
OK    /Volumes/Samsung 990-2/100 Hours/Electronics/MTL-SKL00108-060.mp4 -> gs://100hr-data/Electronics/Videos/MTL-SKL00108-060.mp4
OK    /Volumes/Samsung 990-2/100 Hours/Electronics/MTL-SKL00089-056.mp4 -> gs://100hr-data/Electronics/Videos/MTL-SKL00089-056.mp4
OK    /Volumes/Samsung 990-2/100 Hours/Electronics/MTL-SKL00100-035.aac -> gs://100hr-data/Electronics/IMU/MTL-SKL00100-035.aac
OK    /Volumes/Samsung 990-2/100 Hours/Electronics/MTL-SKL00110-021.aac -> gs://100hr-data/Electronics/IMU/MTL-SKL00110-021.aac
OK    /Volumes/Samsung 990-2/100 Hours/Electronics/MTL-SKL00091-017.aac -> gs://100hr-data/Electronics/IMU/MTL-SKL00091-017.aac
OK    /Volumes/Samsung 990-2/100 Hours/Electronics/MTL-SKL00110-035.aac -> gs://100hr-data/Electronics/IMU/MTL-SKL00110-035.aac
OK    /Volumes/Samsung 990-2/100 Hours/Electronics/MTL-SKL00089-042.mp4 -> gs://100hr-data/Electronics/Videos/MTL-SKL00089-042.mp4
OK    /Volumes/Samsung 990-2/100 Hours/Electronics/MTL-SKL00094-061.mp4 -> gs://100hr-data/Electronics/Videos/MTL-SKL00094-061.mp4
OK    /Volumes/Samsung 990-2/100 Hours/Electronics/MTL-SKL00100-021.aac -> gs://100hr-data/Electronics/IMU/MTL-SKL00100-021.aac
OK    /Volumes/Samsung 990-2/100 Hours/Electronics/MTL-SKL00094-049.mp4 -> gs://100hr-data/Electronics/Videos/MTL-SKL00094-049.mp4
OK    /Volumes/Samsung 990-2/100 Hours/Electronics/MTL-SKL00100-009.aac -> gs://100hr-data/Electronics/IMU/MTL-SKL00100-009.aac
OK    /Volumes/Samsung 990-2/100 Hours/Electronics/MTL-SKL00110-009.aac -> gs://100hr-data/Electronics/IMU/MTL-SKL00110-009.aac
OK    /Volumes/Samsung 990-2/100 Hours/Electronics/MTL-SKL00091-038.txt -> gs://100hr-data/Electronics/IMU/MTL-SKL00091-038.txt
OK    /Volumes/Samsung 990-2/100 Hours/Electronics/MTL-SKL00091-087.mp4 -> gs://100hr-data/Electronics/Videos/MTL-SKL00091-087.mp4
OK    /Volumes/Samsung 990-2/100 Hours/Electronics/MTL-SKL00100-032.txt -> gs://100hr-data/Electronics/IMU/MTL-SKL00100-032.txt
OK    /Volumes/Samsung 990-2/100 Hours/Electronics/MTL-SKL00110-026.txt -> gs://100hr-data/Electronics/IMU/MTL-SKL00110-026.txt
OK    /Volumes/Samsung 990-2/100 Hours/Electronics/MTL-SKL00091-010.txt -> gs://100hr-data/Electronics/IMU/MTL-SKL00091-010.txt
OK    /Volumes/Samsung 990-2/100 Hours/Electronics/MTL-SKL00110-032.txt -> gs://100hr-data/Electronics/IMU/MTL-SKL00110-032.txt
OK    /Volumes/Samsung 990-2/100 Hours/Electronics/MTL-SKL00100-026.txt -> gs://100hr-data/Electronics/IMU/MTL-SKL00100-026.txt
OK    /Volumes/Samsung 990-2/100 Hours/Electronics/MTL-SKL00094-101.mp4 -> gs://100hr-data/Electronics/Videos/MTL-SKL00094-101.mp4
OK    /Volumes/Samsung 990-2/100 Hours/Electronics/MTL-SKL00089-011.aac -> gs://100hr-data/Electronics/IMU/MTL-SKL00089-011.aac
OK    /Volumes/Samsung 990-2/100 Hours/Electronics/MTL-SKL00108-027.aac -> gs://100hr-data/Electronics/IMU/MTL-SKL00108-027.aac
OK    /Volumes/Samsung 990-2/100 Hours/Electronics/MTL-SKL00094-032.aac -> gs://100hr-data/Electronics/IMU/MTL-SKL00094-032.aac
OK    /Volumes/Samsung 990-2/100 Hours/Electronics/MTL-SKL00100-072.mp4 -> gs://100hr-data/Electronics/Videos/MTL-SKL00100-072.mp4
OK    /Volumes/Samsung 990-2/100 Hours/Electronics/MTL-SKL00091-050.mp4 -> gs://100hr-data/Electronics/Videos/MTL-SKL00091-050.mp4
OK    /Volumes/Samsung 990-2/100 Hours/Electronics/MTL-SKL00110-072.mp4 -> gs://100hr-data/Electronics/Videos/MTL-SKL00110-072.mp4
OK    /Volumes/Samsung 990-2/100 Hours/Electronics/MTL-SKL00091-044.mp4 -> gs://100hr-data/Electronics/Videos/MTL-SKL00091-044.mp4
OK    /Volumes/Samsung 990-2/100 Hours/Electronics/MTL-SKL00094-026.aac -> gs://100hr-data/Electronics/IMU/MTL-SKL00094-026.aac
OK    /Volumes/Samsung 990-2/100 Hours/Electronics/MTL-SKL00089-005.aac -> gs://100hr-data/Electronics/IMU/MTL-SKL00089-005.aac
OK    /Volumes/Samsung 990-2/100 Hours/Electronics/MTL-SKL00094-115.mp4 -> gs://100hr-data/Electronics/Videos/MTL-SKL00094-115.mp4
OK    /Volumes/Samsung 990-2/100 Hours/Electronics/MTL-SKL00091-078.mp4 -> gs://100hr-data/Electronics/Videos/MTL-SKL00091-078.mp4
OK    /Volumes/Samsung 990-2/100 Hours/Electronics/MTL-SKL00089-039.aac -> gs://100hr-data/Electronics/IMU/MTL-SKL00089-039.aac
OK    /Volumes/Samsung 990-2/100 Hours/Electronics/MTL-SKL00102-050.aac -> gs://100hr-data/Electronics/IMU/MTL-SKL00102-050.aac
OK    /Volumes/Samsung 990-2/100 Hours/Electronics/MTL-SKL00098-014.aac -> gs://100hr-data/Electronics/IMU/MTL-SKL00098-014.aac
OK    /Volumes/Samsung 990-2/100 Hours/Electronics/MTL-SKL00098-127.mp4 -> gs://100hr-data/Electronics/Videos/MTL-SKL00098-127.mp4
OK    /Volumes/Samsung 990-2/100 Hours/Electronics/MTL-SKL00098-028.aac -> gs://100hr-data/Electronics/IMU/MTL-SKL00098-028.aac
OK    /Volumes/Samsung 990-2/100 Hours/Electronics/MTL-SKL00098-123.mp4 -> gs://100hr-data/Electronics/Videos/MTL-SKL00098-123.mp4
OK    /Volumes/Samsung 990-2/100 Hours/Electronics/MTL-SKL00098-010.aac -> gs://100hr-data/Electronics/IMU/MTL-SKL00098-010.aac
OK    /Volumes/Samsung 990-2/100 Hours/Electronics/MTL-SKL00098-038.aac -> gs://100hr-data/Electronics/IMU/MTL-SKL00098-038.aac
OK    /Volumes/Samsung 990-2/100 Hours/Electronics/MTL-SKL00102-040.aac -> gs://100hr-data/Electronics/IMU/MTL-SKL00102-040.aac
OK    /Volumes/Samsung 990-2/100 Hours/Electronics/MTL-SKL00102-054.aac -> gs://100hr-data/Electronics/IMU/MTL-SKL00102-054.aac
OK    /Volumes/Samsung 990-2/100 Hours/Electronics/MTL-SKL00102-068.aac -> gs://100hr-data/Electronics/IMU/MTL-SKL00102-068.aac
OK    /Volumes/Samsung 990-2/100 Hours/Electronics/MTL-SKL00094-111.mp4 -> gs://100hr-data/Electronics/Videos/MTL-SKL00094-111.mp4
OK    /Volumes/Samsung 990-2/100 Hours/Electronics/MTL-SKL00094-022.aac -> gs://100hr-data/Electronics/IMU/MTL-SKL00094-022.aac
OK    /Volumes/Samsung 990-2/100 Hours/Electronics/MTL-SKL00091-040.mp4 -> gs://100hr-data/Electronics/Videos/MTL-SKL00091-040.mp4
OK    /Volumes/Samsung 990-2/100 Hours/Electronics/MTL-SKL00110-076.mp4 -> gs://100hr-data/Electronics/Videos/MTL-SKL00110-076.mp4
OK    /Volumes/Samsung 990-2/100 Hours/Electronics/MTL-SKL00091-054.mp4 -> gs://100hr-data/Electronics/Videos/MTL-SKL00091-054.mp4
OK    /Volumes/Samsung 990-2/100 Hours/Electronics/MTL-SKL00100-076.mp4 -> gs://100hr-data/Electronics/Videos/MTL-SKL00100-076.mp4
OK    /Volumes/Samsung 990-2/100 Hours/Electronics/MTL-SKL00094-036.aac -> gs://100hr-data/Electronics/IMU/MTL-SKL00094-036.aac
OK    /Volumes/Samsung 990-2/100 Hours/Electronics/MTL-SKL00108-023.aac -> gs://100hr-data/Electronics/IMU/MTL-SKL00108-023.aac
OK    /Volumes/Samsung 990-2/100 Hours/Electronics/MTL-SKL00089-015.aac -> gs://100hr-data/Electronics/IMU/MTL-SKL00089-015.aac
OK    /Volumes/Samsung 990-2/100 Hours/Electronics/MTL-SKL00094-105.mp4 -> gs://100hr-data/Electronics/Videos/MTL-SKL00094-105.mp4
OK    /Volumes/Samsung 990-2/100 Hours/Electronics/MTL-SKL00091-068.mp4 -> gs://100hr-data/Electronics/Videos/MTL-SKL00091-068.mp4
OK    /Volumes/Samsung 990-2/100 Hours/Electronics/MTL-SKL00089-029.aac -> gs://100hr-data/Electronics/IMU/MTL-SKL00089-029.aac
OK    /Volumes/Samsung 990-2/100 Hours/Electronics/MTL-SKL00091-083.mp4 -> gs://100hr-data/Electronics/Videos/MTL-SKL00091-083.mp4
OK    /Volumes/Samsung 990-2/100 Hours/Electronics/MTL-SKL00091-028.txt -> gs://100hr-data/Electronics/IMU/MTL-SKL00091-028.txt
OK    /Volumes/Samsung 990-2/100 Hours/Electronics/MTL-SKL00110-089.mp4 -> gs://100hr-data/Electronics/Videos/MTL-SKL00110-089.mp4
OK    /Volumes/Samsung 990-2/100 Hours/Electronics/MTL-SKL00091-014.txt -> gs://100hr-data/Electronics/IMU/MTL-SKL00091-014.txt
OK    /Volumes/Samsung 990-2/100 Hours/Electronics/MTL-SKL00100-089.mp4 -> gs://100hr-data/Electronics/Videos/MTL-SKL00100-089.mp4
OK    /Volumes/Samsung 990-2/100 Hours/Electronics/MTL-SKL00100-025.aac -> gs://100hr-data/Electronics/IMU/MTL-SKL00100-025.aac
OK    /Volumes/Samsung 990-2/100 Hours/Electronics/MTL-SKL00094-065.mp4 -> gs://100hr-data/Electronics/Videos/MTL-SKL00094-065.mp4
OK    /Volumes/Samsung 990-2/100 Hours/Electronics/MTL-SKL00089-046.mp4 -> gs://100hr-data/Electronics/Videos/MTL-SKL00089-046.mp4
OK    /Volumes/Samsung 990-2/100 Hours/Electronics/MTL-SKL00110-031.aac -> gs://100hr-data/Electronics/IMU/MTL-SKL00110-031.aac
OK    /Volumes/Samsung 990-2/100 Hours/Electronics/MTL-SKL00091-007.aac -> gs://100hr-data/Electronics/IMU/MTL-SKL00091-007.aac
OK    /Volumes/Samsung 990-2/100 Hours/Electronics/MTL-SKL00091-013.aac -> gs://100hr-data/Electronics/IMU/MTL-SKL00091-013.aac
OK    /Volumes/Samsung 990-2/100 Hours/Electronics/MTL-SKL00110-025.aac -> gs://100hr-data/Electronics/IMU/MTL-SKL00110-025.aac
OK    /Volumes/Samsung 990-2/100 Hours/Electronics/MTL-SKL00100-031.aac -> gs://100hr-data/Electronics/IMU/MTL-SKL00100-031.aac
OK    /Volumes/Samsung 990-2/100 Hours/Electronics/MTL-SKL00089-052.mp4 -> gs://100hr-data/Electronics/Videos/MTL-SKL00089-052.mp4
OK    /Volumes/Samsung 990-2/100 Hours/Electronics/MTL-SKL00108-064.mp4 -> gs://100hr-data/Electronics/Videos/MTL-SKL00108-064.mp4
OK    /Volumes/Samsung 990-2/100 Hours/Electronics/MTL-SKL00094-071.mp4 -> gs://100hr-data/Electronics/Videos/MTL-SKL00094-071.mp4
OK    /Volumes/Samsung 990-2/100 Hours/Electronics/MTL-SKL00094-059.mp4 -> gs://100hr-data/Electronics/Videos/MTL-SKL00094-059.mp4
OK    /Volumes/Samsung 990-2/100 Hours/Electronics/MTL-SKL00108-058.mp4 -> gs://100hr-data/Electronics/Videos/MTL-SKL00108-058.mp4
OK    /Volumes/Samsung 990-2/100 Hours/Electronics/MTL-SKL00094-019.txt -> gs://100hr-data/Electronics/IMU/MTL-SKL00094-019.txt
OK    /Volumes/Samsung 990-2/100 Hours/Electronics/MTL-SKL00094-025.txt -> gs://100hr-data/Electronics/IMU/MTL-SKL00094-025.txt
OK    /Volumes/Samsung 990-2/100 Hours/Electronics/MTL-SKL00089-006.txt -> gs://100hr-data/Electronics/IMU/MTL-SKL00089-006.txt
OK    /Volumes/Samsung 990-2/100 Hours/Electronics/MTL-SKL00108-030.txt -> gs://100hr-data/Electronics/IMU/MTL-SKL00108-030.txt
OK    /Volumes/Samsung 990-2/100 Hours/Electronics/MTL-SKL00108-024.txt -> gs://100hr-data/Electronics/IMU/MTL-SKL00108-024.txt
OK    /Volumes/Samsung 990-2/100 Hours/Electronics/MTL-SKL00089-012.txt -> gs://100hr-data/Electronics/IMU/MTL-SKL00089-012.txt
OK    /Volumes/Samsung 990-2/100 Hours/Electronics/MTL-SKL00094-031.txt -> gs://100hr-data/Electronics/IMU/MTL-SKL00094-031.txt
OK    /Volumes/Samsung 990-2/100 Hours/Electronics/MTL-SKL00098-043.mp4 -> gs://100hr-data/Electronics/Videos/MTL-SKL00098-043.mp4
OK    /Volumes/Samsung 990-2/100 Hours/Electronics/MTL-SKL00098-057.mp4 -> gs://100hr-data/Electronics/Videos/MTL-SKL00098-057.mp4
OK    /Volumes/Samsung 990-2/100 Hours/Electronics/MTL-SKL00102-053.txt -> gs://100hr-data/Electronics/IMU/MTL-SKL00102-053.txt
OK    /Volumes/Samsung 990-2/100 Hours/Electronics/MTL-SKL00098-080.mp4 -> gs://100hr-data/Electronics/Videos/MTL-SKL00098-080.mp4
OK    /Volumes/Samsung 990-2/100 Hours/Electronics/MTL-SKL00102-013.mp4 -> gs://100hr-data/Electronics/Videos/MTL-SKL00102-013.mp4
OK    /Volumes/Samsung 990-2/100 Hours/Electronics/MTL-SKL00098-094.mp4 -> gs://100hr-data/Electronics/Videos/MTL-SKL00098-094.mp4
OK    /Volumes/Samsung 990-2/100 Hours/Electronics/MTL-SKL00098-017.txt -> gs://100hr-data/Electronics/IMU/MTL-SKL00098-017.txt
OK    /Volumes/Samsung 990-2/100 Hours/Electronics/MTL-SKL00098-016.txt -> gs://100hr-data/Electronics/IMU/MTL-SKL00098-016.txt
OK    /Volumes/Samsung 990-2/100 Hours/Electronics/MTL-SKL00102-012.mp4 -> gs://100hr-data/Electronics/Videos/MTL-SKL00102-012.mp4
OK    /Volumes/Samsung 990-2/100 Hours/Electronics/MTL-SKL00098-095.mp4 -> gs://100hr-data/Electronics/Videos/MTL-SKL00098-095.mp4
OK    /Volumes/Samsung 990-2/100 Hours/Electronics/MTL-SKL00102-052.txt -> gs://100hr-data/Electronics/IMU/MTL-SKL00102-052.txt
OK    /Volumes/Samsung 990-2/100 Hours/Electronics/MTL-SKL00102-046.txt -> gs://100hr-data/Electronics/IMU/MTL-SKL00102-046.txt
OK    /Volumes/Samsung 990-2/100 Hours/Electronics/MTL-SKL00098-056.mp4 -> gs://100hr-data/Electronics/Videos/MTL-SKL00098-056.mp4
OK    /Volumes/Samsung 990-2/100 Hours/Electronics/MTL-SKL00098-042.mp4 -> gs://100hr-data/Electronics/Videos/MTL-SKL00098-042.mp4
OK    /Volumes/Samsung 990-2/100 Hours/Electronics/MTL-SKL00089-013.txt -> gs://100hr-data/Electronics/IMU/MTL-SKL00089-013.txt
OK    /Volumes/Samsung 990-2/100 Hours/Electronics/MTL-SKL00094-030.txt -> gs://100hr-data/Electronics/IMU/MTL-SKL00094-030.txt
OK    /Volumes/Samsung 990-2/100 Hours/Electronics/MTL-SKL00094-024.txt -> gs://100hr-data/Electronics/IMU/MTL-SKL00094-024.txt
OK    /Volumes/Samsung 990-2/100 Hours/Electronics/MTL-SKL00108-031.txt -> gs://100hr-data/Electronics/IMU/MTL-SKL00108-031.txt
OK    /Volumes/Samsung 990-2/100 Hours/Electronics/MTL-SKL00089-007.txt -> gs://100hr-data/Electronics/IMU/MTL-SKL00089-007.txt
OK    /Volumes/Samsung 990-2/100 Hours/Electronics/MTL-SKL00108-019.txt -> gs://100hr-data/Electronics/IMU/MTL-SKL00108-019.txt
OK    /Volumes/Samsung 990-2/100 Hours/Electronics/MTL-SKL00094-018.txt -> gs://100hr-data/Electronics/IMU/MTL-SKL00094-018.txt
OK    /Volumes/Samsung 990-2/100 Hours/Electronics/MTL-SKL00110-018.aac -> gs://100hr-data/Electronics/IMU/MTL-SKL00110-018.aac
OK    /Volumes/Samsung 990-2/100 Hours/Electronics/MTL-SKL00094-058.mp4 -> gs://100hr-data/Electronics/Videos/MTL-SKL00094-058.mp4
OK    /Volumes/Samsung 990-2/100 Hours/Electronics/MTL-SKL00100-018.aac -> gs://100hr-data/Electronics/IMU/MTL-SKL00100-018.aac
OK    /Volumes/Samsung 990-2/100 Hours/Electronics/MTL-SKL00110-024.aac -> gs://100hr-data/Electronics/IMU/MTL-SKL00110-024.aac
OK    /Volumes/Samsung 990-2/100 Hours/Electronics/MTL-SKL00091-012.aac -> gs://100hr-data/Electronics/IMU/MTL-SKL00091-012.aac
OK    /Volumes/Samsung 990-2/100 Hours/Electronics/MTL-SKL00108-065.mp4 -> gs://100hr-data/Electronics/Videos/MTL-SKL00108-065.mp4
OK    /Volumes/Samsung 990-2/100 Hours/Electronics/MTL-SKL00089-053.mp4 -> gs://100hr-data/Electronics/Videos/MTL-SKL00089-053.mp4
OK    /Volumes/Samsung 990-2/100 Hours/Electronics/MTL-SKL00094-070.mp4 -> gs://100hr-data/Electronics/Videos/MTL-SKL00094-070.mp4
OK    /Volumes/Samsung 990-2/100 Hours/Electronics/MTL-SKL00094-064.mp4 -> gs://100hr-data/Electronics/Videos/MTL-SKL00094-064.mp4
OK    /Volumes/Samsung 990-2/100 Hours/Electronics/MTL-SKL00089-047.mp4 -> gs://100hr-data/Electronics/Videos/MTL-SKL00089-047.mp4
OK    /Volumes/Samsung 990-2/100 Hours/Electronics/MTL-SKL00108-071.mp4 -> gs://100hr-data/Electronics/Videos/MTL-SKL00108-071.mp4
OK    /Volumes/Samsung 990-2/100 Hours/Electronics/MTL-SKL00100-024.aac -> gs://100hr-data/Electronics/IMU/MTL-SKL00100-024.aac
OK    /Volumes/Samsung 990-2/100 Hours/Electronics/MTL-SKL00091-006.aac -> gs://100hr-data/Electronics/IMU/MTL-SKL00091-006.aac
OK    /Volumes/Samsung 990-2/100 Hours/Electronics/MTL-SKL00110-023.txt -> gs://100hr-data/Electronics/IMU/MTL-SKL00110-023.txt
OK    /Volumes/Samsung 990-2/100 Hours/Electronics/MTL-SKL00091-015.txt -> gs://100hr-data/Electronics/IMU/MTL-SKL00091-015.txt
OK    /Volumes/Samsung 990-2/100 Hours/Electronics/MTL-SKL00100-037.txt -> gs://100hr-data/Electronics/IMU/MTL-SKL00100-037.txt
OK    /Volumes/Samsung 990-2/100 Hours/Electronics/MTL-SKL00100-023.txt -> gs://100hr-data/Electronics/IMU/MTL-SKL00100-023.txt
OK    /Volumes/Samsung 990-2/100 Hours/Electronics/MTL-SKL00110-037.txt -> gs://100hr-data/Electronics/IMU/MTL-SKL00110-037.txt
OK    /Volumes/Samsung 990-2/100 Hours/Electronics/MTL-SKL00091-029.txt -> gs://100hr-data/Electronics/IMU/MTL-SKL00091-029.txt
OK    /Volumes/Samsung 990-2/100 Hours/Electronics/MTL-SKL00091-082.mp4 -> gs://100hr-data/Electronics/Videos/MTL-SKL00091-082.mp4
OK    /Volumes/Samsung 990-2/100 Hours/Electronics/MTL-SKL00091-069.mp4 -> gs://100hr-data/Electronics/Videos/MTL-SKL00091-069.mp4
OK    /Volumes/Samsung 990-2/100 Hours/Electronics/MTL-SKL00089-028.aac -> gs://100hr-data/Electronics/IMU/MTL-SKL00089-028.aac
OK    /Volumes/Samsung 990-2/100 Hours/Electronics/MTL-SKL00091-055.mp4 -> gs://100hr-data/Electronics/Videos/MTL-SKL00091-055.mp4
OK    /Volumes/Samsung 990-2/100 Hours/Electronics/MTL-SKL00110-063.mp4 -> gs://100hr-data/Electronics/Videos/MTL-SKL00110-063.mp4
OK    /Volumes/Samsung 990-2/100 Hours/Electronics/MTL-SKL00094-104.mp4 -> gs://100hr-data/Electronics/Videos/MTL-SKL00094-104.mp4
OK    /Volumes/Samsung 990-2/100 Hours/Electronics/MTL-SKL00094-037.aac -> gs://100hr-data/Electronics/IMU/MTL-SKL00094-037.aac
OK    /Volumes/Samsung 990-2/100 Hours/Electronics/MTL-SKL00089-014.aac -> gs://100hr-data/Electronics/IMU/MTL-SKL00089-014.aac
OK    /Volumes/Samsung 990-2/100 Hours/Electronics/MTL-SKL00108-036.aac -> gs://100hr-data/Electronics/IMU/MTL-SKL00108-036.aac
OK    /Volumes/Samsung 990-2/100 Hours/Electronics/MTL-SKL00094-023.aac -> gs://100hr-data/Electronics/IMU/MTL-SKL00094-023.aac
OK    /Volumes/Samsung 990-2/100 Hours/Electronics/MTL-SKL00100-063.mp4 -> gs://100hr-data/Electronics/Videos/MTL-SKL00100-063.mp4
OK    /Volumes/Samsung 990-2/100 Hours/Electronics/MTL-SKL00094-110.mp4 -> gs://100hr-data/Electronics/Videos/MTL-SKL00094-110.mp4
OK    /Volumes/Samsung 990-2/100 Hours/Electronics/MTL-SKL00091-041.mp4 -> gs://100hr-data/Electronics/Videos/MTL-SKL00091-041.mp4
OK    /Volumes/Samsung 990-2/100 Hours/Electronics/MTL-SKL00102-069.aac -> gs://100hr-data/Electronics/IMU/MTL-SKL00102-069.aac
OK    /Volumes/Samsung 990-2/100 Hours/Electronics/MTL-SKL00098-039.aac -> gs://100hr-data/Electronics/IMU/MTL-SKL00098-039.aac
OK    /Volumes/Samsung 990-2/100 Hours/Electronics/MTL-SKL00098-011.aac -> gs://100hr-data/Electronics/IMU/MTL-SKL00098-011.aac
OK    /Volumes/Samsung 990-2/100 Hours/Electronics/MTL-SKL00098-122.mp4 -> gs://100hr-data/Electronics/Videos/MTL-SKL00098-122.mp4
OK    /Volumes/Samsung 990-2/100 Hours/Electronics/MTL-SKL00098-120.mp4 -> gs://100hr-data/Electronics/Videos/MTL-SKL00098-120.mp4
OK    /Volumes/Samsung 990-2/100 Hours/Electronics/MTL-SKL00098-013.aac -> gs://100hr-data/Electronics/IMU/MTL-SKL00098-013.aac
OK    /Volumes/Samsung 990-2/100 Hours/Electronics/MTL-SKL00098-108.mp4 -> gs://100hr-data/Electronics/Videos/MTL-SKL00098-108.mp4
OK    /Volumes/Samsung 990-2/100 Hours/Electronics/MTL-SKL00102-057.aac -> gs://100hr-data/Electronics/IMU/MTL-SKL00102-057.aac
OK    /Volumes/Samsung 990-2/100 Hours/Electronics/MTL-SKL00102-043.aac -> gs://100hr-data/Electronics/IMU/MTL-SKL00102-043.aac
OK    /Volumes/Samsung 990-2/100 Hours/Electronics/MTL-SKL00100-075.mp4 -> gs://100hr-data/Electronics/Videos/MTL-SKL00100-075.mp4
OK    /Volumes/Samsung 990-2/100 Hours/Electronics/MTL-SKL00108-020.aac -> gs://100hr-data/Electronics/IMU/MTL-SKL00108-020.aac
OK    /Volumes/Samsung 990-2/100 Hours/Electronics/MTL-SKL00089-016.aac -> gs://100hr-data/Electronics/IMU/MTL-SKL00089-016.aac
OK    /Volumes/Samsung 990-2/100 Hours/Electronics/MTL-SKL00094-035.aac -> gs://100hr-data/Electronics/IMU/MTL-SKL00094-035.aac
OK    /Volumes/Samsung 990-2/100 Hours/Electronics/MTL-SKL00094-106.mp4 -> gs://100hr-data/Electronics/Videos/MTL-SKL00094-106.mp4
OK    /Volumes/Samsung 990-2/100 Hours/Electronics/MTL-SKL00110-061.mp4 -> gs://100hr-data/Electronics/Videos/MTL-SKL00110-061.mp4
OK    /Volumes/Samsung 990-2/100 Hours/Electronics/MTL-SKL00091-057.mp4 -> gs://100hr-data/Electronics/Videos/MTL-SKL00091-057.mp4
OK    /Volumes/Samsung 990-2/100 Hours/Electronics/MTL-SKL00091-043.mp4 -> gs://100hr-data/Electronics/Videos/MTL-SKL00091-043.mp4
OK    /Volumes/Samsung 990-2/100 Hours/Electronics/MTL-SKL00110-075.mp4 -> gs://100hr-data/Electronics/Videos/MTL-SKL00110-075.mp4
OK    /Volumes/Samsung 990-2/100 Hours/Electronics/MTL-SKL00094-112.mp4 -> gs://100hr-data/Electronics/Videos/MTL-SKL00094-112.mp4
OK    /Volumes/Samsung 990-2/100 Hours/Electronics/MTL-SKL00100-061.mp4 -> gs://100hr-data/Electronics/Videos/MTL-SKL00100-061.mp4
OK    /Volumes/Samsung 990-2/100 Hours/Electronics/MTL-SKL00094-021.aac -> gs://100hr-data/Electronics/IMU/MTL-SKL00094-021.aac
OK    /Volumes/Samsung 990-2/100 Hours/Electronics/MTL-SKL00108-034.aac -> gs://100hr-data/Electronics/IMU/MTL-SKL00108-034.aac
OK    /Volumes/Samsung 990-2/100 Hours/Electronics/MTL-SKL00100-049.mp4 -> gs://100hr-data/Electronics/Videos/MTL-SKL00100-049.mp4
OK    /Volumes/Samsung 990-2/100 Hours/Electronics/MTL-SKL00094-009.aac -> gs://100hr-data/Electronics/IMU/MTL-SKL00094-009.aac
OK    /Volumes/Samsung 990-2/100 Hours/Electronics/MTL-SKL00110-049.mp4 -> gs://100hr-data/Electronics/Videos/MTL-SKL00110-049.mp4
OK    /Volumes/Samsung 990-2/100 Hours/Electronics/MTL-SKL00100-009.txt -> gs://100hr-data/Electronics/IMU/MTL-SKL00100-009.txt
OK    /Volumes/Samsung 990-2/100 Hours/Electronics/MTL-SKL00091-080.mp4 -> gs://100hr-data/Electronics/Videos/MTL-SKL00091-080.mp4
OK    /Volumes/Samsung 990-2/100 Hours/Electronics/MTL-SKL00110-009.txt -> gs://100hr-data/Electronics/IMU/MTL-SKL00110-009.txt
OK    /Volumes/Samsung 990-2/100 Hours/Electronics/MTL-SKL00100-035.txt -> gs://100hr-data/Electronics/IMU/MTL-SKL00100-035.txt
OK    /Volumes/Samsung 990-2/100 Hours/Electronics/MTL-SKL00091-017.txt -> gs://100hr-data/Electronics/IMU/MTL-SKL00091-017.txt
OK    /Volumes/Samsung 990-2/100 Hours/Electronics/MTL-SKL00110-021.txt -> gs://100hr-data/Electronics/IMU/MTL-SKL00110-021.txt
OK    /Volumes/Samsung 990-2/100 Hours/Electronics/MTL-SKL00110-035.txt -> gs://100hr-data/Electronics/IMU/MTL-SKL00110-035.txt
OK    /Volumes/Samsung 990-2/100 Hours/Electronics/MTL-SKL00100-021.txt -> gs://100hr-data/Electronics/IMU/MTL-SKL00100-021.txt
OK    /Volumes/Samsung 990-2/100 Hours/Electronics/MTL-SKL00100-032.aac -> gs://100hr-data/Electronics/IMU/MTL-SKL00100-032.aac
OK    /Volumes/Samsung 990-2/100 Hours/Electronics/MTL-SKL00094-072.mp4 -> gs://100hr-data/Electronics/Videos/MTL-SKL00094-072.mp4
OK    /Volumes/Samsung 990-2/100 Hours/Electronics/MTL-SKL00089-051.mp4 -> gs://100hr-data/Electronics/Videos/MTL-SKL00089-051.mp4
OK    /Volumes/Samsung 990-2/100 Hours/Electronics/MTL-SKL00108-067.mp4 -> gs://100hr-data/Electronics/Videos/MTL-SKL00108-067.mp4
OK    /Volumes/Samsung 990-2/100 Hours/Electronics/MTL-SKL00091-010.aac -> gs://100hr-data/Electronics/IMU/MTL-SKL00091-010.aac
OK    /Volumes/Samsung 990-2/100 Hours/Electronics/MTL-SKL00110-032.aac -> gs://100hr-data/Electronics/IMU/MTL-SKL00110-032.aac
OK    /Volumes/Samsung 990-2/100 Hours/Electronics/MTL-SKL00110-101.mp4 -> gs://100hr-data/Electronics/Videos/MTL-SKL00110-101.mp4
OK    /Volumes/Samsung 990-2/100 Hours/Electronics/MTL-SKL00089-045.mp4 -> gs://100hr-data/Electronics/Videos/MTL-SKL00089-045.mp4
OK    /Volumes/Samsung 990-2/100 Hours/Electronics/MTL-SKL00094-066.mp4 -> gs://100hr-data/Electronics/Videos/MTL-SKL00094-066.mp4
OK    /Volumes/Samsung 990-2/100 Hours/Electronics/MTL-SKL00091-038.aac -> gs://100hr-data/Electronics/IMU/MTL-SKL00091-038.aac
OK    /Volumes/Samsung 990-2/100 Hours/Electronics/MTL-SKL00089-039.txt -> gs://100hr-data/Electronics/IMU/MTL-SKL00089-039.txt
OK    /Volumes/Samsung 990-2/100 Hours/Electronics/MTL-SKL00094-032.txt -> gs://100hr-data/Electronics/IMU/MTL-SKL00094-032.txt
OK    /Volumes/Samsung 990-2/100 Hours/Electronics/MTL-SKL00108-027.txt -> gs://100hr-data/Electronics/IMU/MTL-SKL00108-027.txt
OK    /Volumes/Samsung 990-2/100 Hours/Electronics/MTL-SKL00089-011.txt -> gs://100hr-data/Electronics/IMU/MTL-SKL00089-011.txt
OK    /Volumes/Samsung 990-2/100 Hours/Electronics/MTL-SKL00094-099.mp4 -> gs://100hr-data/Electronics/Videos/MTL-SKL00094-099.mp4
OK    /Volumes/Samsung 990-2/100 Hours/Electronics/MTL-SKL00089-005.txt -> gs://100hr-data/Electronics/IMU/MTL-SKL00089-005.txt
OK    /Volumes/Samsung 990-2/100 Hours/Electronics/MTL-SKL00094-026.txt -> gs://100hr-data/Electronics/IMU/MTL-SKL00094-026.txt
OK    /Volumes/Samsung 990-2/100 Hours/Electronics/MTL-SKL00098-054.mp4 -> gs://100hr-data/Electronics/Videos/MTL-SKL00098-054.mp4
OK    /Volumes/Samsung 990-2/100 Hours/Electronics/MTL-SKL00098-040.mp4 -> gs://100hr-data/Electronics/Videos/MTL-SKL00098-040.mp4
OK    /Volumes/Samsung 990-2/100 Hours/Electronics/MTL-SKL00098-068.mp4 -> gs://100hr-data/Electronics/Videos/MTL-SKL00098-068.mp4
OK    /Volumes/Samsung 990-2/100 Hours/Electronics/MTL-SKL00102-050.txt -> gs://100hr-data/Electronics/IMU/MTL-SKL00102-050.txt
OK    /Volumes/Samsung 990-2/100 Hours/Electronics/MTL-SKL00098-028.txt -> gs://100hr-data/Electronics/IMU/MTL-SKL00098-028.txt
OK    /Volumes/Samsung 990-2/100 Hours/Electronics/MTL-SKL00098-097.mp4 -> gs://100hr-data/Electronics/Videos/MTL-SKL00098-097.mp4
OK    /Volumes/Samsung 990-2/100 Hours/Electronics/MTL-SKL00102-010.mp4 -> gs://100hr-data/Electronics/Videos/MTL-SKL00102-010.mp4
OK    /Volumes/Samsung 990-2/100 Hours/Electronics/MTL-SKL00098-083.mp4 -> gs://100hr-data/Electronics/Videos/MTL-SKL00098-083.mp4
OK    /Volumes/Samsung 990-2/100 Hours/Electronics/MTL-SKL00098-014.txt -> gs://100hr-data/Electronics/IMU/MTL-SKL00098-014.txt
OK    /Volumes/Samsung 990-2/100 Hours/Electronics/MTL-SKL00102-038.mp4 -> gs://100hr-data/Electronics/Videos/MTL-SKL00102-038.mp4
OK    /Volumes/Samsung 990-2/100 Hours/Electronics/MTL-SKL00102-039.mp4 -> gs://100hr-data/Electronics/Videos/MTL-SKL00102-039.mp4
OK    /Volumes/Samsung 990-2/100 Hours/Electronics/MTL-SKL00098-015.txt -> gs://100hr-data/Electronics/IMU/MTL-SKL00098-015.txt
OK    /Volumes/Samsung 990-2/100 Hours/Electronics/MTL-SKL00098-082.mp4 -> gs://100hr-data/Electronics/Videos/MTL-SKL00098-082.mp4
OK    /Volumes/Samsung 990-2/100 Hours/Electronics/MTL-SKL00102-045.txt -> gs://100hr-data/Electronics/IMU/MTL-SKL00102-045.txt
OK    /Volumes/Samsung 990-2/100 Hours/Electronics/MTL-SKL00098-069.mp4 -> gs://100hr-data/Electronics/Videos/MTL-SKL00098-069.mp4
OK    /Volumes/Samsung 990-2/100 Hours/Electronics/MTL-SKL00098-041.mp4 -> gs://100hr-data/Electronics/Videos/MTL-SKL00098-041.mp4
OK    /Volumes/Samsung 990-2/100 Hours/Electronics/MTL-SKL00108-032.txt -> gs://100hr-data/Electronics/IMU/MTL-SKL00108-032.txt
OK    /Volumes/Samsung 990-2/100 Hours/Electronics/MTL-SKL00094-027.txt -> gs://100hr-data/Electronics/IMU/MTL-SKL00094-027.txt
OK    /Volumes/Samsung 990-2/100 Hours/Electronics/MTL-SKL00094-098.mp4 -> gs://100hr-data/Electronics/Videos/MTL-SKL00094-098.mp4
OK    /Volumes/Samsung 990-2/100 Hours/Electronics/MTL-SKL00094-033.txt -> gs://100hr-data/Electronics/IMU/MTL-SKL00094-033.txt
OK    /Volumes/Samsung 990-2/100 Hours/Electronics/MTL-SKL00089-010.txt -> gs://100hr-data/Electronics/IMU/MTL-SKL00089-010.txt
OK    /Volumes/Samsung 990-2/100 Hours/Electronics/MTL-SKL00108-026.txt -> gs://100hr-data/Electronics/IMU/MTL-SKL00108-026.txt
OK    /Volumes/Samsung 990-2/100 Hours/Electronics/MTL-SKL00089-038.txt -> gs://100hr-data/Electronics/IMU/MTL-SKL00089-038.txt
OK    /Volumes/Samsung 990-2/100 Hours/Electronics/MTL-SKL00091-039.aac -> gs://100hr-data/Electronics/IMU/MTL-SKL00091-039.aac
OK    /Volumes/Samsung 990-2/100 Hours/Electronics/MTL-SKL00110-100.mp4 -> gs://100hr-data/Electronics/Videos/MTL-SKL00110-100.mp4
OK    /Volumes/Samsung 990-2/100 Hours/Electronics/MTL-SKL00091-005.aac -> gs://100hr-data/Electronics/IMU/MTL-SKL00091-005.aac
OK    /Volumes/Samsung 990-2/100 Hours/Electronics/MTL-SKL00089-044.mp4 -> gs://100hr-data/Electronics/Videos/MTL-SKL00089-044.mp4
OK    /Volumes/Samsung 990-2/100 Hours/Electronics/MTL-SKL00108-072.mp4 -> gs://100hr-data/Electronics/Videos/MTL-SKL00108-072.mp4
OK    /Volumes/Samsung 990-2/100 Hours/Electronics/MTL-SKL00094-067.mp4 -> gs://100hr-data/Electronics/Videos/MTL-SKL00094-067.mp4
OK    /Volumes/Samsung 990-2/100 Hours/Electronics/MTL-SKL00100-027.aac -> gs://100hr-data/Electronics/IMU/MTL-SKL00100-027.aac
OK    /Volumes/Samsung 990-2/100 Hours/Electronics/MTL-SKL00094-073.mp4 -> gs://100hr-data/Electronics/Videos/MTL-SKL00094-073.mp4
OK    /Volumes/Samsung 990-2/100 Hours/Electronics/MTL-SKL00089-050.mp4 -> gs://100hr-data/Electronics/Videos/MTL-SKL00089-050.mp4
OK    /Volumes/Samsung 990-2/100 Hours/Electronics/MTL-SKL00110-027.aac -> gs://100hr-data/Electronics/IMU/MTL-SKL00110-027.aac
OK    /Volumes/Samsung 990-2/100 Hours/Electronics/MTL-SKL00091-011.aac -> gs://100hr-data/Electronics/IMU/MTL-SKL00091-011.aac
OK    /Volumes/Samsung 990-2/100 Hours/Electronics/MTL-SKL00110-034.txt -> gs://100hr-data/Electronics/IMU/MTL-SKL00110-034.txt
OK    /Volumes/Samsung 990-2/100 Hours/Electronics/MTL-SKL00100-020.txt -> gs://100hr-data/Electronics/IMU/MTL-SKL00100-020.txt
OK    /Volumes/Samsung 990-2/100 Hours/Electronics/MTL-SKL00100-034.txt -> gs://100hr-data/Electronics/IMU/MTL-SKL00100-034.txt
OK    /Volumes/Samsung 990-2/100 Hours/Electronics/MTL-SKL00110-020.txt -> gs://100hr-data/Electronics/IMU/MTL-SKL00110-020.txt
OK    /Volumes/Samsung 990-2/100 Hours/Electronics/MTL-SKL00091-016.txt -> gs://100hr-data/Electronics/IMU/MTL-SKL00091-016.txt
OK    /Volumes/Samsung 990-2/100 Hours/Electronics/MTL-SKL00110-008.txt -> gs://100hr-data/Electronics/IMU/MTL-SKL00110-008.txt
OK    /Volumes/Samsung 990-2/100 Hours/Electronics/MTL-SKL00091-081.mp4 -> gs://100hr-data/Electronics/Videos/MTL-SKL00091-081.mp4
OK    /Volumes/Samsung 990-2/100 Hours/Electronics/MTL-SKL00100-008.txt -> gs://100hr-data/Electronics/IMU/MTL-SKL00100-008.txt
OK    /Volumes/Samsung 990-2/100 Hours/Electronics/MTL-SKL00110-074.mp4 -> gs://100hr-data/Electronics/Videos/MTL-SKL00110-074.mp4
OK    /Volumes/Samsung 990-2/100 Hours/Electronics/MTL-SKL00091-042.mp4 -> gs://100hr-data/Electronics/Videos/MTL-SKL00091-042.mp4
OK    /Volumes/Samsung 990-2/100 Hours/Electronics/MTL-SKL00094-020.aac -> gs://100hr-data/Electronics/IMU/MTL-SKL00094-020.aac
OK    /Volumes/Samsung 990-2/100 Hours/Electronics/MTL-SKL00108-035.aac -> gs://100hr-data/Electronics/IMU/MTL-SKL00108-035.aac
OK    /Volumes/Samsung 990-2/100 Hours/Electronics/MTL-SKL00100-060.mp4 -> gs://100hr-data/Electronics/Videos/MTL-SKL00100-060.mp4
OK    /Volumes/Samsung 990-2/100 Hours/Electronics/MTL-SKL00094-113.mp4 -> gs://100hr-data/Electronics/Videos/MTL-SKL00094-113.mp4
OK    /Volumes/Samsung 990-2/100 Hours/Electronics/MTL-SKL00094-107.mp4 -> gs://100hr-data/Electronics/Videos/MTL-SKL00094-107.mp4
OK    /Volumes/Samsung 990-2/100 Hours/Electronics/MTL-SKL00089-017.aac -> gs://100hr-data/Electronics/IMU/MTL-SKL00089-017.aac
OK    /Volumes/Samsung 990-2/100 Hours/Electronics/MTL-SKL00108-021.aac -> gs://100hr-data/Electronics/IMU/MTL-SKL00108-021.aac
OK    /Volumes/Samsung 990-2/100 Hours/Electronics/MTL-SKL00094-034.aac -> gs://100hr-data/Electronics/IMU/MTL-SKL00094-034.aac
OK    /Volumes/Samsung 990-2/100 Hours/Electronics/MTL-SKL00100-074.mp4 -> gs://100hr-data/Electronics/Videos/MTL-SKL00100-074.mp4
OK    /Volumes/Samsung 990-2/100 Hours/Electronics/MTL-SKL00091-056.mp4 -> gs://100hr-data/Electronics/Videos/MTL-SKL00091-056.mp4
OK    /Volumes/Samsung 990-2/100 Hours/Electronics/MTL-SKL00110-060.mp4 -> gs://100hr-data/Electronics/Videos/MTL-SKL00110-060.mp4
OK    /Volumes/Samsung 990-2/100 Hours/Electronics/MTL-SKL00102-042.aac -> gs://100hr-data/Electronics/IMU/MTL-SKL00102-042.aac
OK    /Volumes/Samsung 990-2/100 Hours/Electronics/MTL-SKL00102-056.aac -> gs://100hr-data/Electronics/IMU/MTL-SKL00102-056.aac
OK    /Volumes/Samsung 990-2/100 Hours/Electronics/MTL-SKL00098-109.mp4 -> gs://100hr-data/Electronics/Videos/MTL-SKL00098-109.mp4
OK    /Volumes/Samsung 990-2/100 Hours/Electronics/MTL-SKL00098-012.aac -> gs://100hr-data/Electronics/IMU/MTL-SKL00098-012.aac
OK    /Volumes/Samsung 990-2/100 Hours/Electronics/MTL-SKL00098-049.aac -> gs://100hr-data/Electronics/IMU/MTL-SKL00098-049.aac
OK    /Volumes/Samsung 990-2/100 Hours/Electronics/MTL-SKL00098-075.aac -> gs://100hr-data/Electronics/IMU/MTL-SKL00098-075.aac
OK    /Volumes/Samsung 990-2/100 Hours/Electronics/MTL-SKL00098-061.aac -> gs://100hr-data/Electronics/IMU/MTL-SKL00098-061.aac
OK    /Volumes/Samsung 990-2/100 Hours/Electronics/MTL-SKL00098-112.txt -> gs://100hr-data/Electronics/IMU/MTL-SKL00098-112.txt
OK    /Volumes/Samsung 990-2/100 Hours/Electronics/MTL-SKL00102-031.aac -> gs://100hr-data/Electronics/IMU/MTL-SKL00102-031.aac
OK    /Volumes/Samsung 990-2/100 Hours/Electronics/MTL-SKL00102-025.aac -> gs://100hr-data/Electronics/IMU/MTL-SKL00102-025.aac
OK    /Volumes/Samsung 990-2/100 Hours/Electronics/MTL-SKL00100-090.txt -> gs://100hr-data/Electronics/IMU/MTL-SKL00100-090.txt
OK    /Volumes/Samsung 990-2/100 Hours/Electronics/MTL-SKL00110-090.txt -> gs://100hr-data/Electronics/IMU/MTL-SKL00110-090.txt
OK    /Volumes/Samsung 990-2/100 Hours/Electronics/MTL-SKL00091-019.mp4 -> gs://100hr-data/Electronics/Videos/MTL-SKL00091-019.mp4
OK    /Volumes/Samsung 990-2/100 Hours/Electronics/MTL-SKL00089-058.aac -> gs://100hr-data/Electronics/IMU/MTL-SKL00089-058.aac
OK    /Volumes/Samsung 990-2/100 Hours/Electronics/MTL-SKL00100-013.mp4 -> gs://100hr-data/Electronics/Videos/MTL-SKL00100-013.mp4
OK    /Volumes/Samsung 990-2/100 Hours/Electronics/MTL-SKL00108-046.aac -> gs://100hr-data/Electronics/IMU/MTL-SKL00108-046.aac
OK    /Volumes/Samsung 990-2/100 Hours/Electronics/MTL-SKL00094-053.aac -> gs://100hr-data/Electronics/IMU/MTL-SKL00094-053.aac
OK    /Volumes/Samsung 990-2/100 Hours/Electronics/MTL-SKL00091-031.mp4 -> gs://100hr-data/Electronics/Videos/MTL-SKL00091-031.mp4
OK    /Volumes/Samsung 990-2/100 Hours/Electronics/MTL-SKL00110-013.mp4 -> gs://100hr-data/Electronics/Videos/MTL-SKL00110-013.mp4
OK    /Volumes/Samsung 990-2/100 Hours/Electronics/MTL-SKL00091-025.mp4 -> gs://100hr-data/Electronics/Videos/MTL-SKL00091-025.mp4
OK    /Volumes/Samsung 990-2/100 Hours/Electronics/MTL-SKL00094-047.aac -> gs://100hr-data/Electronics/IMU/MTL-SKL00094-047.aac
OK    /Volumes/Samsung 990-2/100 Hours/Electronics/MTL-SKL00089-064.aac -> gs://100hr-data/Electronics/IMU/MTL-SKL00089-064.aac
OK    /Volumes/Samsung 990-2/100 Hours/Electronics/MTL-SKL00100-053.txt -> gs://100hr-data/Electronics/IMU/MTL-SKL00100-053.txt
OK    /Volumes/Samsung 990-2/100 Hours/Electronics/MTL-SKL00091-071.txt -> gs://100hr-data/Electronics/IMU/MTL-SKL00091-071.txt
OK    /Volumes/Samsung 990-2/100 Hours/Electronics/MTL-SKL00091-065.txt -> gs://100hr-data/Electronics/IMU/MTL-SKL00091-065.txt
OK    /Volumes/Samsung 990-2/100 Hours/Electronics/MTL-SKL00110-053.txt -> gs://100hr-data/Electronics/IMU/MTL-SKL00110-053.txt
OK    /Volumes/Samsung 990-2/100 Hours/Electronics/MTL-SKL00094-090.aac -> gs://100hr-data/Electronics/IMU/MTL-SKL00094-090.aac
OK    /Volumes/Samsung 990-2/100 Hours/Electronics/MTL-SKL00091-059.txt -> gs://100hr-data/Electronics/IMU/MTL-SKL00091-059.txt
OK    /Volumes/Samsung 990-2/100 Hours/Electronics/MTL-SKL00094-084.aac -> gs://100hr-data/Electronics/IMU/MTL-SKL00094-084.aac
OK    /Volumes/Samsung 990-2/100 Hours/Electronics/MTL-SKL00094-108.txt -> gs://100hr-data/Electronics/IMU/MTL-SKL00094-108.txt
OK    /Volumes/Samsung 990-2/100 Hours/Electronics/MTL-SKL00094-097.txt -> gs://100hr-data/Electronics/IMU/MTL-SKL00094-097.txt
OK    /Volumes/Samsung 990-2/100 Hours/Electronics/MTL-SKL00100-068.aac -> gs://100hr-data/Electronics/IMU/MTL-SKL00100-068.aac
OK    /Volumes/Samsung 990-2/100 Hours/Electronics/MTL-SKL00094-028.mp4 -> gs://100hr-data/Electronics/Videos/MTL-SKL00094-028.mp4
OK    /Volumes/Samsung 990-2/100 Hours/Electronics/MTL-SKL00110-068.aac -> gs://100hr-data/Electronics/IMU/MTL-SKL00110-068.aac
OK    /Volumes/Samsung 990-2/100 Hours/Electronics/MTL-SKL00094-083.txt -> gs://100hr-data/Electronics/IMU/MTL-SKL00094-083.txt
OK    /Volumes/Samsung 990-2/100 Hours/Electronics/MTL-SKL00100-054.aac -> gs://100hr-data/Electronics/IMU/MTL-SKL00100-054.aac
OK    /Volumes/Samsung 990-2/100 Hours/Electronics/MTL-SKL00094-014.mp4 -> gs://100hr-data/Electronics/Videos/MTL-SKL00094-014.mp4
OK    /Volumes/Samsung 990-2/100 Hours/Electronics/MTL-SKL00089-037.mp4 -> gs://100hr-data/Electronics/Videos/MTL-SKL00089-037.mp4
OK    /Volumes/Samsung 990-2/100 Hours/Electronics/MTL-SKL00110-040.aac -> gs://100hr-data/Electronics/IMU/MTL-SKL00110-040.aac
OK    /Volumes/Samsung 990-2/100 Hours/Electronics/MTL-SKL00091-076.aac -> gs://100hr-data/Electronics/IMU/MTL-SKL00091-076.aac
OK    /Volumes/Samsung 990-2/100 Hours/Electronics/MTL-SKL00091-062.aac -> gs://100hr-data/Electronics/IMU/MTL-SKL00091-062.aac
OK    /Volumes/Samsung 990-2/100 Hours/Electronics/MTL-SKL00110-054.aac -> gs://100hr-data/Electronics/IMU/MTL-SKL00110-054.aac
OK    /Volumes/Samsung 990-2/100 Hours/Electronics/MTL-SKL00100-040.aac -> gs://100hr-data/Electronics/IMU/MTL-SKL00100-040.aac
OK    /Volumes/Samsung 990-2/100 Hours/Electronics/MTL-SKL00089-023.mp4 -> gs://100hr-data/Electronics/Videos/MTL-SKL00089-023.mp4
OK    /Volumes/Samsung 990-2/100 Hours/Electronics/MTL-SKL00094-054.txt -> gs://100hr-data/Electronics/IMU/MTL-SKL00094-054.txt
OK    /Volumes/Samsung 990-2/100 Hours/Electronics/MTL-SKL00108-041.txt -> gs://100hr-data/Electronics/IMU/MTL-SKL00108-041.txt
OK    /Volumes/Samsung 990-2/100 Hours/Electronics/MTL-SKL00089-063.txt -> gs://100hr-data/Electronics/IMU/MTL-SKL00089-063.txt
OK    /Volumes/Samsung 990-2/100 Hours/Electronics/MTL-SKL00094-040.txt -> gs://100hr-data/Electronics/IMU/MTL-SKL00094-040.txt
OK    /Volumes/Samsung 990-2/100 Hours/Electronics/MTL-SKL00094-068.txt -> gs://100hr-data/Electronics/IMU/MTL-SKL00094-068.txt
OK    /Volumes/Samsung 990-2/100 Hours/Electronics/MTL-SKL00110-083.aac -> gs://100hr-data/Electronics/IMU/MTL-SKL00110-083.aac
OK    /Volumes/Samsung 990-2/100 Hours/Electronics/MTL-SKL00110-097.aac -> gs://100hr-data/Electronics/IMU/MTL-SKL00110-097.aac
OK    /Volumes/Samsung 990-2/100 Hours/Electronics/MTL-SKL00100-083.aac -> gs://100hr-data/Electronics/IMU/MTL-SKL00100-083.aac
OK    /Volumes/Samsung 990-2/100 Hours/Electronics/MTL-SKL00098-101.aac -> gs://100hr-data/Electronics/IMU/MTL-SKL00098-101.aac
OK    /Volumes/Samsung 990-2/100 Hours/Electronics/MTL-SKL00098-032.mp4 -> gs://100hr-data/Electronics/Videos/MTL-SKL00098-032.mp4
OK    /Volumes/Samsung 990-2/100 Hours/Electronics/MTL-SKL00098-115.aac -> gs://100hr-data/Electronics/IMU/MTL-SKL00098-115.aac
OK    /Volumes/Samsung 990-2/100 Hours/Electronics/MTL-SKL00098-072.txt -> gs://100hr-data/Electronics/IMU/MTL-SKL00098-072.txt
OK    /Volumes/Samsung 990-2/100 Hours/Electronics/MTL-SKL00102-063.mp4 -> gs://100hr-data/Electronics/Videos/MTL-SKL00102-063.mp4
OK    /Volumes/Samsung 990-2/100 Hours/Electronics/MTL-SKL00098-067.txt -> gs://100hr-data/Electronics/IMU/MTL-SKL00098-067.txt
OK    /Volumes/Samsung 990-2/100 Hours/Electronics/MTL-SKL00098-098.txt -> gs://100hr-data/Electronics/IMU/MTL-SKL00098-098.txt
OK    /Volumes/Samsung 990-2/100 Hours/Electronics/MTL-SKL00098-027.mp4 -> gs://100hr-data/Electronics/Videos/MTL-SKL00098-027.mp4
OK    /Volumes/Samsung 990-2/100 Hours/Electronics/MTL-SKL00098-100.aac -> gs://100hr-data/Electronics/IMU/MTL-SKL00098-100.aac
OK    /Volumes/Samsung 990-2/100 Hours/Electronics/MTL-SKL00102-023.txt -> gs://100hr-data/Electronics/IMU/MTL-SKL00102-023.txt
OK    /Volumes/Samsung 990-2/100 Hours/Electronics/MTL-SKL00102-037.txt -> gs://100hr-data/Electronics/IMU/MTL-SKL00102-037.txt
OK    /Volumes/Samsung 990-2/100 Hours/Electronics/MTL-SKL00108-068.txt -> gs://100hr-data/Electronics/IMU/MTL-SKL00108-068.txt
OK    /Volumes/Samsung 990-2/100 Hours/Electronics/MTL-SKL00100-082.aac -> gs://100hr-data/Electronics/IMU/MTL-SKL00100-082.aac
OK    /Volumes/Samsung 990-2/100 Hours/Electronics/MTL-SKL00094-069.txt -> gs://100hr-data/Electronics/IMU/MTL-SKL00094-069.txt
OK    /Volumes/Samsung 990-2/100 Hours/Electronics/MTL-SKL00110-082.aac -> gs://100hr-data/Electronics/IMU/MTL-SKL00110-082.aac
OK    /Volumes/Samsung 990-2/100 Hours/Electronics/MTL-SKL00089-062.txt -> gs://100hr-data/Electronics/IMU/MTL-SKL00089-062.txt
OK    /Volumes/Samsung 990-2/100 Hours/Electronics/MTL-SKL00108-054.txt -> gs://100hr-data/Electronics/IMU/MTL-SKL00108-054.txt
OK    /Volumes/Samsung 990-2/100 Hours/Electronics/MTL-SKL00094-041.txt -> gs://100hr-data/Electronics/IMU/MTL-SKL00094-041.txt
OK    /Volumes/Samsung 990-2/100 Hours/Electronics/MTL-SKL00094-055.txt -> gs://100hr-data/Electronics/IMU/MTL-SKL00094-055.txt
OK    /Volumes/Samsung 990-2/100 Hours/Electronics/MTL-SKL00091-088.aac -> gs://100hr-data/Electronics/IMU/MTL-SKL00091-088.aac
OK    /Volumes/Samsung 990-2/100 Hours/Electronics/MTL-SKL00091-063.aac -> gs://100hr-data/Electronics/IMU/MTL-SKL00091-063.aac
OK    /Volumes/Samsung 990-2/100 Hours/Electronics/MTL-SKL00108-014.mp4 -> gs://100hr-data/Electronics/Videos/MTL-SKL00108-014.mp4
OK    /Volumes/Samsung 990-2/100 Hours/Electronics/MTL-SKL00089-022.mp4 -> gs://100hr-data/Electronics/Videos/MTL-SKL00089-022.mp4
OK    /Volumes/Samsung 990-2/100 Hours/Electronics/MTL-SKL00094-015.mp4 -> gs://100hr-data/Electronics/Videos/MTL-SKL00094-015.mp4
OK    /Volumes/Samsung 990-2/100 Hours/Electronics/MTL-SKL00089-036.mp4 -> gs://100hr-data/Electronics/Videos/MTL-SKL00089-036.mp4
OK    /Volumes/Samsung 990-2/100 Hours/Electronics/MTL-SKL00091-077.aac -> gs://100hr-data/Electronics/IMU/MTL-SKL00091-077.aac
OK    /Volumes/Samsung 990-2/100 Hours/Electronics/MTL-SKL00110-069.aac -> gs://100hr-data/Electronics/IMU/MTL-SKL00110-069.aac
OK    /Volumes/Samsung 990-2/100 Hours/Electronics/MTL-SKL00094-082.txt -> gs://100hr-data/Electronics/IMU/MTL-SKL00094-082.txt
OK    /Volumes/Samsung 990-2/100 Hours/Electronics/MTL-SKL00108-028.mp4 -> gs://100hr-data/Electronics/Videos/MTL-SKL00108-028.mp4
OK    /Volumes/Samsung 990-2/100 Hours/Electronics/MTL-SKL00094-029.mp4 -> gs://100hr-data/Electronics/Videos/MTL-SKL00094-029.mp4
OK    /Volumes/Samsung 990-2/100 Hours/Electronics/MTL-SKL00100-069.aac -> gs://100hr-data/Electronics/IMU/MTL-SKL00100-069.aac
OK    /Volumes/Samsung 990-2/100 Hours/Electronics/MTL-SKL00094-096.txt -> gs://100hr-data/Electronics/IMU/MTL-SKL00094-096.txt
OK    /Volumes/Samsung 990-2/100 Hours/Electronics/MTL-SKL00091-058.txt -> gs://100hr-data/Electronics/IMU/MTL-SKL00091-058.txt
OK    /Volumes/Samsung 990-2/100 Hours/Electronics/MTL-SKL00094-109.txt -> gs://100hr-data/Electronics/IMU/MTL-SKL00094-109.txt
OK    /Volumes/Samsung 990-2/100 Hours/Electronics/MTL-SKL00094-085.aac -> gs://100hr-data/Electronics/IMU/MTL-SKL00094-085.aac
OK    /Volumes/Samsung 990-2/100 Hours/Electronics/MTL-SKL00094-091.aac -> gs://100hr-data/Electronics/IMU/MTL-SKL00094-091.aac
OK    /Volumes/Samsung 990-2/100 Hours/Electronics/MTL-SKL00110-052.txt -> gs://100hr-data/Electronics/IMU/MTL-SKL00110-052.txt
OK    /Volumes/Samsung 990-2/100 Hours/Electronics/MTL-SKL00091-064.txt -> gs://100hr-data/Electronics/IMU/MTL-SKL00091-064.txt
OK    /Volumes/Samsung 990-2/100 Hours/Electronics/MTL-SKL00100-046.txt -> gs://100hr-data/Electronics/IMU/MTL-SKL00100-046.txt
OK    /Volumes/Samsung 990-2/100 Hours/Electronics/MTL-SKL00100-052.txt -> gs://100hr-data/Electronics/IMU/MTL-SKL00100-052.txt
OK    /Volumes/Samsung 990-2/100 Hours/Electronics/MTL-SKL00091-070.txt -> gs://100hr-data/Electronics/IMU/MTL-SKL00091-070.txt
OK    /Volumes/Samsung 990-2/100 Hours/Electronics/MTL-SKL00110-046.txt -> gs://100hr-data/Electronics/IMU/MTL-SKL00110-046.txt
OK    /Volumes/Samsung 990-2/100 Hours/Electronics/MTL-SKL00091-024.mp4 -> gs://100hr-data/Electronics/Videos/MTL-SKL00091-024.mp4
OK    /Volumes/Samsung 990-2/100 Hours/Electronics/MTL-SKL00110-012.mp4 -> gs://100hr-data/Electronics/Videos/MTL-SKL00110-012.mp4
OK    /Volumes/Samsung 990-2/100 Hours/Electronics/MTL-SKL00094-046.aac -> gs://100hr-data/Electronics/IMU/MTL-SKL00094-046.aac
OK    /Volumes/Samsung 990-2/100 Hours/Electronics/MTL-SKL00089-065.aac -> gs://100hr-data/Electronics/IMU/MTL-SKL00089-065.aac
OK    /Volumes/Samsung 990-2/100 Hours/Electronics/MTL-SKL00108-053.aac -> gs://100hr-data/Electronics/IMU/MTL-SKL00108-053.aac
OK    /Volumes/Samsung 990-2/100 Hours/Electronics/MTL-SKL00100-006.mp4 -> gs://100hr-data/Electronics/Videos/MTL-SKL00100-006.mp4
OK    /Volumes/Samsung 990-2/100 Hours/Electronics/MTL-SKL00108-047.aac -> gs://100hr-data/Electronics/IMU/MTL-SKL00108-047.aac
OK    /Volumes/Samsung 990-2/100 Hours/Electronics/MTL-SKL00094-052.aac -> gs://100hr-data/Electronics/IMU/MTL-SKL00094-052.aac
OK    /Volumes/Samsung 990-2/100 Hours/Electronics/MTL-SKL00100-012.mp4 -> gs://100hr-data/Electronics/Videos/MTL-SKL00100-012.mp4
OK    /Volumes/Samsung 990-2/100 Hours/Electronics/MTL-SKL00110-006.mp4 -> gs://100hr-data/Electronics/Videos/MTL-SKL00110-006.mp4
OK    /Volumes/Samsung 990-2/100 Hours/Electronics/MTL-SKL00091-030.mp4 -> gs://100hr-data/Electronics/Videos/MTL-SKL00091-030.mp4
OK    /Volumes/Samsung 990-2/100 Hours/Electronics/MTL-SKL00091-018.mp4 -> gs://100hr-data/Electronics/Videos/MTL-SKL00091-018.mp4
OK    /Volumes/Samsung 990-2/100 Hours/Electronics/MTL-SKL00089-059.aac -> gs://100hr-data/Electronics/IMU/MTL-SKL00089-059.aac
OK    /Volumes/Samsung 990-2/100 Hours/Electronics/MTL-SKL00100-085.txt -> gs://100hr-data/Electronics/IMU/MTL-SKL00100-085.txt
OK    /Volumes/Samsung 990-2/100 Hours/Electronics/MTL-SKL00110-085.txt -> gs://100hr-data/Electronics/IMU/MTL-SKL00110-085.txt
OK    /Volumes/Samsung 990-2/100 Hours/Electronics/MTL-SKL00102-024.aac -> gs://100hr-data/Electronics/IMU/MTL-SKL00102-024.aac
OK    /Volumes/Samsung 990-2/100 Hours/Electronics/MTL-SKL00102-018.aac -> gs://100hr-data/Electronics/IMU/MTL-SKL00102-018.aac
OK    /Volumes/Samsung 990-2/100 Hours/Electronics/MTL-SKL00098-113.txt -> gs://100hr-data/Electronics/IMU/MTL-SKL00098-113.txt
OK    /Volumes/Samsung 990-2/100 Hours/Electronics/MTL-SKL00098-107.txt -> gs://100hr-data/Electronics/IMU/MTL-SKL00098-107.txt
OK    /Volumes/Samsung 990-2/100 Hours/Electronics/MTL-SKL00098-060.aac -> gs://100hr-data/Electronics/IMU/MTL-SKL00098-060.aac
OK    /Volumes/Samsung 990-2/100 Hours/Electronics/MTL-SKL00098-062.aac -> gs://100hr-data/Electronics/IMU/MTL-SKL00098-062.aac
OK    /Volumes/Samsung 990-2/100 Hours/Electronics/MTL-SKL00098-076.aac -> gs://100hr-data/Electronics/IMU/MTL-SKL00098-076.aac
OK    /Volumes/Samsung 990-2/100 Hours/Electronics/MTL-SKL00098-111.txt -> gs://100hr-data/Electronics/IMU/MTL-SKL00098-111.txt
OK    /Volumes/Samsung 990-2/100 Hours/Electronics/MTL-SKL00098-105.txt -> gs://100hr-data/Electronics/IMU/MTL-SKL00098-105.txt
OK    /Volumes/Samsung 990-2/100 Hours/Electronics/MTL-SKL00098-089.aac -> gs://100hr-data/Electronics/IMU/MTL-SKL00098-089.aac
OK    /Volumes/Samsung 990-2/100 Hours/Electronics/MTL-SKL00102-032.aac -> gs://100hr-data/Electronics/IMU/MTL-SKL00102-032.aac
OK    /Volumes/Samsung 990-2/100 Hours/Electronics/MTL-SKL00100-087.txt -> gs://100hr-data/Electronics/IMU/MTL-SKL00100-087.txt
OK    /Volumes/Samsung 990-2/100 Hours/Electronics/MTL-SKL00100-038.mp4 -> gs://100hr-data/Electronics/Videos/MTL-SKL00100-038.mp4
OK    /Volumes/Samsung 990-2/100 Hours/Electronics/MTL-SKL00094-078.aac -> gs://100hr-data/Electronics/IMU/MTL-SKL00094-078.aac
OK    /Volumes/Samsung 990-2/100 Hours/Electronics/MTL-SKL00110-093.txt -> gs://100hr-data/Electronics/IMU/MTL-SKL00110-093.txt
OK    /Volumes/Samsung 990-2/100 Hours/Electronics/MTL-SKL00110-038.mp4 -> gs://100hr-data/Electronics/Videos/MTL-SKL00110-038.mp4
OK    /Volumes/Samsung 990-2/100 Hours/Electronics/MTL-SKL00110-087.txt -> gs://100hr-data/Electronics/IMU/MTL-SKL00110-087.txt
OK    /Volumes/Samsung 990-2/100 Hours/Electronics/MTL-SKL00100-093.txt -> gs://100hr-data/Electronics/IMU/MTL-SKL00100-093.txt
OK    /Volumes/Samsung 990-2/100 Hours/Electronics/MTL-SKL00108-051.aac -> gs://100hr-data/Electronics/IMU/MTL-SKL00108-051.aac
OK    /Volumes/Samsung 990-2/100 Hours/Electronics/MTL-SKL00089-067.aac -> gs://100hr-data/Electronics/IMU/MTL-SKL00089-067.aac
OK    /Volumes/Samsung 990-2/100 Hours/Electronics/MTL-SKL00094-044.aac -> gs://100hr-data/Electronics/IMU/MTL-SKL00094-044.aac
OK    /Volumes/Samsung 990-2/100 Hours/Electronics/MTL-SKL00110-010.mp4 -> gs://100hr-data/Electronics/Videos/MTL-SKL00110-010.mp4
OK    /Volumes/Samsung 990-2/100 Hours/Electronics/MTL-SKL00091-026.mp4 -> gs://100hr-data/Electronics/Videos/MTL-SKL00091-026.mp4
OK    /Volumes/Samsung 990-2/100 Hours/Electronics/MTL-SKL00091-032.mp4 -> gs://100hr-data/Electronics/Videos/MTL-SKL00091-032.mp4
OK    /Volumes/Samsung 990-2/100 Hours/Electronics/MTL-SKL00100-010.mp4 -> gs://100hr-data/Electronics/Videos/MTL-SKL00100-010.mp4
OK    /Volumes/Samsung 990-2/100 Hours/Electronics/MTL-SKL00094-050.aac -> gs://100hr-data/Electronics/IMU/MTL-SKL00094-050.aac
OK    /Volumes/Samsung 990-2/100 Hours/Electronics/MTL-SKL00108-045.aac -> gs://100hr-data/Electronics/IMU/MTL-SKL00108-045.aac
OK    /Volumes/Samsung 990-2/100 Hours/Electronics/MTL-SKL00091-066.txt -> gs://100hr-data/Electronics/IMU/MTL-SKL00091-066.txt
OK    /Volumes/Samsung 990-2/100 Hours/Electronics/MTL-SKL00110-050.txt -> gs://100hr-data/Electronics/IMU/MTL-SKL00110-050.txt
OK    /Volumes/Samsung 990-2/100 Hours/Electronics/MTL-SKL00091-072.txt -> gs://100hr-data/Electronics/IMU/MTL-SKL00091-072.txt
OK    /Volumes/Samsung 990-2/100 Hours/Electronics/MTL-SKL00100-050.txt -> gs://100hr-data/Electronics/IMU/MTL-SKL00100-050.txt
OK    /Volumes/Samsung 990-2/100 Hours/Electronics/MTL-SKL00100-078.txt -> gs://100hr-data/Electronics/IMU/MTL-SKL00100-078.txt
OK    /Volumes/Samsung 990-2/100 Hours/Electronics/MTL-SKL00094-087.aac -> gs://100hr-data/Electronics/IMU/MTL-SKL00094-087.aac
OK    /Volumes/Samsung 990-2/100 Hours/Electronics/MTL-SKL00110-078.txt -> gs://100hr-data/Electronics/IMU/MTL-SKL00110-078.txt
OK    /Volumes/Samsung 990-2/100 Hours/Electronics/MTL-SKL00094-093.aac -> gs://100hr-data/Electronics/IMU/MTL-SKL00094-093.aac
OK    /Volumes/Samsung 990-2/100 Hours/Electronics/MTL-SKL00094-080.txt -> gs://100hr-data/Electronics/IMU/MTL-SKL00094-080.txt
OK    /Volumes/Samsung 990-2/100 Hours/Electronics/MTL-SKL00091-049.aac -> gs://100hr-data/Electronics/IMU/MTL-SKL00091-049.aac
OK    /Volumes/Samsung 990-2/100 Hours/Electronics/MTL-SKL00094-094.txt -> gs://100hr-data/Electronics/IMU/MTL-SKL00094-094.txt
OK    /Volumes/Samsung 990-2/100 Hours/Electronics/MTL-SKL00089-008.mp4 -> gs://100hr-data/Electronics/Videos/MTL-SKL00089-008.mp4
OK    /Volumes/Samsung 990-2/100 Hours/Electronics/MTL-SKL00100-043.aac -> gs://100hr-data/Electronics/IMU/MTL-SKL00100-043.aac
OK    /Volumes/Samsung 990-2/100 Hours/Electronics/MTL-SKL00089-020.mp4 -> gs://100hr-data/Electronics/Videos/MTL-SKL00089-020.mp4
OK    /Volumes/Samsung 990-2/100 Hours/Electronics/MTL-SKL00108-016.mp4 -> gs://100hr-data/Electronics/Videos/MTL-SKL00108-016.mp4
OK    /Volumes/Samsung 990-2/100 Hours/Electronics/MTL-SKL00091-061.aac -> gs://100hr-data/Electronics/IMU/MTL-SKL00091-061.aac
OK    /Volumes/Samsung 990-2/100 Hours/Electronics/MTL-SKL00110-057.aac -> gs://100hr-data/Electronics/IMU/MTL-SKL00110-057.aac
OK    /Volumes/Samsung 990-2/100 Hours/Electronics/MTL-SKL00110-043.aac -> gs://100hr-data/Electronics/IMU/MTL-SKL00110-043.aac
OK    /Volumes/Samsung 990-2/100 Hours/Electronics/MTL-SKL00091-075.aac -> gs://100hr-data/Electronics/IMU/MTL-SKL00091-075.aac
OK    /Volumes/Samsung 990-2/100 Hours/Electronics/MTL-SKL00100-057.aac -> gs://100hr-data/Electronics/IMU/MTL-SKL00100-057.aac
OK    /Volumes/Samsung 990-2/100 Hours/Electronics/MTL-SKL00089-034.mp4 -> gs://100hr-data/Electronics/Videos/MTL-SKL00089-034.mp4
OK    /Volumes/Samsung 990-2/100 Hours/Electronics/MTL-SKL00094-017.mp4 -> gs://100hr-data/Electronics/Videos/MTL-SKL00094-017.mp4
OK    /Volumes/Samsung 990-2/100 Hours/Electronics/MTL-SKL00094-043.txt -> gs://100hr-data/Electronics/IMU/MTL-SKL00094-043.txt
OK    /Volumes/Samsung 990-2/100 Hours/Electronics/MTL-SKL00108-056.txt -> gs://100hr-data/Electronics/IMU/MTL-SKL00108-056.txt
OK    /Volumes/Samsung 990-2/100 Hours/Electronics/MTL-SKL00089-060.txt -> gs://100hr-data/Electronics/IMU/MTL-SKL00089-060.txt
OK    /Volumes/Samsung 990-2/100 Hours/Electronics/MTL-SKL00108-042.txt -> gs://100hr-data/Electronics/IMU/MTL-SKL00108-042.txt
OK    /Volumes/Samsung 990-2/100 Hours/Electronics/MTL-SKL00094-057.txt -> gs://100hr-data/Electronics/IMU/MTL-SKL00094-057.txt
OK    /Volumes/Samsung 990-2/100 Hours/Electronics/MTL-SKL00100-080.aac -> gs://100hr-data/Electronics/IMU/MTL-SKL00100-080.aac
OK    /Volumes/Samsung 990-2/100 Hours/Electronics/MTL-SKL00110-094.aac -> gs://100hr-data/Electronics/IMU/MTL-SKL00110-094.aac
OK    /Volumes/Samsung 990-2/100 Hours/Electronics/MTL-SKL00110-080.aac -> gs://100hr-data/Electronics/IMU/MTL-SKL00110-080.aac
OK    /Volumes/Samsung 990-2/100 Hours/Electronics/MTL-SKL00089-048.txt -> gs://100hr-data/Electronics/IMU/MTL-SKL00089-048.txt
OK    /Volumes/Samsung 990-2/100 Hours/Electronics/MTL-SKL00100-094.aac -> gs://100hr-data/Electronics/IMU/MTL-SKL00100-094.aac
OK    /Volumes/Samsung 990-2/100 Hours/Electronics/MTL-SKL00098-019.mp4 -> gs://100hr-data/Electronics/Videos/MTL-SKL00098-019.mp4
OK    /Volumes/Samsung 990-2/100 Hours/Electronics/MTL-SKL00102-021.txt -> gs://100hr-data/Electronics/IMU/MTL-SKL00102-021.txt
OK    /Volumes/Samsung 990-2/100 Hours/Electronics/MTL-SKL00102-035.txt -> gs://100hr-data/Electronics/IMU/MTL-SKL00102-035.txt
OK    /Volumes/Samsung 990-2/100 Hours/Electronics/MTL-SKL00098-025.mp4 -> gs://100hr-data/Electronics/Videos/MTL-SKL00098-025.mp4
OK    /Volumes/Samsung 990-2/100 Hours/Electronics/MTL-SKL00098-116.aac -> gs://100hr-data/Electronics/IMU/MTL-SKL00098-116.aac
OK    /Volumes/Samsung 990-2/100 Hours/Electronics/MTL-SKL00102-009.txt -> gs://100hr-data/Electronics/IMU/MTL-SKL00102-009.txt
OK    /Volumes/Samsung 990-2/100 Hours/Electronics/MTL-SKL00098-102.aac -> gs://100hr-data/Electronics/IMU/MTL-SKL00098-102.aac
OK    /Volumes/Samsung 990-2/100 Hours/Electronics/MTL-SKL00098-031.mp4 -> gs://100hr-data/Electronics/Videos/MTL-SKL00098-031.mp4
OK    /Volumes/Samsung 990-2/100 Hours/Electronics/MTL-SKL00098-065.txt -> gs://100hr-data/Electronics/IMU/MTL-SKL00098-065.txt
OK    /Volumes/Samsung 990-2/100 Hours/Electronics/MTL-SKL00102-049.mp4 -> gs://100hr-data/Electronics/Videos/MTL-SKL00102-049.mp4
OK    /Volumes/Samsung 990-2/100 Hours/Electronics/MTL-SKL00098-071.txt -> gs://100hr-data/Electronics/IMU/MTL-SKL00098-071.txt
OK    /Volumes/Samsung 990-2/100 Hours/Electronics/MTL-SKL00098-059.txt -> gs://100hr-data/Electronics/IMU/MTL-SKL00098-059.txt
OK    /Volumes/Samsung 990-2/100 Hours/Electronics/MTL-SKL00102-061.mp4 -> gs://100hr-data/Electronics/Videos/MTL-SKL00102-061.mp4
OK    /Volumes/Samsung 990-2/100 Hours/Electronics/MTL-SKL00098-058.txt -> gs://100hr-data/Electronics/IMU/MTL-SKL00098-058.txt
OK    /Volumes/Samsung 990-2/100 Hours/Electronics/MTL-SKL00102-060.mp4 -> gs://100hr-data/Electronics/Videos/MTL-SKL00102-060.mp4
OK    /Volumes/Samsung 990-2/100 Hours/Electronics/MTL-SKL00098-070.txt -> gs://100hr-data/Electronics/IMU/MTL-SKL00098-070.txt
OK    /Volumes/Samsung 990-2/100 Hours/Electronics/MTL-SKL00098-064.txt -> gs://100hr-data/Electronics/IMU/MTL-SKL00098-064.txt
OK    /Volumes/Samsung 990-2/100 Hours/Electronics/MTL-SKL00098-030.mp4 -> gs://100hr-data/Electronics/Videos/MTL-SKL00098-030.mp4
OK    /Volumes/Samsung 990-2/100 Hours/Electronics/MTL-SKL00098-117.aac -> gs://100hr-data/Electronics/IMU/MTL-SKL00098-117.aac
OK    /Volumes/Samsung 990-2/100 Hours/Electronics/MTL-SKL00098-024.mp4 -> gs://100hr-data/Electronics/Videos/MTL-SKL00098-024.mp4
OK    /Volumes/Samsung 990-2/100 Hours/Electronics/MTL-SKL00102-034.txt -> gs://100hr-data/Electronics/IMU/MTL-SKL00102-034.txt
OK    /Volumes/Samsung 990-2/100 Hours/Electronics/MTL-SKL00098-018.mp4 -> gs://100hr-data/Electronics/Videos/MTL-SKL00098-018.mp4
OK    /Volumes/Samsung 990-2/100 Hours/Electronics/MTL-SKL00102-020.txt -> gs://100hr-data/Electronics/IMU/MTL-SKL00102-020.txt
OK    /Volumes/Samsung 990-2/100 Hours/Electronics/MTL-SKL00089-049.txt -> gs://100hr-data/Electronics/IMU/MTL-SKL00089-049.txt
OK    /Volumes/Samsung 990-2/100 Hours/Electronics/MTL-SKL00110-095.aac -> gs://100hr-data/Electronics/IMU/MTL-SKL00110-095.aac
OK    /Volumes/Samsung 990-2/100 Hours/Electronics/MTL-SKL00108-043.txt -> gs://100hr-data/Electronics/IMU/MTL-SKL00108-043.txt
OK    /Volumes/Samsung 990-2/100 Hours/Electronics/MTL-SKL00094-056.txt -> gs://100hr-data/Electronics/IMU/MTL-SKL00094-056.txt
OK    /Volumes/Samsung 990-2/100 Hours/Electronics/MTL-SKL00094-042.txt -> gs://100hr-data/Electronics/IMU/MTL-SKL00094-042.txt
OK    /Volumes/Samsung 990-2/100 Hours/Electronics/MTL-SKL00089-061.txt -> gs://100hr-data/Electronics/IMU/MTL-SKL00089-061.txt
OK    /Volumes/Samsung 990-2/100 Hours/Electronics/MTL-SKL00108-057.txt -> gs://100hr-data/Electronics/IMU/MTL-SKL00108-057.txt
OK    /Volumes/Samsung 990-2/100 Hours/Electronics/MTL-SKL00091-074.aac -> gs://100hr-data/Electronics/IMU/MTL-SKL00091-074.aac
OK    /Volumes/Samsung 990-2/100 Hours/Electronics/MTL-SKL00110-042.aac -> gs://100hr-data/Electronics/IMU/MTL-SKL00110-042.aac
OK    /Volumes/Samsung 990-2/100 Hours/Electronics/MTL-SKL00089-035.mp4 -> gs://100hr-data/Electronics/Videos/MTL-SKL00089-035.mp4
OK    /Volumes/Samsung 990-2/100 Hours/Electronics/MTL-SKL00094-016.mp4 -> gs://100hr-data/Electronics/Videos/MTL-SKL00094-016.mp4
OK    /Volumes/Samsung 990-2/100 Hours/Electronics/MTL-SKL00100-056.aac -> gs://100hr-data/Electronics/IMU/MTL-SKL00100-056.aac
OK    /Volumes/Samsung 990-2/100 Hours/Electronics/MTL-SKL00108-017.mp4 -> gs://100hr-data/Electronics/Videos/MTL-SKL00108-017.mp4
OK    /Volumes/Samsung 990-2/100 Hours/Electronics/MTL-SKL00089-021.mp4 -> gs://100hr-data/Electronics/Videos/MTL-SKL00089-021.mp4
OK    /Volumes/Samsung 990-2/100 Hours/Electronics/MTL-SKL00100-042.aac -> gs://100hr-data/Electronics/IMU/MTL-SKL00100-042.aac
OK    /Volumes/Samsung 990-2/100 Hours/Electronics/MTL-SKL00110-056.aac -> gs://100hr-data/Electronics/IMU/MTL-SKL00110-056.aac
OK    /Volumes/Samsung 990-2/100 Hours/Electronics/MTL-SKL00091-060.aac -> gs://100hr-data/Electronics/IMU/MTL-SKL00091-060.aac
OK    /Volumes/Samsung 990-2/100 Hours/Electronics/MTL-SKL00091-048.aac -> gs://100hr-data/Electronics/IMU/MTL-SKL00091-048.aac
OK    /Volumes/Samsung 990-2/100 Hours/Electronics/MTL-SKL00089-009.mp4 -> gs://100hr-data/Electronics/Videos/MTL-SKL00089-009.mp4
OK    /Volumes/Samsung 990-2/100 Hours/Electronics/MTL-SKL00094-095.txt -> gs://100hr-data/Electronics/IMU/MTL-SKL00094-095.txt
OK    /Volumes/Samsung 990-2/100 Hours/Electronics/MTL-SKL00094-081.txt -> gs://100hr-data/Electronics/IMU/MTL-SKL00094-081.txt
OK    /Volumes/Samsung 990-2/100 Hours/Electronics/MTL-SKL00110-079.txt -> gs://100hr-data/Electronics/IMU/MTL-SKL00110-079.txt
OK    /Volumes/Samsung 990-2/100 Hours/Electronics/MTL-SKL00094-092.aac -> gs://100hr-data/Electronics/IMU/MTL-SKL00094-092.aac
OK    /Volumes/Samsung 990-2/100 Hours/Electronics/MTL-SKL00094-086.aac -> gs://100hr-data/Electronics/IMU/MTL-SKL00094-086.aac
OK    /Volumes/Samsung 990-2/100 Hours/Electronics/MTL-SKL00100-079.txt -> gs://100hr-data/Electronics/IMU/MTL-SKL00100-079.txt
OK    /Volumes/Samsung 990-2/100 Hours/Electronics/MTL-SKL00091-073.txt -> gs://100hr-data/Electronics/IMU/MTL-SKL00091-073.txt
OK    /Volumes/Samsung 990-2/100 Hours/Electronics/MTL-SKL00110-045.txt -> gs://100hr-data/Electronics/IMU/MTL-SKL00110-045.txt
OK    /Volumes/Samsung 990-2/100 Hours/Electronics/MTL-SKL00100-045.txt -> gs://100hr-data/Electronics/IMU/MTL-SKL00100-045.txt
OK    /Volumes/Samsung 990-2/100 Hours/Electronics/MTL-SKL00091-067.txt -> gs://100hr-data/Electronics/IMU/MTL-SKL00091-067.txt
OK    /Volumes/Samsung 990-2/100 Hours/Electronics/MTL-SKL00110-005.mp4 -> gs://100hr-data/Electronics/Videos/MTL-SKL00110-005.mp4
OK    /Volumes/Samsung 990-2/100 Hours/Electronics/MTL-SKL00091-033.mp4 -> gs://100hr-data/Electronics/Videos/MTL-SKL00091-033.mp4
OK    /Volumes/Samsung 990-2/100 Hours/Electronics/MTL-SKL00094-051.aac -> gs://100hr-data/Electronics/IMU/MTL-SKL00094-051.aac
OK    /Volumes/Samsung 990-2/100 Hours/Electronics/MTL-SKL00089-066.aac -> gs://100hr-data/Electronics/IMU/MTL-SKL00089-066.aac
OK    /Volumes/Samsung 990-2/100 Hours/Electronics/MTL-SKL00108-050.aac -> gs://100hr-data/Electronics/IMU/MTL-SKL00108-050.aac
OK    /Volumes/Samsung 990-2/100 Hours/Electronics/MTL-SKL00094-045.aac -> gs://100hr-data/Electronics/IMU/MTL-SKL00094-045.aac
OK    /Volumes/Samsung 990-2/100 Hours/Electronics/MTL-SKL00100-005.mp4 -> gs://100hr-data/Electronics/Videos/MTL-SKL00100-005.mp4
OK    /Volumes/Samsung 990-2/100 Hours/Electronics/MTL-SKL00091-027.mp4 -> gs://100hr-data/Electronics/Videos/MTL-SKL00091-027.mp4
OK    /Volumes/Samsung 990-2/100 Hours/Electronics/MTL-SKL00110-086.txt -> gs://100hr-data/Electronics/IMU/MTL-SKL00110-086.txt
OK    /Volumes/Samsung 990-2/100 Hours/Electronics/MTL-SKL00110-039.mp4 -> gs://100hr-data/Electronics/Videos/MTL-SKL00110-039.mp4
OK    /Volumes/Samsung 990-2/100 Hours/Electronics/MTL-SKL00100-092.txt -> gs://100hr-data/Electronics/IMU/MTL-SKL00100-092.txt
OK    /Volumes/Samsung 990-2/100 Hours/Electronics/MTL-SKL00094-079.aac -> gs://100hr-data/Electronics/IMU/MTL-SKL00094-079.aac
OK    /Volumes/Samsung 990-2/100 Hours/Electronics/MTL-SKL00100-039.mp4 -> gs://100hr-data/Electronics/Videos/MTL-SKL00100-039.mp4
OK    /Volumes/Samsung 990-2/100 Hours/Electronics/MTL-SKL00100-086.txt -> gs://100hr-data/Electronics/IMU/MTL-SKL00100-086.txt
OK    /Volumes/Samsung 990-2/100 Hours/Electronics/MTL-SKL00110-092.txt -> gs://100hr-data/Electronics/IMU/MTL-SKL00110-092.txt
OK    /Volumes/Samsung 990-2/100 Hours/Electronics/MTL-SKL00102-027.aac -> gs://100hr-data/Electronics/IMU/MTL-SKL00102-027.aac
OK    /Volumes/Samsung 990-2/100 Hours/Electronics/MTL-SKL00098-088.aac -> gs://100hr-data/Electronics/IMU/MTL-SKL00098-088.aac
OK    /Volumes/Samsung 990-2/100 Hours/Electronics/MTL-SKL00098-104.txt -> gs://100hr-data/Electronics/IMU/MTL-SKL00098-104.txt
OK    /Volumes/Samsung 990-2/100 Hours/Electronics/MTL-SKL00098-077.aac -> gs://100hr-data/Electronics/IMU/MTL-SKL00098-077.aac
OK    /Volumes/Samsung 990-2/100 Hours/Electronics/MTL-SKL00098-067.aac -> gs://100hr-data/Electronics/IMU/MTL-SKL00098-067.aac
OK    /Volumes/Samsung 990-2/100 Hours/Electronics/MTL-SKL00098-073.aac -> gs://100hr-data/Electronics/IMU/MTL-SKL00098-073.aac
OK    /Volumes/Samsung 990-2/100 Hours/Electronics/MTL-SKL00102-023.aac -> gs://100hr-data/Electronics/IMU/MTL-SKL00102-023.aac
OK    /Volumes/Samsung 990-2/100 Hours/Electronics/MTL-SKL00098-114.txt -> gs://100hr-data/Electronics/IMU/MTL-SKL00098-114.txt
OK    /Volumes/Samsung 990-2/100 Hours/Electronics/MTL-SKL00098-098.aac -> gs://100hr-data/Electronics/IMU/MTL-SKL00098-098.aac
OK    /Volumes/Samsung 990-2/100 Hours/Electronics/MTL-SKL00098-100.txt -> gs://100hr-data/Electronics/IMU/MTL-SKL00098-100.txt
OK    /Volumes/Samsung 990-2/100 Hours/Electronics/MTL-SKL00091-023.mp4 -> gs://100hr-data/Electronics/Videos/MTL-SKL00091-023.mp4
OK    /Volumes/Samsung 990-2/100 Hours/Electronics/MTL-SKL00094-041.aac -> gs://100hr-data/Electronics/IMU/MTL-SKL00094-041.aac
OK    /Volumes/Samsung 990-2/100 Hours/Electronics/MTL-SKL00108-054.aac -> gs://100hr-data/Electronics/IMU/MTL-SKL00108-054.aac
OK    /Volumes/Samsung 990-2/100 Hours/Electronics/MTL-SKL00089-062.aac -> gs://100hr-data/Electronics/IMU/MTL-SKL00089-062.aac
OK    /Volumes/Samsung 990-2/100 Hours/Electronics/MTL-SKL00108-040.aac -> gs://100hr-data/Electronics/IMU/MTL-SKL00108-040.aac
OK    /Volumes/Samsung 990-2/100 Hours/Electronics/MTL-SKL00094-055.aac -> gs://100hr-data/Electronics/IMU/MTL-SKL00094-055.aac
OK    /Volumes/Samsung 990-2/100 Hours/Electronics/MTL-SKL00091-088.txt -> gs://100hr-data/Electronics/IMU/MTL-SKL00091-088.txt
OK    /Volumes/Samsung 990-2/100 Hours/Electronics/MTL-SKL00091-037.mp4 -> gs://100hr-data/Electronics/Videos/MTL-SKL00091-037.mp4
OK    /Volumes/Samsung 990-2/100 Hours/Electronics/MTL-SKL00110-096.txt -> gs://100hr-data/Electronics/IMU/MTL-SKL00110-096.txt
OK    /Volumes/Samsung 990-2/100 Hours/Electronics/MTL-SKL00100-082.txt -> gs://100hr-data/Electronics/IMU/MTL-SKL00100-082.txt
OK    /Volumes/Samsung 990-2/100 Hours/Electronics/MTL-SKL00108-068.aac -> gs://100hr-data/Electronics/IMU/MTL-SKL00108-068.aac
OK    /Volumes/Samsung 990-2/100 Hours/Electronics/MTL-SKL00094-069.aac -> gs://100hr-data/Electronics/IMU/MTL-SKL00094-069.aac
OK    /Volumes/Samsung 990-2/100 Hours/Electronics/MTL-SKL00110-082.txt -> gs://100hr-data/Electronics/IMU/MTL-SKL00110-082.txt
OK    /Volumes/Samsung 990-2/100 Hours/Electronics/MTL-SKL00094-082.aac -> gs://100hr-data/Electronics/IMU/MTL-SKL00094-082.aac
OK    /Volumes/Samsung 990-2/100 Hours/Electronics/MTL-SKL00094-096.aac -> gs://100hr-data/Electronics/IMU/MTL-SKL00094-096.aac
OK    /Volumes/Samsung 990-2/100 Hours/Electronics/MTL-SKL00091-063.txt -> gs://100hr-data/Electronics/IMU/MTL-SKL00091-063.txt
OK    /Volumes/Samsung 990-2/100 Hours/Electronics/MTL-SKL00100-041.txt -> gs://100hr-data/Electronics/IMU/MTL-SKL00100-041.txt
OK    /Volumes/Samsung 990-2/100 Hours/Electronics/MTL-SKL00110-041.txt -> gs://100hr-data/Electronics/IMU/MTL-SKL00110-041.txt
OK    /Volumes/Samsung 990-2/100 Hours/Electronics/MTL-SKL00091-077.txt -> gs://100hr-data/Electronics/IMU/MTL-SKL00091-077.txt
OK    /Volumes/Samsung 990-2/100 Hours/Electronics/MTL-SKL00091-064.aac -> gs://100hr-data/Electronics/IMU/MTL-SKL00091-064.aac
OK    /Volumes/Samsung 990-2/100 Hours/Electronics/MTL-SKL00100-046.aac -> gs://100hr-data/Electronics/IMU/MTL-SKL00100-046.aac
OK    /Volumes/Samsung 990-2/100 Hours/Electronics/MTL-SKL00089-025.mp4 -> gs://100hr-data/Electronics/Videos/MTL-SKL00089-025.mp4
OK    /Volumes/Samsung 990-2/100 Hours/Electronics/MTL-SKL00108-013.mp4 -> gs://100hr-data/Electronics/Videos/MTL-SKL00108-013.mp4
OK    /Volumes/Samsung 990-2/100 Hours/Electronics/MTL-SKL00094-012.mp4 -> gs://100hr-data/Electronics/Videos/MTL-SKL00094-012.mp4
OK    /Volumes/Samsung 990-2/100 Hours/Electronics/MTL-SKL00089-031.mp4 -> gs://100hr-data/Electronics/Videos/MTL-SKL00089-031.mp4
OK    /Volumes/Samsung 990-2/100 Hours/Electronics/MTL-SKL00110-046.aac -> gs://100hr-data/Electronics/IMU/MTL-SKL00110-046.aac
OK    /Volumes/Samsung 990-2/100 Hours/Electronics/MTL-SKL00091-070.aac -> gs://100hr-data/Electronics/IMU/MTL-SKL00091-070.aac
OK    /Volumes/Samsung 990-2/100 Hours/Electronics/MTL-SKL00091-058.aac -> gs://100hr-data/Electronics/IMU/MTL-SKL00091-058.aac
OK    /Volumes/Samsung 990-2/100 Hours/Electronics/MTL-SKL00089-019.mp4 -> gs://100hr-data/Electronics/Videos/MTL-SKL00089-019.mp4
OK    /Volumes/Samsung 990-2/100 Hours/Electronics/MTL-SKL00094-109.aac -> gs://100hr-data/Electronics/IMU/MTL-SKL00094-109.aac
OK    /Volumes/Samsung 990-2/100 Hours/Electronics/MTL-SKL00094-085.txt -> gs://100hr-data/Electronics/IMU/MTL-SKL00094-085.txt
OK    /Volumes/Samsung 990-2/100 Hours/Electronics/MTL-SKL00094-091.txt -> gs://100hr-data/Electronics/IMU/MTL-SKL00094-091.txt
OK    /Volumes/Samsung 990-2/100 Hours/Electronics/MTL-SKL00110-091.aac -> gs://100hr-data/Electronics/IMU/MTL-SKL00110-091.aac
OK    /Volumes/Samsung 990-2/100 Hours/Electronics/MTL-SKL00089-059.txt -> gs://100hr-data/Electronics/IMU/MTL-SKL00089-059.txt
OK    /Volumes/Samsung 990-2/100 Hours/Electronics/MTL-SKL00100-091.aac -> gs://100hr-data/Electronics/IMU/MTL-SKL00100-091.aac
OK    /Volumes/Samsung 990-2/100 Hours/Electronics/MTL-SKL00108-053.txt -> gs://100hr-data/Electronics/IMU/MTL-SKL00108-053.txt
OK    /Volumes/Samsung 990-2/100 Hours/Electronics/MTL-SKL00089-065.txt -> gs://100hr-data/Electronics/IMU/MTL-SKL00089-065.txt
OK    /Volumes/Samsung 990-2/100 Hours/Electronics/MTL-SKL00094-046.txt -> gs://100hr-data/Electronics/IMU/MTL-SKL00094-046.txt
OK    /Volumes/Samsung 990-2/100 Hours/Electronics/MTL-SKL00094-052.txt -> gs://100hr-data/Electronics/IMU/MTL-SKL00094-052.txt
OK    /Volumes/Samsung 990-2/100 Hours/Electronics/MTL-SKL00098-020.mp4 -> gs://100hr-data/Electronics/Videos/MTL-SKL00098-020.mp4
OK    /Volumes/Samsung 990-2/100 Hours/Electronics/MTL-SKL00098-113.aac -> gs://100hr-data/Electronics/IMU/MTL-SKL00098-113.aac
OK    /Volumes/Samsung 990-2/100 Hours/Electronics/MTL-SKL00098-034.mp4 -> gs://100hr-data/Electronics/Videos/MTL-SKL00098-034.mp4
OK    /Volumes/Samsung 990-2/100 Hours/Electronics/MTL-SKL00102-024.txt -> gs://100hr-data/Electronics/IMU/MTL-SKL00102-024.txt
OK    /Volumes/Samsung 990-2/100 Hours/Electronics/MTL-SKL00102-030.txt -> gs://100hr-data/Electronics/IMU/MTL-SKL00102-030.txt
OK    /Volumes/Samsung 990-2/100 Hours/Electronics/MTL-SKL00102-064.mp4 -> gs://100hr-data/Electronics/Videos/MTL-SKL00102-064.mp4
OK    /Volumes/Samsung 990-2/100 Hours/Electronics/MTL-SKL00098-048.txt -> gs://100hr-data/Electronics/IMU/MTL-SKL00098-048.txt
OK    /Volumes/Samsung 990-2/100 Hours/Electronics/MTL-SKL00102-058.mp4 -> gs://100hr-data/Electronics/Videos/MTL-SKL00102-058.mp4
OK    /Volumes/Samsung 990-2/100 Hours/Electronics/MTL-SKL00098-060.txt -> gs://100hr-data/Electronics/IMU/MTL-SKL00098-060.txt
OK    /Volumes/Samsung 990-2/100 Hours/Electronics/MTL-SKL00098-074.txt -> gs://100hr-data/Electronics/IMU/MTL-SKL00098-074.txt
OK    /Volumes/Samsung 990-2/100 Hours/Electronics/MTL-SKL00098-075.txt -> gs://100hr-data/Electronics/IMU/MTL-SKL00098-075.txt
OK    /Volumes/Samsung 990-2/100 Hours/Electronics/MTL-SKL00098-061.txt -> gs://100hr-data/Electronics/IMU/MTL-SKL00098-061.txt
OK    /Volumes/Samsung 990-2/100 Hours/Electronics/MTL-SKL00098-049.txt -> gs://100hr-data/Electronics/IMU/MTL-SKL00098-049.txt
OK    /Volumes/Samsung 990-2/100 Hours/Electronics/MTL-SKL00102-071.mp4 -> gs://100hr-data/Electronics/Videos/MTL-SKL00102-071.mp4
OK    /Volumes/Samsung 990-2/100 Hours/Electronics/MTL-SKL00102-065.mp4 -> gs://100hr-data/Electronics/Videos/MTL-SKL00102-065.mp4
OK    /Volumes/Samsung 990-2/100 Hours/Electronics/MTL-SKL00098-009.mp4 -> gs://100hr-data/Electronics/Videos/MTL-SKL00098-009.mp4
OK    /Volumes/Samsung 990-2/100 Hours/Electronics/MTL-SKL00102-031.txt -> gs://100hr-data/Electronics/IMU/MTL-SKL00102-031.txt
OK    /Volumes/Samsung 990-2/100 Hours/Electronics/MTL-SKL00098-035.mp4 -> gs://100hr-data/Electronics/Videos/MTL-SKL00098-035.mp4
OK    /Volumes/Samsung 990-2/100 Hours/Electronics/MTL-SKL00098-106.aac -> gs://100hr-data/Electronics/IMU/MTL-SKL00098-106.aac
OK    /Volumes/Samsung 990-2/100 Hours/Electronics/MTL-SKL00102-019.txt -> gs://100hr-data/Electronics/IMU/MTL-SKL00102-019.txt
OK    /Volumes/Samsung 990-2/100 Hours/Electronics/MTL-SKL00098-112.aac -> gs://100hr-data/Electronics/IMU/MTL-SKL00098-112.aac
OK    /Volumes/Samsung 990-2/100 Hours/Electronics/MTL-SKL00098-021.mp4 -> gs://100hr-data/Electronics/Videos/MTL-SKL00098-021.mp4
OK    /Volumes/Samsung 990-2/100 Hours/Electronics/MTL-SKL00094-053.txt -> gs://100hr-data/Electronics/IMU/MTL-SKL00094-053.txt
OK    /Volumes/Samsung 990-2/100 Hours/Electronics/MTL-SKL00108-046.txt -> gs://100hr-data/Electronics/IMU/MTL-SKL00108-046.txt
OK    /Volumes/Samsung 990-2/100 Hours/Electronics/MTL-SKL00089-064.txt -> gs://100hr-data/Electronics/IMU/MTL-SKL00089-064.txt
OK    /Volumes/Samsung 990-2/100 Hours/Electronics/MTL-SKL00108-052.txt -> gs://100hr-data/Electronics/IMU/MTL-SKL00108-052.txt
OK    /Volumes/Samsung 990-2/100 Hours/Electronics/MTL-SKL00094-047.txt -> gs://100hr-data/Electronics/IMU/MTL-SKL00094-047.txt
OK    /Volumes/Samsung 990-2/100 Hours/Electronics/MTL-SKL00100-090.aac -> gs://100hr-data/Electronics/IMU/MTL-SKL00100-090.aac
OK    /Volumes/Samsung 990-2/100 Hours/Electronics/MTL-SKL00110-084.aac -> gs://100hr-data/Electronics/IMU/MTL-SKL00110-084.aac
OK    /Volumes/Samsung 990-2/100 Hours/Electronics/MTL-SKL00110-090.aac -> gs://100hr-data/Electronics/IMU/MTL-SKL00110-090.aac
OK    /Volumes/Samsung 990-2/100 Hours/Electronics/MTL-SKL00089-058.txt -> gs://100hr-data/Electronics/IMU/MTL-SKL00089-058.txt
OK    /Volumes/Samsung 990-2/100 Hours/Electronics/MTL-SKL00100-084.aac -> gs://100hr-data/Electronics/IMU/MTL-SKL00100-084.aac
OK    /Volumes/Samsung 990-2/100 Hours/Electronics/MTL-SKL00094-090.txt -> gs://100hr-data/Electronics/IMU/MTL-SKL00094-090.txt
OK    /Volumes/Samsung 990-2/100 Hours/Electronics/MTL-SKL00091-059.aac -> gs://100hr-data/Electronics/IMU/MTL-SKL00091-059.aac
OK    /Volumes/Samsung 990-2/100 Hours/Electronics/MTL-SKL00094-084.txt -> gs://100hr-data/Electronics/IMU/MTL-SKL00094-084.txt
OK    /Volumes/Samsung 990-2/100 Hours/Electronics/MTL-SKL00094-108.aac -> gs://100hr-data/Electronics/IMU/MTL-SKL00094-108.aac
OK    /Volumes/Samsung 990-2/100 Hours/Electronics/MTL-SKL00089-018.mp4 -> gs://100hr-data/Electronics/Videos/MTL-SKL00089-018.mp4
OK    /Volumes/Samsung 990-2/100 Hours/Electronics/MTL-SKL00094-013.mp4 -> gs://100hr-data/Electronics/Videos/MTL-SKL00094-013.mp4
OK    /Volumes/Samsung 990-2/100 Hours/Electronics/MTL-SKL00089-030.mp4 -> gs://100hr-data/Electronics/Videos/MTL-SKL00089-030.mp4
OK    /Volumes/Samsung 990-2/100 Hours/Electronics/MTL-SKL00100-053.aac -> gs://100hr-data/Electronics/IMU/MTL-SKL00100-053.aac
OK    /Volumes/Samsung 990-2/100 Hours/Electronics/MTL-SKL00091-071.aac -> gs://100hr-data/Electronics/IMU/MTL-SKL00091-071.aac
OK    /Volumes/Samsung 990-2/100 Hours/Electronics/MTL-SKL00110-047.aac -> gs://100hr-data/Electronics/IMU/MTL-SKL00110-047.aac
OK    /Volumes/Samsung 990-2/100 Hours/Electronics/MTL-SKL00110-053.aac -> gs://100hr-data/Electronics/IMU/MTL-SKL00110-053.aac
OK    /Volumes/Samsung 990-2/100 Hours/Electronics/MTL-SKL00091-065.aac -> gs://100hr-data/Electronics/IMU/MTL-SKL00091-065.aac
OK    /Volumes/Samsung 990-2/100 Hours/Electronics/MTL-SKL00108-012.mp4 -> gs://100hr-data/Electronics/Videos/MTL-SKL00108-012.mp4
OK    /Volumes/Samsung 990-2/100 Hours/Electronics/MTL-SKL00089-024.mp4 -> gs://100hr-data/Electronics/Videos/MTL-SKL00089-024.mp4
OK    /Volumes/Samsung 990-2/100 Hours/Electronics/MTL-SKL00100-047.aac -> gs://100hr-data/Electronics/IMU/MTL-SKL00100-047.aac
OK    /Volumes/Samsung 990-2/100 Hours/Electronics/MTL-SKL00100-054.txt -> gs://100hr-data/Electronics/IMU/MTL-SKL00100-054.txt
OK    /Volumes/Samsung 990-2/100 Hours/Electronics/MTL-SKL00091-076.txt -> gs://100hr-data/Electronics/IMU/MTL-SKL00091-076.txt
OK    /Volumes/Samsung 990-2/100 Hours/Electronics/MTL-SKL00110-054.txt -> gs://100hr-data/Electronics/IMU/MTL-SKL00110-054.txt
OK    /Volumes/Samsung 990-2/100 Hours/Electronics/MTL-SKL00091-062.txt -> gs://100hr-data/Electronics/IMU/MTL-SKL00091-062.txt
OK    /Volumes/Samsung 990-2/100 Hours/Electronics/MTL-SKL00100-068.txt -> gs://100hr-data/Electronics/IMU/MTL-SKL00100-068.txt
OK    /Volumes/Samsung 990-2/100 Hours/Electronics/MTL-SKL00094-097.aac -> gs://100hr-data/Electronics/IMU/MTL-SKL00094-097.aac
OK    /Volumes/Samsung 990-2/100 Hours/Electronics/MTL-SKL00110-068.txt -> gs://100hr-data/Electronics/IMU/MTL-SKL00110-068.txt
OK    /Volumes/Samsung 990-2/100 Hours/Electronics/MTL-SKL00094-083.aac -> gs://100hr-data/Electronics/IMU/MTL-SKL00094-083.aac
OK    /Volumes/Samsung 990-2/100 Hours/Electronics/MTL-SKL00094-068.aac -> gs://100hr-data/Electronics/IMU/MTL-SKL00094-068.aac
OK    /Volumes/Samsung 990-2/100 Hours/Electronics/MTL-SKL00100-028.mp4 -> gs://100hr-data/Electronics/Videos/MTL-SKL00100-028.mp4
OK    /Volumes/Samsung 990-2/100 Hours/Electronics/MTL-SKL00110-083.txt -> gs://100hr-data/Electronics/IMU/MTL-SKL00110-083.txt
OK    /Volumes/Samsung 990-2/100 Hours/Electronics/MTL-SKL00110-028.mp4 -> gs://100hr-data/Electronics/Videos/MTL-SKL00110-028.mp4
OK    /Volumes/Samsung 990-2/100 Hours/Electronics/MTL-SKL00110-097.txt -> gs://100hr-data/Electronics/IMU/MTL-SKL00110-097.txt
OK    /Volumes/Samsung 990-2/100 Hours/Electronics/MTL-SKL00108-069.aac -> gs://100hr-data/Electronics/IMU/MTL-SKL00108-069.aac
OK    /Volumes/Samsung 990-2/100 Hours/Electronics/MTL-SKL00100-083.txt -> gs://100hr-data/Electronics/IMU/MTL-SKL00100-083.txt
OK    /Volumes/Samsung 990-2/100 Hours/Electronics/MTL-SKL00094-054.aac -> gs://100hr-data/Electronics/IMU/MTL-SKL00094-054.aac
OK    /Volumes/Samsung 990-2/100 Hours/Electronics/MTL-SKL00100-014.mp4 -> gs://100hr-data/Electronics/Videos/MTL-SKL00100-014.mp4
OK    /Volumes/Samsung 990-2/100 Hours/Electronics/MTL-SKL00091-036.mp4 -> gs://100hr-data/Electronics/Videos/MTL-SKL00091-036.mp4
OK    /Volumes/Samsung 990-2/100 Hours/Electronics/MTL-SKL00091-022.mp4 -> gs://100hr-data/Electronics/Videos/MTL-SKL00091-022.mp4
OK    /Volumes/Samsung 990-2/100 Hours/Electronics/MTL-SKL00110-014.mp4 -> gs://100hr-data/Electronics/Videos/MTL-SKL00110-014.mp4
OK    /Volumes/Samsung 990-2/100 Hours/Electronics/MTL-SKL00094-040.aac -> gs://100hr-data/Electronics/IMU/MTL-SKL00094-040.aac
OK    /Volumes/Samsung 990-2/100 Hours/Electronics/MTL-SKL00089-063.aac -> gs://100hr-data/Electronics/IMU/MTL-SKL00089-063.aac
OK    /Volumes/Samsung 990-2/100 Hours/Electronics/MTL-SKL00098-101.txt -> gs://100hr-data/Electronics/IMU/MTL-SKL00098-101.txt
OK    /Volumes/Samsung 990-2/100 Hours/Electronics/MTL-SKL00098-099.aac -> gs://100hr-data/Electronics/IMU/MTL-SKL00098-099.aac
OK    /Volumes/Samsung 990-2/100 Hours/Electronics/MTL-SKL00098-115.txt -> gs://100hr-data/Electronics/IMU/MTL-SKL00098-115.txt
OK    /Volumes/Samsung 990-2/100 Hours/Electronics/MTL-SKL00102-036.aac -> gs://100hr-data/Electronics/IMU/MTL-SKL00102-036.aac
OK    /Volumes/Samsung 990-2/100 Hours/Electronics/MTL-SKL00098-072.aac -> gs://100hr-data/Electronics/IMU/MTL-SKL00098-072.aac
OK    /Volumes/Samsung 990-2/100 Hours/Electronics/MTL-SKL00098-064.aac -> gs://100hr-data/Electronics/IMU/MTL-SKL00098-064.aac
OK    /Volumes/Samsung 990-2/100 Hours/Electronics/MTL-SKL00098-058.aac -> gs://100hr-data/Electronics/IMU/MTL-SKL00098-058.aac
OK    /Volumes/Samsung 990-2/100 Hours/Electronics/MTL-SKL00102-034.aac -> gs://100hr-data/Electronics/IMU/MTL-SKL00102-034.aac
OK    /Volumes/Samsung 990-2/100 Hours/Electronics/MTL-SKL00102-020.aac -> gs://100hr-data/Electronics/IMU/MTL-SKL00102-020.aac
OK    /Volumes/Samsung 990-2/100 Hours/Electronics/MTL-SKL00098-103.txt -> gs://100hr-data/Electronics/IMU/MTL-SKL00098-103.txt
OK    /Volumes/Samsung 990-2/100 Hours/Electronics/MTL-SKL00091-034.mp4 -> gs://100hr-data/Electronics/Videos/MTL-SKL00091-034.mp4
OK    /Volumes/Samsung 990-2/100 Hours/Electronics/MTL-SKL00100-016.mp4 -> gs://100hr-data/Electronics/Videos/MTL-SKL00100-016.mp4
OK    /Volumes/Samsung 990-2/100 Hours/Electronics/MTL-SKL00094-056.aac -> gs://100hr-data/Electronics/IMU/MTL-SKL00094-056.aac
OK    /Volumes/Samsung 990-2/100 Hours/Electronics/MTL-SKL00108-043.aac -> gs://100hr-data/Electronics/IMU/MTL-SKL00108-043.aac
OK    /Volumes/Samsung 990-2/100 Hours/Electronics/MTL-SKL00108-057.aac -> gs://100hr-data/Electronics/IMU/MTL-SKL00108-057.aac
OK    /Volumes/Samsung 990-2/100 Hours/Electronics/MTL-SKL00089-061.aac -> gs://100hr-data/Electronics/IMU/MTL-SKL00089-061.aac
OK    /Volumes/Samsung 990-2/100 Hours/Electronics/MTL-SKL00094-042.aac -> gs://100hr-data/Electronics/IMU/MTL-SKL00094-042.aac
OK    /Volumes/Samsung 990-2/100 Hours/Electronics/MTL-SKL00110-016.mp4 -> gs://100hr-data/Electronics/Videos/MTL-SKL00110-016.mp4
OK    /Volumes/Samsung 990-2/100 Hours/Electronics/MTL-SKL00091-020.mp4 -> gs://100hr-data/Electronics/Videos/MTL-SKL00091-020.mp4
OK    /Volumes/Samsung 990-2/100 Hours/Electronics/MTL-SKL00091-008.mp4 -> gs://100hr-data/Electronics/Videos/MTL-SKL00091-008.mp4
OK    /Volumes/Samsung 990-2/100 Hours/Electronics/MTL-SKL00110-081.txt -> gs://100hr-data/Electronics/IMU/MTL-SKL00110-081.txt
OK    /Volumes/Samsung 990-2/100 Hours/Electronics/MTL-SKL00089-049.aac -> gs://100hr-data/Electronics/IMU/MTL-SKL00089-049.aac
OK    /Volumes/Samsung 990-2/100 Hours/Electronics/MTL-SKL00100-081.txt -> gs://100hr-data/Electronics/IMU/MTL-SKL00100-081.txt
OK    /Volumes/Samsung 990-2/100 Hours/Electronics/MTL-SKL00091-048.txt -> gs://100hr-data/Electronics/IMU/MTL-SKL00091-048.txt
OK    /Volumes/Samsung 990-2/100 Hours/Electronics/MTL-SKL00094-095.aac -> gs://100hr-data/Electronics/IMU/MTL-SKL00094-095.aac
OK    /Volumes/Samsung 990-2/100 Hours/Electronics/MTL-SKL00094-081.aac -> gs://100hr-data/Electronics/IMU/MTL-SKL00094-081.aac
OK    /Volumes/Samsung 990-2/100 Hours/Electronics/MTL-SKL00110-042.txt -> gs://100hr-data/Electronics/IMU/MTL-SKL00110-042.txt
OK    /Volumes/Samsung 990-2/100 Hours/Electronics/MTL-SKL00091-074.txt -> gs://100hr-data/Electronics/IMU/MTL-SKL00091-074.txt
OK    /Volumes/Samsung 990-2/100 Hours/Electronics/MTL-SKL00100-056.txt -> gs://100hr-data/Electronics/IMU/MTL-SKL00100-056.txt
OK    /Volumes/Samsung 990-2/100 Hours/Electronics/MTL-SKL00100-042.txt -> gs://100hr-data/Electronics/IMU/MTL-SKL00100-042.txt
OK    /Volumes/Samsung 990-2/100 Hours/Electronics/MTL-SKL00091-060.txt -> gs://100hr-data/Electronics/IMU/MTL-SKL00091-060.txt
OK    /Volumes/Samsung 990-2/100 Hours/Electronics/MTL-SKL00110-056.txt -> gs://100hr-data/Electronics/IMU/MTL-SKL00110-056.txt
OK    /Volumes/Samsung 990-2/100 Hours/Electronics/MTL-SKL00110-045.aac -> gs://100hr-data/Electronics/IMU/MTL-SKL00110-045.aac
OK    /Volumes/Samsung 990-2/100 Hours/Electronics/MTL-SKL00091-073.aac -> gs://100hr-data/Electronics/IMU/MTL-SKL00091-073.aac
OK    /Volumes/Samsung 990-2/100 Hours/Electronics/MTL-SKL00100-051.aac -> gs://100hr-data/Electronics/IMU/MTL-SKL00100-051.aac
OK    /Volumes/Samsung 990-2/100 Hours/Electronics/MTL-SKL00089-032.mp4 -> gs://100hr-data/Electronics/Videos/MTL-SKL00089-032.mp4
OK    /Volumes/Samsung 990-2/100 Hours/Electronics/MTL-SKL00094-011.mp4 -> gs://100hr-data/Electronics/Videos/MTL-SKL00094-011.mp4
OK    /Volumes/Samsung 990-2/100 Hours/Electronics/MTL-SKL00100-045.aac -> gs://100hr-data/Electronics/IMU/MTL-SKL00100-045.aac
OK    /Volumes/Samsung 990-2/100 Hours/Electronics/MTL-SKL00089-026.mp4 -> gs://100hr-data/Electronics/Videos/MTL-SKL00089-026.mp4
OK    /Volumes/Samsung 990-2/100 Hours/Electronics/MTL-SKL00091-067.aac -> gs://100hr-data/Electronics/IMU/MTL-SKL00091-067.aac
OK    /Volumes/Samsung 990-2/100 Hours/Electronics/MTL-SKL00110-051.aac -> gs://100hr-data/Electronics/IMU/MTL-SKL00110-051.aac
OK    /Volumes/Samsung 990-2/100 Hours/Electronics/MTL-SKL00110-079.aac -> gs://100hr-data/Electronics/IMU/MTL-SKL00110-079.aac
OK    /Volumes/Samsung 990-2/100 Hours/Electronics/MTL-SKL00094-092.txt -> gs://100hr-data/Electronics/IMU/MTL-SKL00094-092.txt
OK    /Volumes/Samsung 990-2/100 Hours/Electronics/MTL-SKL00108-038.mp4 -> gs://100hr-data/Electronics/Videos/MTL-SKL00108-038.mp4
OK    /Volumes/Samsung 990-2/100 Hours/Electronics/MTL-SKL00100-079.aac -> gs://100hr-data/Electronics/IMU/MTL-SKL00100-079.aac
OK    /Volumes/Samsung 990-2/100 Hours/Electronics/MTL-SKL00094-039.mp4 -> gs://100hr-data/Electronics/Videos/MTL-SKL00094-039.mp4
OK    /Volumes/Samsung 990-2/100 Hours/Electronics/MTL-SKL00094-086.txt -> gs://100hr-data/Electronics/IMU/MTL-SKL00094-086.txt
OK    /Volumes/Samsung 990-2/100 Hours/Electronics/MTL-SKL00110-086.aac -> gs://100hr-data/Electronics/IMU/MTL-SKL00110-086.aac
OK    /Volumes/Samsung 990-2/100 Hours/Electronics/MTL-SKL00100-086.aac -> gs://100hr-data/Electronics/IMU/MTL-SKL00100-086.aac
OK    /Volumes/Samsung 990-2/100 Hours/Electronics/MTL-SKL00094-079.txt -> gs://100hr-data/Electronics/IMU/MTL-SKL00094-079.txt
OK    /Volumes/Samsung 990-2/100 Hours/Electronics/MTL-SKL00094-051.txt -> gs://100hr-data/Electronics/IMU/MTL-SKL00094-051.txt
OK    /Volumes/Samsung 990-2/100 Hours/Electronics/MTL-SKL00094-045.txt -> gs://100hr-data/Electronics/IMU/MTL-SKL00094-045.txt
OK    /Volumes/Samsung 990-2/100 Hours/Electronics/MTL-SKL00108-050.txt -> gs://100hr-data/Electronics/IMU/MTL-SKL00108-050.txt
OK    /Volumes/Samsung 990-2/100 Hours/Electronics/MTL-SKL00089-066.txt -> gs://100hr-data/Electronics/IMU/MTL-SKL00089-066.txt
OK    /Volumes/Samsung 990-2/100 Hours/Electronics/MTL-SKL00098-104.aac -> gs://100hr-data/Electronics/IMU/MTL-SKL00098-104.aac
OK    /Volumes/Samsung 990-2/100 Hours/Electronics/MTL-SKL00098-023.mp4 -> gs://100hr-data/Electronics/Videos/MTL-SKL00098-023.mp4
OK    /Volumes/Samsung 990-2/100 Hours/Electronics/MTL-SKL00098-110.aac -> gs://100hr-data/Electronics/IMU/MTL-SKL00098-110.aac
OK    /Volumes/Samsung 990-2/100 Hours/Electronics/MTL-SKL00102-027.txt -> gs://100hr-data/Electronics/IMU/MTL-SKL00102-027.txt
OK    /Volumes/Samsung 990-2/100 Hours/Electronics/MTL-SKL00102-067.mp4 -> gs://100hr-data/Electronics/Videos/MTL-SKL00102-067.mp4
OK    /Volumes/Samsung 990-2/100 Hours/Electronics/MTL-SKL00098-063.txt -> gs://100hr-data/Electronics/IMU/MTL-SKL00098-063.txt
OK    /Volumes/Samsung 990-2/100 Hours/Electronics/MTL-SKL00098-076.txt -> gs://100hr-data/Electronics/IMU/MTL-SKL00098-076.txt
OK    /Volumes/Samsung 990-2/100 Hours/Electronics/MTL-SKL00102-072.mp4 -> gs://100hr-data/Electronics/Videos/MTL-SKL00102-072.mp4
OK    /Volumes/Samsung 990-2/100 Hours/Electronics/MTL-SKL00102-026.txt -> gs://100hr-data/Electronics/IMU/MTL-SKL00102-026.txt
OK    /Volumes/Samsung 990-2/100 Hours/Electronics/MTL-SKL00102-032.txt -> gs://100hr-data/Electronics/IMU/MTL-SKL00102-032.txt
OK    /Volumes/Samsung 990-2/100 Hours/Electronics/MTL-SKL00098-111.aac -> gs://100hr-data/Electronics/IMU/MTL-SKL00098-111.aac
OK    /Volumes/Samsung 990-2/100 Hours/Electronics/MTL-SKL00098-036.mp4 -> gs://100hr-data/Electronics/Videos/MTL-SKL00098-036.mp4
OK    /Volumes/Samsung 990-2/100 Hours/Electronics/MTL-SKL00098-105.aac -> gs://100hr-data/Electronics/IMU/MTL-SKL00098-105.aac
OK    /Volumes/Samsung 990-2/100 Hours/Electronics/MTL-SKL00098-089.txt -> gs://100hr-data/Electronics/IMU/MTL-SKL00098-089.txt
OK    /Volumes/Samsung 990-2/100 Hours/Electronics/MTL-SKL00094-044.txt -> gs://100hr-data/Electronics/IMU/MTL-SKL00094-044.txt
OK    /Volumes/Samsung 990-2/100 Hours/Electronics/MTL-SKL00089-067.txt -> gs://100hr-data/Electronics/IMU/MTL-SKL00089-067.txt
OK    /Volumes/Samsung 990-2/100 Hours/Electronics/MTL-SKL00108-045.txt -> gs://100hr-data/Electronics/IMU/MTL-SKL00108-045.txt
OK    /Volumes/Samsung 990-2/100 Hours/Electronics/MTL-SKL00094-050.txt -> gs://100hr-data/Electronics/IMU/MTL-SKL00094-050.txt
OK    /Volumes/Samsung 990-2/100 Hours/Electronics/MTL-SKL00094-078.txt -> gs://100hr-data/Electronics/IMU/MTL-SKL00094-078.txt
OK    /Volumes/Samsung 990-2/100 Hours/Electronics/MTL-SKL00100-087.aac -> gs://100hr-data/Electronics/IMU/MTL-SKL00100-087.aac
OK    /Volumes/Samsung 990-2/100 Hours/Electronics/MTL-SKL00110-093.aac -> gs://100hr-data/Electronics/IMU/MTL-SKL00110-093.aac
OK    /Volumes/Samsung 990-2/100 Hours/Electronics/MTL-SKL00110-087.aac -> gs://100hr-data/Electronics/IMU/MTL-SKL00110-087.aac
OK    /Volumes/Samsung 990-2/100 Hours/Electronics/MTL-SKL00100-093.aac -> gs://100hr-data/Electronics/IMU/MTL-SKL00100-093.aac
OK    /Volumes/Samsung 990-2/100 Hours/Electronics/MTL-SKL00094-087.txt -> gs://100hr-data/Electronics/IMU/MTL-SKL00094-087.txt
OK    /Volumes/Samsung 990-2/100 Hours/Electronics/MTL-SKL00094-038.mp4 -> gs://100hr-data/Electronics/Videos/MTL-SKL00094-038.mp4
OK    /Volumes/Samsung 990-2/100 Hours/Electronics/MTL-SKL00100-078.aac -> gs://100hr-data/Electronics/IMU/MTL-SKL00100-078.aac
OK    /Volumes/Samsung 990-2/100 Hours/Electronics/MTL-SKL00110-078.aac -> gs://100hr-data/Electronics/IMU/MTL-SKL00110-078.aac
OK    /Volumes/Samsung 990-2/100 Hours/Electronics/MTL-SKL00108-039.mp4 -> gs://100hr-data/Electronics/Videos/MTL-SKL00108-039.mp4
OK    /Volumes/Samsung 990-2/100 Hours/Electronics/MTL-SKL00094-093.txt -> gs://100hr-data/Electronics/IMU/MTL-SKL00094-093.txt
OK    /Volumes/Samsung 990-2/100 Hours/Electronics/MTL-SKL00089-027.mp4 -> gs://100hr-data/Electronics/Videos/MTL-SKL00089-027.mp4
OK    /Volumes/Samsung 990-2/100 Hours/Electronics/MTL-SKL00110-050.aac -> gs://100hr-data/Electronics/IMU/MTL-SKL00110-050.aac
OK    /Volumes/Samsung 990-2/100 Hours/Electronics/MTL-SKL00091-066.aac -> gs://100hr-data/Electronics/IMU/MTL-SKL00091-066.aac
OK    /Volumes/Samsung 990-2/100 Hours/Electronics/MTL-SKL00091-072.aac -> gs://100hr-data/Electronics/IMU/MTL-SKL00091-072.aac
OK    /Volumes/Samsung 990-2/100 Hours/Electronics/MTL-SKL00089-033.mp4 -> gs://100hr-data/Electronics/Videos/MTL-SKL00089-033.mp4
OK    /Volumes/Samsung 990-2/100 Hours/Electronics/MTL-SKL00094-010.mp4 -> gs://100hr-data/Electronics/Videos/MTL-SKL00094-010.mp4
OK    /Volumes/Samsung 990-2/100 Hours/Electronics/MTL-SKL00100-050.aac -> gs://100hr-data/Electronics/IMU/MTL-SKL00100-050.aac
OK    /Volumes/Samsung 990-2/100 Hours/Electronics/MTL-SKL00100-043.txt -> gs://100hr-data/Electronics/IMU/MTL-SKL00100-043.txt
OK    /Volumes/Samsung 990-2/100 Hours/Electronics/MTL-SKL00110-057.txt -> gs://100hr-data/Electronics/IMU/MTL-SKL00110-057.txt
OK    /Volumes/Samsung 990-2/100 Hours/Electronics/MTL-SKL00091-061.txt -> gs://100hr-data/Electronics/IMU/MTL-SKL00091-061.txt
OK    /Volumes/Samsung 990-2/100 Hours/Electronics/MTL-SKL00091-075.txt -> gs://100hr-data/Electronics/IMU/MTL-SKL00091-075.txt
OK    /Volumes/Samsung 990-2/100 Hours/Electronics/MTL-SKL00110-043.txt -> gs://100hr-data/Electronics/IMU/MTL-SKL00110-043.txt
OK    /Volumes/Samsung 990-2/100 Hours/Electronics/MTL-SKL00100-057.txt -> gs://100hr-data/Electronics/IMU/MTL-SKL00100-057.txt
OK    /Volumes/Samsung 990-2/100 Hours/Electronics/MTL-SKL00094-080.aac -> gs://100hr-data/Electronics/IMU/MTL-SKL00094-080.aac
OK    /Volumes/Samsung 990-2/100 Hours/Electronics/MTL-SKL00091-049.txt -> gs://100hr-data/Electronics/IMU/MTL-SKL00091-049.txt
OK    /Volumes/Samsung 990-2/100 Hours/Electronics/MTL-SKL00094-094.aac -> gs://100hr-data/Electronics/IMU/MTL-SKL00094-094.aac
OK    /Volumes/Samsung 990-2/100 Hours/Electronics/MTL-SKL00110-094.txt -> gs://100hr-data/Electronics/IMU/MTL-SKL00110-094.txt
OK    /Volumes/Samsung 990-2/100 Hours/Electronics/MTL-SKL00091-009.mp4 -> gs://100hr-data/Electronics/Videos/MTL-SKL00091-009.mp4
OK    /Volumes/Samsung 990-2/100 Hours/Electronics/MTL-SKL00100-094.txt -> gs://100hr-data/Electronics/IMU/MTL-SKL00100-094.txt
OK    /Volumes/Samsung 990-2/100 Hours/Electronics/MTL-SKL00089-048.aac -> gs://100hr-data/Electronics/IMU/MTL-SKL00089-048.aac
OK    /Volumes/Samsung 990-2/100 Hours/Electronics/MTL-SKL00089-060.aac -> gs://100hr-data/Electronics/IMU/MTL-SKL00089-060.aac
OK    /Volumes/Samsung 990-2/100 Hours/Electronics/MTL-SKL00108-056.aac -> gs://100hr-data/Electronics/IMU/MTL-SKL00108-056.aac
OK    /Volumes/Samsung 990-2/100 Hours/Electronics/MTL-SKL00094-043.aac -> gs://100hr-data/Electronics/IMU/MTL-SKL00094-043.aac
OK    /Volumes/Samsung 990-2/100 Hours/Electronics/MTL-SKL00091-021.mp4 -> gs://100hr-data/Electronics/Videos/MTL-SKL00091-021.mp4
OK    /Volumes/Samsung 990-2/100 Hours/Electronics/MTL-SKL00110-017.mp4 -> gs://100hr-data/Electronics/Videos/MTL-SKL00110-017.mp4
OK    /Volumes/Samsung 990-2/100 Hours/Electronics/MTL-SKL00091-035.mp4 -> gs://100hr-data/Electronics/Videos/MTL-SKL00091-035.mp4
OK    /Volumes/Samsung 990-2/100 Hours/Electronics/MTL-SKL00094-057.aac -> gs://100hr-data/Electronics/IMU/MTL-SKL00094-057.aac
OK    /Volumes/Samsung 990-2/100 Hours/Electronics/MTL-SKL00108-042.aac -> gs://100hr-data/Electronics/IMU/MTL-SKL00108-042.aac
OK    /Volumes/Samsung 990-2/100 Hours/Electronics/MTL-SKL00100-017.mp4 -> gs://100hr-data/Electronics/Videos/MTL-SKL00100-017.mp4
OK    /Volumes/Samsung 990-2/100 Hours/Electronics/MTL-SKL00098-116.txt -> gs://100hr-data/Electronics/IMU/MTL-SKL00098-116.txt
OK    /Volumes/Samsung 990-2/100 Hours/Electronics/MTL-SKL00102-009.aac -> gs://100hr-data/Electronics/IMU/MTL-SKL00102-009.aac
OK    /Volumes/Samsung 990-2/100 Hours/Electronics/MTL-SKL00098-102.txt -> gs://100hr-data/Electronics/IMU/MTL-SKL00098-102.txt
OK    /Volumes/Samsung 990-2/100 Hours/Electronics/MTL-SKL00102-021.aac -> gs://100hr-data/Electronics/IMU/MTL-SKL00102-021.aac
OK    /Volumes/Samsung 990-2/100 Hours/Electronics/MTL-SKL00102-035.aac -> gs://100hr-data/Electronics/IMU/MTL-SKL00102-035.aac
OK    /Volumes/Samsung 990-2/100 Hours/Electronics/MTL-SKL00098-065.aac -> gs://100hr-data/Electronics/IMU/MTL-SKL00098-065.aac
OK    /Volumes/Samsung 990-2/100 Hours/Electronics/MTL-SKL00098-071.aac -> gs://100hr-data/Electronics/IMU/MTL-SKL00098-071.aac
OK    /Volumes/Samsung 990-2/100 Hours/Electronics/MTL-SKL00098-068.aac -> gs://100hr-data/Electronics/IMU/MTL-SKL00098-068.aac
OK    /Volumes/Samsung 990-2/100 Hours/Electronics/MTL-SKL00098-054.aac -> gs://100hr-data/Electronics/IMU/MTL-SKL00098-054.aac
OK    /Volumes/Samsung 990-2/100 Hours/Electronics/MTL-SKL00098-040.aac -> gs://100hr-data/Electronics/IMU/MTL-SKL00098-040.aac
OK    /Volumes/Samsung 990-2/100 Hours/Electronics/MTL-SKL00098-127.txt -> gs://100hr-data/Electronics/IMU/MTL-SKL00098-127.txt
OK    /Volumes/Samsung 990-2/100 Hours/Electronics/MTL-SKL00102-038.aac -> gs://100hr-data/Electronics/IMU/MTL-SKL00102-038.aac
OK    /Volumes/Samsung 990-2/100 Hours/Electronics/MTL-SKL00098-097.aac -> gs://100hr-data/Electronics/IMU/MTL-SKL00098-097.aac
OK    /Volumes/Samsung 990-2/100 Hours/Electronics/MTL-SKL00102-010.aac -> gs://100hr-data/Electronics/IMU/MTL-SKL00102-010.aac
OK    /Volumes/Samsung 990-2/100 Hours/Electronics/MTL-SKL00098-083.aac -> gs://100hr-data/Electronics/IMU/MTL-SKL00098-083.aac
OK    /Volumes/Samsung 990-2/100 Hours/Electronics/MTL-SKL00091-038.mp4 -> gs://100hr-data/Electronics/Videos/MTL-SKL00091-038.mp4
OK    /Volumes/Samsung 990-2/100 Hours/Electronics/MTL-SKL00091-087.txt -> gs://100hr-data/Electronics/IMU/MTL-SKL00091-087.txt
OK    /Volumes/Samsung 990-2/100 Hours/Electronics/MTL-SKL00100-032.mp4 -> gs://100hr-data/Electronics/Videos/MTL-SKL00100-032.mp4
OK    /Volumes/Samsung 990-2/100 Hours/Electronics/MTL-SKL00094-072.aac -> gs://100hr-data/Electronics/IMU/MTL-SKL00094-072.aac
OK    /Volumes/Samsung 990-2/100 Hours/Electronics/MTL-SKL00108-067.aac -> gs://100hr-data/Electronics/IMU/MTL-SKL00108-067.aac
OK    /Volumes/Samsung 990-2/100 Hours/Electronics/MTL-SKL00089-051.aac -> gs://100hr-data/Electronics/IMU/MTL-SKL00089-051.aac
OK    /Volumes/Samsung 990-2/100 Hours/Electronics/MTL-SKL00091-010.mp4 -> gs://100hr-data/Electronics/Videos/MTL-SKL00091-010.mp4
OK    /Volumes/Samsung 990-2/100 Hours/Electronics/MTL-SKL00110-101.aac -> gs://100hr-data/Electronics/IMU/MTL-SKL00110-101.aac
OK    /Volumes/Samsung 990-2/100 Hours/Electronics/MTL-SKL00110-032.mp4 -> gs://100hr-data/Electronics/Videos/MTL-SKL00110-032.mp4
OK    /Volumes/Samsung 990-2/100 Hours/Electronics/MTL-SKL00089-045.aac -> gs://100hr-data/Electronics/IMU/MTL-SKL00089-045.aac
OK    /Volumes/Samsung 990-2/100 Hours/Electronics/MTL-SKL00094-066.aac -> gs://100hr-data/Electronics/IMU/MTL-SKL00094-066.aac
OK    /Volumes/Samsung 990-2/100 Hours/Electronics/MTL-SKL00094-101.txt -> gs://100hr-data/Electronics/IMU/MTL-SKL00094-101.txt
OK    /Volumes/Samsung 990-2/100 Hours/Electronics/MTL-SKL00100-072.txt -> gs://100hr-data/Electronics/IMU/MTL-SKL00100-072.txt
OK    /Volumes/Samsung 990-2/100 Hours/Electronics/MTL-SKL00091-050.txt -> gs://100hr-data/Electronics/IMU/MTL-SKL00091-050.txt
OK    /Volumes/Samsung 990-2/100 Hours/Electronics/MTL-SKL00110-072.txt -> gs://100hr-data/Electronics/IMU/MTL-SKL00110-072.txt
OK    /Volumes/Samsung 990-2/100 Hours/Electronics/MTL-SKL00091-044.txt -> gs://100hr-data/Electronics/IMU/MTL-SKL00091-044.txt
OK    /Volumes/Samsung 990-2/100 Hours/Electronics/MTL-SKL00094-099.aac -> gs://100hr-data/Electronics/IMU/MTL-SKL00094-099.aac
OK    /Volumes/Samsung 990-2/100 Hours/Electronics/MTL-SKL00094-115.txt -> gs://100hr-data/Electronics/IMU/MTL-SKL00094-115.txt
OK    /Volumes/Samsung 990-2/100 Hours/Electronics/MTL-SKL00091-078.txt -> gs://100hr-data/Electronics/IMU/MTL-SKL00091-078.txt
OK    /Volumes/Samsung 990-2/100 Hours/Electronics/MTL-SKL00100-049.aac -> gs://100hr-data/Electronics/IMU/MTL-SKL00100-049.aac
OK    /Volumes/Samsung 990-2/100 Hours/Electronics/MTL-SKL00094-009.mp4 -> gs://100hr-data/Electronics/Videos/MTL-SKL00094-009.mp4
OK    /Volumes/Samsung 990-2/100 Hours/Electronics/MTL-SKL00110-049.aac -> gs://100hr-data/Electronics/IMU/MTL-SKL00110-049.aac
OK    /Volumes/Samsung 990-2/100 Hours/Electronics/MTL-SKL00094-106.aac -> gs://100hr-data/Electronics/IMU/MTL-SKL00094-106.aac
OK    /Volumes/Samsung 990-2/100 Hours/Electronics/MTL-SKL00100-075.aac -> gs://100hr-data/Electronics/IMU/MTL-SKL00100-075.aac
OK    /Volumes/Samsung 990-2/100 Hours/Electronics/MTL-SKL00089-016.mp4 -> gs://100hr-data/Electronics/Videos/MTL-SKL00089-016.mp4
OK    /Volumes/Samsung 990-2/100 Hours/Electronics/MTL-SKL00108-020.mp4 -> gs://100hr-data/Electronics/Videos/MTL-SKL00108-020.mp4
OK    /Volumes/Samsung 990-2/100 Hours/Electronics/MTL-SKL00094-035.mp4 -> gs://100hr-data/Electronics/Videos/MTL-SKL00094-035.mp4
OK    /Volumes/Samsung 990-2/100 Hours/Electronics/MTL-SKL00091-057.aac -> gs://100hr-data/Electronics/IMU/MTL-SKL00091-057.aac
OK    /Volumes/Samsung 990-2/100 Hours/Electronics/MTL-SKL00110-061.aac -> gs://100hr-data/Electronics/IMU/MTL-SKL00110-061.aac
OK    /Volumes/Samsung 990-2/100 Hours/Electronics/MTL-SKL00110-075.aac -> gs://100hr-data/Electronics/IMU/MTL-SKL00110-075.aac
OK    /Volumes/Samsung 990-2/100 Hours/Electronics/MTL-SKL00091-043.aac -> gs://100hr-data/Electronics/IMU/MTL-SKL00091-043.aac
OK    /Volumes/Samsung 990-2/100 Hours/Electronics/MTL-SKL00100-061.aac -> gs://100hr-data/Electronics/IMU/MTL-SKL00100-061.aac
OK    /Volumes/Samsung 990-2/100 Hours/Electronics/MTL-SKL00094-021.mp4 -> gs://100hr-data/Electronics/Videos/MTL-SKL00094-021.mp4
OK    /Volumes/Samsung 990-2/100 Hours/Electronics/MTL-SKL00108-034.mp4 -> gs://100hr-data/Electronics/Videos/MTL-SKL00108-034.mp4
OK    /Volumes/Samsung 990-2/100 Hours/Electronics/MTL-SKL00094-112.aac -> gs://100hr-data/Electronics/IMU/MTL-SKL00094-112.aac
OK    /Volumes/Samsung 990-2/100 Hours/Electronics/MTL-SKL00108-060.txt -> gs://100hr-data/Electronics/IMU/MTL-SKL00108-060.txt
OK    /Volumes/Samsung 990-2/100 Hours/Electronics/MTL-SKL00089-056.txt -> gs://100hr-data/Electronics/IMU/MTL-SKL00089-056.txt
OK    /Volumes/Samsung 990-2/100 Hours/Electronics/MTL-SKL00094-075.txt -> gs://100hr-data/Electronics/IMU/MTL-SKL00094-075.txt
OK    /Volumes/Samsung 990-2/100 Hours/Electronics/MTL-SKL00094-061.txt -> gs://100hr-data/Electronics/IMU/MTL-SKL00094-061.txt
OK    /Volumes/Samsung 990-2/100 Hours/Electronics/MTL-SKL00089-042.txt -> gs://100hr-data/Electronics/IMU/MTL-SKL00089-042.txt
OK    /Volumes/Samsung 990-2/100 Hours/Electronics/MTL-SKL00094-049.txt -> gs://100hr-data/Electronics/IMU/MTL-SKL00094-049.txt
OK    /Volumes/Samsung 990-2/100 Hours/Electronics/MTL-SKL00091-080.aac -> gs://100hr-data/Electronics/IMU/MTL-SKL00091-080.aac
OK    /Volumes/Samsung 990-2/100 Hours/Electronics/MTL-SKL00108-048.txt -> gs://100hr-data/Electronics/IMU/MTL-SKL00108-048.txt
OK    /Volumes/Samsung 990-2/100 Hours/Electronics/MTL-SKL00098-090.txt -> gs://100hr-data/Electronics/IMU/MTL-SKL00098-090.txt
OK    /Volumes/Samsung 990-2/100 Hours/Electronics/MTL-SKL00102-017.txt -> gs://100hr-data/Electronics/IMU/MTL-SKL00102-017.txt
OK    /Volumes/Samsung 990-2/100 Hours/Electronics/MTL-SKL00098-108.aac -> gs://100hr-data/Electronics/IMU/MTL-SKL00098-108.aac
OK    /Volumes/Samsung 990-2/100 Hours/Electronics/MTL-SKL00098-013.mp4 -> gs://100hr-data/Electronics/Videos/MTL-SKL00098-013.mp4
OK    /Volumes/Samsung 990-2/100 Hours/Electronics/MTL-SKL00098-120.aac -> gs://100hr-data/Electronics/IMU/MTL-SKL00098-120.aac
OK    /Volumes/Samsung 990-2/100 Hours/Electronics/MTL-SKL00098-053.txt -> gs://100hr-data/Electronics/IMU/MTL-SKL00098-053.txt
OK    /Volumes/Samsung 990-2/100 Hours/Electronics/MTL-SKL00098-047.txt -> gs://100hr-data/Electronics/IMU/MTL-SKL00098-047.txt
OK    /Volumes/Samsung 990-2/100 Hours/Electronics/MTL-SKL00102-057.mp4 -> gs://100hr-data/Electronics/Videos/MTL-SKL00102-057.mp4
OK    /Volumes/Samsung 990-2/100 Hours/Electronics/MTL-SKL00102-043.mp4 -> gs://100hr-data/Electronics/Videos/MTL-SKL00102-043.mp4
OK    /Volumes/Samsung 990-2/100 Hours/Electronics/MTL-SKL00102-042.mp4 -> gs://100hr-data/Electronics/Videos/MTL-SKL00102-042.mp4
OK    /Volumes/Samsung 990-2/100 Hours/Electronics/MTL-SKL00102-056.mp4 -> gs://100hr-data/Electronics/Videos/MTL-SKL00102-056.mp4
OK    /Volumes/Samsung 990-2/100 Hours/Electronics/MTL-SKL00098-046.txt -> gs://100hr-data/Electronics/IMU/MTL-SKL00098-046.txt
OK    /Volumes/Samsung 990-2/100 Hours/Electronics/MTL-SKL00098-052.txt -> gs://100hr-data/Electronics/IMU/MTL-SKL00098-052.txt
OK    /Volumes/Samsung 990-2/100 Hours/Electronics/MTL-SKL00098-121.aac -> gs://100hr-data/Electronics/IMU/MTL-SKL00098-121.aac
OK    /Volumes/Samsung 990-2/100 Hours/Electronics/MTL-SKL00098-012.mp4 -> gs://100hr-data/Electronics/Videos/MTL-SKL00098-012.mp4
OK    /Volumes/Samsung 990-2/100 Hours/Electronics/MTL-SKL00098-109.aac -> gs://100hr-data/Electronics/IMU/MTL-SKL00098-109.aac
OK    /Volumes/Samsung 990-2/100 Hours/Electronics/MTL-SKL00098-085.txt -> gs://100hr-data/Electronics/IMU/MTL-SKL00098-085.txt
OK    /Volumes/Samsung 990-2/100 Hours/Electronics/MTL-SKL00098-091.txt -> gs://100hr-data/Electronics/IMU/MTL-SKL00098-091.txt
OK    /Volumes/Samsung 990-2/100 Hours/Electronics/MTL-SKL00102-016.txt -> gs://100hr-data/Electronics/IMU/MTL-SKL00102-016.txt
OK    /Volumes/Samsung 990-2/100 Hours/Electronics/MTL-SKL00091-081.aac -> gs://100hr-data/Electronics/IMU/MTL-SKL00091-081.aac
OK    /Volumes/Samsung 990-2/100 Hours/Electronics/MTL-SKL00108-049.txt -> gs://100hr-data/Electronics/IMU/MTL-SKL00108-049.txt
OK    /Volumes/Samsung 990-2/100 Hours/Electronics/MTL-SKL00094-048.txt -> gs://100hr-data/Electronics/IMU/MTL-SKL00094-048.txt
OK    /Volumes/Samsung 990-2/100 Hours/Electronics/MTL-SKL00094-060.txt -> gs://100hr-data/Electronics/IMU/MTL-SKL00094-060.txt
OK    /Volumes/Samsung 990-2/100 Hours/Electronics/MTL-SKL00089-043.txt -> gs://100hr-data/Electronics/IMU/MTL-SKL00089-043.txt
OK    /Volumes/Samsung 990-2/100 Hours/Electronics/MTL-SKL00089-057.txt -> gs://100hr-data/Electronics/IMU/MTL-SKL00089-057.txt
OK    /Volumes/Samsung 990-2/100 Hours/Electronics/MTL-SKL00108-061.txt -> gs://100hr-data/Electronics/IMU/MTL-SKL00108-061.txt
OK    /Volumes/Samsung 990-2/100 Hours/Electronics/MTL-SKL00094-074.txt -> gs://100hr-data/Electronics/IMU/MTL-SKL00094-074.txt
OK    /Volumes/Samsung 990-2/100 Hours/Electronics/MTL-SKL00091-042.aac -> gs://100hr-data/Electronics/IMU/MTL-SKL00091-042.aac
OK    /Volumes/Samsung 990-2/100 Hours/Electronics/MTL-SKL00094-113.aac -> gs://100hr-data/Electronics/IMU/MTL-SKL00094-113.aac
OK    /Volumes/Samsung 990-2/100 Hours/Electronics/MTL-SKL00094-020.mp4 -> gs://100hr-data/Electronics/Videos/MTL-SKL00094-020.mp4
OK    /Volumes/Samsung 990-2/100 Hours/Electronics/MTL-SKL00108-035.mp4 -> gs://100hr-data/Electronics/Videos/MTL-SKL00108-035.mp4
OK    /Volumes/Samsung 990-2/100 Hours/Electronics/MTL-SKL00100-060.aac -> gs://100hr-data/Electronics/IMU/MTL-SKL00100-060.aac
OK    /Volumes/Samsung 990-2/100 Hours/Electronics/MTL-SKL00108-021.mp4 -> gs://100hr-data/Electronics/Videos/MTL-SKL00108-021.mp4
OK    /Volumes/Samsung 990-2/100 Hours/Electronics/MTL-SKL00089-017.mp4 -> gs://100hr-data/Electronics/Videos/MTL-SKL00089-017.mp4
OK    /Volumes/Samsung 990-2/100 Hours/Electronics/MTL-SKL00094-034.mp4 -> gs://100hr-data/Electronics/Videos/MTL-SKL00094-034.mp4
OK    /Volumes/Samsung 990-2/100 Hours/Electronics/MTL-SKL00094-107.aac -> gs://100hr-data/Electronics/IMU/MTL-SKL00094-107.aac
OK    /Volumes/Samsung 990-2/100 Hours/Electronics/MTL-SKL00110-060.aac -> gs://100hr-data/Electronics/IMU/MTL-SKL00110-060.aac
OK    /Volumes/Samsung 990-2/100 Hours/Electronics/MTL-SKL00091-056.aac -> gs://100hr-data/Electronics/IMU/MTL-SKL00091-056.aac
OK    /Volumes/Samsung 990-2/100 Hours/Electronics/MTL-SKL00091-079.txt -> gs://100hr-data/Electronics/IMU/MTL-SKL00091-079.txt
OK    /Volumes/Samsung 990-2/100 Hours/Electronics/MTL-SKL00091-045.txt -> gs://100hr-data/Electronics/IMU/MTL-SKL00091-045.txt
OK    /Volumes/Samsung 990-2/100 Hours/Electronics/MTL-SKL00094-114.txt -> gs://100hr-data/Electronics/IMU/MTL-SKL00094-114.txt
OK    /Volumes/Samsung 990-2/100 Hours/Electronics/MTL-SKL00094-098.aac -> gs://100hr-data/Electronics/IMU/MTL-SKL00094-098.aac
OK    /Volumes/Samsung 990-2/100 Hours/Electronics/MTL-SKL00100-067.txt -> gs://100hr-data/Electronics/IMU/MTL-SKL00100-067.txt
OK    /Volumes/Samsung 990-2/100 Hours/Electronics/MTL-SKL00094-100.txt -> gs://100hr-data/Electronics/IMU/MTL-SKL00094-100.txt
OK    /Volumes/Samsung 990-2/100 Hours/Electronics/MTL-SKL00110-067.txt -> gs://100hr-data/Electronics/IMU/MTL-SKL00110-067.txt
OK    /Volumes/Samsung 990-2/100 Hours/Electronics/MTL-SKL00091-051.txt -> gs://100hr-data/Electronics/IMU/MTL-SKL00091-051.txt
OK    /Volumes/Samsung 990-2/100 Hours/Electronics/MTL-SKL00091-005.mp4 -> gs://100hr-data/Electronics/Videos/MTL-SKL00091-005.mp4
OK    /Volumes/Samsung 990-2/100 Hours/Electronics/MTL-SKL00110-100.aac -> gs://100hr-data/Electronics/IMU/MTL-SKL00110-100.aac
OK    /Volumes/Samsung 990-2/100 Hours/Electronics/MTL-SKL00108-072.aac -> gs://100hr-data/Electronics/IMU/MTL-SKL00108-072.aac
OK    /Volumes/Samsung 990-2/100 Hours/Electronics/MTL-SKL00089-044.aac -> gs://100hr-data/Electronics/IMU/MTL-SKL00089-044.aac
OK    /Volumes/Samsung 990-2/100 Hours/Electronics/MTL-SKL00094-067.aac -> gs://100hr-data/Electronics/IMU/MTL-SKL00094-067.aac
OK    /Volumes/Samsung 990-2/100 Hours/Electronics/MTL-SKL00100-027.mp4 -> gs://100hr-data/Electronics/Videos/MTL-SKL00100-027.mp4
OK    /Volumes/Samsung 990-2/100 Hours/Electronics/MTL-SKL00094-073.aac -> gs://100hr-data/Electronics/IMU/MTL-SKL00094-073.aac
OK    /Volumes/Samsung 990-2/100 Hours/Electronics/MTL-SKL00089-050.aac -> gs://100hr-data/Electronics/IMU/MTL-SKL00089-050.aac
OK    /Volumes/Samsung 990-2/100 Hours/Electronics/MTL-SKL00110-098.txt -> gs://100hr-data/Electronics/IMU/MTL-SKL00110-098.txt
OK    /Volumes/Samsung 990-2/100 Hours/Electronics/MTL-SKL00091-011.mp4 -> gs://100hr-data/Electronics/Videos/MTL-SKL00091-011.mp4
OK    /Volumes/Samsung 990-2/100 Hours/Electronics/MTL-SKL00110-027.mp4 -> gs://100hr-data/Electronics/Videos/MTL-SKL00110-027.mp4
OK    /Volumes/Samsung 990-2/100 Hours/Electronics/MTL-SKL00091-086.txt -> gs://100hr-data/Electronics/IMU/MTL-SKL00091-086.txt
OK    /Volumes/Samsung 990-2/100 Hours/Electronics/MTL-SKL00091-039.mp4 -> gs://100hr-data/Electronics/Videos/MTL-SKL00091-039.mp4
OK    /Volumes/Samsung 990-2/100 Hours/Electronics/MTL-SKL00098-082.aac -> gs://100hr-data/Electronics/IMU/MTL-SKL00098-082.aac
OK    /Volumes/Samsung 990-2/100 Hours/Electronics/MTL-SKL00102-039.aac -> gs://100hr-data/Electronics/IMU/MTL-SKL00102-039.aac
OK    /Volumes/Samsung 990-2/100 Hours/Electronics/MTL-SKL00098-126.txt -> gs://100hr-data/Electronics/IMU/MTL-SKL00098-126.txt
OK    /Volumes/Samsung 990-2/100 Hours/Electronics/MTL-SKL00098-055.aac -> gs://100hr-data/Electronics/IMU/MTL-SKL00098-055.aac
OK    /Volumes/Samsung 990-2/100 Hours/Electronics/MTL-SKL00098-069.aac -> gs://100hr-data/Electronics/IMU/MTL-SKL00098-069.aac
OK    /Volumes/Samsung 990-2/100 Hours/Electronics/MTL-SKL00098-043.aac -> gs://100hr-data/Electronics/IMU/MTL-SKL00098-043.aac
OK    /Volumes/Samsung 990-2/100 Hours/Electronics/MTL-SKL00098-057.aac -> gs://100hr-data/Electronics/IMU/MTL-SKL00098-057.aac
OK    /Volumes/Samsung 990-2/100 Hours/Electronics/MTL-SKL00098-124.txt -> gs://100hr-data/Electronics/IMU/MTL-SKL00098-124.txt
OK    /Volumes/Samsung 990-2/100 Hours/Electronics/MTL-SKL00098-080.aac -> gs://100hr-data/Electronics/IMU/MTL-SKL00098-080.aac
OK    /Volumes/Samsung 990-2/100 Hours/Electronics/MTL-SKL00102-013.aac -> gs://100hr-data/Electronics/IMU/MTL-SKL00102-013.aac
OK    /Volumes/Samsung 990-2/100 Hours/Electronics/MTL-SKL00098-118.txt -> gs://100hr-data/Electronics/IMU/MTL-SKL00098-118.txt
OK    /Volumes/Samsung 990-2/100 Hours/Electronics/MTL-SKL00098-094.aac -> gs://100hr-data/Electronics/IMU/MTL-SKL00098-094.aac
OK    /Volumes/Samsung 990-2/100 Hours/Electronics/MTL-SKL00100-019.mp4 -> gs://100hr-data/Electronics/Videos/MTL-SKL00100-019.mp4
OK    /Volumes/Samsung 990-2/100 Hours/Electronics/MTL-SKL00094-059.aac -> gs://100hr-data/Electronics/IMU/MTL-SKL00094-059.aac
OK    /Volumes/Samsung 990-2/100 Hours/Electronics/MTL-SKL00091-084.txt -> gs://100hr-data/Electronics/IMU/MTL-SKL00091-084.txt
OK    /Volumes/Samsung 990-2/100 Hours/Electronics/MTL-SKL00110-019.mp4 -> gs://100hr-data/Electronics/Videos/MTL-SKL00110-019.mp4
OK    /Volumes/Samsung 990-2/100 Hours/Electronics/MTL-SKL00108-058.aac -> gs://100hr-data/Electronics/IMU/MTL-SKL00108-058.aac
OK    /Volumes/Samsung 990-2/100 Hours/Electronics/MTL-SKL00100-025.mp4 -> gs://100hr-data/Electronics/Videos/MTL-SKL00100-025.mp4
OK    /Volumes/Samsung 990-2/100 Hours/Electronics/MTL-SKL00094-065.aac -> gs://100hr-data/Electronics/IMU/MTL-SKL00094-065.aac
OK    /Volumes/Samsung 990-2/100 Hours/Electronics/MTL-SKL00089-046.aac -> gs://100hr-data/Electronics/IMU/MTL-SKL00089-046.aac
OK    /Volumes/Samsung 990-2/100 Hours/Electronics/MTL-SKL00091-007.mp4 -> gs://100hr-data/Electronics/Videos/MTL-SKL00091-007.mp4
OK    /Volumes/Samsung 990-2/100 Hours/Electronics/MTL-SKL00110-031.mp4 -> gs://100hr-data/Electronics/Videos/MTL-SKL00110-031.mp4
OK    /Volumes/Samsung 990-2/100 Hours/Electronics/MTL-SKL00110-025.mp4 -> gs://100hr-data/Electronics/Videos/MTL-SKL00110-025.mp4
OK    /Volumes/Samsung 990-2/100 Hours/Electronics/MTL-SKL00091-013.mp4 -> gs://100hr-data/Electronics/Videos/MTL-SKL00091-013.mp4
OK    /Volumes/Samsung 990-2/100 Hours/Electronics/MTL-SKL00100-031.mp4 -> gs://100hr-data/Electronics/Videos/MTL-SKL00100-031.mp4
OK    /Volumes/Samsung 990-2/100 Hours/Electronics/MTL-SKL00108-064.aac -> gs://100hr-data/Electronics/IMU/MTL-SKL00108-064.aac
OK    /Volumes/Samsung 990-2/100 Hours/Electronics/MTL-SKL00089-052.aac -> gs://100hr-data/Electronics/IMU/MTL-SKL00089-052.aac
OK    /Volumes/Samsung 990-2/100 Hours/Electronics/MTL-SKL00094-071.aac -> gs://100hr-data/Electronics/IMU/MTL-SKL00094-071.aac
OK    /Volumes/Samsung 990-2/100 Hours/Electronics/MTL-SKL00100-065.txt -> gs://100hr-data/Electronics/IMU/MTL-SKL00100-065.txt
OK    /Volumes/Samsung 990-2/100 Hours/Electronics/MTL-SKL00094-116.txt -> gs://100hr-data/Electronics/IMU/MTL-SKL00094-116.txt
OK    /Volumes/Samsung 990-2/100 Hours/Electronics/MTL-SKL00110-071.txt -> gs://100hr-data/Electronics/IMU/MTL-SKL00110-071.txt
OK    /Volumes/Samsung 990-2/100 Hours/Electronics/MTL-SKL00091-047.txt -> gs://100hr-data/Electronics/IMU/MTL-SKL00091-047.txt
OK    /Volumes/Samsung 990-2/100 Hours/Electronics/MTL-SKL00091-053.txt -> gs://100hr-data/Electronics/IMU/MTL-SKL00091-053.txt
OK    /Volumes/Samsung 990-2/100 Hours/Electronics/MTL-SKL00110-065.txt -> gs://100hr-data/Electronics/IMU/MTL-SKL00110-065.txt
OK    /Volumes/Samsung 990-2/100 Hours/Electronics/MTL-SKL00094-102.txt -> gs://100hr-data/Electronics/IMU/MTL-SKL00094-102.txt
OK    /Volumes/Samsung 990-2/100 Hours/Electronics/MTL-SKL00100-071.txt -> gs://100hr-data/Electronics/IMU/MTL-SKL00100-071.txt
OK    /Volumes/Samsung 990-2/100 Hours/Electronics/MTL-SKL00100-059.txt -> gs://100hr-data/Electronics/IMU/MTL-SKL00100-059.txt
OK    /Volumes/Samsung 990-2/100 Hours/Electronics/MTL-SKL00110-059.txt -> gs://100hr-data/Electronics/IMU/MTL-SKL00110-059.txt
OK    /Volumes/Samsung 990-2/100 Hours/Electronics/MTL-SKL00091-068.aac -> gs://100hr-data/Electronics/IMU/MTL-SKL00091-068.aac
OK    /Volumes/Samsung 990-2/100 Hours/Electronics/MTL-SKL00089-029.mp4 -> gs://100hr-data/Electronics/Videos/MTL-SKL00089-029.mp4
OK    /Volumes/Samsung 990-2/100 Hours/Electronics/MTL-SKL00100-062.aac -> gs://100hr-data/Electronics/IMU/MTL-SKL00100-062.aac
OK    /Volumes/Samsung 990-2/100 Hours/Electronics/MTL-SKL00094-022.mp4 -> gs://100hr-data/Electronics/Videos/MTL-SKL00094-022.mp4
OK    /Volumes/Samsung 990-2/100 Hours/Electronics/MTL-SKL00094-111.aac -> gs://100hr-data/Electronics/IMU/MTL-SKL00094-111.aac
OK    /Volumes/Samsung 990-2/100 Hours/Electronics/MTL-SKL00110-076.aac -> gs://100hr-data/Electronics/IMU/MTL-SKL00110-076.aac
OK    /Volumes/Samsung 990-2/100 Hours/Electronics/MTL-SKL00091-040.aac -> gs://100hr-data/Electronics/IMU/MTL-SKL00091-040.aac
OK    /Volumes/Samsung 990-2/100 Hours/Electronics/MTL-SKL00091-054.aac -> gs://100hr-data/Electronics/IMU/MTL-SKL00091-054.aac
OK    /Volumes/Samsung 990-2/100 Hours/Electronics/MTL-SKL00110-062.aac -> gs://100hr-data/Electronics/IMU/MTL-SKL00110-062.aac
OK    /Volumes/Samsung 990-2/100 Hours/Electronics/MTL-SKL00094-105.aac -> gs://100hr-data/Electronics/IMU/MTL-SKL00094-105.aac
OK    /Volumes/Samsung 990-2/100 Hours/Electronics/MTL-SKL00094-089.txt -> gs://100hr-data/Electronics/IMU/MTL-SKL00094-089.txt
OK    /Volumes/Samsung 990-2/100 Hours/Electronics/MTL-SKL00100-076.aac -> gs://100hr-data/Electronics/IMU/MTL-SKL00100-076.aac
OK    /Volumes/Samsung 990-2/100 Hours/Electronics/MTL-SKL00094-036.mp4 -> gs://100hr-data/Electronics/Videos/MTL-SKL00094-036.mp4
OK    /Volumes/Samsung 990-2/100 Hours/Electronics/MTL-SKL00089-015.mp4 -> gs://100hr-data/Electronics/Videos/MTL-SKL00089-015.mp4
OK    /Volumes/Samsung 990-2/100 Hours/Electronics/MTL-SKL00108-023.mp4 -> gs://100hr-data/Electronics/Videos/MTL-SKL00108-023.mp4
OK    /Volumes/Samsung 990-2/100 Hours/Electronics/MTL-SKL00089-041.txt -> gs://100hr-data/Electronics/IMU/MTL-SKL00089-041.txt
OK    /Volumes/Samsung 990-2/100 Hours/Electronics/MTL-SKL00094-062.txt -> gs://100hr-data/Electronics/IMU/MTL-SKL00094-062.txt
OK    /Volumes/Samsung 990-2/100 Hours/Electronics/MTL-SKL00110-089.aac -> gs://100hr-data/Electronics/IMU/MTL-SKL00110-089.aac
OK    /Volumes/Samsung 990-2/100 Hours/Electronics/MTL-SKL00094-076.txt -> gs://100hr-data/Electronics/IMU/MTL-SKL00094-076.txt
OK    /Volumes/Samsung 990-2/100 Hours/Electronics/MTL-SKL00108-063.txt -> gs://100hr-data/Electronics/IMU/MTL-SKL00108-063.txt
OK    /Volumes/Samsung 990-2/100 Hours/Electronics/MTL-SKL00089-055.txt -> gs://100hr-data/Electronics/IMU/MTL-SKL00089-055.txt
OK    /Volumes/Samsung 990-2/100 Hours/Electronics/MTL-SKL00100-089.aac -> gs://100hr-data/Electronics/IMU/MTL-SKL00100-089.aac
OK    /Volumes/Samsung 990-2/100 Hours/Electronics/MTL-SKL00091-083.aac -> gs://100hr-data/Electronics/IMU/MTL-SKL00091-083.aac
OK    /Volumes/Samsung 990-2/100 Hours/Electronics/MTL-SKL00089-069.txt -> gs://100hr-data/Electronics/IMU/MTL-SKL00089-069.txt
OK    /Volumes/Samsung 990-2/100 Hours/Electronics/MTL-SKL00098-038.mp4 -> gs://100hr-data/Electronics/Videos/MTL-SKL00098-038.mp4
OK    /Volumes/Samsung 990-2/100 Hours/Electronics/MTL-SKL00098-087.txt -> gs://100hr-data/Electronics/IMU/MTL-SKL00098-087.txt
OK    /Volumes/Samsung 990-2/100 Hours/Electronics/MTL-SKL00098-093.txt -> gs://100hr-data/Electronics/IMU/MTL-SKL00098-093.txt
OK    /Volumes/Samsung 990-2/100 Hours/Electronics/MTL-SKL00102-028.txt -> gs://100hr-data/Electronics/IMU/MTL-SKL00102-028.txt
OK    /Volumes/Samsung 990-2/100 Hours/Electronics/MTL-SKL00098-010.mp4 -> gs://100hr-data/Electronics/Videos/MTL-SKL00098-010.mp4
OK    /Volumes/Samsung 990-2/100 Hours/Electronics/MTL-SKL00098-123.aac -> gs://100hr-data/Electronics/IMU/MTL-SKL00098-123.aac
OK    /Volumes/Samsung 990-2/100 Hours/Electronics/MTL-SKL00102-068.mp4 -> gs://100hr-data/Electronics/Videos/MTL-SKL00102-068.mp4
OK    /Volumes/Samsung 990-2/100 Hours/Electronics/MTL-SKL00098-050.txt -> gs://100hr-data/Electronics/IMU/MTL-SKL00098-050.txt
OK    /Volumes/Samsung 990-2/100 Hours/Electronics/MTL-SKL00098-078.txt -> gs://100hr-data/Electronics/IMU/MTL-SKL00098-078.txt
OK    /Volumes/Samsung 990-2/100 Hours/Electronics/MTL-SKL00102-054.mp4 -> gs://100hr-data/Electronics/Videos/MTL-SKL00102-054.mp4
OK    /Volumes/Samsung 990-2/100 Hours/Electronics/MTL-SKL00098-079.txt -> gs://100hr-data/Electronics/IMU/MTL-SKL00098-079.txt
OK    /Volumes/Samsung 990-2/100 Hours/Electronics/MTL-SKL00102-041.mp4 -> gs://100hr-data/Electronics/Videos/MTL-SKL00102-041.mp4
OK    /Volumes/Samsung 990-2/100 Hours/Electronics/MTL-SKL00102-069.mp4 -> gs://100hr-data/Electronics/Videos/MTL-SKL00102-069.mp4
OK    /Volumes/Samsung 990-2/100 Hours/Electronics/MTL-SKL00098-045.txt -> gs://100hr-data/Electronics/IMU/MTL-SKL00098-045.txt
OK    /Volumes/Samsung 990-2/100 Hours/Electronics/MTL-SKL00098-122.aac -> gs://100hr-data/Electronics/IMU/MTL-SKL00098-122.aac
OK    /Volumes/Samsung 990-2/100 Hours/Electronics/MTL-SKL00102-015.txt -> gs://100hr-data/Electronics/IMU/MTL-SKL00102-015.txt
OK    /Volumes/Samsung 990-2/100 Hours/Electronics/MTL-SKL00098-092.txt -> gs://100hr-data/Electronics/IMU/MTL-SKL00098-092.txt
OK    /Volumes/Samsung 990-2/100 Hours/Electronics/MTL-SKL00098-086.txt -> gs://100hr-data/Electronics/IMU/MTL-SKL00098-086.txt
OK    /Volumes/Samsung 990-2/100 Hours/Electronics/MTL-SKL00098-039.mp4 -> gs://100hr-data/Electronics/Videos/MTL-SKL00098-039.mp4
OK    /Volumes/Samsung 990-2/100 Hours/Electronics/MTL-SKL00089-068.txt -> gs://100hr-data/Electronics/IMU/MTL-SKL00089-068.txt
OK    /Volumes/Samsung 990-2/100 Hours/Electronics/MTL-SKL00091-082.aac -> gs://100hr-data/Electronics/IMU/MTL-SKL00091-082.aac
OK    /Volumes/Samsung 990-2/100 Hours/Electronics/MTL-SKL00094-077.txt -> gs://100hr-data/Electronics/IMU/MTL-SKL00094-077.txt
OK    /Volumes/Samsung 990-2/100 Hours/Electronics/MTL-SKL00089-054.txt -> gs://100hr-data/Electronics/IMU/MTL-SKL00089-054.txt
OK    /Volumes/Samsung 990-2/100 Hours/Electronics/MTL-SKL00089-040.txt -> gs://100hr-data/Electronics/IMU/MTL-SKL00089-040.txt
OK    /Volumes/Samsung 990-2/100 Hours/Electronics/MTL-SKL00094-063.txt -> gs://100hr-data/Electronics/IMU/MTL-SKL00094-063.txt
OK    /Volumes/Samsung 990-2/100 Hours/Electronics/MTL-SKL00091-055.aac -> gs://100hr-data/Electronics/IMU/MTL-SKL00091-055.aac
OK    /Volumes/Samsung 990-2/100 Hours/Electronics/MTL-SKL00094-037.mp4 -> gs://100hr-data/Electronics/Videos/MTL-SKL00094-037.mp4
OK    /Volumes/Samsung 990-2/100 Hours/Electronics/MTL-SKL00089-014.mp4 -> gs://100hr-data/Electronics/Videos/MTL-SKL00089-014.mp4
OK    /Volumes/Samsung 990-2/100 Hours/Electronics/MTL-SKL00094-088.txt -> gs://100hr-data/Electronics/IMU/MTL-SKL00094-088.txt
OK    /Volumes/Samsung 990-2/100 Hours/Electronics/MTL-SKL00094-104.aac -> gs://100hr-data/Electronics/IMU/MTL-SKL00094-104.aac
OK    /Volumes/Samsung 990-2/100 Hours/Electronics/MTL-SKL00094-110.aac -> gs://100hr-data/Electronics/IMU/MTL-SKL00094-110.aac
OK    /Volumes/Samsung 990-2/100 Hours/Electronics/MTL-SKL00108-036.mp4 -> gs://100hr-data/Electronics/Videos/MTL-SKL00108-036.mp4
OK    /Volumes/Samsung 990-2/100 Hours/Electronics/MTL-SKL00094-023.mp4 -> gs://100hr-data/Electronics/Videos/MTL-SKL00094-023.mp4
OK    /Volumes/Samsung 990-2/100 Hours/Electronics/MTL-SKL00091-041.aac -> gs://100hr-data/Electronics/IMU/MTL-SKL00091-041.aac
OK    /Volumes/Samsung 990-2/100 Hours/Electronics/MTL-SKL00091-069.aac -> gs://100hr-data/Electronics/IMU/MTL-SKL00091-069.aac
OK    /Volumes/Samsung 990-2/100 Hours/Electronics/MTL-SKL00089-028.mp4 -> gs://100hr-data/Electronics/Videos/MTL-SKL00089-028.mp4
OK    /Volumes/Samsung 990-2/100 Hours/Electronics/MTL-SKL00110-064.txt -> gs://100hr-data/Electronics/IMU/MTL-SKL00110-064.txt
OK    /Volumes/Samsung 990-2/100 Hours/Electronics/MTL-SKL00091-052.txt -> gs://100hr-data/Electronics/IMU/MTL-SKL00091-052.txt
OK    /Volumes/Samsung 990-2/100 Hours/Electronics/MTL-SKL00100-070.txt -> gs://100hr-data/Electronics/IMU/MTL-SKL00100-070.txt
OK    /Volumes/Samsung 990-2/100 Hours/Electronics/MTL-SKL00094-103.txt -> gs://100hr-data/Electronics/IMU/MTL-SKL00094-103.txt
OK    /Volumes/Samsung 990-2/100 Hours/Electronics/MTL-SKL00094-117.txt -> gs://100hr-data/Electronics/IMU/MTL-SKL00094-117.txt
OK    /Volumes/Samsung 990-2/100 Hours/Electronics/MTL-SKL00100-064.txt -> gs://100hr-data/Electronics/IMU/MTL-SKL00100-064.txt
OK    /Volumes/Samsung 990-2/100 Hours/Electronics/MTL-SKL00091-046.txt -> gs://100hr-data/Electronics/IMU/MTL-SKL00091-046.txt
OK    /Volumes/Samsung 990-2/100 Hours/Electronics/MTL-SKL00110-070.txt -> gs://100hr-data/Electronics/IMU/MTL-SKL00110-070.txt
OK    /Volumes/Samsung 990-2/100 Hours/Electronics/MTL-SKL00091-012.mp4 -> gs://100hr-data/Electronics/Videos/MTL-SKL00091-012.mp4
OK    /Volumes/Samsung 990-2/100 Hours/Electronics/MTL-SKL00110-024.mp4 -> gs://100hr-data/Electronics/Videos/MTL-SKL00110-024.mp4
OK    /Volumes/Samsung 990-2/100 Hours/Electronics/MTL-SKL00089-053.aac -> gs://100hr-data/Electronics/IMU/MTL-SKL00089-053.aac
OK    /Volumes/Samsung 990-2/100 Hours/Electronics/MTL-SKL00108-065.aac -> gs://100hr-data/Electronics/IMU/MTL-SKL00108-065.aac
OK    /Volumes/Samsung 990-2/100 Hours/Electronics/MTL-SKL00094-070.aac -> gs://100hr-data/Electronics/IMU/MTL-SKL00094-070.aac
OK    /Volumes/Samsung 990-2/100 Hours/Electronics/MTL-SKL00100-030.mp4 -> gs://100hr-data/Electronics/Videos/MTL-SKL00100-030.mp4
OK    /Volumes/Samsung 990-2/100 Hours/Electronics/MTL-SKL00094-064.aac -> gs://100hr-data/Electronics/IMU/MTL-SKL00094-064.aac
OK    /Volumes/Samsung 990-2/100 Hours/Electronics/MTL-SKL00108-071.aac -> gs://100hr-data/Electronics/IMU/MTL-SKL00108-071.aac
OK    /Volumes/Samsung 990-2/100 Hours/Electronics/MTL-SKL00089-047.aac -> gs://100hr-data/Electronics/IMU/MTL-SKL00089-047.aac
OK    /Volumes/Samsung 990-2/100 Hours/Electronics/MTL-SKL00100-024.mp4 -> gs://100hr-data/Electronics/Videos/MTL-SKL00100-024.mp4
OK    /Volumes/Samsung 990-2/100 Hours/Electronics/MTL-SKL00110-030.mp4 -> gs://100hr-data/Electronics/Videos/MTL-SKL00110-030.mp4
OK    /Volumes/Samsung 990-2/100 Hours/Electronics/MTL-SKL00091-006.mp4 -> gs://100hr-data/Electronics/Videos/MTL-SKL00091-006.mp4
OK    /Volumes/Samsung 990-2/100 Hours/Electronics/MTL-SKL00094-058.aac -> gs://100hr-data/Electronics/IMU/MTL-SKL00094-058.aac
OK    /Volumes/Samsung 990-2/100 Hours/Electronics/MTL-SKL00091-085.txt -> gs://100hr-data/Electronics/IMU/MTL-SKL00091-085.txt
OK    /Volumes/Samsung 990-2/100 Hours/Electronics/MTL-SKL00102-012.aac -> gs://100hr-data/Electronics/IMU/MTL-SKL00102-012.aac
OK    /Volumes/Samsung 990-2/100 Hours/Electronics/MTL-SKL00098-095.aac -> gs://100hr-data/Electronics/IMU/MTL-SKL00098-095.aac
OK    /Volumes/Samsung 990-2/100 Hours/Electronics/MTL-SKL00098-119.txt -> gs://100hr-data/Electronics/IMU/MTL-SKL00098-119.txt
OK    /Volumes/Samsung 990-2/100 Hours/Electronics/MTL-SKL00098-125.txt -> gs://100hr-data/Electronics/IMU/MTL-SKL00098-125.txt
OK    /Volumes/Samsung 990-2/100 Hours/Electronics/MTL-SKL00098-056.aac -> gs://100hr-data/Electronics/IMU/MTL-SKL00098-056.aac
OK    /Volumes/Samsung 990-2/100 Hours/Electronics/MTL-SKL00098-042.aac -> gs://100hr-data/Electronics/IMU/MTL-SKL00098-042.aac
OK    /Volumes/Samsung 990-2/100 Hours/Electronics/MTL-SKL00098-046.aac -> gs://100hr-data/Electronics/IMU/MTL-SKL00098-046.aac
OK    /Volumes/Samsung 990-2/100 Hours/Electronics/MTL-SKL00098-109.txt -> gs://100hr-data/Electronics/IMU/MTL-SKL00098-109.txt
OK    /Volumes/Samsung 990-2/100 Hours/Electronics/MTL-SKL00098-091.aac -> gs://100hr-data/Electronics/IMU/MTL-SKL00098-091.aac
OK    /Volumes/Samsung 990-2/100 Hours/Electronics/MTL-SKL00102-016.aac -> gs://100hr-data/Electronics/IMU/MTL-SKL00102-016.aac
OK    /Volumes/Samsung 990-2/100 Hours/Electronics/MTL-SKL00110-034.mp4 -> gs://100hr-data/Electronics/Videos/MTL-SKL00110-034.mp4
OK    /Volumes/Samsung 990-2/100 Hours/Electronics/MTL-SKL00100-020.mp4 -> gs://100hr-data/Electronics/Videos/MTL-SKL00100-020.mp4
OK    /Volumes/Samsung 990-2/100 Hours/Electronics/MTL-SKL00089-043.aac -> gs://100hr-data/Electronics/IMU/MTL-SKL00089-043.aac
OK    /Volumes/Samsung 990-2/100 Hours/Electronics/MTL-SKL00094-060.aac -> gs://100hr-data/Electronics/IMU/MTL-SKL00094-060.aac
OK    /Volumes/Samsung 990-2/100 Hours/Electronics/MTL-SKL00100-034.mp4 -> gs://100hr-data/Electronics/Videos/MTL-SKL00100-034.mp4
OK    /Volumes/Samsung 990-2/100 Hours/Electronics/MTL-SKL00094-074.aac -> gs://100hr-data/Electronics/IMU/MTL-SKL00094-074.aac
OK    /Volumes/Samsung 990-2/100 Hours/Electronics/MTL-SKL00108-061.aac -> gs://100hr-data/Electronics/IMU/MTL-SKL00108-061.aac
OK    /Volumes/Samsung 990-2/100 Hours/Electronics/MTL-SKL00089-057.aac -> gs://100hr-data/Electronics/IMU/MTL-SKL00089-057.aac
OK    /Volumes/Samsung 990-2/100 Hours/Electronics/MTL-SKL00110-020.mp4 -> gs://100hr-data/Electronics/Videos/MTL-SKL00110-020.mp4
OK    /Volumes/Samsung 990-2/100 Hours/Electronics/MTL-SKL00091-016.mp4 -> gs://100hr-data/Electronics/Videos/MTL-SKL00091-016.mp4
OK    /Volumes/Samsung 990-2/100 Hours/Electronics/MTL-SKL00110-008.mp4 -> gs://100hr-data/Electronics/Videos/MTL-SKL00110-008.mp4
OK    /Volumes/Samsung 990-2/100 Hours/Electronics/MTL-SKL00091-081.txt -> gs://100hr-data/Electronics/IMU/MTL-SKL00091-081.txt
OK    /Volumes/Samsung 990-2/100 Hours/Electronics/MTL-SKL00108-049.aac -> gs://100hr-data/Electronics/IMU/MTL-SKL00108-049.aac
OK    /Volumes/Samsung 990-2/100 Hours/Electronics/MTL-SKL00100-008.mp4 -> gs://100hr-data/Electronics/Videos/MTL-SKL00100-008.mp4
OK    /Volumes/Samsung 990-2/100 Hours/Electronics/MTL-SKL00094-048.aac -> gs://100hr-data/Electronics/IMU/MTL-SKL00094-048.aac
OK    /Volumes/Samsung 990-2/100 Hours/Electronics/MTL-SKL00110-048.txt -> gs://100hr-data/Electronics/IMU/MTL-SKL00110-048.txt
OK    /Volumes/Samsung 990-2/100 Hours/Electronics/MTL-SKL00100-048.txt -> gs://100hr-data/Electronics/IMU/MTL-SKL00100-048.txt
OK    /Volumes/Samsung 990-2/100 Hours/Electronics/MTL-SKL00110-074.txt -> gs://100hr-data/Electronics/IMU/MTL-SKL00110-074.txt
OK    /Volumes/Samsung 990-2/100 Hours/Electronics/MTL-SKL00091-042.txt -> gs://100hr-data/Electronics/IMU/MTL-SKL00091-042.txt
OK    /Volumes/Samsung 990-2/100 Hours/Electronics/MTL-SKL00100-060.txt -> gs://100hr-data/Electronics/IMU/MTL-SKL00100-060.txt
OK    /Volumes/Samsung 990-2/100 Hours/Electronics/MTL-SKL00094-113.txt -> gs://100hr-data/Electronics/IMU/MTL-SKL00094-113.txt
OK    /Volumes/Samsung 990-2/100 Hours/Electronics/MTL-SKL00094-107.txt -> gs://100hr-data/Electronics/IMU/MTL-SKL00094-107.txt
OK    /Volumes/Samsung 990-2/100 Hours/Electronics/MTL-SKL00100-074.txt -> gs://100hr-data/Electronics/IMU/MTL-SKL00100-074.txt
OK    /Volumes/Samsung 990-2/100 Hours/Electronics/MTL-SKL00091-056.txt -> gs://100hr-data/Electronics/IMU/MTL-SKL00091-056.txt
OK    /Volumes/Samsung 990-2/100 Hours/Electronics/MTL-SKL00110-060.txt -> gs://100hr-data/Electronics/IMU/MTL-SKL00110-060.txt
OK    /Volumes/Samsung 990-2/100 Hours/Electronics/MTL-SKL00110-073.aac -> gs://100hr-data/Electronics/IMU/MTL-SKL00110-073.aac
OK    /Volumes/Samsung 990-2/100 Hours/Electronics/MTL-SKL00091-045.aac -> gs://100hr-data/Electronics/IMU/MTL-SKL00091-045.aac
OK    /Volumes/Samsung 990-2/100 Hours/Electronics/MTL-SKL00100-067.aac -> gs://100hr-data/Electronics/IMU/MTL-SKL00100-067.aac
OK    /Volumes/Samsung 990-2/100 Hours/Electronics/MTL-SKL00094-027.mp4 -> gs://100hr-data/Electronics/Videos/MTL-SKL00094-027.mp4
OK    /Volumes/Samsung 990-2/100 Hours/Electronics/MTL-SKL00108-032.mp4 -> gs://100hr-data/Electronics/Videos/MTL-SKL00108-032.mp4
OK    /Volumes/Samsung 990-2/100 Hours/Electronics/MTL-SKL00094-114.aac -> gs://100hr-data/Electronics/IMU/MTL-SKL00094-114.aac
OK    /Volumes/Samsung 990-2/100 Hours/Electronics/MTL-SKL00094-098.txt -> gs://100hr-data/Electronics/IMU/MTL-SKL00094-098.txt
OK    /Volumes/Samsung 990-2/100 Hours/Electronics/MTL-SKL00094-100.aac -> gs://100hr-data/Electronics/IMU/MTL-SKL00094-100.aac
OK    /Volumes/Samsung 990-2/100 Hours/Electronics/MTL-SKL00100-073.aac -> gs://100hr-data/Electronics/IMU/MTL-SKL00100-073.aac
OK    /Volumes/Samsung 990-2/100 Hours/Electronics/MTL-SKL00089-010.mp4 -> gs://100hr-data/Electronics/Videos/MTL-SKL00089-010.mp4
OK    /Volumes/Samsung 990-2/100 Hours/Electronics/MTL-SKL00094-033.mp4 -> gs://100hr-data/Electronics/Videos/MTL-SKL00094-033.mp4
OK    /Volumes/Samsung 990-2/100 Hours/Electronics/MTL-SKL00091-051.aac -> gs://100hr-data/Electronics/IMU/MTL-SKL00091-051.aac
OK    /Volumes/Samsung 990-2/100 Hours/Electronics/MTL-SKL00110-067.aac -> gs://100hr-data/Electronics/IMU/MTL-SKL00110-067.aac
OK    /Volumes/Samsung 990-2/100 Hours/Electronics/MTL-SKL00091-079.aac -> gs://100hr-data/Electronics/IMU/MTL-SKL00091-079.aac
OK    /Volumes/Samsung 990-2/100 Hours/Electronics/MTL-SKL00089-038.mp4 -> gs://100hr-data/Electronics/Videos/MTL-SKL00089-038.mp4
OK    /Volumes/Samsung 990-2/100 Hours/Electronics/MTL-SKL00091-086.aac -> gs://100hr-data/Electronics/IMU/MTL-SKL00091-086.aac
OK    /Volumes/Samsung 990-2/100 Hours/Electronics/MTL-SKL00110-100.txt -> gs://100hr-data/Electronics/IMU/MTL-SKL00110-100.txt
OK    /Volumes/Samsung 990-2/100 Hours/Electronics/MTL-SKL00094-067.txt -> gs://100hr-data/Electronics/IMU/MTL-SKL00094-067.txt
OK    /Volumes/Samsung 990-2/100 Hours/Electronics/MTL-SKL00089-044.txt -> gs://100hr-data/Electronics/IMU/MTL-SKL00089-044.txt
OK    /Volumes/Samsung 990-2/100 Hours/Electronics/MTL-SKL00108-072.txt -> gs://100hr-data/Electronics/IMU/MTL-SKL00108-072.txt
OK    /Volumes/Samsung 990-2/100 Hours/Electronics/MTL-SKL00089-050.txt -> gs://100hr-data/Electronics/IMU/MTL-SKL00089-050.txt
OK    /Volumes/Samsung 990-2/100 Hours/Electronics/MTL-SKL00094-073.txt -> gs://100hr-data/Electronics/IMU/MTL-SKL00094-073.txt
OK    /Volumes/Samsung 990-2/100 Hours/Electronics/MTL-SKL00110-098.aac -> gs://100hr-data/Electronics/IMU/MTL-SKL00110-098.aac
OK    /Volumes/Samsung 990-2/100 Hours/Electronics/MTL-SKL00102-039.txt -> gs://100hr-data/Electronics/IMU/MTL-SKL00102-039.txt
OK    /Volumes/Samsung 990-2/100 Hours/Electronics/MTL-SKL00098-126.aac -> gs://100hr-data/Electronics/IMU/MTL-SKL00098-126.aac
OK    /Volumes/Samsung 990-2/100 Hours/Electronics/MTL-SKL00098-082.txt -> gs://100hr-data/Electronics/IMU/MTL-SKL00098-082.txt
OK    /Volumes/Samsung 990-2/100 Hours/Electronics/MTL-SKL00098-029.mp4 -> gs://100hr-data/Electronics/Videos/MTL-SKL00098-029.mp4
OK    /Volumes/Samsung 990-2/100 Hours/Electronics/MTL-SKL00102-045.mp4 -> gs://100hr-data/Electronics/Videos/MTL-SKL00102-045.mp4
OK    /Volumes/Samsung 990-2/100 Hours/Electronics/MTL-SKL00098-069.txt -> gs://100hr-data/Electronics/IMU/MTL-SKL00098-069.txt
OK    /Volumes/Samsung 990-2/100 Hours/Electronics/MTL-SKL00098-041.txt -> gs://100hr-data/Electronics/IMU/MTL-SKL00098-041.txt
OK    /Volumes/Samsung 990-2/100 Hours/Electronics/MTL-SKL00098-054.txt -> gs://100hr-data/Electronics/IMU/MTL-SKL00098-054.txt
OK    /Volumes/Samsung 990-2/100 Hours/Electronics/MTL-SKL00098-068.txt -> gs://100hr-data/Electronics/IMU/MTL-SKL00098-068.txt
OK    /Volumes/Samsung 990-2/100 Hours/Electronics/MTL-SKL00102-050.mp4 -> gs://100hr-data/Electronics/Videos/MTL-SKL00102-050.mp4
OK    /Volumes/Samsung 990-2/100 Hours/Electronics/MTL-SKL00098-028.mp4 -> gs://100hr-data/Electronics/Videos/MTL-SKL00098-028.mp4
OK    /Volumes/Samsung 990-2/100 Hours/Electronics/MTL-SKL00098-097.txt -> gs://100hr-data/Electronics/IMU/MTL-SKL00098-097.txt
OK    /Volumes/Samsung 990-2/100 Hours/Electronics/MTL-SKL00102-010.txt -> gs://100hr-data/Electronics/IMU/MTL-SKL00102-010.txt
OK    /Volumes/Samsung 990-2/100 Hours/Electronics/MTL-SKL00098-083.txt -> gs://100hr-data/Electronics/IMU/MTL-SKL00098-083.txt
OK    /Volumes/Samsung 990-2/100 Hours/Electronics/MTL-SKL00098-127.aac -> gs://100hr-data/Electronics/IMU/MTL-SKL00098-127.aac
OK    /Volumes/Samsung 990-2/100 Hours/Electronics/MTL-SKL00098-014.mp4 -> gs://100hr-data/Electronics/Videos/MTL-SKL00098-014.mp4
OK    /Volumes/Samsung 990-2/100 Hours/Electronics/MTL-SKL00102-038.txt -> gs://100hr-data/Electronics/IMU/MTL-SKL00102-038.txt
OK    /Volumes/Samsung 990-2/100 Hours/Electronics/MTL-SKL00089-051.txt -> gs://100hr-data/Electronics/IMU/MTL-SKL00089-051.txt
OK    /Volumes/Samsung 990-2/100 Hours/Electronics/MTL-SKL00108-067.txt -> gs://100hr-data/Electronics/IMU/MTL-SKL00108-067.txt
OK    /Volumes/Samsung 990-2/100 Hours/Electronics/MTL-SKL00094-072.txt -> gs://100hr-data/Electronics/IMU/MTL-SKL00094-072.txt
OK    /Volumes/Samsung 990-2/100 Hours/Electronics/MTL-SKL00110-101.txt -> gs://100hr-data/Electronics/IMU/MTL-SKL00110-101.txt
OK    /Volumes/Samsung 990-2/100 Hours/Electronics/MTL-SKL00094-066.txt -> gs://100hr-data/Electronics/IMU/MTL-SKL00094-066.txt
OK    /Volumes/Samsung 990-2/100 Hours/Electronics/MTL-SKL00089-045.txt -> gs://100hr-data/Electronics/IMU/MTL-SKL00089-045.txt
OK    /Volumes/Samsung 990-2/100 Hours/Electronics/MTL-SKL00091-087.aac -> gs://100hr-data/Electronics/IMU/MTL-SKL00091-087.aac
OK    /Volumes/Samsung 990-2/100 Hours/Electronics/MTL-SKL00091-078.aac -> gs://100hr-data/Electronics/IMU/MTL-SKL00091-078.aac
OK    /Volumes/Samsung 990-2/100 Hours/Electronics/MTL-SKL00089-039.mp4 -> gs://100hr-data/Electronics/Videos/MTL-SKL00089-039.mp4
OK    /Volumes/Samsung 990-2/100 Hours/Electronics/MTL-SKL00108-027.mp4 -> gs://100hr-data/Electronics/Videos/MTL-SKL00108-027.mp4
OK    /Volumes/Samsung 990-2/100 Hours/Electronics/MTL-SKL00089-011.mp4 -> gs://100hr-data/Electronics/Videos/MTL-SKL00089-011.mp4
OK    /Volumes/Samsung 990-2/100 Hours/Electronics/MTL-SKL00094-032.mp4 -> gs://100hr-data/Electronics/Videos/MTL-SKL00094-032.mp4
OK    /Volumes/Samsung 990-2/100 Hours/Electronics/MTL-SKL00100-072.aac -> gs://100hr-data/Electronics/IMU/MTL-SKL00100-072.aac
OK    /Volumes/Samsung 990-2/100 Hours/Electronics/MTL-SKL00094-101.aac -> gs://100hr-data/Electronics/IMU/MTL-SKL00094-101.aac
OK    /Volumes/Samsung 990-2/100 Hours/Electronics/MTL-SKL00091-050.aac -> gs://100hr-data/Electronics/IMU/MTL-SKL00091-050.aac
OK    /Volumes/Samsung 990-2/100 Hours/Electronics/MTL-SKL00091-044.aac -> gs://100hr-data/Electronics/IMU/MTL-SKL00091-044.aac
OK    /Volumes/Samsung 990-2/100 Hours/Electronics/MTL-SKL00110-072.aac -> gs://100hr-data/Electronics/IMU/MTL-SKL00110-072.aac
OK    /Volumes/Samsung 990-2/100 Hours/Electronics/MTL-SKL00094-099.txt -> gs://100hr-data/Electronics/IMU/MTL-SKL00094-099.txt
OK    /Volumes/Samsung 990-2/100 Hours/Electronics/MTL-SKL00094-115.aac -> gs://100hr-data/Electronics/IMU/MTL-SKL00094-115.aac
OK    /Volumes/Samsung 990-2/100 Hours/Electronics/MTL-SKL00094-026.mp4 -> gs://100hr-data/Electronics/Videos/MTL-SKL00094-026.mp4
OK    /Volumes/Samsung 990-2/100 Hours/Electronics/MTL-SKL00089-005.mp4 -> gs://100hr-data/Electronics/Videos/MTL-SKL00089-005.mp4
OK    /Volumes/Samsung 990-2/100 Hours/Electronics/MTL-SKL00100-075.txt -> gs://100hr-data/Electronics/IMU/MTL-SKL00100-075.txt
OK    /Volumes/Samsung 990-2/100 Hours/Electronics/MTL-SKL00094-106.txt -> gs://100hr-data/Electronics/IMU/MTL-SKL00094-106.txt
OK    /Volumes/Samsung 990-2/100 Hours/Electronics/MTL-SKL00110-061.txt -> gs://100hr-data/Electronics/IMU/MTL-SKL00110-061.txt
OK    /Volumes/Samsung 990-2/100 Hours/Electronics/MTL-SKL00091-057.txt -> gs://100hr-data/Electronics/IMU/MTL-SKL00091-057.txt
OK    /Volumes/Samsung 990-2/100 Hours/Electronics/MTL-SKL00091-043.txt -> gs://100hr-data/Electronics/IMU/MTL-SKL00091-043.txt
OK    /Volumes/Samsung 990-2/100 Hours/Electronics/MTL-SKL00110-075.txt -> gs://100hr-data/Electronics/IMU/MTL-SKL00110-075.txt
OK    /Volumes/Samsung 990-2/100 Hours/Electronics/MTL-SKL00094-112.txt -> gs://100hr-data/Electronics/IMU/MTL-SKL00094-112.txt
OK    /Volumes/Samsung 990-2/100 Hours/Electronics/MTL-SKL00100-061.txt -> gs://100hr-data/Electronics/IMU/MTL-SKL00100-061.txt
OK    /Volumes/Samsung 990-2/100 Hours/Electronics/MTL-SKL00100-049.txt -> gs://100hr-data/Electronics/IMU/MTL-SKL00100-049.txt
OK    /Volumes/Samsung 990-2/100 Hours/Electronics/MTL-SKL00110-049.txt -> gs://100hr-data/Electronics/IMU/MTL-SKL00110-049.txt
OK    /Volumes/Samsung 990-2/100 Hours/Electronics/MTL-SKL00094-049.aac -> gs://100hr-data/Electronics/IMU/MTL-SKL00094-049.aac
OK    /Volumes/Samsung 990-2/100 Hours/Electronics/MTL-SKL00100-009.mp4 -> gs://100hr-data/Electronics/Videos/MTL-SKL00100-009.mp4
OK    /Volumes/Samsung 990-2/100 Hours/Electronics/MTL-SKL00091-080.txt -> gs://100hr-data/Electronics/IMU/MTL-SKL00091-080.txt
OK    /Volumes/Samsung 990-2/100 Hours/Electronics/MTL-SKL00110-009.mp4 -> gs://100hr-data/Electronics/Videos/MTL-SKL00110-009.mp4
OK    /Volumes/Samsung 990-2/100 Hours/Electronics/MTL-SKL00094-075.aac -> gs://100hr-data/Electronics/IMU/MTL-SKL00094-075.aac
OK    /Volumes/Samsung 990-2/100 Hours/Electronics/MTL-SKL00089-056.aac -> gs://100hr-data/Electronics/IMU/MTL-SKL00089-056.aac
OK    /Volumes/Samsung 990-2/100 Hours/Electronics/MTL-SKL00108-060.aac -> gs://100hr-data/Electronics/IMU/MTL-SKL00108-060.aac
OK    /Volumes/Samsung 990-2/100 Hours/Electronics/MTL-SKL00100-035.mp4 -> gs://100hr-data/Electronics/Videos/MTL-SKL00100-035.mp4
OK    /Volumes/Samsung 990-2/100 Hours/Electronics/MTL-SKL00091-017.mp4 -> gs://100hr-data/Electronics/Videos/MTL-SKL00091-017.mp4
OK    /Volumes/Samsung 990-2/100 Hours/Electronics/MTL-SKL00110-021.mp4 -> gs://100hr-data/Electronics/Videos/MTL-SKL00110-021.mp4
OK    /Volumes/Samsung 990-2/100 Hours/Electronics/MTL-SKL00110-035.mp4 -> gs://100hr-data/Electronics/Videos/MTL-SKL00110-035.mp4
OK    /Volumes/Samsung 990-2/100 Hours/Electronics/MTL-SKL00089-042.aac -> gs://100hr-data/Electronics/IMU/MTL-SKL00089-042.aac
OK    /Volumes/Samsung 990-2/100 Hours/Electronics/MTL-SKL00094-061.aac -> gs://100hr-data/Electronics/IMU/MTL-SKL00094-061.aac
OK    /Volumes/Samsung 990-2/100 Hours/Electronics/MTL-SKL00100-021.mp4 -> gs://100hr-data/Electronics/Videos/MTL-SKL00100-021.mp4
OK    /Volumes/Samsung 990-2/100 Hours/Electronics/MTL-SKL00098-120.txt -> gs://100hr-data/Electronics/IMU/MTL-SKL00098-120.txt
OK    /Volumes/Samsung 990-2/100 Hours/Electronics/MTL-SKL00098-090.aac -> gs://100hr-data/Electronics/IMU/MTL-SKL00098-090.aac
OK    /Volumes/Samsung 990-2/100 Hours/Electronics/MTL-SKL00102-017.aac -> gs://100hr-data/Electronics/IMU/MTL-SKL00102-017.aac
OK    /Volumes/Samsung 990-2/100 Hours/Electronics/MTL-SKL00098-084.aac -> gs://100hr-data/Electronics/IMU/MTL-SKL00098-084.aac
OK    /Volumes/Samsung 990-2/100 Hours/Electronics/MTL-SKL00098-108.txt -> gs://100hr-data/Electronics/IMU/MTL-SKL00098-108.txt
OK    /Volumes/Samsung 990-2/100 Hours/Electronics/MTL-SKL00098-053.aac -> gs://100hr-data/Electronics/IMU/MTL-SKL00098-053.aac
OK    /Volumes/Samsung 990-2/100 Hours/Electronics/MTL-SKL00098-047.aac -> gs://100hr-data/Electronics/IMU/MTL-SKL00098-047.aac
OK    /Volumes/Samsung 990-2/100 Hours/Electronics/MTL-SKL00098-051.aac -> gs://100hr-data/Electronics/IMU/MTL-SKL00098-051.aac
OK    /Volumes/Samsung 990-2/100 Hours/Electronics/MTL-SKL00098-045.aac -> gs://100hr-data/Electronics/IMU/MTL-SKL00098-045.aac
OK    /Volumes/Samsung 990-2/100 Hours/Electronics/MTL-SKL00098-079.aac -> gs://100hr-data/Electronics/IMU/MTL-SKL00098-079.aac
OK    /Volumes/Samsung 990-2/100 Hours/Electronics/MTL-SKL00098-086.aac -> gs://100hr-data/Electronics/IMU/MTL-SKL00098-086.aac
OK    /Volumes/Samsung 990-2/100 Hours/Electronics/MTL-SKL00102-029.aac -> gs://100hr-data/Electronics/IMU/MTL-SKL00102-029.aac
OK    /Volumes/Samsung 990-2/100 Hours/Electronics/MTL-SKL00098-122.txt -> gs://100hr-data/Electronics/IMU/MTL-SKL00098-122.txt
OK    /Volumes/Samsung 990-2/100 Hours/Electronics/MTL-SKL00110-023.mp4 -> gs://100hr-data/Electronics/Videos/MTL-SKL00110-023.mp4
OK    /Volumes/Samsung 990-2/100 Hours/Electronics/MTL-SKL00091-015.mp4 -> gs://100hr-data/Electronics/Videos/MTL-SKL00091-015.mp4
OK    /Volumes/Samsung 990-2/100 Hours/Electronics/MTL-SKL00108-062.aac -> gs://100hr-data/Electronics/IMU/MTL-SKL00108-062.aac
OK    /Volumes/Samsung 990-2/100 Hours/Electronics/MTL-SKL00089-054.aac -> gs://100hr-data/Electronics/IMU/MTL-SKL00089-054.aac
OK    /Volumes/Samsung 990-2/100 Hours/Electronics/MTL-SKL00094-077.aac -> gs://100hr-data/Electronics/IMU/MTL-SKL00094-077.aac
OK    /Volumes/Samsung 990-2/100 Hours/Electronics/MTL-SKL00100-023.mp4 -> gs://100hr-data/Electronics/Videos/MTL-SKL00100-023.mp4
OK    /Volumes/Samsung 990-2/100 Hours/Electronics/MTL-SKL00094-063.aac -> gs://100hr-data/Electronics/IMU/MTL-SKL00094-063.aac
OK    /Volumes/Samsung 990-2/100 Hours/Electronics/MTL-SKL00089-040.aac -> gs://100hr-data/Electronics/IMU/MTL-SKL00089-040.aac
OK    /Volumes/Samsung 990-2/100 Hours/Electronics/MTL-SKL00091-029.mp4 -> gs://100hr-data/Electronics/Videos/MTL-SKL00091-029.mp4
OK    /Volumes/Samsung 990-2/100 Hours/Electronics/MTL-SKL00089-068.aac -> gs://100hr-data/Electronics/IMU/MTL-SKL00089-068.aac
OK    /Volumes/Samsung 990-2/100 Hours/Electronics/MTL-SKL00091-082.txt -> gs://100hr-data/Electronics/IMU/MTL-SKL00091-082.txt
OK    /Volumes/Samsung 990-2/100 Hours/Electronics/MTL-SKL00091-069.txt -> gs://100hr-data/Electronics/IMU/MTL-SKL00091-069.txt
OK    /Volumes/Samsung 990-2/100 Hours/Electronics/MTL-SKL00091-055.txt -> gs://100hr-data/Electronics/IMU/MTL-SKL00091-055.txt
OK    /Volumes/Samsung 990-2/100 Hours/Electronics/MTL-SKL00110-063.txt -> gs://100hr-data/Electronics/IMU/MTL-SKL00110-063.txt
OK    /Volumes/Samsung 990-2/100 Hours/Electronics/MTL-SKL00094-088.aac -> gs://100hr-data/Electronics/IMU/MTL-SKL00094-088.aac
OK    /Volumes/Samsung 990-2/100 Hours/Electronics/MTL-SKL00094-104.txt -> gs://100hr-data/Electronics/IMU/MTL-SKL00094-104.txt
OK    /Volumes/Samsung 990-2/100 Hours/Electronics/MTL-SKL00100-063.txt -> gs://100hr-data/Electronics/IMU/MTL-SKL00100-063.txt
OK    /Volumes/Samsung 990-2/100 Hours/Electronics/MTL-SKL00094-110.txt -> gs://100hr-data/Electronics/IMU/MTL-SKL00094-110.txt
OK    /Volumes/Samsung 990-2/100 Hours/Electronics/MTL-SKL00091-041.txt -> gs://100hr-data/Electronics/IMU/MTL-SKL00091-041.txt
OK    /Volumes/Samsung 990-2/100 Hours/Electronics/MTL-SKL00091-052.aac -> gs://100hr-data/Electronics/IMU/MTL-SKL00091-052.aac
OK    /Volumes/Samsung 990-2/100 Hours/Electronics/MTL-SKL00110-064.aac -> gs://100hr-data/Electronics/IMU/MTL-SKL00110-064.aac
OK    /Volumes/Samsung 990-2/100 Hours/Electronics/MTL-SKL00094-103.aac -> gs://100hr-data/Electronics/IMU/MTL-SKL00094-103.aac
OK    /Volumes/Samsung 990-2/100 Hours/Electronics/MTL-SKL00094-030.mp4 -> gs://100hr-data/Electronics/Videos/MTL-SKL00094-030.mp4
OK    /Volumes/Samsung 990-2/100 Hours/Electronics/MTL-SKL00089-013.mp4 -> gs://100hr-data/Electronics/Videos/MTL-SKL00089-013.mp4
OK    /Volumes/Samsung 990-2/100 Hours/Electronics/MTL-SKL00108-025.mp4 -> gs://100hr-data/Electronics/Videos/MTL-SKL00108-025.mp4
OK    /Volumes/Samsung 990-2/100 Hours/Electronics/MTL-SKL00100-064.aac -> gs://100hr-data/Electronics/IMU/MTL-SKL00100-064.aac
OK    /Volumes/Samsung 990-2/100 Hours/Electronics/MTL-SKL00108-031.mp4 -> gs://100hr-data/Electronics/Videos/MTL-SKL00108-031.mp4
OK    /Volumes/Samsung 990-2/100 Hours/Electronics/MTL-SKL00089-007.mp4 -> gs://100hr-data/Electronics/Videos/MTL-SKL00089-007.mp4
OK    /Volumes/Samsung 990-2/100 Hours/Electronics/MTL-SKL00094-024.mp4 -> gs://100hr-data/Electronics/Videos/MTL-SKL00094-024.mp4
OK    /Volumes/Samsung 990-2/100 Hours/Electronics/MTL-SKL00094-117.aac -> gs://100hr-data/Electronics/IMU/MTL-SKL00094-117.aac
OK    /Volumes/Samsung 990-2/100 Hours/Electronics/MTL-SKL00091-046.aac -> gs://100hr-data/Electronics/IMU/MTL-SKL00091-046.aac
OK    /Volumes/Samsung 990-2/100 Hours/Electronics/MTL-SKL00110-058.aac -> gs://100hr-data/Electronics/IMU/MTL-SKL00110-058.aac
OK    /Volumes/Samsung 990-2/100 Hours/Electronics/MTL-SKL00108-019.mp4 -> gs://100hr-data/Electronics/Videos/MTL-SKL00108-019.mp4
OK    /Volumes/Samsung 990-2/100 Hours/Electronics/MTL-SKL00100-058.aac -> gs://100hr-data/Electronics/IMU/MTL-SKL00100-058.aac
OK    /Volumes/Samsung 990-2/100 Hours/Electronics/MTL-SKL00094-018.mp4 -> gs://100hr-data/Electronics/Videos/MTL-SKL00094-018.mp4
OK    /Volumes/Samsung 990-2/100 Hours/Electronics/MTL-SKL00108-059.txt -> gs://100hr-data/Electronics/IMU/MTL-SKL00108-059.txt
OK    /Volumes/Samsung 990-2/100 Hours/Electronics/MTL-SKL00094-058.txt -> gs://100hr-data/Electronics/IMU/MTL-SKL00094-058.txt
OK    /Volumes/Samsung 990-2/100 Hours/Electronics/MTL-SKL00091-085.aac -> gs://100hr-data/Electronics/IMU/MTL-SKL00091-085.aac
OK    /Volumes/Samsung 990-2/100 Hours/Electronics/MTL-SKL00094-070.txt -> gs://100hr-data/Electronics/IMU/MTL-SKL00094-070.txt
OK    /Volumes/Samsung 990-2/100 Hours/Electronics/MTL-SKL00108-065.txt -> gs://100hr-data/Electronics/IMU/MTL-SKL00108-065.txt
OK    /Volumes/Samsung 990-2/100 Hours/Electronics/MTL-SKL00089-053.txt -> gs://100hr-data/Electronics/IMU/MTL-SKL00089-053.txt
OK    /Volumes/Samsung 990-2/100 Hours/Electronics/MTL-SKL00089-047.txt -> gs://100hr-data/Electronics/IMU/MTL-SKL00089-047.txt
OK    /Volumes/Samsung 990-2/100 Hours/Electronics/MTL-SKL00108-071.txt -> gs://100hr-data/Electronics/IMU/MTL-SKL00108-071.txt
OK    /Volumes/Samsung 990-2/100 Hours/Electronics/MTL-SKL00094-064.txt -> gs://100hr-data/Electronics/IMU/MTL-SKL00094-064.txt
OK    /Volumes/Samsung 990-2/100 Hours/Electronics/MTL-SKL00098-016.mp4 -> gs://100hr-data/Electronics/Videos/MTL-SKL00098-016.mp4
OK    /Volumes/Samsung 990-2/100 Hours/Electronics/MTL-SKL00102-012.txt -> gs://100hr-data/Electronics/IMU/MTL-SKL00102-012.txt
OK    /Volumes/Samsung 990-2/100 Hours/Electronics/MTL-SKL00098-119.aac -> gs://100hr-data/Electronics/IMU/MTL-SKL00098-119.aac
OK    /Volumes/Samsung 990-2/100 Hours/Electronics/MTL-SKL00098-081.txt -> gs://100hr-data/Electronics/IMU/MTL-SKL00098-081.txt
OK    /Volumes/Samsung 990-2/100 Hours/Electronics/MTL-SKL00102-052.mp4 -> gs://100hr-data/Electronics/Videos/MTL-SKL00102-052.mp4
OK    /Volumes/Samsung 990-2/100 Hours/Electronics/MTL-SKL00102-046.mp4 -> gs://100hr-data/Electronics/Videos/MTL-SKL00102-046.mp4
OK    /Volumes/Samsung 990-2/100 Hours/Electronics/MTL-SKL00098-056.txt -> gs://100hr-data/Electronics/IMU/MTL-SKL00098-056.txt
OK    /Volumes/Samsung 990-2/100 Hours/Electronics/MTL-SKL00098-042.txt -> gs://100hr-data/Electronics/IMU/MTL-SKL00098-042.txt
OK    /Volumes/Samsung 990-2/100 Hours/Electronics/MTL-SKL00098-043.txt -> gs://100hr-data/Electronics/IMU/MTL-SKL00098-043.txt
OK    /Volumes/Samsung 990-2/100 Hours/Electronics/MTL-SKL00098-057.txt -> gs://100hr-data/Electronics/IMU/MTL-SKL00098-057.txt
OK    /Volumes/Samsung 990-2/100 Hours/Electronics/MTL-SKL00102-047.mp4 -> gs://100hr-data/Electronics/Videos/MTL-SKL00102-047.mp4
OK    /Volumes/Samsung 990-2/100 Hours/Electronics/MTL-SKL00102-053.mp4 -> gs://100hr-data/Electronics/Videos/MTL-SKL00102-053.mp4
OK    /Volumes/Samsung 990-2/100 Hours/Electronics/MTL-SKL00098-080.txt -> gs://100hr-data/Electronics/IMU/MTL-SKL00098-080.txt
OK    /Volumes/Samsung 990-2/100 Hours/Electronics/MTL-SKL00102-013.txt -> gs://100hr-data/Electronics/IMU/MTL-SKL00102-013.txt
OK    /Volumes/Samsung 990-2/100 Hours/Electronics/MTL-SKL00098-094.txt -> gs://100hr-data/Electronics/IMU/MTL-SKL00098-094.txt
OK    /Volumes/Samsung 990-2/100 Hours/Electronics/MTL-SKL00098-124.aac -> gs://100hr-data/Electronics/IMU/MTL-SKL00098-124.aac
OK    /Volumes/Samsung 990-2/100 Hours/Electronics/MTL-SKL00098-017.mp4 -> gs://100hr-data/Electronics/Videos/MTL-SKL00098-017.mp4
OK    /Volumes/Samsung 990-2/100 Hours/Electronics/MTL-SKL00108-070.txt -> gs://100hr-data/Electronics/IMU/MTL-SKL00108-070.txt
OK    /Volumes/Samsung 990-2/100 Hours/Electronics/MTL-SKL00089-046.txt -> gs://100hr-data/Electronics/IMU/MTL-SKL00089-046.txt
OK    /Volumes/Samsung 990-2/100 Hours/Electronics/MTL-SKL00094-065.txt -> gs://100hr-data/Electronics/IMU/MTL-SKL00094-065.txt
OK    /Volumes/Samsung 990-2/100 Hours/Electronics/MTL-SKL00094-071.txt -> gs://100hr-data/Electronics/IMU/MTL-SKL00094-071.txt
OK    /Volumes/Samsung 990-2/100 Hours/Electronics/MTL-SKL00089-052.txt -> gs://100hr-data/Electronics/IMU/MTL-SKL00089-052.txt
OK    /Volumes/Samsung 990-2/100 Hours/Electronics/MTL-SKL00108-064.txt -> gs://100hr-data/Electronics/IMU/MTL-SKL00108-064.txt
OK    /Volumes/Samsung 990-2/100 Hours/Electronics/MTL-SKL00094-059.txt -> gs://100hr-data/Electronics/IMU/MTL-SKL00094-059.txt
OK    /Volumes/Samsung 990-2/100 Hours/Electronics/MTL-SKL00091-084.aac -> gs://100hr-data/Electronics/IMU/MTL-SKL00091-084.aac
OK    /Volumes/Samsung 990-2/100 Hours/Electronics/MTL-SKL00094-019.mp4 -> gs://100hr-data/Electronics/Videos/MTL-SKL00094-019.mp4
OK    /Volumes/Samsung 990-2/100 Hours/Electronics/MTL-SKL00094-116.aac -> gs://100hr-data/Electronics/IMU/MTL-SKL00094-116.aac
OK    /Volumes/Samsung 990-2/100 Hours/Electronics/MTL-SKL00089-006.mp4 -> gs://100hr-data/Electronics/Videos/MTL-SKL00089-006.mp4
OK    /Volumes/Samsung 990-2/100 Hours/Electronics/MTL-SKL00108-030.mp4 -> gs://100hr-data/Electronics/Videos/MTL-SKL00108-030.mp4
OK    /Volumes/Samsung 990-2/100 Hours/Electronics/MTL-SKL00094-025.mp4 -> gs://100hr-data/Electronics/Videos/MTL-SKL00094-025.mp4
OK    /Volumes/Samsung 990-2/100 Hours/Electronics/MTL-SKL00100-065.aac -> gs://100hr-data/Electronics/IMU/MTL-SKL00100-065.aac
OK    /Volumes/Samsung 990-2/100 Hours/Electronics/MTL-SKL00091-047.aac -> gs://100hr-data/Electronics/IMU/MTL-SKL00091-047.aac
OK    /Volumes/Samsung 990-2/100 Hours/Electronics/MTL-SKL00110-071.aac -> gs://100hr-data/Electronics/IMU/MTL-SKL00110-071.aac
OK    /Volumes/Samsung 990-2/100 Hours/Electronics/MTL-SKL00110-065.aac -> gs://100hr-data/Electronics/IMU/MTL-SKL00110-065.aac
OK    /Volumes/Samsung 990-2/100 Hours/Electronics/MTL-SKL00091-053.aac -> gs://100hr-data/Electronics/IMU/MTL-SKL00091-053.aac
OK    /Volumes/Samsung 990-2/100 Hours/Electronics/MTL-SKL00094-031.mp4 -> gs://100hr-data/Electronics/Videos/MTL-SKL00094-031.mp4
OK    /Volumes/Samsung 990-2/100 Hours/Electronics/MTL-SKL00108-024.mp4 -> gs://100hr-data/Electronics/Videos/MTL-SKL00108-024.mp4
OK    /Volumes/Samsung 990-2/100 Hours/Electronics/MTL-SKL00089-012.mp4 -> gs://100hr-data/Electronics/Videos/MTL-SKL00089-012.mp4
OK    /Volumes/Samsung 990-2/100 Hours/Electronics/MTL-SKL00100-071.aac -> gs://100hr-data/Electronics/IMU/MTL-SKL00100-071.aac
OK    /Volumes/Samsung 990-2/100 Hours/Electronics/MTL-SKL00094-102.aac -> gs://100hr-data/Electronics/IMU/MTL-SKL00094-102.aac
OK    /Volumes/Samsung 990-2/100 Hours/Electronics/MTL-SKL00094-111.txt -> gs://100hr-data/Electronics/IMU/MTL-SKL00094-111.txt
OK    /Volumes/Samsung 990-2/100 Hours/Electronics/MTL-SKL00091-040.txt -> gs://100hr-data/Electronics/IMU/MTL-SKL00091-040.txt
OK    /Volumes/Samsung 990-2/100 Hours/Electronics/MTL-SKL00110-076.txt -> gs://100hr-data/Electronics/IMU/MTL-SKL00110-076.txt
OK    /Volumes/Samsung 990-2/100 Hours/Electronics/MTL-SKL00091-054.txt -> gs://100hr-data/Electronics/IMU/MTL-SKL00091-054.txt
OK    /Volumes/Samsung 990-2/100 Hours/Electronics/MTL-SKL00100-076.txt -> gs://100hr-data/Electronics/IMU/MTL-SKL00100-076.txt
OK    /Volumes/Samsung 990-2/100 Hours/Electronics/MTL-SKL00094-105.txt -> gs://100hr-data/Electronics/IMU/MTL-SKL00094-105.txt
OK    /Volumes/Samsung 990-2/100 Hours/Electronics/MTL-SKL00094-089.aac -> gs://100hr-data/Electronics/IMU/MTL-SKL00094-089.aac
OK    /Volumes/Samsung 990-2/100 Hours/Electronics/MTL-SKL00091-068.txt -> gs://100hr-data/Electronics/IMU/MTL-SKL00091-068.txt
OK    /Volumes/Samsung 990-2/100 Hours/Electronics/MTL-SKL00091-083.txt -> gs://100hr-data/Electronics/IMU/MTL-SKL00091-083.txt
OK    /Volumes/Samsung 990-2/100 Hours/Electronics/MTL-SKL00091-028.mp4 -> gs://100hr-data/Electronics/Videos/MTL-SKL00091-028.mp4
OK    /Volumes/Samsung 990-2/100 Hours/Electronics/MTL-SKL00089-069.aac -> gs://100hr-data/Electronics/IMU/MTL-SKL00089-069.aac
OK    /Volumes/Samsung 990-2/100 Hours/Electronics/MTL-SKL00094-062.aac -> gs://100hr-data/Electronics/IMU/MTL-SKL00094-062.aac
OK    /Volumes/Samsung 990-2/100 Hours/Electronics/MTL-SKL00089-041.aac -> gs://100hr-data/Electronics/IMU/MTL-SKL00089-041.aac
OK    /Volumes/Samsung 990-2/100 Hours/Electronics/MTL-SKL00110-036.mp4 -> gs://100hr-data/Electronics/Videos/MTL-SKL00110-036.mp4
OK    /Volumes/Samsung 990-2/100 Hours/Electronics/MTL-SKL00110-089.txt -> gs://100hr-data/Electronics/IMU/MTL-SKL00110-089.txt
OK    /Volumes/Samsung 990-2/100 Hours/Electronics/MTL-SKL00091-014.mp4 -> gs://100hr-data/Electronics/Videos/MTL-SKL00091-014.mp4
OK    /Volumes/Samsung 990-2/100 Hours/Electronics/MTL-SKL00100-089.txt -> gs://100hr-data/Electronics/IMU/MTL-SKL00100-089.txt
OK    /Volumes/Samsung 990-2/100 Hours/Electronics/MTL-SKL00089-055.aac -> gs://100hr-data/Electronics/IMU/MTL-SKL00089-055.aac
OK    /Volumes/Samsung 990-2/100 Hours/Electronics/MTL-SKL00094-076.aac -> gs://100hr-data/Electronics/IMU/MTL-SKL00094-076.aac
OK    /Volumes/Samsung 990-2/100 Hours/Electronics/MTL-SKL00100-036.mp4 -> gs://100hr-data/Electronics/Videos/MTL-SKL00100-036.mp4
OK    /Volumes/Samsung 990-2/100 Hours/Electronics/MTL-SKL00102-028.aac -> gs://100hr-data/Electronics/IMU/MTL-SKL00102-028.aac
OK    /Volumes/Samsung 990-2/100 Hours/Electronics/MTL-SKL00098-123.txt -> gs://100hr-data/Electronics/IMU/MTL-SKL00098-123.txt
OK    /Volumes/Samsung 990-2/100 Hours/Electronics/MTL-SKL00098-087.aac -> gs://100hr-data/Electronics/IMU/MTL-SKL00098-087.aac
OK    /Volumes/Samsung 990-2/100 Hours/Electronics/MTL-SKL00102-014.aac -> gs://100hr-data/Electronics/IMU/MTL-SKL00102-014.aac
OK    /Volumes/Samsung 990-2/100 Hours/Electronics/MTL-SKL00098-093.aac -> gs://100hr-data/Electronics/IMU/MTL-SKL00098-093.aac
OK    /Volumes/Samsung 990-2/100 Hours/Electronics/MTL-SKL00098-078.aac -> gs://100hr-data/Electronics/IMU/MTL-SKL00098-078.aac
OK    /Volumes/Samsung 990-2/100 Hours/Electronics/MTL-SKL00098-044.aac -> gs://100hr-data/Electronics/IMU/MTL-SKL00098-044.aac
OK    /Volumes/Samsung 990-2/100 Hours/Electronics/MTL-SKL00098-050.aac -> gs://100hr-data/Electronics/IMU/MTL-SKL00098-050.aac
OK    /Volumes/Samsung 990-2/100 Hours/Electronics/MTL-SKL00098-104.mp4 -> gs://100hr-data/Electronics/Videos/MTL-SKL00098-104.mp4
OK    /Volumes/Samsung 990-2/100 Hours/Electronics/MTL-SKL00098-023.aac -> gs://100hr-data/Electronics/IMU/MTL-SKL00098-023.aac
OK    /Volumes/Samsung 990-2/100 Hours/Electronics/MTL-SKL00102-067.aac -> gs://100hr-data/Electronics/IMU/MTL-SKL00102-067.aac
OK    /Volumes/Samsung 990-2/100 Hours/Electronics/MTL-SKL00110-079.mp4 -> gs://100hr-data/Electronics/Videos/MTL-SKL00110-079.mp4
OK    /Volumes/Samsung 990-2/100 Hours/Electronics/MTL-SKL00108-038.aac -> gs://100hr-data/Electronics/IMU/MTL-SKL00108-038.aac
OK    /Volumes/Samsung 990-2/100 Hours/Electronics/MTL-SKL00100-079.mp4 -> gs://100hr-data/Electronics/Videos/MTL-SKL00100-079.mp4
OK    /Volumes/Samsung 990-2/100 Hours/Electronics/MTL-SKL00094-039.aac -> gs://100hr-data/Electronics/IMU/MTL-SKL00094-039.aac
OK    /Volumes/Samsung 990-2/100 Hours/Electronics/MTL-SKL00091-073.mp4 -> gs://100hr-data/Electronics/Videos/MTL-SKL00091-073.mp4
OK    /Volumes/Samsung 990-2/100 Hours/Electronics/MTL-SKL00110-045.mp4 -> gs://100hr-data/Electronics/Videos/MTL-SKL00110-045.mp4
OK    /Volumes/Samsung 990-2/100 Hours/Electronics/MTL-SKL00089-032.aac -> gs://100hr-data/Electronics/IMU/MTL-SKL00089-032.aac
OK    /Volumes/Samsung 990-2/100 Hours/Electronics/MTL-SKL00094-011.aac -> gs://100hr-data/Electronics/IMU/MTL-SKL00094-011.aac
OK    /Volumes/Samsung 990-2/100 Hours/Electronics/MTL-SKL00100-045.mp4 -> gs://100hr-data/Electronics/Videos/MTL-SKL00100-045.mp4
OK    /Volumes/Samsung 990-2/100 Hours/Electronics/MTL-SKL00089-026.aac -> gs://100hr-data/Electronics/IMU/MTL-SKL00089-026.aac
OK    /Volumes/Samsung 990-2/100 Hours/Electronics/MTL-SKL00091-067.mp4 -> gs://100hr-data/Electronics/Videos/MTL-SKL00091-067.mp4
OK    /Volumes/Samsung 990-2/100 Hours/Electronics/MTL-SKL00110-005.txt -> gs://100hr-data/Electronics/IMU/MTL-SKL00110-005.txt
OK    /Volumes/Samsung 990-2/100 Hours/Electronics/MTL-SKL00091-033.txt -> gs://100hr-data/Electronics/IMU/MTL-SKL00091-033.txt
OK    /Volumes/Samsung 990-2/100 Hours/Electronics/MTL-SKL00091-027.txt -> gs://100hr-data/Electronics/IMU/MTL-SKL00091-027.txt
OK    /Volumes/Samsung 990-2/100 Hours/Electronics/MTL-SKL00110-086.mp4 -> gs://100hr-data/Electronics/Videos/MTL-SKL00110-086.mp4
OK    /Volumes/Samsung 990-2/100 Hours/Electronics/MTL-SKL00110-039.txt -> gs://100hr-data/Electronics/IMU/MTL-SKL00110-039.txt
OK    /Volumes/Samsung 990-2/100 Hours/Electronics/MTL-SKL00100-039.txt -> gs://100hr-data/Electronics/IMU/MTL-SKL00100-039.txt
OK    /Volumes/Samsung 990-2/100 Hours/Electronics/MTL-SKL00100-086.mp4 -> gs://100hr-data/Electronics/Videos/MTL-SKL00100-086.mp4
OK    /Volumes/Samsung 990-2/100 Hours/Electronics/MTL-SKL00091-008.aac -> gs://100hr-data/Electronics/IMU/MTL-SKL00091-008.aac
OK    /Volumes/Samsung 990-2/100 Hours/Electronics/MTL-SKL00089-049.mp4 -> gs://100hr-data/Electronics/Videos/MTL-SKL00089-049.mp4
OK    /Volumes/Samsung 990-2/100 Hours/Electronics/MTL-SKL00091-034.aac -> gs://100hr-data/Electronics/IMU/MTL-SKL00091-034.aac
OK    /Volumes/Samsung 990-2/100 Hours/Electronics/MTL-SKL00100-016.aac -> gs://100hr-data/Electronics/IMU/MTL-SKL00100-016.aac
OK    /Volumes/Samsung 990-2/100 Hours/Electronics/MTL-SKL00094-056.mp4 -> gs://100hr-data/Electronics/Videos/MTL-SKL00094-056.mp4
OK    /Volumes/Samsung 990-2/100 Hours/Electronics/MTL-SKL00108-043.mp4 -> gs://100hr-data/Electronics/Videos/MTL-SKL00108-043.mp4
OK    /Volumes/Samsung 990-2/100 Hours/Electronics/MTL-SKL00089-061.mp4 -> gs://100hr-data/Electronics/Videos/MTL-SKL00089-061.mp4
OK    /Volumes/Samsung 990-2/100 Hours/Electronics/MTL-SKL00108-057.mp4 -> gs://100hr-data/Electronics/Videos/MTL-SKL00108-057.mp4
OK    /Volumes/Samsung 990-2/100 Hours/Electronics/MTL-SKL00094-042.mp4 -> gs://100hr-data/Electronics/Videos/MTL-SKL00094-042.mp4
OK    /Volumes/Samsung 990-2/100 Hours/Electronics/MTL-SKL00091-020.aac -> gs://100hr-data/Electronics/IMU/MTL-SKL00091-020.aac
OK    /Volumes/Samsung 990-2/100 Hours/Electronics/MTL-SKL00110-016.aac -> gs://100hr-data/Electronics/IMU/MTL-SKL00110-016.aac
OK    /Volumes/Samsung 990-2/100 Hours/Electronics/MTL-SKL00094-016.txt -> gs://100hr-data/Electronics/IMU/MTL-SKL00094-016.txt
OK    /Volumes/Samsung 990-2/100 Hours/Electronics/MTL-SKL00089-035.txt -> gs://100hr-data/Electronics/IMU/MTL-SKL00089-035.txt
OK    /Volumes/Samsung 990-2/100 Hours/Electronics/MTL-SKL00108-017.txt -> gs://100hr-data/Electronics/IMU/MTL-SKL00108-017.txt
OK    /Volumes/Samsung 990-2/100 Hours/Electronics/MTL-SKL00089-021.txt -> gs://100hr-data/Electronics/IMU/MTL-SKL00089-021.txt
OK    /Volumes/Samsung 990-2/100 Hours/Electronics/MTL-SKL00089-009.txt -> gs://100hr-data/Electronics/IMU/MTL-SKL00089-009.txt
OK    /Volumes/Samsung 990-2/100 Hours/Electronics/MTL-SKL00094-095.mp4 -> gs://100hr-data/Electronics/Videos/MTL-SKL00094-095.mp4
OK    /Volumes/Samsung 990-2/100 Hours/Electronics/MTL-SKL00094-081.mp4 -> gs://100hr-data/Electronics/Videos/MTL-SKL00094-081.mp4
OK    /Volumes/Samsung 990-2/100 Hours/Electronics/MTL-SKL00098-058.mp4 -> gs://100hr-data/Electronics/Videos/MTL-SKL00098-058.mp4
OK    /Volumes/Samsung 990-2/100 Hours/Electronics/MTL-SKL00102-060.txt -> gs://100hr-data/Electronics/IMU/MTL-SKL00102-060.txt
OK    /Volumes/Samsung 990-2/100 Hours/Electronics/MTL-SKL00102-048.txt -> gs://100hr-data/Electronics/IMU/MTL-SKL00102-048.txt
OK    /Volumes/Samsung 990-2/100 Hours/Electronics/MTL-SKL00098-064.mp4 -> gs://100hr-data/Electronics/Videos/MTL-SKL00098-064.mp4
OK    /Volumes/Samsung 990-2/100 Hours/Electronics/MTL-SKL00098-030.txt -> gs://100hr-data/Electronics/IMU/MTL-SKL00098-030.txt
OK    /Volumes/Samsung 990-2/100 Hours/Electronics/MTL-SKL00098-024.txt -> gs://100hr-data/Electronics/IMU/MTL-SKL00098-024.txt
OK    /Volumes/Samsung 990-2/100 Hours/Electronics/MTL-SKL00102-034.mp4 -> gs://100hr-data/Electronics/Videos/MTL-SKL00102-034.mp4
OK    /Volumes/Samsung 990-2/100 Hours/Electronics/MTL-SKL00102-020.mp4 -> gs://100hr-data/Electronics/Videos/MTL-SKL00102-020.mp4
OK    /Volumes/Samsung 990-2/100 Hours/Electronics/MTL-SKL00098-019.txt -> gs://100hr-data/Electronics/IMU/MTL-SKL00098-019.txt
OK    /Volumes/Samsung 990-2/100 Hours/Electronics/MTL-SKL00102-021.mp4 -> gs://100hr-data/Electronics/Videos/MTL-SKL00102-021.mp4
OK    /Volumes/Samsung 990-2/100 Hours/Electronics/MTL-SKL00102-035.mp4 -> gs://100hr-data/Electronics/Videos/MTL-SKL00102-035.mp4
OK    /Volumes/Samsung 990-2/100 Hours/Electronics/MTL-SKL00098-025.txt -> gs://100hr-data/Electronics/IMU/MTL-SKL00098-025.txt
OK    /Volumes/Samsung 990-2/100 Hours/Electronics/MTL-SKL00102-009.mp4 -> gs://100hr-data/Electronics/Videos/MTL-SKL00102-009.mp4
OK    /Volumes/Samsung 990-2/100 Hours/Electronics/MTL-SKL00098-031.txt -> gs://100hr-data/Electronics/IMU/MTL-SKL00098-031.txt
OK    /Volumes/Samsung 990-2/100 Hours/Electronics/MTL-SKL00098-065.mp4 -> gs://100hr-data/Electronics/Videos/MTL-SKL00098-065.mp4
OK    /Volumes/Samsung 990-2/100 Hours/Electronics/MTL-SKL00102-049.txt -> gs://100hr-data/Electronics/IMU/MTL-SKL00102-049.txt
OK    /Volumes/Samsung 990-2/100 Hours/Electronics/MTL-SKL00098-071.mp4 -> gs://100hr-data/Electronics/Videos/MTL-SKL00098-071.mp4
OK    /Volumes/Samsung 990-2/100 Hours/Electronics/MTL-SKL00102-061.txt -> gs://100hr-data/Electronics/IMU/MTL-SKL00102-061.txt
OK    /Volumes/Samsung 990-2/100 Hours/Electronics/MTL-SKL00094-080.mp4 -> gs://100hr-data/Electronics/Videos/MTL-SKL00094-080.mp4
OK    /Volumes/Samsung 990-2/100 Hours/Electronics/MTL-SKL00094-094.mp4 -> gs://100hr-data/Electronics/Videos/MTL-SKL00094-094.mp4
OK    /Volumes/Samsung 990-2/100 Hours/Electronics/MTL-SKL00089-008.txt -> gs://100hr-data/Electronics/IMU/MTL-SKL00089-008.txt
OK    /Volumes/Samsung 990-2/100 Hours/Electronics/MTL-SKL00089-020.txt -> gs://100hr-data/Electronics/IMU/MTL-SKL00089-020.txt
OK    /Volumes/Samsung 990-2/100 Hours/Electronics/MTL-SKL00108-016.txt -> gs://100hr-data/Electronics/IMU/MTL-SKL00108-016.txt
OK    /Volumes/Samsung 990-2/100 Hours/Electronics/MTL-SKL00094-017.txt -> gs://100hr-data/Electronics/IMU/MTL-SKL00094-017.txt
OK    /Volumes/Samsung 990-2/100 Hours/Electronics/MTL-SKL00089-034.txt -> gs://100hr-data/Electronics/IMU/MTL-SKL00089-034.txt
OK    /Volumes/Samsung 990-2/100 Hours/Electronics/MTL-SKL00108-056.mp4 -> gs://100hr-data/Electronics/Videos/MTL-SKL00108-056.mp4
OK    /Volumes/Samsung 990-2/100 Hours/Electronics/MTL-SKL00089-060.mp4 -> gs://100hr-data/Electronics/Videos/MTL-SKL00089-060.mp4
OK    /Volumes/Samsung 990-2/100 Hours/Electronics/MTL-SKL00094-043.mp4 -> gs://100hr-data/Electronics/Videos/MTL-SKL00094-043.mp4
OK    /Volumes/Samsung 990-2/100 Hours/Electronics/MTL-SKL00110-017.aac -> gs://100hr-data/Electronics/IMU/MTL-SKL00110-017.aac
OK    /Volumes/Samsung 990-2/100 Hours/Electronics/MTL-SKL00091-021.aac -> gs://100hr-data/Electronics/IMU/MTL-SKL00091-021.aac
OK    /Volumes/Samsung 990-2/100 Hours/Electronics/MTL-SKL00091-035.aac -> gs://100hr-data/Electronics/IMU/MTL-SKL00091-035.aac
OK    /Volumes/Samsung 990-2/100 Hours/Electronics/MTL-SKL00094-057.mp4 -> gs://100hr-data/Electronics/Videos/MTL-SKL00094-057.mp4
OK    /Volumes/Samsung 990-2/100 Hours/Electronics/MTL-SKL00108-042.mp4 -> gs://100hr-data/Electronics/Videos/MTL-SKL00108-042.mp4
OK    /Volumes/Samsung 990-2/100 Hours/Electronics/MTL-SKL00100-017.aac -> gs://100hr-data/Electronics/IMU/MTL-SKL00100-017.aac
OK    /Volumes/Samsung 990-2/100 Hours/Electronics/MTL-SKL00091-009.aac -> gs://100hr-data/Electronics/IMU/MTL-SKL00091-009.aac
OK    /Volumes/Samsung 990-2/100 Hours/Electronics/MTL-SKL00089-048.mp4 -> gs://100hr-data/Electronics/Videos/MTL-SKL00089-048.mp4
OK    /Volumes/Samsung 990-2/100 Hours/Electronics/MTL-SKL00100-087.mp4 -> gs://100hr-data/Electronics/Videos/MTL-SKL00100-087.mp4
OK    /Volumes/Samsung 990-2/100 Hours/Electronics/MTL-SKL00100-038.txt -> gs://100hr-data/Electronics/IMU/MTL-SKL00100-038.txt
OK    /Volumes/Samsung 990-2/100 Hours/Electronics/MTL-SKL00110-093.mp4 -> gs://100hr-data/Electronics/Videos/MTL-SKL00110-093.mp4
OK    /Volumes/Samsung 990-2/100 Hours/Electronics/MTL-SKL00110-038.txt -> gs://100hr-data/Electronics/IMU/MTL-SKL00110-038.txt
OK    /Volumes/Samsung 990-2/100 Hours/Electronics/MTL-SKL00110-087.mp4 -> gs://100hr-data/Electronics/Videos/MTL-SKL00110-087.mp4
OK    /Volumes/Samsung 990-2/100 Hours/Electronics/MTL-SKL00100-093.mp4 -> gs://100hr-data/Electronics/Videos/MTL-SKL00100-093.mp4
OK    /Volumes/Samsung 990-2/100 Hours/Electronics/MTL-SKL00100-004.txt -> gs://100hr-data/Electronics/IMU/MTL-SKL00100-004.txt
OK    /Volumes/Samsung 990-2/100 Hours/Electronics/MTL-SKL00110-010.txt -> gs://100hr-data/Electronics/IMU/MTL-SKL00110-010.txt
OK    /Volumes/Samsung 990-2/100 Hours/Electronics/MTL-SKL00091-026.txt -> gs://100hr-data/Electronics/IMU/MTL-SKL00091-026.txt
OK    /Volumes/Samsung 990-2/100 Hours/Electronics/MTL-SKL00091-032.txt -> gs://100hr-data/Electronics/IMU/MTL-SKL00091-032.txt
OK    /Volumes/Samsung 990-2/100 Hours/Electronics/MTL-SKL00100-010.txt -> gs://100hr-data/Electronics/IMU/MTL-SKL00100-010.txt
OK    /Volumes/Samsung 990-2/100 Hours/Electronics/MTL-SKL00089-027.aac -> gs://100hr-data/Electronics/IMU/MTL-SKL00089-027.aac
OK    /Volumes/Samsung 990-2/100 Hours/Electronics/MTL-SKL00091-066.mp4 -> gs://100hr-data/Electronics/Videos/MTL-SKL00091-066.mp4
OK    /Volumes/Samsung 990-2/100 Hours/Electronics/MTL-SKL00110-050.mp4 -> gs://100hr-data/Electronics/Videos/MTL-SKL00110-050.mp4
OK    /Volumes/Samsung 990-2/100 Hours/Electronics/MTL-SKL00091-072.mp4 -> gs://100hr-data/Electronics/Videos/MTL-SKL00091-072.mp4
OK    /Volumes/Samsung 990-2/100 Hours/Electronics/MTL-SKL00089-033.aac -> gs://100hr-data/Electronics/IMU/MTL-SKL00089-033.aac
OK    /Volumes/Samsung 990-2/100 Hours/Electronics/MTL-SKL00094-010.aac -> gs://100hr-data/Electronics/IMU/MTL-SKL00094-010.aac
OK    /Volumes/Samsung 990-2/100 Hours/Electronics/MTL-SKL00100-050.mp4 -> gs://100hr-data/Electronics/Videos/MTL-SKL00100-050.mp4
OK    /Volumes/Samsung 990-2/100 Hours/Electronics/MTL-SKL00094-038.aac -> gs://100hr-data/Electronics/IMU/MTL-SKL00094-038.aac
OK    /Volumes/Samsung 990-2/100 Hours/Electronics/MTL-SKL00100-078.mp4 -> gs://100hr-data/Electronics/Videos/MTL-SKL00100-078.mp4
OK    /Volumes/Samsung 990-2/100 Hours/Electronics/MTL-SKL00110-078.mp4 -> gs://100hr-data/Electronics/Videos/MTL-SKL00110-078.mp4
OK    /Volumes/Samsung 990-2/100 Hours/Electronics/MTL-SKL00108-039.aac -> gs://100hr-data/Electronics/IMU/MTL-SKL00108-039.aac
OK    /Volumes/Samsung 990-2/100 Hours/Electronics/MTL-SKL00102-072.aac -> gs://100hr-data/Electronics/IMU/MTL-SKL00102-072.aac
OK    /Volumes/Samsung 990-2/100 Hours/Electronics/MTL-SKL00098-022.aac -> gs://100hr-data/Electronics/IMU/MTL-SKL00098-022.aac
OK    /Volumes/Samsung 990-2/100 Hours/Electronics/MTL-SKL00098-111.mp4 -> gs://100hr-data/Electronics/Videos/MTL-SKL00098-111.mp4
OK    /Volumes/Samsung 990-2/100 Hours/Electronics/MTL-SKL00098-105.mp4 -> gs://100hr-data/Electronics/Videos/MTL-SKL00098-105.mp4
OK    /Volumes/Samsung 990-2/100 Hours/Electronics/MTL-SKL00098-036.aac -> gs://100hr-data/Electronics/IMU/MTL-SKL00098-036.aac
OK    /Volumes/Samsung 990-2/100 Hours/Electronics/MTL-SKL00098-113.mp4 -> gs://100hr-data/Electronics/Videos/MTL-SKL00098-113.mp4
OK    /Volumes/Samsung 990-2/100 Hours/Electronics/MTL-SKL00098-020.aac -> gs://100hr-data/Electronics/IMU/MTL-SKL00098-020.aac
OK    /Volumes/Samsung 990-2/100 Hours/Electronics/MTL-SKL00098-034.aac -> gs://100hr-data/Electronics/IMU/MTL-SKL00098-034.aac
OK    /Volumes/Samsung 990-2/100 Hours/Electronics/MTL-SKL00098-107.mp4 -> gs://100hr-data/Electronics/Videos/MTL-SKL00098-107.mp4
OK    /Volumes/Samsung 990-2/100 Hours/Electronics/MTL-SKL00102-058.aac -> gs://100hr-data/Electronics/IMU/MTL-SKL00102-058.aac
OK    /Volumes/Samsung 990-2/100 Hours/Electronics/MTL-SKL00102-064.aac -> gs://100hr-data/Electronics/IMU/MTL-SKL00102-064.aac
OK    /Volumes/Samsung 990-2/100 Hours/Electronics/MTL-SKL00091-058.mp4 -> gs://100hr-data/Electronics/Videos/MTL-SKL00091-058.mp4
OK    /Volumes/Samsung 990-2/100 Hours/Electronics/MTL-SKL00094-109.mp4 -> gs://100hr-data/Electronics/Videos/MTL-SKL00094-109.mp4
OK    /Volumes/Samsung 990-2/100 Hours/Electronics/MTL-SKL00089-019.aac -> gs://100hr-data/Electronics/IMU/MTL-SKL00089-019.aac
OK    /Volumes/Samsung 990-2/100 Hours/Electronics/MTL-SKL00110-052.mp4 -> gs://100hr-data/Electronics/Videos/MTL-SKL00110-052.mp4
OK    /Volumes/Samsung 990-2/100 Hours/Electronics/MTL-SKL00091-064.mp4 -> gs://100hr-data/Electronics/Videos/MTL-SKL00091-064.mp4
OK    /Volumes/Samsung 990-2/100 Hours/Electronics/MTL-SKL00100-046.mp4 -> gs://100hr-data/Electronics/Videos/MTL-SKL00100-046.mp4
OK    /Volumes/Samsung 990-2/100 Hours/Electronics/MTL-SKL00108-013.aac -> gs://100hr-data/Electronics/IMU/MTL-SKL00108-013.aac
OK    /Volumes/Samsung 990-2/100 Hours/Electronics/MTL-SKL00089-025.aac -> gs://100hr-data/Electronics/IMU/MTL-SKL00089-025.aac
OK    /Volumes/Samsung 990-2/100 Hours/Electronics/MTL-SKL00100-052.mp4 -> gs://100hr-data/Electronics/Videos/MTL-SKL00100-052.mp4
OK    /Volumes/Samsung 990-2/100 Hours/Electronics/MTL-SKL00094-012.aac -> gs://100hr-data/Electronics/IMU/MTL-SKL00094-012.aac
OK    /Volumes/Samsung 990-2/100 Hours/Electronics/MTL-SKL00089-031.aac -> gs://100hr-data/Electronics/IMU/MTL-SKL00089-031.aac
OK    /Volumes/Samsung 990-2/100 Hours/Electronics/MTL-SKL00091-070.mp4 -> gs://100hr-data/Electronics/Videos/MTL-SKL00091-070.mp4
OK    /Volumes/Samsung 990-2/100 Hours/Electronics/MTL-SKL00110-046.mp4 -> gs://100hr-data/Electronics/Videos/MTL-SKL00110-046.mp4
OK    /Volumes/Samsung 990-2/100 Hours/Electronics/MTL-SKL00091-024.txt -> gs://100hr-data/Electronics/IMU/MTL-SKL00091-024.txt
OK    /Volumes/Samsung 990-2/100 Hours/Electronics/MTL-SKL00110-012.txt -> gs://100hr-data/Electronics/IMU/MTL-SKL00110-012.txt
OK    /Volumes/Samsung 990-2/100 Hours/Electronics/MTL-SKL00100-006.txt -> gs://100hr-data/Electronics/IMU/MTL-SKL00100-006.txt
OK    /Volumes/Samsung 990-2/100 Hours/Electronics/MTL-SKL00100-012.txt -> gs://100hr-data/Electronics/IMU/MTL-SKL00100-012.txt
OK    /Volumes/Samsung 990-2/100 Hours/Electronics/MTL-SKL00110-006.txt -> gs://100hr-data/Electronics/IMU/MTL-SKL00110-006.txt
OK    /Volumes/Samsung 990-2/100 Hours/Electronics/MTL-SKL00091-030.txt -> gs://100hr-data/Electronics/IMU/MTL-SKL00091-030.txt
OK    /Volumes/Samsung 990-2/100 Hours/Electronics/MTL-SKL00091-018.txt -> gs://100hr-data/Electronics/IMU/MTL-SKL00091-018.txt
OK    /Volumes/Samsung 990-2/100 Hours/Electronics/MTL-SKL00110-091.mp4 -> gs://100hr-data/Electronics/Videos/MTL-SKL00110-091.mp4
OK    /Volumes/Samsung 990-2/100 Hours/Electronics/MTL-SKL00100-085.mp4 -> gs://100hr-data/Electronics/Videos/MTL-SKL00100-085.mp4
OK    /Volumes/Samsung 990-2/100 Hours/Electronics/MTL-SKL00100-091.mp4 -> gs://100hr-data/Electronics/Videos/MTL-SKL00100-091.mp4
OK    /Volumes/Samsung 990-2/100 Hours/Electronics/MTL-SKL00110-085.mp4 -> gs://100hr-data/Electronics/Videos/MTL-SKL00110-085.mp4
OK    /Volumes/Samsung 990-2/100 Hours/Electronics/MTL-SKL00110-029.aac -> gs://100hr-data/Electronics/IMU/MTL-SKL00110-029.aac
OK    /Volumes/Samsung 990-2/100 Hours/Electronics/MTL-SKL00108-068.mp4 -> gs://100hr-data/Electronics/Videos/MTL-SKL00108-068.mp4
OK    /Volumes/Samsung 990-2/100 Hours/Electronics/MTL-SKL00100-029.aac -> gs://100hr-data/Electronics/IMU/MTL-SKL00100-029.aac
OK    /Volumes/Samsung 990-2/100 Hours/Electronics/MTL-SKL00094-069.mp4 -> gs://100hr-data/Electronics/Videos/MTL-SKL00094-069.mp4
OK    /Volumes/Samsung 990-2/100 Hours/Electronics/MTL-SKL00091-023.aac -> gs://100hr-data/Electronics/IMU/MTL-SKL00091-023.aac
OK    /Volumes/Samsung 990-2/100 Hours/Electronics/MTL-SKL00094-041.mp4 -> gs://100hr-data/Electronics/Videos/MTL-SKL00094-041.mp4
OK    /Volumes/Samsung 990-2/100 Hours/Electronics/MTL-SKL00089-062.mp4 -> gs://100hr-data/Electronics/Videos/MTL-SKL00089-062.mp4
OK    /Volumes/Samsung 990-2/100 Hours/Electronics/MTL-SKL00108-054.mp4 -> gs://100hr-data/Electronics/Videos/MTL-SKL00108-054.mp4
OK    /Volumes/Samsung 990-2/100 Hours/Electronics/MTL-SKL00094-055.mp4 -> gs://100hr-data/Electronics/Videos/MTL-SKL00094-055.mp4
OK    /Volumes/Samsung 990-2/100 Hours/Electronics/MTL-SKL00091-037.aac -> gs://100hr-data/Electronics/IMU/MTL-SKL00091-037.aac
OK    /Volumes/Samsung 990-2/100 Hours/Electronics/MTL-SKL00089-022.txt -> gs://100hr-data/Electronics/IMU/MTL-SKL00089-022.txt
OK    /Volumes/Samsung 990-2/100 Hours/Electronics/MTL-SKL00089-036.txt -> gs://100hr-data/Electronics/IMU/MTL-SKL00089-036.txt
OK    /Volumes/Samsung 990-2/100 Hours/Electronics/MTL-SKL00094-015.txt -> gs://100hr-data/Electronics/IMU/MTL-SKL00094-015.txt
OK    /Volumes/Samsung 990-2/100 Hours/Electronics/MTL-SKL00094-082.mp4 -> gs://100hr-data/Electronics/Videos/MTL-SKL00094-082.mp4
OK    /Volumes/Samsung 990-2/100 Hours/Electronics/MTL-SKL00108-028.txt -> gs://100hr-data/Electronics/IMU/MTL-SKL00108-028.txt
OK    /Volumes/Samsung 990-2/100 Hours/Electronics/MTL-SKL00094-029.txt -> gs://100hr-data/Electronics/IMU/MTL-SKL00094-029.txt
OK    /Volumes/Samsung 990-2/100 Hours/Electronics/MTL-SKL00094-096.mp4 -> gs://100hr-data/Electronics/Videos/MTL-SKL00094-096.mp4
OK    /Volumes/Samsung 990-2/100 Hours/Electronics/MTL-SKL00102-063.txt -> gs://100hr-data/Electronics/IMU/MTL-SKL00102-063.txt
OK    /Volumes/Samsung 990-2/100 Hours/Electronics/MTL-SKL00098-067.mp4 -> gs://100hr-data/Electronics/Videos/MTL-SKL00098-067.mp4
OK    /Volumes/Samsung 990-2/100 Hours/Electronics/MTL-SKL00098-073.mp4 -> gs://100hr-data/Electronics/Videos/MTL-SKL00098-073.mp4
OK    /Volumes/Samsung 990-2/100 Hours/Electronics/MTL-SKL00098-098.mp4 -> gs://100hr-data/Electronics/Videos/MTL-SKL00098-098.mp4
OK    /Volumes/Samsung 990-2/100 Hours/Electronics/MTL-SKL00098-027.txt -> gs://100hr-data/Electronics/IMU/MTL-SKL00098-027.txt
OK    /Volumes/Samsung 990-2/100 Hours/Electronics/MTL-SKL00102-023.mp4 -> gs://100hr-data/Electronics/Videos/MTL-SKL00102-023.mp4
OK    /Volumes/Samsung 990-2/100 Hours/Electronics/MTL-SKL00102-036.mp4 -> gs://100hr-data/Electronics/Videos/MTL-SKL00102-036.mp4
OK    /Volumes/Samsung 990-2/100 Hours/Electronics/MTL-SKL00098-032.txt -> gs://100hr-data/Electronics/IMU/MTL-SKL00098-032.txt
OK    /Volumes/Samsung 990-2/100 Hours/Electronics/MTL-SKL00098-026.txt -> gs://100hr-data/Electronics/IMU/MTL-SKL00098-026.txt
OK    /Volumes/Samsung 990-2/100 Hours/Electronics/MTL-SKL00098-072.mp4 -> gs://100hr-data/Electronics/Videos/MTL-SKL00098-072.mp4
OK    /Volumes/Samsung 990-2/100 Hours/Electronics/MTL-SKL00094-097.mp4 -> gs://100hr-data/Electronics/Videos/MTL-SKL00094-097.mp4
OK    /Volumes/Samsung 990-2/100 Hours/Electronics/MTL-SKL00094-028.txt -> gs://100hr-data/Electronics/IMU/MTL-SKL00094-028.txt
OK    /Volumes/Samsung 990-2/100 Hours/Electronics/MTL-SKL00094-083.mp4 -> gs://100hr-data/Electronics/Videos/MTL-SKL00094-083.mp4
OK    /Volumes/Samsung 990-2/100 Hours/Electronics/MTL-SKL00089-037.txt -> gs://100hr-data/Electronics/IMU/MTL-SKL00089-037.txt
OK    /Volumes/Samsung 990-2/100 Hours/Electronics/MTL-SKL00094-014.txt -> gs://100hr-data/Electronics/IMU/MTL-SKL00094-014.txt
OK    /Volumes/Samsung 990-2/100 Hours/Electronics/MTL-SKL00089-023.txt -> gs://100hr-data/Electronics/IMU/MTL-SKL00089-023.txt
OK    /Volumes/Samsung 990-2/100 Hours/Electronics/MTL-SKL00108-015.txt -> gs://100hr-data/Electronics/IMU/MTL-SKL00108-015.txt
OK    /Volumes/Samsung 990-2/100 Hours/Electronics/MTL-SKL00108-041.mp4 -> gs://100hr-data/Electronics/Videos/MTL-SKL00108-041.mp4
OK    /Volumes/Samsung 990-2/100 Hours/Electronics/MTL-SKL00094-054.mp4 -> gs://100hr-data/Electronics/Videos/MTL-SKL00094-054.mp4
OK    /Volumes/Samsung 990-2/100 Hours/Electronics/MTL-SKL00100-014.aac -> gs://100hr-data/Electronics/IMU/MTL-SKL00100-014.aac
OK    /Volumes/Samsung 990-2/100 Hours/Electronics/MTL-SKL00091-036.aac -> gs://100hr-data/Electronics/IMU/MTL-SKL00091-036.aac
OK    /Volumes/Samsung 990-2/100 Hours/Electronics/MTL-SKL00110-014.aac -> gs://100hr-data/Electronics/IMU/MTL-SKL00110-014.aac
OK    /Volumes/Samsung 990-2/100 Hours/Electronics/MTL-SKL00091-022.aac -> gs://100hr-data/Electronics/IMU/MTL-SKL00091-022.aac
OK    /Volumes/Samsung 990-2/100 Hours/Electronics/MTL-SKL00094-040.mp4 -> gs://100hr-data/Electronics/Videos/MTL-SKL00094-040.mp4
OK    /Volumes/Samsung 990-2/100 Hours/Electronics/MTL-SKL00089-063.mp4 -> gs://100hr-data/Electronics/Videos/MTL-SKL00089-063.mp4
OK    /Volumes/Samsung 990-2/100 Hours/Electronics/MTL-SKL00094-068.mp4 -> gs://100hr-data/Electronics/Videos/MTL-SKL00094-068.mp4
OK    /Volumes/Samsung 990-2/100 Hours/Electronics/MTL-SKL00100-028.aac -> gs://100hr-data/Electronics/IMU/MTL-SKL00100-028.aac
OK    /Volumes/Samsung 990-2/100 Hours/Electronics/MTL-SKL00110-028.aac -> gs://100hr-data/Electronics/IMU/MTL-SKL00110-028.aac
OK    /Volumes/Samsung 990-2/100 Hours/Electronics/MTL-SKL00108-069.mp4 -> gs://100hr-data/Electronics/Videos/MTL-SKL00108-069.mp4
OK    /Volumes/Samsung 990-2/100 Hours/Electronics/MTL-SKL00100-090.mp4 -> gs://100hr-data/Electronics/Videos/MTL-SKL00100-090.mp4
OK    /Volumes/Samsung 990-2/100 Hours/Electronics/MTL-SKL00110-090.mp4 -> gs://100hr-data/Electronics/Videos/MTL-SKL00110-090.mp4
OK    /Volumes/Samsung 990-2/100 Hours/Electronics/MTL-SKL00091-019.txt -> gs://100hr-data/Electronics/IMU/MTL-SKL00091-019.txt
OK    /Volumes/Samsung 990-2/100 Hours/Electronics/MTL-SKL00100-013.txt -> gs://100hr-data/Electronics/IMU/MTL-SKL00100-013.txt
OK    /Volumes/Samsung 990-2/100 Hours/Electronics/MTL-SKL00091-031.txt -> gs://100hr-data/Electronics/IMU/MTL-SKL00091-031.txt
OK    /Volumes/Samsung 990-2/100 Hours/Electronics/MTL-SKL00110-013.txt -> gs://100hr-data/Electronics/IMU/MTL-SKL00110-013.txt
OK    /Volumes/Samsung 990-2/100 Hours/Electronics/MTL-SKL00091-025.txt -> gs://100hr-data/Electronics/IMU/MTL-SKL00091-025.txt
OK    /Volumes/Samsung 990-2/100 Hours/Electronics/MTL-SKL00094-013.aac -> gs://100hr-data/Electronics/IMU/MTL-SKL00094-013.aac
OK    /Volumes/Samsung 990-2/100 Hours/Electronics/MTL-SKL00089-030.aac -> gs://100hr-data/Electronics/IMU/MTL-SKL00089-030.aac
OK    /Volumes/Samsung 990-2/100 Hours/Electronics/MTL-SKL00100-053.mp4 -> gs://100hr-data/Electronics/Videos/MTL-SKL00100-053.mp4
OK    /Volumes/Samsung 990-2/100 Hours/Electronics/MTL-SKL00110-047.mp4 -> gs://100hr-data/Electronics/Videos/MTL-SKL00110-047.mp4
OK    /Volumes/Samsung 990-2/100 Hours/Electronics/MTL-SKL00091-071.mp4 -> gs://100hr-data/Electronics/Videos/MTL-SKL00091-071.mp4
OK    /Volumes/Samsung 990-2/100 Hours/Electronics/MTL-SKL00091-065.mp4 -> gs://100hr-data/Electronics/Videos/MTL-SKL00091-065.mp4
OK    /Volumes/Samsung 990-2/100 Hours/Electronics/MTL-SKL00110-053.mp4 -> gs://100hr-data/Electronics/Videos/MTL-SKL00110-053.mp4
OK    /Volumes/Samsung 990-2/100 Hours/Electronics/MTL-SKL00089-024.aac -> gs://100hr-data/Electronics/IMU/MTL-SKL00089-024.aac
OK    /Volumes/Samsung 990-2/100 Hours/Electronics/MTL-SKL00108-012.aac -> gs://100hr-data/Electronics/IMU/MTL-SKL00108-012.aac
OK    /Volumes/Samsung 990-2/100 Hours/Electronics/MTL-SKL00100-047.mp4 -> gs://100hr-data/Electronics/Videos/MTL-SKL00100-047.mp4
OK    /Volumes/Samsung 990-2/100 Hours/Electronics/MTL-SKL00091-059.mp4 -> gs://100hr-data/Electronics/Videos/MTL-SKL00091-059.mp4
OK    /Volumes/Samsung 990-2/100 Hours/Electronics/MTL-SKL00089-018.aac -> gs://100hr-data/Electronics/IMU/MTL-SKL00089-018.aac
OK    /Volumes/Samsung 990-2/100 Hours/Electronics/MTL-SKL00094-108.mp4 -> gs://100hr-data/Electronics/Videos/MTL-SKL00094-108.mp4
OK    /Volumes/Samsung 990-2/100 Hours/Electronics/MTL-SKL00102-071.aac -> gs://100hr-data/Electronics/IMU/MTL-SKL00102-071.aac
OK    /Volumes/Samsung 990-2/100 Hours/Electronics/MTL-SKL00102-065.aac -> gs://100hr-data/Electronics/IMU/MTL-SKL00102-065.aac
OK    /Volumes/Samsung 990-2/100 Hours/Electronics/MTL-SKL00098-106.mp4 -> gs://100hr-data/Electronics/Videos/MTL-SKL00098-106.mp4
OK    /Volumes/Samsung 990-2/100 Hours/Electronics/MTL-SKL00098-035.aac -> gs://100hr-data/Electronics/IMU/MTL-SKL00098-035.aac
OK    /Volumes/Samsung 990-2/100 Hours/Electronics/MTL-SKL00098-021.aac -> gs://100hr-data/Electronics/IMU/MTL-SKL00098-021.aac
OK    /Volumes/Samsung 990-2/100 Hours/Electronics/MTL-SKL00098-112.mp4 -> gs://100hr-data/Electronics/Videos/MTL-SKL00098-112.mp4
OK    /Volumes/Samsung 990-2/100 Hours/Electronics/MTL-SKL00098-009.aac -> gs://100hr-data/Electronics/IMU/MTL-SKL00098-009.aac
OK    /Volumes/Samsung 990-2/100 Hours/Electronics/MTL-SKL00098-116.mp4 -> gs://100hr-data/Electronics/Videos/MTL-SKL00098-116.mp4
OK    /Volumes/Samsung 990-2/100 Hours/Electronics/MTL-SKL00098-025.aac -> gs://100hr-data/Electronics/IMU/MTL-SKL00098-025.aac
OK    /Volumes/Samsung 990-2/100 Hours/Electronics/MTL-SKL00098-031.aac -> gs://100hr-data/Electronics/IMU/MTL-SKL00098-031.aac
OK    /Volumes/Samsung 990-2/100 Hours/Electronics/MTL-SKL00098-102.mp4 -> gs://100hr-data/Electronics/Videos/MTL-SKL00098-102.mp4
OK    /Volumes/Samsung 990-2/100 Hours/Electronics/MTL-SKL00102-061.aac -> gs://100hr-data/Electronics/IMU/MTL-SKL00102-061.aac
OK    /Volumes/Samsung 990-2/100 Hours/Electronics/MTL-SKL00102-049.aac -> gs://100hr-data/Electronics/IMU/MTL-SKL00102-049.aac
OK    /Volumes/Samsung 990-2/100 Hours/Electronics/MTL-SKL00100-043.mp4 -> gs://100hr-data/Electronics/Videos/MTL-SKL00100-043.mp4
OK    /Volumes/Samsung 990-2/100 Hours/Electronics/MTL-SKL00108-016.aac -> gs://100hr-data/Electronics/IMU/MTL-SKL00108-016.aac
OK    /Volumes/Samsung 990-2/100 Hours/Electronics/MTL-SKL00089-020.aac -> gs://100hr-data/Electronics/IMU/MTL-SKL00089-020.aac
OK    /Volumes/Samsung 990-2/100 Hours/Electronics/MTL-SKL00110-057.mp4 -> gs://100hr-data/Electronics/Videos/MTL-SKL00110-057.mp4
OK    /Volumes/Samsung 990-2/100 Hours/Electronics/MTL-SKL00091-061.mp4 -> gs://100hr-data/Electronics/Videos/MTL-SKL00091-061.mp4
OK    /Volumes/Samsung 990-2/100 Hours/Electronics/MTL-SKL00091-075.mp4 -> gs://100hr-data/Electronics/Videos/MTL-SKL00091-075.mp4
OK    /Volumes/Samsung 990-2/100 Hours/Electronics/MTL-SKL00110-043.mp4 -> gs://100hr-data/Electronics/Videos/MTL-SKL00110-043.mp4
OK    /Volumes/Samsung 990-2/100 Hours/Electronics/MTL-SKL00100-057.mp4 -> gs://100hr-data/Electronics/Videos/MTL-SKL00100-057.mp4
OK    /Volumes/Samsung 990-2/100 Hours/Electronics/MTL-SKL00089-034.aac -> gs://100hr-data/Electronics/IMU/MTL-SKL00089-034.aac
OK    /Volumes/Samsung 990-2/100 Hours/Electronics/MTL-SKL00094-017.aac -> gs://100hr-data/Electronics/IMU/MTL-SKL00094-017.aac
OK    /Volumes/Samsung 990-2/100 Hours/Electronics/MTL-SKL00091-049.mp4 -> gs://100hr-data/Electronics/Videos/MTL-SKL00091-049.mp4
OK    /Volumes/Samsung 990-2/100 Hours/Electronics/MTL-SKL00089-008.aac -> gs://100hr-data/Electronics/IMU/MTL-SKL00089-008.aac
OK    /Volumes/Samsung 990-2/100 Hours/Electronics/MTL-SKL00100-080.mp4 -> gs://100hr-data/Electronics/Videos/MTL-SKL00100-080.mp4
OK    /Volumes/Samsung 990-2/100 Hours/Electronics/MTL-SKL00110-094.mp4 -> gs://100hr-data/Electronics/Videos/MTL-SKL00110-094.mp4
OK    /Volumes/Samsung 990-2/100 Hours/Electronics/MTL-SKL00110-080.mp4 -> gs://100hr-data/Electronics/Videos/MTL-SKL00110-080.mp4
OK    /Volumes/Samsung 990-2/100 Hours/Electronics/MTL-SKL00091-009.txt -> gs://100hr-data/Electronics/IMU/MTL-SKL00091-009.txt
OK    /Volumes/Samsung 990-2/100 Hours/Electronics/MTL-SKL00100-094.mp4 -> gs://100hr-data/Electronics/Videos/MTL-SKL00100-094.mp4
OK    /Volumes/Samsung 990-2/100 Hours/Electronics/MTL-SKL00091-021.txt -> gs://100hr-data/Electronics/IMU/MTL-SKL00091-021.txt
OK    /Volumes/Samsung 990-2/100 Hours/Electronics/MTL-SKL00110-017.txt -> gs://100hr-data/Electronics/IMU/MTL-SKL00110-017.txt
OK    /Volumes/Samsung 990-2/100 Hours/Electronics/MTL-SKL00091-035.txt -> gs://100hr-data/Electronics/IMU/MTL-SKL00091-035.txt
OK    /Volumes/Samsung 990-2/100 Hours/Electronics/MTL-SKL00100-017.txt -> gs://100hr-data/Electronics/IMU/MTL-SKL00100-017.txt
OK    /Volumes/Samsung 990-2/100 Hours/Electronics/MTL-SKL00089-067.mp4 -> gs://100hr-data/Electronics/Videos/MTL-SKL00089-067.mp4
OK    /Volumes/Samsung 990-2/100 Hours/Electronics/MTL-SKL00094-044.mp4 -> gs://100hr-data/Electronics/Videos/MTL-SKL00094-044.mp4
OK    /Volumes/Samsung 990-2/100 Hours/Electronics/MTL-SKL00091-026.aac -> gs://100hr-data/Electronics/IMU/MTL-SKL00091-026.aac
OK    /Volumes/Samsung 990-2/100 Hours/Electronics/MTL-SKL00110-010.aac -> gs://100hr-data/Electronics/IMU/MTL-SKL00110-010.aac
OK    /Volumes/Samsung 990-2/100 Hours/Electronics/MTL-SKL00091-032.aac -> gs://100hr-data/Electronics/IMU/MTL-SKL00091-032.aac
OK    /Volumes/Samsung 990-2/100 Hours/Electronics/MTL-SKL00100-010.aac -> gs://100hr-data/Electronics/IMU/MTL-SKL00100-010.aac
OK    /Volumes/Samsung 990-2/100 Hours/Electronics/MTL-SKL00094-050.mp4 -> gs://100hr-data/Electronics/Videos/MTL-SKL00094-050.mp4
OK    /Volumes/Samsung 990-2/100 Hours/Electronics/MTL-SKL00108-045.mp4 -> gs://100hr-data/Electronics/Videos/MTL-SKL00108-045.mp4
OK    /Volumes/Samsung 990-2/100 Hours/Electronics/MTL-SKL00100-038.aac -> gs://100hr-data/Electronics/IMU/MTL-SKL00100-038.aac
OK    /Volumes/Samsung 990-2/100 Hours/Electronics/MTL-SKL00094-078.mp4 -> gs://100hr-data/Electronics/Videos/MTL-SKL00094-078.mp4
OK    /Volumes/Samsung 990-2/100 Hours/Electronics/MTL-SKL00110-038.aac -> gs://100hr-data/Electronics/IMU/MTL-SKL00110-038.aac
OK    /Volumes/Samsung 990-2/100 Hours/Electronics/MTL-SKL00094-087.mp4 -> gs://100hr-data/Electronics/Videos/MTL-SKL00094-087.mp4
OK    /Volumes/Samsung 990-2/100 Hours/Electronics/MTL-SKL00094-038.txt -> gs://100hr-data/Electronics/IMU/MTL-SKL00094-038.txt
OK    /Volumes/Samsung 990-2/100 Hours/Electronics/MTL-SKL00108-039.txt -> gs://100hr-data/Electronics/IMU/MTL-SKL00108-039.txt
OK    /Volumes/Samsung 990-2/100 Hours/Electronics/MTL-SKL00094-093.mp4 -> gs://100hr-data/Electronics/Videos/MTL-SKL00094-093.mp4
OK    /Volumes/Samsung 990-2/100 Hours/Electronics/MTL-SKL00089-027.txt -> gs://100hr-data/Electronics/IMU/MTL-SKL00089-027.txt
OK    /Volumes/Samsung 990-2/100 Hours/Electronics/MTL-SKL00094-010.txt -> gs://100hr-data/Electronics/IMU/MTL-SKL00094-010.txt
OK    /Volumes/Samsung 990-2/100 Hours/Electronics/MTL-SKL00089-033.txt -> gs://100hr-data/Electronics/IMU/MTL-SKL00089-033.txt
OK    /Volumes/Samsung 990-2/100 Hours/Electronics/MTL-SKL00098-062.mp4 -> gs://100hr-data/Electronics/Videos/MTL-SKL00098-062.mp4
OK    /Volumes/Samsung 990-2/100 Hours/Electronics/MTL-SKL00098-076.mp4 -> gs://100hr-data/Electronics/Videos/MTL-SKL00098-076.mp4
OK    /Volumes/Samsung 990-2/100 Hours/Electronics/MTL-SKL00102-072.txt -> gs://100hr-data/Electronics/IMU/MTL-SKL00102-072.txt
OK    /Volumes/Samsung 990-2/100 Hours/Electronics/MTL-SKL00102-032.mp4 -> gs://100hr-data/Electronics/Videos/MTL-SKL00102-032.mp4
OK    /Volumes/Samsung 990-2/100 Hours/Electronics/MTL-SKL00098-036.txt -> gs://100hr-data/Electronics/IMU/MTL-SKL00098-036.txt
OK    /Volumes/Samsung 990-2/100 Hours/Electronics/MTL-SKL00098-089.mp4 -> gs://100hr-data/Electronics/Videos/MTL-SKL00098-089.mp4
OK    /Volumes/Samsung 990-2/100 Hours/Electronics/MTL-SKL00098-037.txt -> gs://100hr-data/Electronics/IMU/MTL-SKL00098-037.txt
OK    /Volumes/Samsung 990-2/100 Hours/Electronics/MTL-SKL00098-023.txt -> gs://100hr-data/Electronics/IMU/MTL-SKL00098-023.txt
OK    /Volumes/Samsung 990-2/100 Hours/Electronics/MTL-SKL00102-027.mp4 -> gs://100hr-data/Electronics/Videos/MTL-SKL00102-027.mp4
OK    /Volumes/Samsung 990-2/100 Hours/Electronics/MTL-SKL00102-067.txt -> gs://100hr-data/Electronics/IMU/MTL-SKL00102-067.txt
OK    /Volumes/Samsung 990-2/100 Hours/Electronics/MTL-SKL00098-063.mp4 -> gs://100hr-data/Electronics/Videos/MTL-SKL00098-063.mp4
OK    /Volumes/Samsung 990-2/100 Hours/Electronics/MTL-SKL00094-011.txt -> gs://100hr-data/Electronics/IMU/MTL-SKL00094-011.txt
OK    /Volumes/Samsung 990-2/100 Hours/Electronics/MTL-SKL00089-032.txt -> gs://100hr-data/Electronics/IMU/MTL-SKL00089-032.txt
OK    /Volumes/Samsung 990-2/100 Hours/Electronics/MTL-SKL00089-026.txt -> gs://100hr-data/Electronics/IMU/MTL-SKL00089-026.txt
OK    /Volumes/Samsung 990-2/100 Hours/Electronics/MTL-SKL00094-092.mp4 -> gs://100hr-data/Electronics/Videos/MTL-SKL00094-092.mp4
OK    /Volumes/Samsung 990-2/100 Hours/Electronics/MTL-SKL00108-038.txt -> gs://100hr-data/Electronics/IMU/MTL-SKL00108-038.txt
OK    /Volumes/Samsung 990-2/100 Hours/Electronics/MTL-SKL00094-039.txt -> gs://100hr-data/Electronics/IMU/MTL-SKL00094-039.txt
OK    /Volumes/Samsung 990-2/100 Hours/Electronics/MTL-SKL00094-086.mp4 -> gs://100hr-data/Electronics/Videos/MTL-SKL00094-086.mp4
OK    /Volumes/Samsung 990-2/100 Hours/Electronics/MTL-SKL00110-039.aac -> gs://100hr-data/Electronics/IMU/MTL-SKL00110-039.aac
OK    /Volumes/Samsung 990-2/100 Hours/Electronics/MTL-SKL00094-079.mp4 -> gs://100hr-data/Electronics/Videos/MTL-SKL00094-079.mp4
OK    /Volumes/Samsung 990-2/100 Hours/Electronics/MTL-SKL00100-039.aac -> gs://100hr-data/Electronics/IMU/MTL-SKL00100-039.aac
OK    /Volumes/Samsung 990-2/100 Hours/Electronics/MTL-SKL00091-033.aac -> gs://100hr-data/Electronics/IMU/MTL-SKL00091-033.aac
OK    /Volumes/Samsung 990-2/100 Hours/Electronics/MTL-SKL00110-005.aac -> gs://100hr-data/Electronics/IMU/MTL-SKL00110-005.aac
OK    /Volumes/Samsung 990-2/100 Hours/Electronics/MTL-SKL00094-051.mp4 -> gs://100hr-data/Electronics/Videos/MTL-SKL00094-051.mp4
OK    /Volumes/Samsung 990-2/100 Hours/Electronics/MTL-SKL00108-050.mp4 -> gs://100hr-data/Electronics/Videos/MTL-SKL00108-050.mp4
OK    /Volumes/Samsung 990-2/100 Hours/Electronics/MTL-SKL00089-066.mp4 -> gs://100hr-data/Electronics/Videos/MTL-SKL00089-066.mp4
OK    /Volumes/Samsung 990-2/100 Hours/Electronics/MTL-SKL00094-045.mp4 -> gs://100hr-data/Electronics/Videos/MTL-SKL00094-045.mp4
OK    /Volumes/Samsung 990-2/100 Hours/Electronics/MTL-SKL00100-005.aac -> gs://100hr-data/Electronics/IMU/MTL-SKL00100-005.aac
OK    /Volumes/Samsung 990-2/100 Hours/Electronics/MTL-SKL00091-027.aac -> gs://100hr-data/Electronics/IMU/MTL-SKL00091-027.aac
OK    /Volumes/Samsung 990-2/100 Hours/Electronics/MTL-SKL00091-034.txt -> gs://100hr-data/Electronics/IMU/MTL-SKL00091-034.txt
OK    /Volumes/Samsung 990-2/100 Hours/Electronics/MTL-SKL00100-016.txt -> gs://100hr-data/Electronics/IMU/MTL-SKL00100-016.txt
OK    /Volumes/Samsung 990-2/100 Hours/Electronics/MTL-SKL00110-016.txt -> gs://100hr-data/Electronics/IMU/MTL-SKL00110-016.txt
OK    /Volumes/Samsung 990-2/100 Hours/Electronics/MTL-SKL00091-020.txt -> gs://100hr-data/Electronics/IMU/MTL-SKL00091-020.txt
OK    /Volumes/Samsung 990-2/100 Hours/Electronics/MTL-SKL00091-008.txt -> gs://100hr-data/Electronics/IMU/MTL-SKL00091-008.txt
OK    /Volumes/Samsung 990-2/100 Hours/Electronics/MTL-SKL00091-048.mp4 -> gs://100hr-data/Electronics/Videos/MTL-SKL00091-048.mp4
OK    /Volumes/Samsung 990-2/100 Hours/Electronics/MTL-SKL00089-009.aac -> gs://100hr-data/Electronics/IMU/MTL-SKL00089-009.aac
OK    /Volumes/Samsung 990-2/100 Hours/Electronics/MTL-SKL00110-042.mp4 -> gs://100hr-data/Electronics/Videos/MTL-SKL00110-042.mp4
OK    /Volumes/Samsung 990-2/100 Hours/Electronics/MTL-SKL00091-074.mp4 -> gs://100hr-data/Electronics/Videos/MTL-SKL00091-074.mp4
OK    /Volumes/Samsung 990-2/100 Hours/Electronics/MTL-SKL00089-035.aac -> gs://100hr-data/Electronics/IMU/MTL-SKL00089-035.aac
OK    /Volumes/Samsung 990-2/100 Hours/Electronics/MTL-SKL00094-016.aac -> gs://100hr-data/Electronics/IMU/MTL-SKL00094-016.aac
OK    /Volumes/Samsung 990-2/100 Hours/Electronics/MTL-SKL00100-056.mp4 -> gs://100hr-data/Electronics/Videos/MTL-SKL00100-056.mp4
OK    /Volumes/Samsung 990-2/100 Hours/Electronics/MTL-SKL00089-021.aac -> gs://100hr-data/Electronics/IMU/MTL-SKL00089-021.aac
OK    /Volumes/Samsung 990-2/100 Hours/Electronics/MTL-SKL00108-017.aac -> gs://100hr-data/Electronics/IMU/MTL-SKL00108-017.aac
OK    /Volumes/Samsung 990-2/100 Hours/Electronics/MTL-SKL00100-042.mp4 -> gs://100hr-data/Electronics/Videos/MTL-SKL00100-042.mp4
OK    /Volumes/Samsung 990-2/100 Hours/Electronics/MTL-SKL00091-060.mp4 -> gs://100hr-data/Electronics/Videos/MTL-SKL00091-060.mp4
OK    /Volumes/Samsung 990-2/100 Hours/Electronics/MTL-SKL00110-056.mp4 -> gs://100hr-data/Electronics/Videos/MTL-SKL00110-056.mp4
OK    /Volumes/Samsung 990-2/100 Hours/Electronics/MTL-SKL00102-060.aac -> gs://100hr-data/Electronics/IMU/MTL-SKL00102-060.aac
OK    /Volumes/Samsung 990-2/100 Hours/Electronics/MTL-SKL00098-018.aac -> gs://100hr-data/Electronics/IMU/MTL-SKL00098-018.aac
OK    /Volumes/Samsung 990-2/100 Hours/Electronics/MTL-SKL00098-024.aac -> gs://100hr-data/Electronics/IMU/MTL-SKL00098-024.aac
OK    /Volumes/Samsung 990-2/100 Hours/Electronics/MTL-SKL00098-117.mp4 -> gs://100hr-data/Electronics/Videos/MTL-SKL00098-117.mp4
OK    /Volumes/Samsung 990-2/100 Hours/Electronics/MTL-SKL00098-032.aac -> gs://100hr-data/Electronics/IMU/MTL-SKL00098-032.aac
OK    /Volumes/Samsung 990-2/100 Hours/Electronics/MTL-SKL00098-101.mp4 -> gs://100hr-data/Electronics/Videos/MTL-SKL00098-101.mp4
OK    /Volumes/Samsung 990-2/100 Hours/Electronics/MTL-SKL00098-115.mp4 -> gs://100hr-data/Electronics/Videos/MTL-SKL00098-115.mp4
OK    /Volumes/Samsung 990-2/100 Hours/Electronics/MTL-SKL00102-062.aac -> gs://100hr-data/Electronics/IMU/MTL-SKL00102-062.aac
OK    /Volumes/Samsung 990-2/100 Hours/Electronics/MTL-SKL00100-054.mp4 -> gs://100hr-data/Electronics/Videos/MTL-SKL00100-054.mp4
OK    /Volumes/Samsung 990-2/100 Hours/Electronics/MTL-SKL00094-014.aac -> gs://100hr-data/Electronics/IMU/MTL-SKL00094-014.aac
OK    /Volumes/Samsung 990-2/100 Hours/Electronics/MTL-SKL00089-037.aac -> gs://100hr-data/Electronics/IMU/MTL-SKL00089-037.aac
OK    /Volumes/Samsung 990-2/100 Hours/Electronics/MTL-SKL00091-076.mp4 -> gs://100hr-data/Electronics/Videos/MTL-SKL00091-076.mp4
OK    /Volumes/Samsung 990-2/100 Hours/Electronics/MTL-SKL00110-054.mp4 -> gs://100hr-data/Electronics/Videos/MTL-SKL00110-054.mp4
OK    /Volumes/Samsung 990-2/100 Hours/Electronics/MTL-SKL00091-062.mp4 -> gs://100hr-data/Electronics/Videos/MTL-SKL00091-062.mp4
OK    /Volumes/Samsung 990-2/100 Hours/Electronics/MTL-SKL00089-023.aac -> gs://100hr-data/Electronics/IMU/MTL-SKL00089-023.aac
OK    /Volumes/Samsung 990-2/100 Hours/Electronics/MTL-SKL00100-068.mp4 -> gs://100hr-data/Electronics/Videos/MTL-SKL00100-068.mp4
OK    /Volumes/Samsung 990-2/100 Hours/Electronics/MTL-SKL00094-028.aac -> gs://100hr-data/Electronics/IMU/MTL-SKL00094-028.aac
OK    /Volumes/Samsung 990-2/100 Hours/Electronics/MTL-SKL00110-068.mp4 -> gs://100hr-data/Electronics/Videos/MTL-SKL00110-068.mp4
OK    /Volumes/Samsung 990-2/100 Hours/Electronics/MTL-SKL00108-029.aac -> gs://100hr-data/Electronics/IMU/MTL-SKL00108-029.aac
OK    /Volumes/Samsung 990-2/100 Hours/Electronics/MTL-SKL00100-028.txt -> gs://100hr-data/Electronics/IMU/MTL-SKL00100-028.txt
OK    /Volumes/Samsung 990-2/100 Hours/Electronics/MTL-SKL00110-083.mp4 -> gs://100hr-data/Electronics/Videos/MTL-SKL00110-083.mp4
OK    /Volumes/Samsung 990-2/100 Hours/Electronics/MTL-SKL00110-028.txt -> gs://100hr-data/Electronics/IMU/MTL-SKL00110-028.txt
OK    /Volumes/Samsung 990-2/100 Hours/Electronics/MTL-SKL00110-097.mp4 -> gs://100hr-data/Electronics/Videos/MTL-SKL00110-097.mp4
OK    /Volumes/Samsung 990-2/100 Hours/Electronics/MTL-SKL00100-083.mp4 -> gs://100hr-data/Electronics/Videos/MTL-SKL00100-083.mp4
OK    /Volumes/Samsung 990-2/100 Hours/Electronics/MTL-SKL00091-036.txt -> gs://100hr-data/Electronics/IMU/MTL-SKL00091-036.txt
OK    /Volumes/Samsung 990-2/100 Hours/Electronics/MTL-SKL00091-022.txt -> gs://100hr-data/Electronics/IMU/MTL-SKL00091-022.txt
OK    /Volumes/Samsung 990-2/100 Hours/Electronics/MTL-SKL00100-013.aac -> gs://100hr-data/Electronics/IMU/MTL-SKL00100-013.aac
OK    /Volumes/Samsung 990-2/100 Hours/Electronics/MTL-SKL00108-046.mp4 -> gs://100hr-data/Electronics/Videos/MTL-SKL00108-046.mp4
OK    /Volumes/Samsung 990-2/100 Hours/Electronics/MTL-SKL00094-053.mp4 -> gs://100hr-data/Electronics/Videos/MTL-SKL00094-053.mp4
OK    /Volumes/Samsung 990-2/100 Hours/Electronics/MTL-SKL00110-007.aac -> gs://100hr-data/Electronics/IMU/MTL-SKL00110-007.aac
OK    /Volumes/Samsung 990-2/100 Hours/Electronics/MTL-SKL00091-031.aac -> gs://100hr-data/Electronics/IMU/MTL-SKL00091-031.aac
OK    /Volumes/Samsung 990-2/100 Hours/Electronics/MTL-SKL00091-025.aac -> gs://100hr-data/Electronics/IMU/MTL-SKL00091-025.aac
OK    /Volumes/Samsung 990-2/100 Hours/Electronics/MTL-SKL00110-013.aac -> gs://100hr-data/Electronics/IMU/MTL-SKL00110-013.aac
OK    /Volumes/Samsung 990-2/100 Hours/Electronics/MTL-SKL00100-007.aac -> gs://100hr-data/Electronics/IMU/MTL-SKL00100-007.aac
OK    /Volumes/Samsung 990-2/100 Hours/Electronics/MTL-SKL00094-047.mp4 -> gs://100hr-data/Electronics/Videos/MTL-SKL00094-047.mp4
OK    /Volumes/Samsung 990-2/100 Hours/Electronics/MTL-SKL00089-064.mp4 -> gs://100hr-data/Electronics/Videos/MTL-SKL00089-064.mp4
OK    /Volumes/Samsung 990-2/100 Hours/Electronics/MTL-SKL00108-052.mp4 -> gs://100hr-data/Electronics/Videos/MTL-SKL00108-052.mp4
OK    /Volumes/Samsung 990-2/100 Hours/Electronics/MTL-SKL00091-019.aac -> gs://100hr-data/Electronics/IMU/MTL-SKL00091-019.aac
OK    /Volumes/Samsung 990-2/100 Hours/Electronics/MTL-SKL00089-058.mp4 -> gs://100hr-data/Electronics/Videos/MTL-SKL00089-058.mp4
OK    /Volumes/Samsung 990-2/100 Hours/Electronics/MTL-SKL00094-090.mp4 -> gs://100hr-data/Electronics/Videos/MTL-SKL00094-090.mp4
OK    /Volumes/Samsung 990-2/100 Hours/Electronics/MTL-SKL00094-084.mp4 -> gs://100hr-data/Electronics/Videos/MTL-SKL00094-084.mp4
OK    /Volumes/Samsung 990-2/100 Hours/Electronics/MTL-SKL00089-018.txt -> gs://100hr-data/Electronics/IMU/MTL-SKL00089-018.txt
OK    /Volumes/Samsung 990-2/100 Hours/Electronics/MTL-SKL00089-030.txt -> gs://100hr-data/Electronics/IMU/MTL-SKL00089-030.txt
OK    /Volumes/Samsung 990-2/100 Hours/Electronics/MTL-SKL00094-013.txt -> gs://100hr-data/Electronics/IMU/MTL-SKL00094-013.txt
OK    /Volumes/Samsung 990-2/100 Hours/Electronics/MTL-SKL00108-012.txt -> gs://100hr-data/Electronics/IMU/MTL-SKL00108-012.txt
OK    /Volumes/Samsung 990-2/100 Hours/Electronics/MTL-SKL00089-024.txt -> gs://100hr-data/Electronics/IMU/MTL-SKL00089-024.txt
OK    /Volumes/Samsung 990-2/100 Hours/Electronics/MTL-SKL00098-075.mp4 -> gs://100hr-data/Electronics/Videos/MTL-SKL00098-075.mp4
OK    /Volumes/Samsung 990-2/100 Hours/Electronics/MTL-SKL00102-059.txt -> gs://100hr-data/Electronics/IMU/MTL-SKL00102-059.txt
OK    /Volumes/Samsung 990-2/100 Hours/Electronics/MTL-SKL00098-061.mp4 -> gs://100hr-data/Electronics/Videos/MTL-SKL00098-061.mp4
OK    /Volumes/Samsung 990-2/100 Hours/Electronics/MTL-SKL00098-049.mp4 -> gs://100hr-data/Electronics/Videos/MTL-SKL00098-049.mp4
OK    /Volumes/Samsung 990-2/100 Hours/Electronics/MTL-SKL00102-071.txt -> gs://100hr-data/Electronics/IMU/MTL-SKL00102-071.txt
OK    /Volumes/Samsung 990-2/100 Hours/Electronics/MTL-SKL00102-065.txt -> gs://100hr-data/Electronics/IMU/MTL-SKL00102-065.txt
OK    /Volumes/Samsung 990-2/100 Hours/Electronics/MTL-SKL00098-009.txt -> gs://100hr-data/Electronics/IMU/MTL-SKL00098-009.txt
OK    /Volumes/Samsung 990-2/100 Hours/Electronics/MTL-SKL00102-031.mp4 -> gs://100hr-data/Electronics/Videos/MTL-SKL00102-031.mp4
OK    /Volumes/Samsung 990-2/100 Hours/Electronics/MTL-SKL00102-025.mp4 -> gs://100hr-data/Electronics/Videos/MTL-SKL00102-025.mp4
OK    /Volumes/Samsung 990-2/100 Hours/Electronics/MTL-SKL00098-035.txt -> gs://100hr-data/Electronics/IMU/MTL-SKL00098-035.txt
OK    /Volumes/Samsung 990-2/100 Hours/Electronics/MTL-SKL00102-019.mp4 -> gs://100hr-data/Electronics/Videos/MTL-SKL00102-019.mp4
OK    /Volumes/Samsung 990-2/100 Hours/Electronics/MTL-SKL00098-021.txt -> gs://100hr-data/Electronics/IMU/MTL-SKL00098-021.txt
OK    /Volumes/Samsung 990-2/100 Hours/Electronics/MTL-SKL00098-020.txt -> gs://100hr-data/Electronics/IMU/MTL-SKL00098-020.txt
OK    /Volumes/Samsung 990-2/100 Hours/Electronics/MTL-SKL00098-034.txt -> gs://100hr-data/Electronics/IMU/MTL-SKL00098-034.txt
OK    /Volumes/Samsung 990-2/100 Hours/Electronics/MTL-SKL00102-024.mp4 -> gs://100hr-data/Electronics/Videos/MTL-SKL00102-024.mp4
OK    /Volumes/Samsung 990-2/100 Hours/Electronics/MTL-SKL00102-030.mp4 -> gs://100hr-data/Electronics/Videos/MTL-SKL00102-030.mp4
OK    /Volumes/Samsung 990-2/100 Hours/Electronics/MTL-SKL00102-064.txt -> gs://100hr-data/Electronics/IMU/MTL-SKL00102-064.txt
OK    /Volumes/Samsung 990-2/100 Hours/Electronics/MTL-SKL00102-070.txt -> gs://100hr-data/Electronics/IMU/MTL-SKL00102-070.txt
OK    /Volumes/Samsung 990-2/100 Hours/Electronics/MTL-SKL00098-060.mp4 -> gs://100hr-data/Electronics/Videos/MTL-SKL00098-060.mp4
OK    /Volumes/Samsung 990-2/100 Hours/Electronics/MTL-SKL00098-074.mp4 -> gs://100hr-data/Electronics/Videos/MTL-SKL00098-074.mp4
OK    /Volumes/Samsung 990-2/100 Hours/Electronics/MTL-SKL00089-025.txt -> gs://100hr-data/Electronics/IMU/MTL-SKL00089-025.txt
OK    /Volumes/Samsung 990-2/100 Hours/Electronics/MTL-SKL00108-013.txt -> gs://100hr-data/Electronics/IMU/MTL-SKL00108-013.txt
OK    /Volumes/Samsung 990-2/100 Hours/Electronics/MTL-SKL00089-031.txt -> gs://100hr-data/Electronics/IMU/MTL-SKL00089-031.txt
OK    /Volumes/Samsung 990-2/100 Hours/Electronics/MTL-SKL00094-012.txt -> gs://100hr-data/Electronics/IMU/MTL-SKL00094-012.txt
OK    /Volumes/Samsung 990-2/100 Hours/Electronics/MTL-SKL00089-019.txt -> gs://100hr-data/Electronics/IMU/MTL-SKL00089-019.txt
OK    /Volumes/Samsung 990-2/100 Hours/Electronics/MTL-SKL00094-085.mp4 -> gs://100hr-data/Electronics/Videos/MTL-SKL00094-085.mp4
OK    /Volumes/Samsung 990-2/100 Hours/Electronics/MTL-SKL00094-091.mp4 -> gs://100hr-data/Electronics/Videos/MTL-SKL00094-091.mp4
OK    /Volumes/Samsung 990-2/100 Hours/Electronics/MTL-SKL00091-018.aac -> gs://100hr-data/Electronics/IMU/MTL-SKL00091-018.aac
OK    /Volumes/Samsung 990-2/100 Hours/Electronics/MTL-SKL00089-059.mp4 -> gs://100hr-data/Electronics/Videos/MTL-SKL00089-059.mp4
OK    /Volumes/Samsung 990-2/100 Hours/Electronics/MTL-SKL00110-012.aac -> gs://100hr-data/Electronics/IMU/MTL-SKL00110-012.aac
OK    /Volumes/Samsung 990-2/100 Hours/Electronics/MTL-SKL00091-024.aac -> gs://100hr-data/Electronics/IMU/MTL-SKL00091-024.aac
OK    /Volumes/Samsung 990-2/100 Hours/Electronics/MTL-SKL00094-046.mp4 -> gs://100hr-data/Electronics/Videos/MTL-SKL00094-046.mp4
OK    /Volumes/Samsung 990-2/100 Hours/Electronics/MTL-SKL00108-053.mp4 -> gs://100hr-data/Electronics/Videos/MTL-SKL00108-053.mp4
OK    /Volumes/Samsung 990-2/100 Hours/Electronics/MTL-SKL00089-065.mp4 -> gs://100hr-data/Electronics/Videos/MTL-SKL00089-065.mp4
OK    /Volumes/Samsung 990-2/100 Hours/Electronics/MTL-SKL00100-006.aac -> gs://100hr-data/Electronics/IMU/MTL-SKL00100-006.aac
OK    /Volumes/Samsung 990-2/100 Hours/Electronics/MTL-SKL00108-047.mp4 -> gs://100hr-data/Electronics/Videos/MTL-SKL00108-047.mp4
OK    /Volumes/Samsung 990-2/100 Hours/Electronics/MTL-SKL00094-052.mp4 -> gs://100hr-data/Electronics/Videos/MTL-SKL00094-052.mp4
OK    /Volumes/Samsung 990-2/100 Hours/Electronics/MTL-SKL00100-012.aac -> gs://100hr-data/Electronics/IMU/MTL-SKL00100-012.aac
OK    /Volumes/Samsung 990-2/100 Hours/Electronics/MTL-SKL00091-030.aac -> gs://100hr-data/Electronics/IMU/MTL-SKL00091-030.aac
OK    /Volumes/Samsung 990-2/100 Hours/Electronics/MTL-SKL00110-006.aac -> gs://100hr-data/Electronics/IMU/MTL-SKL00110-006.aac
OK    /Volumes/Samsung 990-2/100 Hours/Electronics/MTL-SKL00110-015.txt -> gs://100hr-data/Electronics/IMU/MTL-SKL00110-015.txt
OK    /Volumes/Samsung 990-2/100 Hours/Electronics/MTL-SKL00091-023.txt -> gs://100hr-data/Electronics/IMU/MTL-SKL00091-023.txt
OK    /Volumes/Samsung 990-2/100 Hours/Electronics/MTL-SKL00100-015.txt -> gs://100hr-data/Electronics/IMU/MTL-SKL00100-015.txt
OK    /Volumes/Samsung 990-2/100 Hours/Electronics/MTL-SKL00091-088.mp4 -> gs://100hr-data/Electronics/Videos/MTL-SKL00091-088.mp4
OK    /Volumes/Samsung 990-2/100 Hours/Electronics/MTL-SKL00091-037.txt -> gs://100hr-data/Electronics/IMU/MTL-SKL00091-037.txt
OK    /Volumes/Samsung 990-2/100 Hours/Electronics/MTL-SKL00110-096.mp4 -> gs://100hr-data/Electronics/Videos/MTL-SKL00110-096.mp4
OK    /Volumes/Samsung 990-2/100 Hours/Electronics/MTL-SKL00100-082.mp4 -> gs://100hr-data/Electronics/Videos/MTL-SKL00100-082.mp4
OK    /Volumes/Samsung 990-2/100 Hours/Electronics/MTL-SKL00110-082.mp4 -> gs://100hr-data/Electronics/Videos/MTL-SKL00110-082.mp4
OK    /Volumes/Samsung 990-2/100 Hours/Electronics/MTL-SKL00110-069.mp4 -> gs://100hr-data/Electronics/Videos/MTL-SKL00110-069.mp4
OK    /Volumes/Samsung 990-2/100 Hours/Electronics/MTL-SKL00108-028.aac -> gs://100hr-data/Electronics/IMU/MTL-SKL00108-028.aac
OK    /Volumes/Samsung 990-2/100 Hours/Electronics/MTL-SKL00094-029.aac -> gs://100hr-data/Electronics/IMU/MTL-SKL00094-029.aac
OK    /Volumes/Samsung 990-2/100 Hours/Electronics/MTL-SKL00100-069.mp4 -> gs://100hr-data/Electronics/Videos/MTL-SKL00100-069.mp4
OK    /Volumes/Samsung 990-2/100 Hours/Electronics/MTL-SKL00091-063.mp4 -> gs://100hr-data/Electronics/Videos/MTL-SKL00091-063.mp4
OK    /Volumes/Samsung 990-2/100 Hours/Electronics/MTL-SKL00089-022.aac -> gs://100hr-data/Electronics/IMU/MTL-SKL00089-022.aac
OK    /Volumes/Samsung 990-2/100 Hours/Electronics/MTL-SKL00108-014.aac -> gs://100hr-data/Electronics/IMU/MTL-SKL00108-014.aac
OK    /Volumes/Samsung 990-2/100 Hours/Electronics/MTL-SKL00100-041.mp4 -> gs://100hr-data/Electronics/Videos/MTL-SKL00100-041.mp4
OK    /Volumes/Samsung 990-2/100 Hours/Electronics/MTL-SKL00094-015.aac -> gs://100hr-data/Electronics/IMU/MTL-SKL00094-015.aac
OK    /Volumes/Samsung 990-2/100 Hours/Electronics/MTL-SKL00089-036.aac -> gs://100hr-data/Electronics/IMU/MTL-SKL00089-036.aac
OK    /Volumes/Samsung 990-2/100 Hours/Electronics/MTL-SKL00110-041.mp4 -> gs://100hr-data/Electronics/Videos/MTL-SKL00110-041.mp4
OK    /Volumes/Samsung 990-2/100 Hours/Electronics/MTL-SKL00091-077.mp4 -> gs://100hr-data/Electronics/Videos/MTL-SKL00091-077.mp4
OK    /Volumes/Samsung 990-2/100 Hours/Electronics/MTL-SKL00098-027.aac -> gs://100hr-data/Electronics/IMU/MTL-SKL00098-027.aac
OK    /Volumes/Samsung 990-2/100 Hours/Electronics/MTL-SKL00098-100.mp4 -> gs://100hr-data/Electronics/Videos/MTL-SKL00098-100.mp4
OK    /Volumes/Samsung 990-2/100 Hours/Electronics/MTL-SKL00098-033.aac -> gs://100hr-data/Electronics/IMU/MTL-SKL00098-033.aac
Summary: success=1752 skipped=0 failed=0
