Upload started: 2026-08-26T13:04:07Z
Source: /Volumes/Samsung 990-2/100 Hours/Garments
Destination: gs://100hr-data/Garments/
OK    /Volumes/Samsung 990-2/100 Hours/Garments/MTL-BPT00311-044.txt -> gs://100hr-data/Garments/IMU/MTL-BPT00311-044.txt
OK    /Volumes/Samsung 990-2/100 Hours/Garments/MTL-BPT00301-050.txt -> gs://100hr-data/Garments/IMU/MTL-BPT00301-050.txt
OK    /Volumes/Samsung 990-2/100 Hours/Garments/MTL-BPT00301-044.txt -> gs://100hr-data/Garments/IMU/MTL-BPT00301-044.txt
OK    /Volumes/Samsung 990-2/100 Hours/Garments/MTL-BPT00302-138.mp4 -> gs://100hr-data/Garments/Videos/MTL-BPT00302-138.mp4
OK    /Volumes/Samsung 990-2/100 Hours/Garments/MTL-BPT00311-050.txt -> gs://100hr-data/Garments/IMU/MTL-BPT00311-050.txt
OK    /Volumes/Samsung 990-2/100 Hours/Garments/MTL-BPT00311-078.txt -> gs://100hr-data/Garments/IMU/MTL-BPT00311-078.txt
OK    /Volumes/Samsung 990-2/100 Hours/Garments/MTL-BPT00302-023.aac -> gs://100hr-data/Garments/IMU/MTL-BPT00302-023.aac
OK    /Volumes/Samsung 990-2/100 Hours/Garments/MTL-BPT00302-110.mp4 -> gs://100hr-data/Garments/Videos/MTL-BPT00302-110.mp4
OK    /Volumes/Samsung 990-2/100 Hours/Garments/MTL-BPT00302-104.mp4 -> gs://100hr-data/Garments/Videos/MTL-BPT00302-104.mp4
OK    /Volumes/Samsung 990-2/100 Hours/Garments/MTL-BPT00302-037.aac -> gs://100hr-data/Garments/IMU/MTL-BPT00302-037.aac
OK    /Volumes/Samsung 990-2/100 Hours/Garments/MTL-BPT00311-087.txt -> gs://100hr-data/Garments/IMU/MTL-BPT00311-087.txt
OK    /Volumes/Samsung 990-2/100 Hours/Garments/MTL-BPT00311-038.mp4 -> gs://100hr-data/Garments/Videos/MTL-BPT00311-038.mp4
OK    /Volumes/Samsung 990-2/100 Hours/Garments/MTL-BPT00301-038.mp4 -> gs://100hr-data/Garments/Videos/MTL-BPT00301-038.mp4
OK    /Volumes/Samsung 990-2/100 Hours/Garments/MTL-BPT00302-144.txt -> gs://100hr-data/Garments/IMU/MTL-BPT00302-144.txt
OK    /Volumes/Samsung 990-2/100 Hours/Garments/MTL-BPT00311-093.txt -> gs://100hr-data/Garments/IMU/MTL-BPT00311-093.txt
OK    /Volumes/Samsung 990-2/100 Hours/Garments/MTL-BPT00301-010.mp4 -> gs://100hr-data/Garments/Videos/MTL-BPT00301-010.mp4
OK    /Volumes/Samsung 990-2/100 Hours/Garments/MTL-BPT00311-123.aac -> gs://100hr-data/Garments/IMU/MTL-BPT00311-123.aac
OK    /Volumes/Samsung 990-2/100 Hours/Garments/MTL-BPT00311-010.mp4 -> gs://100hr-data/Garments/Videos/MTL-BPT00311-010.mp4
OK    /Volumes/Samsung 990-2/100 Hours/Garments/MTL-BPT00325-103.mp4 -> gs://100hr-data/Garments/Videos/MTL-BPT00325-103.mp4
OK    /Volumes/Samsung 990-2/100 Hours/Garments/MTL-BPT00325-030.aac -> gs://100hr-data/Garments/IMU/MTL-BPT00325-030.aac
OK    /Volumes/Samsung 990-2/100 Hours/Garments/MTL-BPT00325-024.aac -> gs://100hr-data/Garments/IMU/MTL-BPT00325-024.aac
OK    /Volumes/Samsung 990-2/100 Hours/Garments/MTL-BPT00325-117.mp4 -> gs://100hr-data/Garments/Videos/MTL-BPT00325-117.mp4
OK    /Volumes/Samsung 990-2/100 Hours/Garments/MTL-BPT00310-041.txt -> gs://100hr-data/Garments/IMU/MTL-BPT00310-041.txt
OK    /Volumes/Samsung 990-2/100 Hours/Garments/MTL-BPT00306-078.mp4 -> gs://100hr-data/Garments/Videos/MTL-BPT00306-078.mp4
OK    /Volumes/Samsung 990-2/100 Hours/Garments/MTL-BPT00306-050.mp4 -> gs://100hr-data/Garments/Videos/MTL-BPT00306-050.mp4
OK    /Volumes/Samsung 990-2/100 Hours/Garments/MTL-BPT00306-044.mp4 -> gs://100hr-data/Garments/Videos/MTL-BPT00306-044.mp4
OK    /Volumes/Samsung 990-2/100 Hours/Garments/MTL-BPT00325-018.aac -> gs://100hr-data/Garments/IMU/MTL-BPT00325-018.aac
OK    /Volumes/Samsung 990-2/100 Hours/Garments/MTL-BPT00308-083.aac -> gs://100hr-data/Garments/IMU/MTL-BPT00308-083.aac
OK    /Volumes/Samsung 990-2/100 Hours/Garments/MTL-BPT00308-068.aac -> gs://100hr-data/Garments/IMU/MTL-BPT00308-068.aac
OK    /Volumes/Samsung 990-2/100 Hours/Garments/MTL-BPT00306-010.txt -> gs://100hr-data/Garments/IMU/MTL-BPT00306-010.txt
OK    /Volumes/Samsung 990-2/100 Hours/Garments/MTL-BPT00310-029.mp4 -> gs://100hr-data/Garments/Videos/MTL-BPT00310-029.mp4
OK    /Volumes/Samsung 990-2/100 Hours/Garments/MTL-BPT00308-054.aac -> gs://100hr-data/Garments/IMU/MTL-BPT00308-054.aac
OK    /Volumes/Samsung 990-2/100 Hours/Garments/MTL-BPT00306-093.mp4 -> gs://100hr-data/Garments/Videos/MTL-BPT00306-093.mp4
OK    /Volumes/Samsung 990-2/100 Hours/Garments/MTL-BPT00310-015.mp4 -> gs://100hr-data/Garments/Videos/MTL-BPT00310-015.mp4
OK    /Volumes/Samsung 990-2/100 Hours/Garments/MTL-BPT00306-038.txt -> gs://100hr-data/Garments/IMU/MTL-BPT00306-038.txt
OK    /Volumes/Samsung 990-2/100 Hours/Garments/MTL-BPT00306-087.mp4 -> gs://100hr-data/Garments/Videos/MTL-BPT00306-087.mp4
OK    /Volumes/Samsung 990-2/100 Hours/Garments/MTL-BPT00308-040.aac -> gs://100hr-data/Garments/IMU/MTL-BPT00308-040.aac
OK    /Volumes/Samsung 990-2/100 Hours/Garments/MTL-BPT00308-053.txt -> gs://100hr-data/Garments/IMU/MTL-BPT00308-053.txt
OK    /Volumes/Samsung 990-2/100 Hours/Garments/MTL-BPT00306-118.mp4 -> gs://100hr-data/Garments/Videos/MTL-BPT00306-118.mp4
OK    /Volumes/Samsung 990-2/100 Hours/Garments/MTL-BPT00325-077.mp4 -> gs://100hr-data/Garments/Videos/MTL-BPT00325-077.mp4
OK    /Volumes/Samsung 990-2/100 Hours/Garments/MTL-BPT00325-063.mp4 -> gs://100hr-data/Garments/Videos/MTL-BPT00325-063.mp4
OK    /Volumes/Samsung 990-2/100 Hours/Garments/MTL-BPT00308-047.txt -> gs://100hr-data/Garments/IMU/MTL-BPT00308-047.txt
OK    /Volumes/Samsung 990-2/100 Hours/Garments/MTL-BPT00306-017.aac -> gs://100hr-data/Garments/IMU/MTL-BPT00306-017.aac
OK    /Volumes/Samsung 990-2/100 Hours/Garments/MTL-BPT00308-084.txt -> gs://100hr-data/Garments/IMU/MTL-BPT00308-084.txt
OK    /Volumes/Samsung 990-2/100 Hours/Garments/MTL-BPT00308-013.mp4 -> gs://100hr-data/Garments/Videos/MTL-BPT00308-013.mp4
OK    /Volumes/Samsung 990-2/100 Hours/Garments/MTL-BPT00325-088.mp4 -> gs://100hr-data/Garments/Videos/MTL-BPT00325-088.mp4
OK    /Volumes/Samsung 990-2/100 Hours/Garments/MTL-BPT00325-037.txt -> gs://100hr-data/Garments/IMU/MTL-BPT00325-037.txt
OK    /Volumes/Samsung 990-2/100 Hours/Garments/MTL-BPT00325-023.txt -> gs://100hr-data/Garments/IMU/MTL-BPT00325-023.txt
OK    /Volumes/Samsung 990-2/100 Hours/Garments/MTL-BPT00310-046.aac -> gs://100hr-data/Garments/IMU/MTL-BPT00310-046.aac
OK    /Volumes/Samsung 990-2/100 Hours/Garments/MTL-BPT00308-007.mp4 -> gs://100hr-data/Garments/Videos/MTL-BPT00308-007.mp4
OK    /Volumes/Samsung 990-2/100 Hours/Garments/MTL-BPT00311-130.txt -> gs://100hr-data/Garments/IMU/MTL-BPT00311-130.txt
OK    /Volumes/Samsung 990-2/100 Hours/Garments/MTL-BPT00302-058.mp4 -> gs://100hr-data/Garments/Videos/MTL-BPT00302-058.mp4
OK    /Volumes/Samsung 990-2/100 Hours/Garments/MTL-BPT00311-124.txt -> gs://100hr-data/Garments/IMU/MTL-BPT00311-124.txt
OK    /Volumes/Samsung 990-2/100 Hours/Garments/MTL-BPT00311-080.aac -> gs://100hr-data/Garments/IMU/MTL-BPT00311-080.aac
OK    /Volumes/Samsung 990-2/100 Hours/Garments/MTL-BPT00302-143.aac -> gs://100hr-data/Garments/IMU/MTL-BPT00302-143.aac
OK    /Volumes/Samsung 990-2/100 Hours/Garments/MTL-BPT00311-094.aac -> gs://100hr-data/Garments/IMU/MTL-BPT00311-094.aac
OK    /Volumes/Samsung 990-2/100 Hours/Garments/MTL-BPT00311-118.txt -> gs://100hr-data/Garments/IMU/MTL-BPT00311-118.txt
OK    /Volumes/Samsung 990-2/100 Hours/Garments/MTL-BPT00302-024.txt -> gs://100hr-data/Garments/IMU/MTL-BPT00302-024.txt
OK    /Volumes/Samsung 990-2/100 Hours/Garments/MTL-BPT00302-030.txt -> gs://100hr-data/Garments/IMU/MTL-BPT00302-030.txt
OK    /Volumes/Samsung 990-2/100 Hours/Garments/MTL-BPT00311-043.aac -> gs://100hr-data/Garments/IMU/MTL-BPT00311-043.aac
OK    /Volumes/Samsung 990-2/100 Hours/Garments/MTL-BPT00302-018.txt -> gs://100hr-data/Garments/IMU/MTL-BPT00302-018.txt
OK    /Volumes/Samsung 990-2/100 Hours/Garments/MTL-BPT00301-057.aac -> gs://100hr-data/Garments/IMU/MTL-BPT00301-057.aac
OK    /Volumes/Samsung 990-2/100 Hours/Garments/MTL-BPT00301-043.aac -> gs://100hr-data/Garments/IMU/MTL-BPT00301-043.aac
OK    /Volumes/Samsung 990-2/100 Hours/Garments/MTL-BPT00311-057.aac -> gs://100hr-data/Garments/IMU/MTL-BPT00311-057.aac
OK    /Volumes/Samsung 990-2/100 Hours/Garments/MTL-BPT00301-042.aac -> gs://100hr-data/Garments/IMU/MTL-BPT00301-042.aac
OK    /Volumes/Samsung 990-2/100 Hours/Garments/MTL-BPT00311-056.aac -> gs://100hr-data/Garments/IMU/MTL-BPT00311-056.aac
OK    /Volumes/Samsung 990-2/100 Hours/Garments/MTL-BPT00311-042.aac -> gs://100hr-data/Garments/IMU/MTL-BPT00311-042.aac
OK    /Volumes/Samsung 990-2/100 Hours/Garments/MTL-BPT00301-056.aac -> gs://100hr-data/Garments/IMU/MTL-BPT00301-056.aac
OK    /Volumes/Samsung 990-2/100 Hours/Garments/MTL-BPT00302-019.txt -> gs://100hr-data/Garments/IMU/MTL-BPT00302-019.txt
OK    /Volumes/Samsung 990-2/100 Hours/Garments/MTL-BPT00302-031.txt -> gs://100hr-data/Garments/IMU/MTL-BPT00302-031.txt
OK    /Volumes/Samsung 990-2/100 Hours/Garments/MTL-BPT00302-025.txt -> gs://100hr-data/Garments/IMU/MTL-BPT00302-025.txt
OK    /Volumes/Samsung 990-2/100 Hours/Garments/MTL-BPT00302-142.aac -> gs://100hr-data/Garments/IMU/MTL-BPT00302-142.aac
OK    /Volumes/Samsung 990-2/100 Hours/Garments/MTL-BPT00311-119.txt -> gs://100hr-data/Garments/IMU/MTL-BPT00311-119.txt
OK    /Volumes/Samsung 990-2/100 Hours/Garments/MTL-BPT00311-095.aac -> gs://100hr-data/Garments/IMU/MTL-BPT00311-095.aac
OK    /Volumes/Samsung 990-2/100 Hours/Garments/MTL-BPT00311-125.txt -> gs://100hr-data/Garments/IMU/MTL-BPT00311-125.txt
OK    /Volumes/Samsung 990-2/100 Hours/Garments/MTL-BPT00311-131.txt -> gs://100hr-data/Garments/IMU/MTL-BPT00311-131.txt
OK    /Volumes/Samsung 990-2/100 Hours/Garments/MTL-BPT00302-059.mp4 -> gs://100hr-data/Garments/Videos/MTL-BPT00302-059.mp4
OK    /Volumes/Samsung 990-2/100 Hours/Garments/MTL-BPT00325-022.txt -> gs://100hr-data/Garments/IMU/MTL-BPT00325-022.txt
OK    /Volumes/Samsung 990-2/100 Hours/Garments/MTL-BPT00308-006.mp4 -> gs://100hr-data/Garments/Videos/MTL-BPT00308-006.mp4
OK    /Volumes/Samsung 990-2/100 Hours/Garments/MTL-BPT00308-012.mp4 -> gs://100hr-data/Garments/Videos/MTL-BPT00308-012.mp4
OK    /Volumes/Samsung 990-2/100 Hours/Garments/MTL-BPT00325-036.txt -> gs://100hr-data/Garments/IMU/MTL-BPT00325-036.txt
OK    /Volumes/Samsung 990-2/100 Hours/Garments/MTL-BPT00325-089.mp4 -> gs://100hr-data/Garments/Videos/MTL-BPT00325-089.mp4
OK    /Volumes/Samsung 990-2/100 Hours/Garments/MTL-BPT00308-085.txt -> gs://100hr-data/Garments/IMU/MTL-BPT00308-085.txt
OK    /Volumes/Samsung 990-2/100 Hours/Garments/MTL-BPT00306-016.aac -> gs://100hr-data/Garments/IMU/MTL-BPT00306-016.aac
OK    /Volumes/Samsung 990-2/100 Hours/Garments/MTL-BPT00325-062.mp4 -> gs://100hr-data/Garments/Videos/MTL-BPT00325-062.mp4
OK    /Volumes/Samsung 990-2/100 Hours/Garments/MTL-BPT00308-046.txt -> gs://100hr-data/Garments/IMU/MTL-BPT00308-046.txt
OK    /Volumes/Samsung 990-2/100 Hours/Garments/MTL-BPT00308-052.txt -> gs://100hr-data/Garments/IMU/MTL-BPT00308-052.txt
OK    /Volumes/Samsung 990-2/100 Hours/Garments/MTL-BPT00325-076.mp4 -> gs://100hr-data/Garments/Videos/MTL-BPT00325-076.mp4
OK    /Volumes/Samsung 990-2/100 Hours/Garments/MTL-BPT00306-119.mp4 -> gs://100hr-data/Garments/Videos/MTL-BPT00306-119.mp4
OK    /Volumes/Samsung 990-2/100 Hours/Garments/MTL-BPT00306-086.mp4 -> gs://100hr-data/Garments/Videos/MTL-BPT00306-086.mp4
OK    /Volumes/Samsung 990-2/100 Hours/Garments/MTL-BPT00306-039.txt -> gs://100hr-data/Garments/IMU/MTL-BPT00306-039.txt
OK    /Volumes/Samsung 990-2/100 Hours/Garments/MTL-BPT00308-041.aac -> gs://100hr-data/Garments/IMU/MTL-BPT00308-041.aac
OK    /Volumes/Samsung 990-2/100 Hours/Garments/MTL-BPT00308-055.aac -> gs://100hr-data/Garments/IMU/MTL-BPT00308-055.aac
OK    /Volumes/Samsung 990-2/100 Hours/Garments/MTL-BPT00310-014.mp4 -> gs://100hr-data/Garments/Videos/MTL-BPT00310-014.mp4
OK    /Volumes/Samsung 990-2/100 Hours/Garments/MTL-BPT00306-092.mp4 -> gs://100hr-data/Garments/Videos/MTL-BPT00306-092.mp4
OK    /Volumes/Samsung 990-2/100 Hours/Garments/MTL-BPT00308-069.aac -> gs://100hr-data/Garments/IMU/MTL-BPT00308-069.aac
OK    /Volumes/Samsung 990-2/100 Hours/Garments/MTL-BPT00310-028.mp4 -> gs://100hr-data/Garments/Videos/MTL-BPT00310-028.mp4
OK    /Volumes/Samsung 990-2/100 Hours/Garments/MTL-BPT00306-011.txt -> gs://100hr-data/Garments/IMU/MTL-BPT00306-011.txt
OK    /Volumes/Samsung 990-2/100 Hours/Garments/MTL-BPT00325-019.aac -> gs://100hr-data/Garments/IMU/MTL-BPT00325-019.aac
OK    /Volumes/Samsung 990-2/100 Hours/Garments/MTL-BPT00306-045.mp4 -> gs://100hr-data/Garments/Videos/MTL-BPT00306-045.mp4
OK    /Volumes/Samsung 990-2/100 Hours/Garments/MTL-BPT00308-082.aac -> gs://100hr-data/Garments/IMU/MTL-BPT00308-082.aac
OK    /Volumes/Samsung 990-2/100 Hours/Garments/MTL-BPT00306-051.mp4 -> gs://100hr-data/Garments/Videos/MTL-BPT00306-051.mp4
OK    /Volumes/Samsung 990-2/100 Hours/Garments/MTL-BPT00306-079.mp4 -> gs://100hr-data/Garments/Videos/MTL-BPT00306-079.mp4
OK    /Volumes/Samsung 990-2/100 Hours/Garments/MTL-BPT00310-040.txt -> gs://100hr-data/Garments/IMU/MTL-BPT00310-040.txt
OK    /Volumes/Samsung 990-2/100 Hours/Garments/MTL-BPT00325-116.mp4 -> gs://100hr-data/Garments/Videos/MTL-BPT00325-116.mp4
OK    /Volumes/Samsung 990-2/100 Hours/Garments/MTL-BPT00325-025.aac -> gs://100hr-data/Garments/IMU/MTL-BPT00325-025.aac
OK    /Volumes/Samsung 990-2/100 Hours/Garments/MTL-BPT00325-031.aac -> gs://100hr-data/Garments/IMU/MTL-BPT00325-031.aac
OK    /Volumes/Samsung 990-2/100 Hours/Garments/MTL-BPT00325-102.mp4 -> gs://100hr-data/Garments/Videos/MTL-BPT00325-102.mp4
OK    /Volumes/Samsung 990-2/100 Hours/Garments/MTL-BPT00311-011.mp4 -> gs://100hr-data/Garments/Videos/MTL-BPT00311-011.mp4
OK    /Volumes/Samsung 990-2/100 Hours/Garments/MTL-BPT00311-122.aac -> gs://100hr-data/Garments/IMU/MTL-BPT00311-122.aac
OK    /Volumes/Samsung 990-2/100 Hours/Garments/MTL-BPT00301-011.mp4 -> gs://100hr-data/Garments/Videos/MTL-BPT00301-011.mp4
OK    /Volumes/Samsung 990-2/100 Hours/Garments/MTL-BPT00302-145.txt -> gs://100hr-data/Garments/IMU/MTL-BPT00302-145.txt
OK    /Volumes/Samsung 990-2/100 Hours/Garments/MTL-BPT00301-039.mp4 -> gs://100hr-data/Garments/Videos/MTL-BPT00301-039.mp4
OK    /Volumes/Samsung 990-2/100 Hours/Garments/MTL-BPT00311-092.txt -> gs://100hr-data/Garments/IMU/MTL-BPT00311-092.txt
OK    /Volumes/Samsung 990-2/100 Hours/Garments/MTL-BPT00311-039.mp4 -> gs://100hr-data/Garments/Videos/MTL-BPT00311-039.mp4
OK    /Volumes/Samsung 990-2/100 Hours/Garments/MTL-BPT00311-086.txt -> gs://100hr-data/Garments/IMU/MTL-BPT00311-086.txt
OK    /Volumes/Samsung 990-2/100 Hours/Garments/MTL-BPT00302-036.aac -> gs://100hr-data/Garments/IMU/MTL-BPT00302-036.aac
OK    /Volumes/Samsung 990-2/100 Hours/Garments/MTL-BPT00302-105.mp4 -> gs://100hr-data/Garments/Videos/MTL-BPT00302-105.mp4
OK    /Volumes/Samsung 990-2/100 Hours/Garments/MTL-BPT00311-079.txt -> gs://100hr-data/Garments/IMU/MTL-BPT00311-079.txt
OK    /Volumes/Samsung 990-2/100 Hours/Garments/MTL-BPT00302-111.mp4 -> gs://100hr-data/Garments/Videos/MTL-BPT00302-111.mp4
OK    /Volumes/Samsung 990-2/100 Hours/Garments/MTL-BPT00302-022.aac -> gs://100hr-data/Garments/IMU/MTL-BPT00302-022.aac
OK    /Volumes/Samsung 990-2/100 Hours/Garments/MTL-BPT00302-139.mp4 -> gs://100hr-data/Garments/Videos/MTL-BPT00302-139.mp4
OK    /Volumes/Samsung 990-2/100 Hours/Garments/MTL-BPT00301-045.txt -> gs://100hr-data/Garments/IMU/MTL-BPT00301-045.txt
OK    /Volumes/Samsung 990-2/100 Hours/Garments/MTL-BPT00311-051.txt -> gs://100hr-data/Garments/IMU/MTL-BPT00311-051.txt
OK    /Volumes/Samsung 990-2/100 Hours/Garments/MTL-BPT00311-045.txt -> gs://100hr-data/Garments/IMU/MTL-BPT00311-045.txt
OK    /Volumes/Samsung 990-2/100 Hours/Garments/MTL-BPT00301-051.txt -> gs://100hr-data/Garments/IMU/MTL-BPT00301-051.txt
OK    /Volumes/Samsung 990-2/100 Hours/Garments/MTL-BPT00311-053.txt -> gs://100hr-data/Garments/IMU/MTL-BPT00311-053.txt
OK    /Volumes/Samsung 990-2/100 Hours/Garments/MTL-BPT00301-047.txt -> gs://100hr-data/Garments/IMU/MTL-BPT00301-047.txt
OK    /Volumes/Samsung 990-2/100 Hours/Garments/MTL-BPT00302-008.aac -> gs://100hr-data/Garments/IMU/MTL-BPT00302-008.aac
OK    /Volumes/Samsung 990-2/100 Hours/Garments/MTL-BPT00301-053.txt -> gs://100hr-data/Garments/IMU/MTL-BPT00301-053.txt
OK    /Volumes/Samsung 990-2/100 Hours/Garments/MTL-BPT00311-047.txt -> gs://100hr-data/Garments/IMU/MTL-BPT00311-047.txt
OK    /Volumes/Samsung 990-2/100 Hours/Garments/MTL-BPT00302-107.mp4 -> gs://100hr-data/Garments/Videos/MTL-BPT00302-107.mp4
OK    /Volumes/Samsung 990-2/100 Hours/Garments/MTL-BPT00302-034.aac -> gs://100hr-data/Garments/IMU/MTL-BPT00302-034.aac
OK    /Volumes/Samsung 990-2/100 Hours/Garments/MTL-BPT00302-020.aac -> gs://100hr-data/Garments/IMU/MTL-BPT00302-020.aac
OK    /Volumes/Samsung 990-2/100 Hours/Garments/MTL-BPT00302-113.mp4 -> gs://100hr-data/Garments/Videos/MTL-BPT00302-113.mp4
OK    /Volumes/Samsung 990-2/100 Hours/Garments/MTL-BPT00311-090.txt -> gs://100hr-data/Garments/IMU/MTL-BPT00311-090.txt
OK    /Volumes/Samsung 990-2/100 Hours/Garments/MTL-BPT00302-147.txt -> gs://100hr-data/Garments/IMU/MTL-BPT00302-147.txt
OK    /Volumes/Samsung 990-2/100 Hours/Garments/MTL-BPT00311-108.aac -> gs://100hr-data/Garments/IMU/MTL-BPT00311-108.aac
OK    /Volumes/Samsung 990-2/100 Hours/Garments/MTL-BPT00311-084.txt -> gs://100hr-data/Garments/IMU/MTL-BPT00311-084.txt
OK    /Volumes/Samsung 990-2/100 Hours/Garments/MTL-BPT00311-120.aac -> gs://100hr-data/Garments/IMU/MTL-BPT00311-120.aac
OK    /Volumes/Samsung 990-2/100 Hours/Garments/MTL-BPT00311-013.mp4 -> gs://100hr-data/Garments/Videos/MTL-BPT00311-013.mp4
OK    /Volumes/Samsung 990-2/100 Hours/Garments/MTL-BPT00301-007.mp4 -> gs://100hr-data/Garments/Videos/MTL-BPT00301-007.mp4
OK    /Volumes/Samsung 990-2/100 Hours/Garments/MTL-BPT00301-013.mp4 -> gs://100hr-data/Garments/Videos/MTL-BPT00301-013.mp4
OK    /Volumes/Samsung 990-2/100 Hours/Garments/MTL-BPT00311-007.mp4 -> gs://100hr-data/Garments/Videos/MTL-BPT00311-007.mp4
OK    /Volumes/Samsung 990-2/100 Hours/Garments/MTL-BPT00311-134.aac -> gs://100hr-data/Garments/IMU/MTL-BPT00311-134.aac
OK    /Volumes/Samsung 990-2/100 Hours/Garments/MTL-BPT00325-027.aac -> gs://100hr-data/Garments/IMU/MTL-BPT00325-027.aac
OK    /Volumes/Samsung 990-2/100 Hours/Garments/MTL-BPT00325-114.mp4 -> gs://100hr-data/Garments/Videos/MTL-BPT00325-114.mp4
OK    /Volumes/Samsung 990-2/100 Hours/Garments/MTL-BPT00310-042.txt -> gs://100hr-data/Garments/IMU/MTL-BPT00310-042.txt
OK    /Volumes/Samsung 990-2/100 Hours/Garments/MTL-BPT00325-100.mp4 -> gs://100hr-data/Garments/Videos/MTL-BPT00325-100.mp4
OK    /Volumes/Samsung 990-2/100 Hours/Garments/MTL-BPT00325-033.aac -> gs://100hr-data/Garments/IMU/MTL-BPT00325-033.aac
OK    /Volumes/Samsung 990-2/100 Hours/Garments/MTL-BPT00308-080.aac -> gs://100hr-data/Garments/IMU/MTL-BPT00308-080.aac
OK    /Volumes/Samsung 990-2/100 Hours/Garments/MTL-BPT00325-128.mp4 -> gs://100hr-data/Garments/Videos/MTL-BPT00325-128.mp4
OK    /Volumes/Samsung 990-2/100 Hours/Garments/MTL-BPT00306-047.mp4 -> gs://100hr-data/Garments/Videos/MTL-BPT00306-047.mp4
OK    /Volumes/Samsung 990-2/100 Hours/Garments/MTL-BPT00306-053.mp4 -> gs://100hr-data/Garments/Videos/MTL-BPT00306-053.mp4
OK    /Volumes/Samsung 990-2/100 Hours/Garments/MTL-BPT00306-013.txt -> gs://100hr-data/Garments/IMU/MTL-BPT00306-013.txt
OK    /Volumes/Samsung 990-2/100 Hours/Garments/MTL-BPT00308-043.aac -> gs://100hr-data/Garments/IMU/MTL-BPT00308-043.aac
OK    /Volumes/Samsung 990-2/100 Hours/Garments/MTL-BPT00306-084.mp4 -> gs://100hr-data/Garments/Videos/MTL-BPT00306-084.mp4
OK    /Volumes/Samsung 990-2/100 Hours/Garments/MTL-BPT00306-090.mp4 -> gs://100hr-data/Garments/Videos/MTL-BPT00306-090.mp4
OK    /Volumes/Samsung 990-2/100 Hours/Garments/MTL-BPT00310-016.mp4 -> gs://100hr-data/Garments/Videos/MTL-BPT00310-016.mp4
OK    /Volumes/Samsung 990-2/100 Hours/Garments/MTL-BPT00308-057.aac -> gs://100hr-data/Garments/IMU/MTL-BPT00308-057.aac
OK    /Volumes/Samsung 990-2/100 Hours/Garments/MTL-BPT00308-044.txt -> gs://100hr-data/Garments/IMU/MTL-BPT00308-044.txt
OK    /Volumes/Samsung 990-2/100 Hours/Garments/MTL-BPT00325-060.mp4 -> gs://100hr-data/Garments/Videos/MTL-BPT00325-060.mp4
OK    /Volumes/Samsung 990-2/100 Hours/Garments/MTL-BPT00325-074.mp4 -> gs://100hr-data/Garments/Videos/MTL-BPT00325-074.mp4
OK    /Volumes/Samsung 990-2/100 Hours/Garments/MTL-BPT00306-028.aac -> gs://100hr-data/Garments/IMU/MTL-BPT00306-028.aac
OK    /Volumes/Samsung 990-2/100 Hours/Garments/MTL-BPT00308-050.txt -> gs://100hr-data/Garments/IMU/MTL-BPT00308-050.txt
OK    /Volumes/Samsung 990-2/100 Hours/Garments/MTL-BPT00308-078.txt -> gs://100hr-data/Garments/IMU/MTL-BPT00308-078.txt
OK    /Volumes/Samsung 990-2/100 Hours/Garments/MTL-BPT00306-014.aac -> gs://100hr-data/Garments/IMU/MTL-BPT00306-014.aac
OK    /Volumes/Samsung 990-2/100 Hours/Garments/MTL-BPT00325-048.mp4 -> gs://100hr-data/Garments/Videos/MTL-BPT00325-048.mp4
OK    /Volumes/Samsung 990-2/100 Hours/Garments/MTL-BPT00308-038.mp4 -> gs://100hr-data/Garments/Videos/MTL-BPT00308-038.mp4
OK    /Volumes/Samsung 990-2/100 Hours/Garments/MTL-BPT00308-087.txt -> gs://100hr-data/Garments/IMU/MTL-BPT00308-087.txt
OK    /Volumes/Samsung 990-2/100 Hours/Garments/MTL-BPT00325-008.txt -> gs://100hr-data/Garments/IMU/MTL-BPT00325-008.txt
OK    /Volumes/Samsung 990-2/100 Hours/Garments/MTL-BPT00325-020.txt -> gs://100hr-data/Garments/IMU/MTL-BPT00325-020.txt
OK    /Volumes/Samsung 990-2/100 Hours/Garments/MTL-BPT00310-045.aac -> gs://100hr-data/Garments/IMU/MTL-BPT00310-045.aac
OK    /Volumes/Samsung 990-2/100 Hours/Garments/MTL-BPT00325-034.txt -> gs://100hr-data/Garments/IMU/MTL-BPT00325-034.txt
OK    /Volumes/Samsung 990-2/100 Hours/Garments/MTL-BPT00308-010.mp4 -> gs://100hr-data/Garments/Videos/MTL-BPT00308-010.mp4
OK    /Volumes/Samsung 990-2/100 Hours/Garments/MTL-BPT00311-127.txt -> gs://100hr-data/Garments/IMU/MTL-BPT00311-127.txt
OK    /Volumes/Samsung 990-2/100 Hours/Garments/MTL-BPT00311-133.txt -> gs://100hr-data/Garments/IMU/MTL-BPT00311-133.txt
OK    /Volumes/Samsung 990-2/100 Hours/Garments/MTL-BPT00311-097.aac -> gs://100hr-data/Garments/IMU/MTL-BPT00311-097.aac
OK    /Volumes/Samsung 990-2/100 Hours/Garments/MTL-BPT00302-073.mp4 -> gs://100hr-data/Garments/Videos/MTL-BPT00302-073.mp4
OK    /Volumes/Samsung 990-2/100 Hours/Garments/MTL-BPT00302-140.aac -> gs://100hr-data/Garments/IMU/MTL-BPT00302-140.aac
OK    /Volumes/Samsung 990-2/100 Hours/Garments/MTL-BPT00311-083.aac -> gs://100hr-data/Garments/IMU/MTL-BPT00311-083.aac
OK    /Volumes/Samsung 990-2/100 Hours/Garments/MTL-BPT00311-068.aac -> gs://100hr-data/Garments/IMU/MTL-BPT00311-068.aac
OK    /Volumes/Samsung 990-2/100 Hours/Garments/MTL-BPT00302-033.txt -> gs://100hr-data/Garments/IMU/MTL-BPT00302-033.txt
OK    /Volumes/Samsung 990-2/100 Hours/Garments/MTL-BPT00302-027.txt -> gs://100hr-data/Garments/IMU/MTL-BPT00302-027.txt
OK    /Volumes/Samsung 990-2/100 Hours/Garments/MTL-BPT00301-068.aac -> gs://100hr-data/Garments/IMU/MTL-BPT00301-068.aac
OK    /Volumes/Samsung 990-2/100 Hours/Garments/MTL-BPT00302-098.mp4 -> gs://100hr-data/Garments/Videos/MTL-BPT00302-098.mp4
OK    /Volumes/Samsung 990-2/100 Hours/Garments/MTL-BPT00311-054.aac -> gs://100hr-data/Garments/IMU/MTL-BPT00311-054.aac
OK    /Volumes/Samsung 990-2/100 Hours/Garments/MTL-BPT00301-040.aac -> gs://100hr-data/Garments/IMU/MTL-BPT00301-040.aac
OK    /Volumes/Samsung 990-2/100 Hours/Garments/MTL-BPT00301-054.aac -> gs://100hr-data/Garments/IMU/MTL-BPT00301-054.aac
OK    /Volumes/Samsung 990-2/100 Hours/Garments/MTL-BPT00311-040.aac -> gs://100hr-data/Garments/IMU/MTL-BPT00311-040.aac
OK    /Volumes/Samsung 990-2/100 Hours/Garments/MTL-BPT00301-055.aac -> gs://100hr-data/Garments/IMU/MTL-BPT00301-055.aac
OK    /Volumes/Samsung 990-2/100 Hours/Garments/MTL-BPT00311-041.aac -> gs://100hr-data/Garments/IMU/MTL-BPT00311-041.aac
OK    /Volumes/Samsung 990-2/100 Hours/Garments/MTL-BPT00311-055.aac -> gs://100hr-data/Garments/IMU/MTL-BPT00311-055.aac
OK    /Volumes/Samsung 990-2/100 Hours/Garments/MTL-BPT00301-041.aac -> gs://100hr-data/Garments/IMU/MTL-BPT00301-041.aac
OK    /Volumes/Samsung 990-2/100 Hours/Garments/MTL-BPT00302-099.mp4 -> gs://100hr-data/Garments/Videos/MTL-BPT00302-099.mp4
OK    /Volumes/Samsung 990-2/100 Hours/Garments/MTL-BPT00301-069.aac -> gs://100hr-data/Garments/IMU/MTL-BPT00301-069.aac
OK    /Volumes/Samsung 990-2/100 Hours/Garments/MTL-BPT00302-026.txt -> gs://100hr-data/Garments/IMU/MTL-BPT00302-026.txt
OK    /Volumes/Samsung 990-2/100 Hours/Garments/MTL-BPT00311-069.aac -> gs://100hr-data/Garments/IMU/MTL-BPT00311-069.aac
OK    /Volumes/Samsung 990-2/100 Hours/Garments/MTL-BPT00302-032.txt -> gs://100hr-data/Garments/IMU/MTL-BPT00302-032.txt
OK    /Volumes/Samsung 990-2/100 Hours/Garments/MTL-BPT00311-096.aac -> gs://100hr-data/Garments/IMU/MTL-BPT00311-096.aac
OK    /Volumes/Samsung 990-2/100 Hours/Garments/MTL-BPT00302-141.aac -> gs://100hr-data/Garments/IMU/MTL-BPT00302-141.aac
OK    /Volumes/Samsung 990-2/100 Hours/Garments/MTL-BPT00311-132.txt -> gs://100hr-data/Garments/IMU/MTL-BPT00311-132.txt
OK    /Volumes/Samsung 990-2/100 Hours/Garments/MTL-BPT00311-126.txt -> gs://100hr-data/Garments/IMU/MTL-BPT00311-126.txt
OK    /Volumes/Samsung 990-2/100 Hours/Garments/MTL-BPT00325-035.txt -> gs://100hr-data/Garments/IMU/MTL-BPT00325-035.txt
OK    /Volumes/Samsung 990-2/100 Hours/Garments/MTL-BPT00308-011.mp4 -> gs://100hr-data/Garments/Videos/MTL-BPT00308-011.mp4
OK    /Volumes/Samsung 990-2/100 Hours/Garments/MTL-BPT00310-044.aac -> gs://100hr-data/Garments/IMU/MTL-BPT00310-044.aac
OK    /Volumes/Samsung 990-2/100 Hours/Garments/MTL-BPT00325-021.txt -> gs://100hr-data/Garments/IMU/MTL-BPT00325-021.txt
OK    /Volumes/Samsung 990-2/100 Hours/Garments/MTL-BPT00325-009.txt -> gs://100hr-data/Garments/IMU/MTL-BPT00325-009.txt
OK    /Volumes/Samsung 990-2/100 Hours/Garments/MTL-BPT00308-086.txt -> gs://100hr-data/Garments/IMU/MTL-BPT00308-086.txt
OK    /Volumes/Samsung 990-2/100 Hours/Garments/MTL-BPT00308-039.mp4 -> gs://100hr-data/Garments/Videos/MTL-BPT00308-039.mp4
OK    /Volumes/Samsung 990-2/100 Hours/Garments/MTL-BPT00325-049.mp4 -> gs://100hr-data/Garments/Videos/MTL-BPT00325-049.mp4
OK    /Volumes/Samsung 990-2/100 Hours/Garments/MTL-BPT00306-015.aac -> gs://100hr-data/Garments/IMU/MTL-BPT00306-015.aac
OK    /Volumes/Samsung 990-2/100 Hours/Garments/MTL-BPT00308-079.txt -> gs://100hr-data/Garments/IMU/MTL-BPT00308-079.txt
OK    /Volumes/Samsung 990-2/100 Hours/Garments/MTL-BPT00306-029.aac -> gs://100hr-data/Garments/IMU/MTL-BPT00306-029.aac
OK    /Volumes/Samsung 990-2/100 Hours/Garments/MTL-BPT00325-075.mp4 -> gs://100hr-data/Garments/Videos/MTL-BPT00325-075.mp4
OK    /Volumes/Samsung 990-2/100 Hours/Garments/MTL-BPT00308-051.txt -> gs://100hr-data/Garments/IMU/MTL-BPT00308-051.txt
OK    /Volumes/Samsung 990-2/100 Hours/Garments/MTL-BPT00308-045.txt -> gs://100hr-data/Garments/IMU/MTL-BPT00308-045.txt
OK    /Volumes/Samsung 990-2/100 Hours/Garments/MTL-BPT00325-061.mp4 -> gs://100hr-data/Garments/Videos/MTL-BPT00325-061.mp4
OK    /Volumes/Samsung 990-2/100 Hours/Garments/MTL-BPT00310-017.mp4 -> gs://100hr-data/Garments/Videos/MTL-BPT00310-017.mp4
OK    /Volumes/Samsung 990-2/100 Hours/Garments/MTL-BPT00306-091.mp4 -> gs://100hr-data/Garments/Videos/MTL-BPT00306-091.mp4
OK    /Volumes/Samsung 990-2/100 Hours/Garments/MTL-BPT00308-056.aac -> gs://100hr-data/Garments/IMU/MTL-BPT00308-056.aac
OK    /Volumes/Samsung 990-2/100 Hours/Garments/MTL-BPT00308-042.aac -> gs://100hr-data/Garments/IMU/MTL-BPT00308-042.aac
OK    /Volumes/Samsung 990-2/100 Hours/Garments/MTL-BPT00306-085.mp4 -> gs://100hr-data/Garments/Videos/MTL-BPT00306-085.mp4
OK    /Volumes/Samsung 990-2/100 Hours/Garments/MTL-BPT00306-012.txt -> gs://100hr-data/Garments/IMU/MTL-BPT00306-012.txt
OK    /Volumes/Samsung 990-2/100 Hours/Garments/MTL-BPT00306-052.mp4 -> gs://100hr-data/Garments/Videos/MTL-BPT00306-052.mp4
OK    /Volumes/Samsung 990-2/100 Hours/Garments/MTL-BPT00308-081.aac -> gs://100hr-data/Garments/IMU/MTL-BPT00308-081.aac
OK    /Volumes/Samsung 990-2/100 Hours/Garments/MTL-BPT00306-046.mp4 -> gs://100hr-data/Garments/Videos/MTL-BPT00306-046.mp4
OK    /Volumes/Samsung 990-2/100 Hours/Garments/MTL-BPT00325-129.mp4 -> gs://100hr-data/Garments/Videos/MTL-BPT00325-129.mp4
OK    /Volumes/Samsung 990-2/100 Hours/Garments/MTL-BPT00325-032.aac -> gs://100hr-data/Garments/IMU/MTL-BPT00325-032.aac
OK    /Volumes/Samsung 990-2/100 Hours/Garments/MTL-BPT00325-101.mp4 -> gs://100hr-data/Garments/Videos/MTL-BPT00325-101.mp4
OK    /Volumes/Samsung 990-2/100 Hours/Garments/MTL-BPT00310-043.txt -> gs://100hr-data/Garments/IMU/MTL-BPT00310-043.txt
OK    /Volumes/Samsung 990-2/100 Hours/Garments/MTL-BPT00325-115.mp4 -> gs://100hr-data/Garments/Videos/MTL-BPT00325-115.mp4
OK    /Volumes/Samsung 990-2/100 Hours/Garments/MTL-BPT00325-026.aac -> gs://100hr-data/Garments/IMU/MTL-BPT00325-026.aac
OK    /Volumes/Samsung 990-2/100 Hours/Garments/MTL-BPT00301-012.mp4 -> gs://100hr-data/Garments/Videos/MTL-BPT00301-012.mp4
OK    /Volumes/Samsung 990-2/100 Hours/Garments/MTL-BPT00311-135.aac -> gs://100hr-data/Garments/IMU/MTL-BPT00311-135.aac
OK    /Volumes/Samsung 990-2/100 Hours/Garments/MTL-BPT00311-006.mp4 -> gs://100hr-data/Garments/Videos/MTL-BPT00311-006.mp4
OK    /Volumes/Samsung 990-2/100 Hours/Garments/MTL-BPT00311-012.mp4 -> gs://100hr-data/Garments/Videos/MTL-BPT00311-012.mp4
OK    /Volumes/Samsung 990-2/100 Hours/Garments/MTL-BPT00311-121.aac -> gs://100hr-data/Garments/IMU/MTL-BPT00311-121.aac
OK    /Volumes/Samsung 990-2/100 Hours/Garments/MTL-BPT00301-006.mp4 -> gs://100hr-data/Garments/Videos/MTL-BPT00301-006.mp4
OK    /Volumes/Samsung 990-2/100 Hours/Garments/MTL-BPT00311-085.txt -> gs://100hr-data/Garments/IMU/MTL-BPT00311-085.txt
OK    /Volumes/Samsung 990-2/100 Hours/Garments/MTL-BPT00311-109.aac -> gs://100hr-data/Garments/IMU/MTL-BPT00311-109.aac
OK    /Volumes/Samsung 990-2/100 Hours/Garments/MTL-BPT00311-091.txt -> gs://100hr-data/Garments/IMU/MTL-BPT00311-091.txt
OK    /Volumes/Samsung 990-2/100 Hours/Garments/MTL-BPT00302-146.txt -> gs://100hr-data/Garments/IMU/MTL-BPT00302-146.txt
OK    /Volumes/Samsung 990-2/100 Hours/Garments/MTL-BPT00302-112.mp4 -> gs://100hr-data/Garments/Videos/MTL-BPT00302-112.mp4
OK    /Volumes/Samsung 990-2/100 Hours/Garments/MTL-BPT00302-021.aac -> gs://100hr-data/Garments/IMU/MTL-BPT00302-021.aac
OK    /Volumes/Samsung 990-2/100 Hours/Garments/MTL-BPT00302-035.aac -> gs://100hr-data/Garments/IMU/MTL-BPT00302-035.aac
OK    /Volumes/Samsung 990-2/100 Hours/Garments/MTL-BPT00302-106.mp4 -> gs://100hr-data/Garments/Videos/MTL-BPT00302-106.mp4
OK    /Volumes/Samsung 990-2/100 Hours/Garments/MTL-BPT00301-052.txt -> gs://100hr-data/Garments/IMU/MTL-BPT00301-052.txt
OK    /Volumes/Samsung 990-2/100 Hours/Garments/MTL-BPT00311-046.txt -> gs://100hr-data/Garments/IMU/MTL-BPT00311-046.txt
OK    /Volumes/Samsung 990-2/100 Hours/Garments/MTL-BPT00311-052.txt -> gs://100hr-data/Garments/IMU/MTL-BPT00311-052.txt
OK    /Volumes/Samsung 990-2/100 Hours/Garments/MTL-BPT00302-009.aac -> gs://100hr-data/Garments/IMU/MTL-BPT00302-009.aac
OK    /Volumes/Samsung 990-2/100 Hours/Garments/MTL-BPT00301-046.txt -> gs://100hr-data/Garments/IMU/MTL-BPT00301-046.txt
OK    /Volumes/Samsung 990-2/100 Hours/Garments/MTL-BPT00302-102.mp4 -> gs://100hr-data/Garments/Videos/MTL-BPT00302-102.mp4
OK    /Volumes/Samsung 990-2/100 Hours/Garments/MTL-BPT00302-031.aac -> gs://100hr-data/Garments/IMU/MTL-BPT00302-031.aac
OK    /Volumes/Samsung 990-2/100 Hours/Garments/MTL-BPT00302-025.aac -> gs://100hr-data/Garments/IMU/MTL-BPT00302-025.aac
OK    /Volumes/Samsung 990-2/100 Hours/Garments/MTL-BPT00302-116.mp4 -> gs://100hr-data/Garments/Videos/MTL-BPT00302-116.mp4
OK    /Volumes/Samsung 990-2/100 Hours/Garments/MTL-BPT00301-042.txt -> gs://100hr-data/Garments/IMU/MTL-BPT00301-042.txt
OK    /Volumes/Samsung 990-2/100 Hours/Garments/MTL-BPT00311-056.txt -> gs://100hr-data/Garments/IMU/MTL-BPT00311-056.txt
OK    /Volumes/Samsung 990-2/100 Hours/Garments/MTL-BPT00311-042.txt -> gs://100hr-data/Garments/IMU/MTL-BPT00311-042.txt
OK    /Volumes/Samsung 990-2/100 Hours/Garments/MTL-BPT00301-056.txt -> gs://100hr-data/Garments/IMU/MTL-BPT00301-056.txt
OK    /Volumes/Samsung 990-2/100 Hours/Garments/MTL-BPT00302-019.aac -> gs://100hr-data/Garments/IMU/MTL-BPT00302-019.aac
OK    /Volumes/Samsung 990-2/100 Hours/Garments/MTL-BPT00311-125.aac -> gs://100hr-data/Garments/IMU/MTL-BPT00311-125.aac
OK    /Volumes/Samsung 990-2/100 Hours/Garments/MTL-BPT00311-016.mp4 -> gs://100hr-data/Garments/Videos/MTL-BPT00311-016.mp4
OK    /Volumes/Samsung 990-2/100 Hours/Garments/MTL-BPT00311-131.aac -> gs://100hr-data/Garments/IMU/MTL-BPT00311-131.aac
OK    /Volumes/Samsung 990-2/100 Hours/Garments/MTL-BPT00301-016.mp4 -> gs://100hr-data/Garments/Videos/MTL-BPT00301-016.mp4
OK    /Volumes/Samsung 990-2/100 Hours/Garments/MTL-BPT00302-142.txt -> gs://100hr-data/Garments/IMU/MTL-BPT00302-142.txt
OK    /Volumes/Samsung 990-2/100 Hours/Garments/MTL-BPT00311-119.aac -> gs://100hr-data/Garments/IMU/MTL-BPT00311-119.aac
OK    /Volumes/Samsung 990-2/100 Hours/Garments/MTL-BPT00311-095.txt -> gs://100hr-data/Garments/IMU/MTL-BPT00311-095.txt
OK    /Volumes/Samsung 990-2/100 Hours/Garments/MTL-BPT00306-042.mp4 -> gs://100hr-data/Garments/Videos/MTL-BPT00306-042.mp4
OK    /Volumes/Samsung 990-2/100 Hours/Garments/MTL-BPT00308-085.aac -> gs://100hr-data/Garments/IMU/MTL-BPT00308-085.aac
OK    /Volumes/Samsung 990-2/100 Hours/Garments/MTL-BPT00306-056.mp4 -> gs://100hr-data/Garments/Videos/MTL-BPT00306-056.mp4
OK    /Volumes/Samsung 990-2/100 Hours/Garments/MTL-BPT00325-022.aac -> gs://100hr-data/Garments/IMU/MTL-BPT00325-022.aac
OK    /Volumes/Samsung 990-2/100 Hours/Garments/MTL-BPT00325-111.mp4 -> gs://100hr-data/Garments/Videos/MTL-BPT00325-111.mp4
OK    /Volumes/Samsung 990-2/100 Hours/Garments/MTL-BPT00325-105.mp4 -> gs://100hr-data/Garments/Videos/MTL-BPT00325-105.mp4
OK    /Volumes/Samsung 990-2/100 Hours/Garments/MTL-BPT00325-036.aac -> gs://100hr-data/Garments/IMU/MTL-BPT00325-036.aac
OK    /Volumes/Samsung 990-2/100 Hours/Garments/MTL-BPT00310-007.mp4 -> gs://100hr-data/Garments/Videos/MTL-BPT00310-007.mp4
OK    /Volumes/Samsung 990-2/100 Hours/Garments/MTL-BPT00306-081.mp4 -> gs://100hr-data/Garments/Videos/MTL-BPT00306-081.mp4
OK    /Volumes/Samsung 990-2/100 Hours/Garments/MTL-BPT00308-046.aac -> gs://100hr-data/Garments/IMU/MTL-BPT00308-046.aac
OK    /Volumes/Samsung 990-2/100 Hours/Garments/MTL-BPT00308-052.aac -> gs://100hr-data/Garments/IMU/MTL-BPT00308-052.aac
OK    /Volumes/Samsung 990-2/100 Hours/Garments/MTL-BPT00306-095.mp4 -> gs://100hr-data/Garments/Videos/MTL-BPT00306-095.mp4
OK    /Volumes/Samsung 990-2/100 Hours/Garments/MTL-BPT00310-013.mp4 -> gs://100hr-data/Garments/Videos/MTL-BPT00310-013.mp4
OK    /Volumes/Samsung 990-2/100 Hours/Garments/MTL-BPT00306-016.txt -> gs://100hr-data/Garments/IMU/MTL-BPT00306-016.txt
OK    /Volumes/Samsung 990-2/100 Hours/Garments/MTL-BPT00325-059.mp4 -> gs://100hr-data/Garments/Videos/MTL-BPT00325-059.mp4
OK    /Volumes/Samsung 990-2/100 Hours/Garments/MTL-BPT00308-069.txt -> gs://100hr-data/Garments/IMU/MTL-BPT00308-069.txt
OK    /Volumes/Samsung 990-2/100 Hours/Garments/MTL-BPT00306-011.aac -> gs://100hr-data/Garments/IMU/MTL-BPT00306-011.aac
OK    /Volumes/Samsung 990-2/100 Hours/Garments/MTL-BPT00306-039.aac -> gs://100hr-data/Garments/IMU/MTL-BPT00306-039.aac
OK    /Volumes/Samsung 990-2/100 Hours/Garments/MTL-BPT00325-065.mp4 -> gs://100hr-data/Garments/Videos/MTL-BPT00325-065.mp4
OK    /Volumes/Samsung 990-2/100 Hours/Garments/MTL-BPT00308-041.txt -> gs://100hr-data/Garments/IMU/MTL-BPT00308-041.txt
OK    /Volumes/Samsung 990-2/100 Hours/Garments/MTL-BPT00308-055.txt -> gs://100hr-data/Garments/IMU/MTL-BPT00308-055.txt
OK    /Volumes/Samsung 990-2/100 Hours/Garments/MTL-BPT00325-071.mp4 -> gs://100hr-data/Garments/Videos/MTL-BPT00325-071.mp4
OK    /Volumes/Samsung 990-2/100 Hours/Garments/MTL-BPT00325-025.txt -> gs://100hr-data/Garments/IMU/MTL-BPT00325-025.txt
OK    /Volumes/Samsung 990-2/100 Hours/Garments/MTL-BPT00310-040.aac -> gs://100hr-data/Garments/IMU/MTL-BPT00310-040.aac
OK    /Volumes/Samsung 990-2/100 Hours/Garments/MTL-BPT00308-015.mp4 -> gs://100hr-data/Garments/Videos/MTL-BPT00308-015.mp4
OK    /Volumes/Samsung 990-2/100 Hours/Garments/MTL-BPT00325-031.txt -> gs://100hr-data/Garments/IMU/MTL-BPT00325-031.txt
OK    /Volumes/Samsung 990-2/100 Hours/Garments/MTL-BPT00325-019.txt -> gs://100hr-data/Garments/IMU/MTL-BPT00325-019.txt
OK    /Volumes/Samsung 990-2/100 Hours/Garments/MTL-BPT00308-082.txt -> gs://100hr-data/Garments/IMU/MTL-BPT00308-082.txt
OK    /Volumes/Samsung 990-2/100 Hours/Garments/MTL-BPT00308-029.mp4 -> gs://100hr-data/Garments/Videos/MTL-BPT00308-029.mp4
OK    /Volumes/Samsung 990-2/100 Hours/Garments/MTL-BPT00302-076.mp4 -> gs://100hr-data/Garments/Videos/MTL-BPT00302-076.mp4
OK    /Volumes/Samsung 990-2/100 Hours/Garments/MTL-BPT00302-145.aac -> gs://100hr-data/Garments/IMU/MTL-BPT00302-145.aac
OK    /Volumes/Samsung 990-2/100 Hours/Garments/MTL-BPT00311-092.aac -> gs://100hr-data/Garments/IMU/MTL-BPT00311-092.aac
OK    /Volumes/Samsung 990-2/100 Hours/Garments/MTL-BPT00311-086.aac -> gs://100hr-data/Garments/IMU/MTL-BPT00311-086.aac
OK    /Volumes/Samsung 990-2/100 Hours/Garments/MTL-BPT00302-062.mp4 -> gs://100hr-data/Garments/Videos/MTL-BPT00302-062.mp4
OK    /Volumes/Samsung 990-2/100 Hours/Garments/MTL-BPT00311-122.txt -> gs://100hr-data/Garments/IMU/MTL-BPT00311-122.txt
OK    /Volumes/Samsung 990-2/100 Hours/Garments/MTL-BPT00301-045.aac -> gs://100hr-data/Garments/IMU/MTL-BPT00301-045.aac
OK    /Volumes/Samsung 990-2/100 Hours/Garments/MTL-BPT00311-051.aac -> gs://100hr-data/Garments/IMU/MTL-BPT00311-051.aac
OK    /Volumes/Samsung 990-2/100 Hours/Garments/MTL-BPT00311-045.aac -> gs://100hr-data/Garments/IMU/MTL-BPT00311-045.aac
OK    /Volumes/Samsung 990-2/100 Hours/Garments/MTL-BPT00301-051.aac -> gs://100hr-data/Garments/IMU/MTL-BPT00301-051.aac
OK    /Volumes/Samsung 990-2/100 Hours/Garments/MTL-BPT00302-089.mp4 -> gs://100hr-data/Garments/Videos/MTL-BPT00302-089.mp4
OK    /Volumes/Samsung 990-2/100 Hours/Garments/MTL-BPT00302-036.txt -> gs://100hr-data/Garments/IMU/MTL-BPT00302-036.txt
OK    /Volumes/Samsung 990-2/100 Hours/Garments/MTL-BPT00311-079.aac -> gs://100hr-data/Garments/IMU/MTL-BPT00311-079.aac
OK    /Volumes/Samsung 990-2/100 Hours/Garments/MTL-BPT00302-022.txt -> gs://100hr-data/Garments/IMU/MTL-BPT00302-022.txt
OK    /Volumes/Samsung 990-2/100 Hours/Garments/MTL-BPT00311-078.aac -> gs://100hr-data/Garments/IMU/MTL-BPT00311-078.aac
OK    /Volumes/Samsung 990-2/100 Hours/Garments/MTL-BPT00302-023.txt -> gs://100hr-data/Garments/IMU/MTL-BPT00302-023.txt
OK    /Volumes/Samsung 990-2/100 Hours/Garments/MTL-BPT00302-037.txt -> gs://100hr-data/Garments/IMU/MTL-BPT00302-037.txt
OK    /Volumes/Samsung 990-2/100 Hours/Garments/MTL-BPT00302-088.mp4 -> gs://100hr-data/Garments/Videos/MTL-BPT00302-088.mp4
OK    /Volumes/Samsung 990-2/100 Hours/Garments/MTL-BPT00311-044.aac -> gs://100hr-data/Garments/IMU/MTL-BPT00311-044.aac
OK    /Volumes/Samsung 990-2/100 Hours/Garments/MTL-BPT00301-050.aac -> gs://100hr-data/Garments/IMU/MTL-BPT00301-050.aac
OK    /Volumes/Samsung 990-2/100 Hours/Garments/MTL-BPT00301-044.aac -> gs://100hr-data/Garments/IMU/MTL-BPT00301-044.aac
OK    /Volumes/Samsung 990-2/100 Hours/Garments/MTL-BPT00311-050.aac -> gs://100hr-data/Garments/IMU/MTL-BPT00311-050.aac
OK    /Volumes/Samsung 990-2/100 Hours/Garments/MTL-BPT00311-123.txt -> gs://100hr-data/Garments/IMU/MTL-BPT00311-123.txt
OK    /Volumes/Samsung 990-2/100 Hours/Garments/MTL-BPT00311-087.aac -> gs://100hr-data/Garments/IMU/MTL-BPT00311-087.aac
OK    /Volumes/Samsung 990-2/100 Hours/Garments/MTL-BPT00302-063.mp4 -> gs://100hr-data/Garments/Videos/MTL-BPT00302-063.mp4
OK    /Volumes/Samsung 990-2/100 Hours/Garments/MTL-BPT00302-144.aac -> gs://100hr-data/Garments/IMU/MTL-BPT00302-144.aac
OK    /Volumes/Samsung 990-2/100 Hours/Garments/MTL-BPT00302-077.mp4 -> gs://100hr-data/Garments/Videos/MTL-BPT00302-077.mp4
OK    /Volumes/Samsung 990-2/100 Hours/Garments/MTL-BPT00311-093.aac -> gs://100hr-data/Garments/IMU/MTL-BPT00311-093.aac
OK    /Volumes/Samsung 990-2/100 Hours/Garments/MTL-BPT00308-028.mp4 -> gs://100hr-data/Garments/Videos/MTL-BPT00308-028.mp4
OK    /Volumes/Samsung 990-2/100 Hours/Garments/MTL-BPT00325-018.txt -> gs://100hr-data/Garments/IMU/MTL-BPT00325-018.txt
OK    /Volumes/Samsung 990-2/100 Hours/Garments/MTL-BPT00308-083.txt -> gs://100hr-data/Garments/IMU/MTL-BPT00308-083.txt
OK    /Volumes/Samsung 990-2/100 Hours/Garments/MTL-BPT00308-014.mp4 -> gs://100hr-data/Garments/Videos/MTL-BPT00308-014.mp4
OK    /Volumes/Samsung 990-2/100 Hours/Garments/MTL-BPT00325-030.txt -> gs://100hr-data/Garments/IMU/MTL-BPT00325-030.txt
OK    /Volumes/Samsung 990-2/100 Hours/Garments/MTL-BPT00310-041.aac -> gs://100hr-data/Garments/IMU/MTL-BPT00310-041.aac
OK    /Volumes/Samsung 990-2/100 Hours/Garments/MTL-BPT00325-024.txt -> gs://100hr-data/Garments/IMU/MTL-BPT00325-024.txt
OK    /Volumes/Samsung 990-2/100 Hours/Garments/MTL-BPT00308-054.txt -> gs://100hr-data/Garments/IMU/MTL-BPT00308-054.txt
OK    /Volumes/Samsung 990-2/100 Hours/Garments/MTL-BPT00325-070.mp4 -> gs://100hr-data/Garments/Videos/MTL-BPT00325-070.mp4
OK    /Volumes/Samsung 990-2/100 Hours/Garments/MTL-BPT00325-064.mp4 -> gs://100hr-data/Garments/Videos/MTL-BPT00325-064.mp4
OK    /Volumes/Samsung 990-2/100 Hours/Garments/MTL-BPT00306-038.aac -> gs://100hr-data/Garments/IMU/MTL-BPT00306-038.aac
OK    /Volumes/Samsung 990-2/100 Hours/Garments/MTL-BPT00308-040.txt -> gs://100hr-data/Garments/IMU/MTL-BPT00308-040.txt
OK    /Volumes/Samsung 990-2/100 Hours/Garments/MTL-BPT00308-068.txt -> gs://100hr-data/Garments/IMU/MTL-BPT00308-068.txt
OK    /Volumes/Samsung 990-2/100 Hours/Garments/MTL-BPT00306-010.aac -> gs://100hr-data/Garments/IMU/MTL-BPT00306-010.aac
OK    /Volumes/Samsung 990-2/100 Hours/Garments/MTL-BPT00325-058.mp4 -> gs://100hr-data/Garments/Videos/MTL-BPT00325-058.mp4
OK    /Volumes/Samsung 990-2/100 Hours/Garments/MTL-BPT00306-017.txt -> gs://100hr-data/Garments/IMU/MTL-BPT00306-017.txt
OK    /Volumes/Samsung 990-2/100 Hours/Garments/MTL-BPT00308-053.aac -> gs://100hr-data/Garments/IMU/MTL-BPT00308-053.aac
OK    /Volumes/Samsung 990-2/100 Hours/Garments/MTL-BPT00310-012.mp4 -> gs://100hr-data/Garments/Videos/MTL-BPT00310-012.mp4
OK    /Volumes/Samsung 990-2/100 Hours/Garments/MTL-BPT00306-094.mp4 -> gs://100hr-data/Garments/Videos/MTL-BPT00306-094.mp4
OK    /Volumes/Samsung 990-2/100 Hours/Garments/MTL-BPT00306-080.mp4 -> gs://100hr-data/Garments/Videos/MTL-BPT00306-080.mp4
OK    /Volumes/Samsung 990-2/100 Hours/Garments/MTL-BPT00310-006.mp4 -> gs://100hr-data/Garments/Videos/MTL-BPT00310-006.mp4
OK    /Volumes/Samsung 990-2/100 Hours/Garments/MTL-BPT00308-047.aac -> gs://100hr-data/Garments/IMU/MTL-BPT00308-047.aac
OK    /Volumes/Samsung 990-2/100 Hours/Garments/MTL-BPT00325-037.aac -> gs://100hr-data/Garments/IMU/MTL-BPT00325-037.aac
OK    /Volumes/Samsung 990-2/100 Hours/Garments/MTL-BPT00325-104.mp4 -> gs://100hr-data/Garments/Videos/MTL-BPT00325-104.mp4
OK    /Volumes/Samsung 990-2/100 Hours/Garments/MTL-BPT00310-046.txt -> gs://100hr-data/Garments/IMU/MTL-BPT00310-046.txt
OK    /Volumes/Samsung 990-2/100 Hours/Garments/MTL-BPT00325-110.mp4 -> gs://100hr-data/Garments/Videos/MTL-BPT00325-110.mp4
OK    /Volumes/Samsung 990-2/100 Hours/Garments/MTL-BPT00325-023.aac -> gs://100hr-data/Garments/IMU/MTL-BPT00325-023.aac
OK    /Volumes/Samsung 990-2/100 Hours/Garments/MTL-BPT00306-057.mp4 -> gs://100hr-data/Garments/Videos/MTL-BPT00306-057.mp4
OK    /Volumes/Samsung 990-2/100 Hours/Garments/MTL-BPT00306-043.mp4 -> gs://100hr-data/Garments/Videos/MTL-BPT00306-043.mp4
OK    /Volumes/Samsung 990-2/100 Hours/Garments/MTL-BPT00308-084.aac -> gs://100hr-data/Garments/IMU/MTL-BPT00308-084.aac
OK    /Volumes/Samsung 990-2/100 Hours/Garments/MTL-BPT00311-080.txt -> gs://100hr-data/Garments/IMU/MTL-BPT00311-080.txt
OK    /Volumes/Samsung 990-2/100 Hours/Garments/MTL-BPT00302-143.txt -> gs://100hr-data/Garments/IMU/MTL-BPT00302-143.txt
OK    /Volumes/Samsung 990-2/100 Hours/Garments/MTL-BPT00311-094.txt -> gs://100hr-data/Garments/IMU/MTL-BPT00311-094.txt
OK    /Volumes/Samsung 990-2/100 Hours/Garments/MTL-BPT00311-118.aac -> gs://100hr-data/Garments/IMU/MTL-BPT00311-118.aac
OK    /Volumes/Samsung 990-2/100 Hours/Garments/MTL-BPT00311-130.aac -> gs://100hr-data/Garments/IMU/MTL-BPT00311-130.aac
OK    /Volumes/Samsung 990-2/100 Hours/Garments/MTL-BPT00301-017.mp4 -> gs://100hr-data/Garments/Videos/MTL-BPT00301-017.mp4
OK    /Volumes/Samsung 990-2/100 Hours/Garments/MTL-BPT00311-017.mp4 -> gs://100hr-data/Garments/Videos/MTL-BPT00311-017.mp4
OK    /Volumes/Samsung 990-2/100 Hours/Garments/MTL-BPT00311-124.aac -> gs://100hr-data/Garments/IMU/MTL-BPT00311-124.aac
OK    /Volumes/Samsung 990-2/100 Hours/Garments/MTL-BPT00311-043.txt -> gs://100hr-data/Garments/IMU/MTL-BPT00311-043.txt
OK    /Volumes/Samsung 990-2/100 Hours/Garments/MTL-BPT00302-018.aac -> gs://100hr-data/Garments/IMU/MTL-BPT00302-018.aac
OK    /Volumes/Samsung 990-2/100 Hours/Garments/MTL-BPT00301-057.txt -> gs://100hr-data/Garments/IMU/MTL-BPT00301-057.txt
OK    /Volumes/Samsung 990-2/100 Hours/Garments/MTL-BPT00301-043.txt -> gs://100hr-data/Garments/IMU/MTL-BPT00301-043.txt
OK    /Volumes/Samsung 990-2/100 Hours/Garments/MTL-BPT00311-057.txt -> gs://100hr-data/Garments/IMU/MTL-BPT00311-057.txt
OK    /Volumes/Samsung 990-2/100 Hours/Garments/MTL-BPT00302-117.mp4 -> gs://100hr-data/Garments/Videos/MTL-BPT00302-117.mp4
OK    /Volumes/Samsung 990-2/100 Hours/Garments/MTL-BPT00302-024.aac -> gs://100hr-data/Garments/IMU/MTL-BPT00302-024.aac
OK    /Volumes/Samsung 990-2/100 Hours/Garments/MTL-BPT00302-030.aac -> gs://100hr-data/Garments/IMU/MTL-BPT00302-030.aac
OK    /Volumes/Samsung 990-2/100 Hours/Garments/MTL-BPT00302-103.mp4 -> gs://100hr-data/Garments/Videos/MTL-BPT00302-103.mp4
OK    /Volumes/Samsung 990-2/100 Hours/Garments/MTL-BPT00301-069.txt -> gs://100hr-data/Garments/IMU/MTL-BPT00301-069.txt
OK    /Volumes/Samsung 990-2/100 Hours/Garments/MTL-BPT00302-026.aac -> gs://100hr-data/Garments/IMU/MTL-BPT00302-026.aac
OK    /Volumes/Samsung 990-2/100 Hours/Garments/MTL-BPT00302-115.mp4 -> gs://100hr-data/Garments/Videos/MTL-BPT00302-115.mp4
OK    /Volumes/Samsung 990-2/100 Hours/Garments/MTL-BPT00311-069.txt -> gs://100hr-data/Garments/IMU/MTL-BPT00311-069.txt
OK    /Volumes/Samsung 990-2/100 Hours/Garments/MTL-BPT00302-101.mp4 -> gs://100hr-data/Garments/Videos/MTL-BPT00302-101.mp4
OK    /Volumes/Samsung 990-2/100 Hours/Garments/MTL-BPT00302-032.aac -> gs://100hr-data/Garments/IMU/MTL-BPT00302-032.aac
OK    /Volumes/Samsung 990-2/100 Hours/Garments/MTL-BPT00302-129.mp4 -> gs://100hr-data/Garments/Videos/MTL-BPT00302-129.mp4
OK    /Volumes/Samsung 990-2/100 Hours/Garments/MTL-BPT00301-055.txt -> gs://100hr-data/Garments/IMU/MTL-BPT00301-055.txt
OK    /Volumes/Samsung 990-2/100 Hours/Garments/MTL-BPT00311-041.txt -> gs://100hr-data/Garments/IMU/MTL-BPT00311-041.txt
OK    /Volumes/Samsung 990-2/100 Hours/Garments/MTL-BPT00311-055.txt -> gs://100hr-data/Garments/IMU/MTL-BPT00311-055.txt
OK    /Volumes/Samsung 990-2/100 Hours/Garments/MTL-BPT00301-041.txt -> gs://100hr-data/Garments/IMU/MTL-BPT00301-041.txt
OK    /Volumes/Samsung 990-2/100 Hours/Garments/MTL-BPT00301-015.mp4 -> gs://100hr-data/Garments/Videos/MTL-BPT00301-015.mp4
OK    /Volumes/Samsung 990-2/100 Hours/Garments/MTL-BPT00311-132.aac -> gs://100hr-data/Garments/IMU/MTL-BPT00311-132.aac
OK    /Volumes/Samsung 990-2/100 Hours/Garments/MTL-BPT00311-126.aac -> gs://100hr-data/Garments/IMU/MTL-BPT00311-126.aac
OK    /Volumes/Samsung 990-2/100 Hours/Garments/MTL-BPT00311-015.mp4 -> gs://100hr-data/Garments/Videos/MTL-BPT00311-015.mp4
OK    /Volumes/Samsung 990-2/100 Hours/Garments/MTL-BPT00301-029.mp4 -> gs://100hr-data/Garments/Videos/MTL-BPT00301-029.mp4
OK    /Volumes/Samsung 990-2/100 Hours/Garments/MTL-BPT00311-029.mp4 -> gs://100hr-data/Garments/Videos/MTL-BPT00311-029.mp4
OK    /Volumes/Samsung 990-2/100 Hours/Garments/MTL-BPT00311-096.txt -> gs://100hr-data/Garments/IMU/MTL-BPT00311-096.txt
OK    /Volumes/Samsung 990-2/100 Hours/Garments/MTL-BPT00302-141.txt -> gs://100hr-data/Garments/IMU/MTL-BPT00302-141.txt
OK    /Volumes/Samsung 990-2/100 Hours/Garments/MTL-BPT00325-009.aac -> gs://100hr-data/Garments/IMU/MTL-BPT00325-009.aac
OK    /Volumes/Samsung 990-2/100 Hours/Garments/MTL-BPT00306-055.mp4 -> gs://100hr-data/Garments/Videos/MTL-BPT00306-055.mp4
OK    /Volumes/Samsung 990-2/100 Hours/Garments/MTL-BPT00308-086.aac -> gs://100hr-data/Garments/IMU/MTL-BPT00308-086.aac
OK    /Volumes/Samsung 990-2/100 Hours/Garments/MTL-BPT00306-041.mp4 -> gs://100hr-data/Garments/Videos/MTL-BPT00306-041.mp4
OK    /Volumes/Samsung 990-2/100 Hours/Garments/MTL-BPT00325-106.mp4 -> gs://100hr-data/Garments/Videos/MTL-BPT00325-106.mp4
OK    /Volumes/Samsung 990-2/100 Hours/Garments/MTL-BPT00306-069.mp4 -> gs://100hr-data/Garments/Videos/MTL-BPT00306-069.mp4
OK    /Volumes/Samsung 990-2/100 Hours/Garments/MTL-BPT00325-035.aac -> gs://100hr-data/Garments/IMU/MTL-BPT00325-035.aac
OK    /Volumes/Samsung 990-2/100 Hours/Garments/MTL-BPT00325-021.aac -> gs://100hr-data/Garments/IMU/MTL-BPT00325-021.aac
OK    /Volumes/Samsung 990-2/100 Hours/Garments/MTL-BPT00325-112.mp4 -> gs://100hr-data/Garments/Videos/MTL-BPT00325-112.mp4
OK    /Volumes/Samsung 990-2/100 Hours/Garments/MTL-BPT00310-044.txt -> gs://100hr-data/Garments/IMU/MTL-BPT00310-044.txt
OK    /Volumes/Samsung 990-2/100 Hours/Garments/MTL-BPT00306-096.mp4 -> gs://100hr-data/Garments/Videos/MTL-BPT00306-096.mp4
OK    /Volumes/Samsung 990-2/100 Hours/Garments/MTL-BPT00310-010.mp4 -> gs://100hr-data/Garments/Videos/MTL-BPT00310-010.mp4
OK    /Volumes/Samsung 990-2/100 Hours/Garments/MTL-BPT00306-029.txt -> gs://100hr-data/Garments/IMU/MTL-BPT00306-029.txt
OK    /Volumes/Samsung 990-2/100 Hours/Garments/MTL-BPT00308-051.aac -> gs://100hr-data/Garments/IMU/MTL-BPT00308-051.aac
OK    /Volumes/Samsung 990-2/100 Hours/Garments/MTL-BPT00308-045.aac -> gs://100hr-data/Garments/IMU/MTL-BPT00308-045.aac
OK    /Volumes/Samsung 990-2/100 Hours/Garments/MTL-BPT00306-082.mp4 -> gs://100hr-data/Garments/Videos/MTL-BPT00306-082.mp4
OK    /Volumes/Samsung 990-2/100 Hours/Garments/MTL-BPT00306-015.txt -> gs://100hr-data/Garments/IMU/MTL-BPT00306-015.txt
OK    /Volumes/Samsung 990-2/100 Hours/Garments/MTL-BPT00308-079.aac -> gs://100hr-data/Garments/IMU/MTL-BPT00308-079.aac
OK    /Volumes/Samsung 990-2/100 Hours/Garments/MTL-BPT00310-038.mp4 -> gs://100hr-data/Garments/Videos/MTL-BPT00310-038.mp4
OK    /Volumes/Samsung 990-2/100 Hours/Garments/MTL-BPT00306-012.aac -> gs://100hr-data/Garments/IMU/MTL-BPT00306-012.aac
OK    /Volumes/Samsung 990-2/100 Hours/Garments/MTL-BPT00325-072.mp4 -> gs://100hr-data/Garments/Videos/MTL-BPT00325-072.mp4
OK    /Volumes/Samsung 990-2/100 Hours/Garments/MTL-BPT00308-056.txt -> gs://100hr-data/Garments/IMU/MTL-BPT00308-056.txt
OK    /Volumes/Samsung 990-2/100 Hours/Garments/MTL-BPT00308-042.txt -> gs://100hr-data/Garments/IMU/MTL-BPT00308-042.txt
OK    /Volumes/Samsung 990-2/100 Hours/Garments/MTL-BPT00306-109.mp4 -> gs://100hr-data/Garments/Videos/MTL-BPT00306-109.mp4
OK    /Volumes/Samsung 990-2/100 Hours/Garments/MTL-BPT00325-066.mp4 -> gs://100hr-data/Garments/Videos/MTL-BPT00325-066.mp4
OK    /Volumes/Samsung 990-2/100 Hours/Garments/MTL-BPT00325-032.txt -> gs://100hr-data/Garments/IMU/MTL-BPT00325-032.txt
OK    /Volumes/Samsung 990-2/100 Hours/Garments/MTL-BPT00308-016.mp4 -> gs://100hr-data/Garments/Videos/MTL-BPT00308-016.mp4
OK    /Volumes/Samsung 990-2/100 Hours/Garments/MTL-BPT00325-026.txt -> gs://100hr-data/Garments/IMU/MTL-BPT00325-026.txt
OK    /Volumes/Samsung 990-2/100 Hours/Garments/MTL-BPT00310-043.aac -> gs://100hr-data/Garments/IMU/MTL-BPT00310-043.aac
OK    /Volumes/Samsung 990-2/100 Hours/Garments/MTL-BPT00325-099.mp4 -> gs://100hr-data/Garments/Videos/MTL-BPT00325-099.mp4
OK    /Volumes/Samsung 990-2/100 Hours/Garments/MTL-BPT00308-081.txt -> gs://100hr-data/Garments/IMU/MTL-BPT00308-081.txt
OK    /Volumes/Samsung 990-2/100 Hours/Garments/MTL-BPT00302-061.mp4 -> gs://100hr-data/Garments/Videos/MTL-BPT00302-061.mp4
OK    /Volumes/Samsung 990-2/100 Hours/Garments/MTL-BPT00311-085.aac -> gs://100hr-data/Garments/IMU/MTL-BPT00311-085.aac
OK    /Volumes/Samsung 990-2/100 Hours/Garments/MTL-BPT00311-109.txt -> gs://100hr-data/Garments/IMU/MTL-BPT00311-109.txt
OK    /Volumes/Samsung 990-2/100 Hours/Garments/MTL-BPT00311-091.aac -> gs://100hr-data/Garments/IMU/MTL-BPT00311-091.aac
OK    /Volumes/Samsung 990-2/100 Hours/Garments/MTL-BPT00302-075.mp4 -> gs://100hr-data/Garments/Videos/MTL-BPT00302-075.mp4
OK    /Volumes/Samsung 990-2/100 Hours/Garments/MTL-BPT00302-146.aac -> gs://100hr-data/Garments/IMU/MTL-BPT00302-146.aac
OK    /Volumes/Samsung 990-2/100 Hours/Garments/MTL-BPT00311-135.txt -> gs://100hr-data/Garments/IMU/MTL-BPT00311-135.txt
OK    /Volumes/Samsung 990-2/100 Hours/Garments/MTL-BPT00311-121.txt -> gs://100hr-data/Garments/IMU/MTL-BPT00311-121.txt
OK    /Volumes/Samsung 990-2/100 Hours/Garments/MTL-BPT00302-049.mp4 -> gs://100hr-data/Garments/Videos/MTL-BPT00302-049.mp4
OK    /Volumes/Samsung 990-2/100 Hours/Garments/MTL-BPT00301-052.aac -> gs://100hr-data/Garments/IMU/MTL-BPT00301-052.aac
OK    /Volumes/Samsung 990-2/100 Hours/Garments/MTL-BPT00311-046.aac -> gs://100hr-data/Garments/IMU/MTL-BPT00311-046.aac
OK    /Volumes/Samsung 990-2/100 Hours/Garments/MTL-BPT00311-052.aac -> gs://100hr-data/Garments/IMU/MTL-BPT00311-052.aac
OK    /Volumes/Samsung 990-2/100 Hours/Garments/MTL-BPT00302-009.txt -> gs://100hr-data/Garments/IMU/MTL-BPT00302-009.txt
OK    /Volumes/Samsung 990-2/100 Hours/Garments/MTL-BPT00301-046.aac -> gs://100hr-data/Garments/IMU/MTL-BPT00301-046.aac
OK    /Volumes/Samsung 990-2/100 Hours/Garments/MTL-BPT00302-021.txt -> gs://100hr-data/Garments/IMU/MTL-BPT00302-021.txt
OK    /Volumes/Samsung 990-2/100 Hours/Garments/MTL-BPT00302-035.txt -> gs://100hr-data/Garments/IMU/MTL-BPT00302-035.txt
OK    /Volumes/Samsung 990-2/100 Hours/Garments/MTL-BPT00302-034.txt -> gs://100hr-data/Garments/IMU/MTL-BPT00302-034.txt
OK    /Volumes/Samsung 990-2/100 Hours/Garments/MTL-BPT00302-020.txt -> gs://100hr-data/Garments/IMU/MTL-BPT00302-020.txt
OK    /Volumes/Samsung 990-2/100 Hours/Garments/MTL-BPT00311-053.aac -> gs://100hr-data/Garments/IMU/MTL-BPT00311-053.aac
OK    /Volumes/Samsung 990-2/100 Hours/Garments/MTL-BPT00301-047.aac -> gs://100hr-data/Garments/IMU/MTL-BPT00301-047.aac
OK    /Volumes/Samsung 990-2/100 Hours/Garments/MTL-BPT00302-008.txt -> gs://100hr-data/Garments/IMU/MTL-BPT00302-008.txt
OK    /Volumes/Samsung 990-2/100 Hours/Garments/MTL-BPT00301-053.aac -> gs://100hr-data/Garments/IMU/MTL-BPT00301-053.aac
OK    /Volumes/Samsung 990-2/100 Hours/Garments/MTL-BPT00311-047.aac -> gs://100hr-data/Garments/IMU/MTL-BPT00311-047.aac
OK    /Volumes/Samsung 990-2/100 Hours/Garments/MTL-BPT00311-120.txt -> gs://100hr-data/Garments/IMU/MTL-BPT00311-120.txt
OK    /Volumes/Samsung 990-2/100 Hours/Garments/MTL-BPT00302-048.mp4 -> gs://100hr-data/Garments/Videos/MTL-BPT00302-048.mp4
OK    /Volumes/Samsung 990-2/100 Hours/Garments/MTL-BPT00311-134.txt -> gs://100hr-data/Garments/IMU/MTL-BPT00311-134.txt
OK    /Volumes/Samsung 990-2/100 Hours/Garments/MTL-BPT00311-090.aac -> gs://100hr-data/Garments/IMU/MTL-BPT00311-090.aac
OK    /Volumes/Samsung 990-2/100 Hours/Garments/MTL-BPT00302-147.aac -> gs://100hr-data/Garments/IMU/MTL-BPT00302-147.aac
OK    /Volumes/Samsung 990-2/100 Hours/Garments/MTL-BPT00302-074.mp4 -> gs://100hr-data/Garments/Videos/MTL-BPT00302-074.mp4
OK    /Volumes/Samsung 990-2/100 Hours/Garments/MTL-BPT00302-060.mp4 -> gs://100hr-data/Garments/Videos/MTL-BPT00302-060.mp4
OK    /Volumes/Samsung 990-2/100 Hours/Garments/MTL-BPT00311-108.txt -> gs://100hr-data/Garments/IMU/MTL-BPT00311-108.txt
OK    /Volumes/Samsung 990-2/100 Hours/Garments/MTL-BPT00311-084.aac -> gs://100hr-data/Garments/IMU/MTL-BPT00311-084.aac
OK    /Volumes/Samsung 990-2/100 Hours/Garments/MTL-BPT00308-080.txt -> gs://100hr-data/Garments/IMU/MTL-BPT00308-080.txt
OK    /Volumes/Samsung 990-2/100 Hours/Garments/MTL-BPT00325-098.mp4 -> gs://100hr-data/Garments/Videos/MTL-BPT00325-098.mp4
OK    /Volumes/Samsung 990-2/100 Hours/Garments/MTL-BPT00310-042.aac -> gs://100hr-data/Garments/IMU/MTL-BPT00310-042.aac
OK    /Volumes/Samsung 990-2/100 Hours/Garments/MTL-BPT00325-027.txt -> gs://100hr-data/Garments/IMU/MTL-BPT00325-027.txt
OK    /Volumes/Samsung 990-2/100 Hours/Garments/MTL-BPT00325-033.txt -> gs://100hr-data/Garments/IMU/MTL-BPT00325-033.txt
OK    /Volumes/Samsung 990-2/100 Hours/Garments/MTL-BPT00308-017.mp4 -> gs://100hr-data/Garments/Videos/MTL-BPT00308-017.mp4
OK    /Volumes/Samsung 990-2/100 Hours/Garments/MTL-BPT00308-043.txt -> gs://100hr-data/Garments/IMU/MTL-BPT00308-043.txt
OK    /Volumes/Samsung 990-2/100 Hours/Garments/MTL-BPT00325-067.mp4 -> gs://100hr-data/Garments/Videos/MTL-BPT00325-067.mp4
OK    /Volumes/Samsung 990-2/100 Hours/Garments/MTL-BPT00306-108.mp4 -> gs://100hr-data/Garments/Videos/MTL-BPT00306-108.mp4
OK    /Volumes/Samsung 990-2/100 Hours/Garments/MTL-BPT00325-073.mp4 -> gs://100hr-data/Garments/Videos/MTL-BPT00325-073.mp4
OK    /Volumes/Samsung 990-2/100 Hours/Garments/MTL-BPT00308-057.txt -> gs://100hr-data/Garments/IMU/MTL-BPT00308-057.txt
OK    /Volumes/Samsung 990-2/100 Hours/Garments/MTL-BPT00306-120.mp4 -> gs://100hr-data/Garments/Videos/MTL-BPT00306-120.mp4
OK    /Volumes/Samsung 990-2/100 Hours/Garments/MTL-BPT00306-013.aac -> gs://100hr-data/Garments/IMU/MTL-BPT00306-013.aac
OK    /Volumes/Samsung 990-2/100 Hours/Garments/MTL-BPT00308-078.aac -> gs://100hr-data/Garments/IMU/MTL-BPT00308-078.aac
OK    /Volumes/Samsung 990-2/100 Hours/Garments/MTL-BPT00310-039.mp4 -> gs://100hr-data/Garments/Videos/MTL-BPT00310-039.mp4
OK    /Volumes/Samsung 990-2/100 Hours/Garments/MTL-BPT00306-014.txt -> gs://100hr-data/Garments/IMU/MTL-BPT00306-014.txt
OK    /Volumes/Samsung 990-2/100 Hours/Garments/MTL-BPT00308-044.aac -> gs://100hr-data/Garments/IMU/MTL-BPT00308-044.aac
OK    /Volumes/Samsung 990-2/100 Hours/Garments/MTL-BPT00306-083.mp4 -> gs://100hr-data/Garments/Videos/MTL-BPT00306-083.mp4
OK    /Volumes/Samsung 990-2/100 Hours/Garments/MTL-BPT00306-028.txt -> gs://100hr-data/Garments/IMU/MTL-BPT00306-028.txt
OK    /Volumes/Samsung 990-2/100 Hours/Garments/MTL-BPT00310-011.mp4 -> gs://100hr-data/Garments/Videos/MTL-BPT00310-011.mp4
OK    /Volumes/Samsung 990-2/100 Hours/Garments/MTL-BPT00306-097.mp4 -> gs://100hr-data/Garments/Videos/MTL-BPT00306-097.mp4
OK    /Volumes/Samsung 990-2/100 Hours/Garments/MTL-BPT00308-050.aac -> gs://100hr-data/Garments/IMU/MTL-BPT00308-050.aac
OK    /Volumes/Samsung 990-2/100 Hours/Garments/MTL-BPT00310-045.txt -> gs://100hr-data/Garments/IMU/MTL-BPT00310-045.txt
OK    /Volumes/Samsung 990-2/100 Hours/Garments/MTL-BPT00325-113.mp4 -> gs://100hr-data/Garments/Videos/MTL-BPT00325-113.mp4
OK    /Volumes/Samsung 990-2/100 Hours/Garments/MTL-BPT00325-020.aac -> gs://100hr-data/Garments/IMU/MTL-BPT00325-020.aac
OK    /Volumes/Samsung 990-2/100 Hours/Garments/MTL-BPT00325-034.aac -> gs://100hr-data/Garments/IMU/MTL-BPT00325-034.aac
OK    /Volumes/Samsung 990-2/100 Hours/Garments/MTL-BPT00306-068.mp4 -> gs://100hr-data/Garments/Videos/MTL-BPT00306-068.mp4
OK    /Volumes/Samsung 990-2/100 Hours/Garments/MTL-BPT00325-107.mp4 -> gs://100hr-data/Garments/Videos/MTL-BPT00325-107.mp4
OK    /Volumes/Samsung 990-2/100 Hours/Garments/MTL-BPT00308-087.aac -> gs://100hr-data/Garments/IMU/MTL-BPT00308-087.aac
OK    /Volumes/Samsung 990-2/100 Hours/Garments/MTL-BPT00306-040.mp4 -> gs://100hr-data/Garments/Videos/MTL-BPT00306-040.mp4
OK    /Volumes/Samsung 990-2/100 Hours/Garments/MTL-BPT00306-054.mp4 -> gs://100hr-data/Garments/Videos/MTL-BPT00306-054.mp4
OK    /Volumes/Samsung 990-2/100 Hours/Garments/MTL-BPT00325-008.aac -> gs://100hr-data/Garments/IMU/MTL-BPT00325-008.aac
OK    /Volumes/Samsung 990-2/100 Hours/Garments/MTL-BPT00311-097.txt -> gs://100hr-data/Garments/IMU/MTL-BPT00311-097.txt
OK    /Volumes/Samsung 990-2/100 Hours/Garments/MTL-BPT00311-028.mp4 -> gs://100hr-data/Garments/Videos/MTL-BPT00311-028.mp4
OK    /Volumes/Samsung 990-2/100 Hours/Garments/MTL-BPT00302-140.txt -> gs://100hr-data/Garments/IMU/MTL-BPT00302-140.txt
OK    /Volumes/Samsung 990-2/100 Hours/Garments/MTL-BPT00301-028.mp4 -> gs://100hr-data/Garments/Videos/MTL-BPT00301-028.mp4
OK    /Volumes/Samsung 990-2/100 Hours/Garments/MTL-BPT00311-083.txt -> gs://100hr-data/Garments/IMU/MTL-BPT00311-083.txt
OK    /Volumes/Samsung 990-2/100 Hours/Garments/MTL-BPT00311-014.mp4 -> gs://100hr-data/Garments/Videos/MTL-BPT00311-014.mp4
OK    /Volumes/Samsung 990-2/100 Hours/Garments/MTL-BPT00311-127.aac -> gs://100hr-data/Garments/IMU/MTL-BPT00311-127.aac
OK    /Volumes/Samsung 990-2/100 Hours/Garments/MTL-BPT00301-014.mp4 -> gs://100hr-data/Garments/Videos/MTL-BPT00301-014.mp4
OK    /Volumes/Samsung 990-2/100 Hours/Garments/MTL-BPT00311-133.aac -> gs://100hr-data/Garments/IMU/MTL-BPT00311-133.aac
OK    /Volumes/Samsung 990-2/100 Hours/Garments/MTL-BPT00311-054.txt -> gs://100hr-data/Garments/IMU/MTL-BPT00311-054.txt
OK    /Volumes/Samsung 990-2/100 Hours/Garments/MTL-BPT00301-040.txt -> gs://100hr-data/Garments/IMU/MTL-BPT00301-040.txt
OK    /Volumes/Samsung 990-2/100 Hours/Garments/MTL-BPT00301-054.txt -> gs://100hr-data/Garments/IMU/MTL-BPT00301-054.txt
OK    /Volumes/Samsung 990-2/100 Hours/Garments/MTL-BPT00302-128.mp4 -> gs://100hr-data/Garments/Videos/MTL-BPT00302-128.mp4
OK    /Volumes/Samsung 990-2/100 Hours/Garments/MTL-BPT00311-040.txt -> gs://100hr-data/Garments/IMU/MTL-BPT00311-040.txt
OK    /Volumes/Samsung 990-2/100 Hours/Garments/MTL-BPT00311-068.txt -> gs://100hr-data/Garments/IMU/MTL-BPT00311-068.txt
OK    /Volumes/Samsung 990-2/100 Hours/Garments/MTL-BPT00302-033.aac -> gs://100hr-data/Garments/IMU/MTL-BPT00302-033.aac
OK    /Volumes/Samsung 990-2/100 Hours/Garments/MTL-BPT00302-100.mp4 -> gs://100hr-data/Garments/Videos/MTL-BPT00302-100.mp4
OK    /Volumes/Samsung 990-2/100 Hours/Garments/MTL-BPT00302-114.mp4 -> gs://100hr-data/Garments/Videos/MTL-BPT00302-114.mp4
OK    /Volumes/Samsung 990-2/100 Hours/Garments/MTL-BPT00302-027.aac -> gs://100hr-data/Garments/IMU/MTL-BPT00302-027.aac
OK    /Volumes/Samsung 990-2/100 Hours/Garments/MTL-BPT00301-068.txt -> gs://100hr-data/Garments/IMU/MTL-BPT00301-068.txt
OK    /Volumes/Samsung 990-2/100 Hours/Garments/MTL-BPT00301-033.txt -> gs://100hr-data/Garments/IMU/MTL-BPT00301-033.txt
OK    /Volumes/Samsung 990-2/100 Hours/Garments/MTL-BPT00311-027.txt -> gs://100hr-data/Garments/IMU/MTL-BPT00311-027.txt
OK    /Volumes/Samsung 990-2/100 Hours/Garments/MTL-BPT00311-098.mp4 -> gs://100hr-data/Garments/Videos/MTL-BPT00311-098.mp4
OK    /Volumes/Samsung 990-2/100 Hours/Garments/MTL-BPT00311-033.txt -> gs://100hr-data/Garments/IMU/MTL-BPT00311-033.txt
OK    /Volumes/Samsung 990-2/100 Hours/Garments/MTL-BPT00301-027.txt -> gs://100hr-data/Garments/IMU/MTL-BPT00301-027.txt
OK    /Volumes/Samsung 990-2/100 Hours/Garments/MTL-BPT00302-040.aac -> gs://100hr-data/Garments/IMU/MTL-BPT00302-040.aac
OK    /Volumes/Samsung 990-2/100 Hours/Garments/MTL-BPT00302-054.aac -> gs://100hr-data/Garments/IMU/MTL-BPT00302-054.aac
OK    /Volumes/Samsung 990-2/100 Hours/Garments/MTL-BPT00302-133.txt -> gs://100hr-data/Garments/IMU/MTL-BPT00302-133.txt
OK    /Volumes/Samsung 990-2/100 Hours/Garments/MTL-BPT00302-127.txt -> gs://100hr-data/Garments/IMU/MTL-BPT00302-127.txt
OK    /Volumes/Samsung 990-2/100 Hours/Garments/MTL-BPT00302-083.aac -> gs://100hr-data/Garments/IMU/MTL-BPT00302-083.aac
OK    /Volumes/Samsung 990-2/100 Hours/Garments/MTL-BPT00311-067.mp4 -> gs://100hr-data/Garments/Videos/MTL-BPT00311-067.mp4
OK    /Volumes/Samsung 990-2/100 Hours/Garments/MTL-BPT00311-073.mp4 -> gs://100hr-data/Garments/Videos/MTL-BPT00311-073.mp4
OK    /Volumes/Samsung 990-2/100 Hours/Garments/MTL-BPT00301-067.mp4 -> gs://100hr-data/Garments/Videos/MTL-BPT00301-067.mp4
OK    /Volumes/Samsung 990-2/100 Hours/Garments/MTL-BPT00302-097.aac -> gs://100hr-data/Garments/IMU/MTL-BPT00302-097.aac
OK    /Volumes/Samsung 990-2/100 Hours/Garments/MTL-BPT00325-053.aac -> gs://100hr-data/Garments/IMU/MTL-BPT00325-053.aac
OK    /Volumes/Samsung 990-2/100 Hours/Garments/MTL-BPT00310-036.txt -> gs://100hr-data/Garments/IMU/MTL-BPT00310-036.txt
OK    /Volumes/Samsung 990-2/100 Hours/Garments/MTL-BPT00310-022.txt -> gs://100hr-data/Garments/IMU/MTL-BPT00310-022.txt
OK    /Volumes/Samsung 990-2/100 Hours/Garments/MTL-BPT00325-047.aac -> gs://100hr-data/Garments/IMU/MTL-BPT00325-047.aac
OK    /Volumes/Samsung 990-2/100 Hours/Garments/MTL-BPT00306-033.mp4 -> gs://100hr-data/Garments/Videos/MTL-BPT00306-033.mp4
OK    /Volumes/Samsung 990-2/100 Hours/Garments/MTL-BPT00306-100.aac -> gs://100hr-data/Garments/IMU/MTL-BPT00306-100.aac
OK    /Volumes/Samsung 990-2/100 Hours/Garments/MTL-BPT00306-114.aac -> gs://100hr-data/Garments/IMU/MTL-BPT00306-114.aac
OK    /Volumes/Samsung 990-2/100 Hours/Garments/MTL-BPT00306-098.txt -> gs://100hr-data/Garments/IMU/MTL-BPT00306-098.txt
OK    /Volumes/Samsung 990-2/100 Hours/Garments/MTL-BPT00306-027.mp4 -> gs://100hr-data/Garments/Videos/MTL-BPT00306-027.mp4
OK    /Volumes/Samsung 990-2/100 Hours/Garments/MTL-BPT00306-073.txt -> gs://100hr-data/Garments/IMU/MTL-BPT00306-073.txt
OK    /Volumes/Samsung 990-2/100 Hours/Garments/MTL-BPT00325-090.aac -> gs://100hr-data/Garments/IMU/MTL-BPT00325-090.aac
OK    /Volumes/Samsung 990-2/100 Hours/Garments/MTL-BPT00306-067.txt -> gs://100hr-data/Garments/IMU/MTL-BPT00306-067.txt
OK    /Volumes/Samsung 990-2/100 Hours/Garments/MTL-BPT00325-084.aac -> gs://100hr-data/Garments/IMU/MTL-BPT00325-084.aac
OK    /Volumes/Samsung 990-2/100 Hours/Garments/MTL-BPT00325-108.txt -> gs://100hr-data/Garments/IMU/MTL-BPT00325-108.txt
OK    /Volumes/Samsung 990-2/100 Hours/Garments/MTL-BPT00325-120.txt -> gs://100hr-data/Garments/IMU/MTL-BPT00325-120.txt
OK    /Volumes/Samsung 990-2/100 Hours/Garments/MTL-BPT00308-037.aac -> gs://100hr-data/Garments/IMU/MTL-BPT00308-037.aac
OK    /Volumes/Samsung 990-2/100 Hours/Garments/MTL-BPT00308-023.aac -> gs://100hr-data/Garments/IMU/MTL-BPT00308-023.aac
OK    /Volumes/Samsung 990-2/100 Hours/Garments/MTL-BPT00325-127.aac -> gs://100hr-data/Garments/IMU/MTL-BPT00325-127.aac
OK    /Volumes/Samsung 990-2/100 Hours/Garments/MTL-BPT00306-048.aac -> gs://100hr-data/Garments/IMU/MTL-BPT00306-048.aac
OK    /Volumes/Samsung 990-2/100 Hours/Garments/MTL-BPT00325-014.mp4 -> gs://100hr-data/Garments/Videos/MTL-BPT00325-014.mp4
OK    /Volumes/Samsung 990-2/100 Hours/Garments/MTL-BPT00308-030.txt -> gs://100hr-data/Garments/IMU/MTL-BPT00308-030.txt
OK    /Volumes/Samsung 990-2/100 Hours/Garments/MTL-BPT00308-024.txt -> gs://100hr-data/Garments/IMU/MTL-BPT00308-024.txt
OK    /Volumes/Samsung 990-2/100 Hours/Garments/MTL-BPT00325-133.aac -> gs://100hr-data/Garments/IMU/MTL-BPT00325-133.aac
OK    /Volumes/Samsung 990-2/100 Hours/Garments/MTL-BPT00325-028.mp4 -> gs://100hr-data/Garments/Videos/MTL-BPT00325-028.mp4
OK    /Volumes/Samsung 990-2/100 Hours/Garments/MTL-BPT00306-074.aac -> gs://100hr-data/Garments/IMU/MTL-BPT00306-074.aac
OK    /Volumes/Samsung 990-2/100 Hours/Garments/MTL-BPT00325-097.txt -> gs://100hr-data/Garments/IMU/MTL-BPT00325-097.txt
OK    /Volumes/Samsung 990-2/100 Hours/Garments/MTL-BPT00308-018.txt -> gs://100hr-data/Garments/IMU/MTL-BPT00308-018.txt
OK    /Volumes/Samsung 990-2/100 Hours/Garments/MTL-BPT00306-060.aac -> gs://100hr-data/Garments/IMU/MTL-BPT00306-060.aac
OK    /Volumes/Samsung 990-2/100 Hours/Garments/MTL-BPT00325-083.txt -> gs://100hr-data/Garments/IMU/MTL-BPT00325-083.txt
OK    /Volumes/Samsung 990-2/100 Hours/Garments/MTL-BPT00325-068.txt -> gs://100hr-data/Garments/IMU/MTL-BPT00325-068.txt
OK    /Volumes/Samsung 990-2/100 Hours/Garments/MTL-BPT00306-107.txt -> gs://100hr-data/Garments/IMU/MTL-BPT00306-107.txt
OK    /Volumes/Samsung 990-2/100 Hours/Garments/MTL-BPT00308-058.mp4 -> gs://100hr-data/Garments/Videos/MTL-BPT00308-058.mp4
OK    /Volumes/Samsung 990-2/100 Hours/Garments/MTL-BPT00306-113.txt -> gs://100hr-data/Garments/IMU/MTL-BPT00306-113.txt
OK    /Volumes/Samsung 990-2/100 Hours/Garments/MTL-BPT00310-019.aac -> gs://100hr-data/Garments/IMU/MTL-BPT00310-019.aac
OK    /Volumes/Samsung 990-2/100 Hours/Garments/MTL-BPT00325-054.txt -> gs://100hr-data/Garments/IMU/MTL-BPT00325-054.txt
OK    /Volumes/Samsung 990-2/100 Hours/Garments/MTL-BPT00310-031.aac -> gs://100hr-data/Garments/IMU/MTL-BPT00310-031.aac
OK    /Volumes/Samsung 990-2/100 Hours/Garments/MTL-BPT00308-070.mp4 -> gs://100hr-data/Garments/Videos/MTL-BPT00308-070.mp4
OK    /Volumes/Samsung 990-2/100 Hours/Garments/MTL-BPT00308-064.mp4 -> gs://100hr-data/Garments/Videos/MTL-BPT00308-064.mp4
OK    /Volumes/Samsung 990-2/100 Hours/Garments/MTL-BPT00310-025.aac -> gs://100hr-data/Garments/IMU/MTL-BPT00310-025.aac
OK    /Volumes/Samsung 990-2/100 Hours/Garments/MTL-BPT00325-040.txt -> gs://100hr-data/Garments/IMU/MTL-BPT00325-040.txt
OK    /Volumes/Samsung 990-2/100 Hours/Garments/MTL-BPT00302-108.aac -> gs://100hr-data/Garments/IMU/MTL-BPT00302-108.aac
OK    /Volumes/Samsung 990-2/100 Hours/Garments/MTL-BPT00302-084.txt -> gs://100hr-data/Garments/IMU/MTL-BPT00302-084.txt
OK    /Volumes/Samsung 990-2/100 Hours/Garments/MTL-BPT00302-090.txt -> gs://100hr-data/Garments/IMU/MTL-BPT00302-090.txt
OK    /Volumes/Samsung 990-2/100 Hours/Garments/MTL-BPT00302-007.mp4 -> gs://100hr-data/Garments/Videos/MTL-BPT00302-007.mp4
OK    /Volumes/Samsung 990-2/100 Hours/Garments/MTL-BPT00302-134.aac -> gs://100hr-data/Garments/IMU/MTL-BPT00302-134.aac
OK    /Volumes/Samsung 990-2/100 Hours/Garments/MTL-BPT00302-120.aac -> gs://100hr-data/Garments/IMU/MTL-BPT00302-120.aac
OK    /Volumes/Samsung 990-2/100 Hours/Garments/MTL-BPT00302-013.mp4 -> gs://100hr-data/Garments/Videos/MTL-BPT00302-013.mp4
OK    /Volumes/Samsung 990-2/100 Hours/Garments/MTL-BPT00302-047.txt -> gs://100hr-data/Garments/IMU/MTL-BPT00302-047.txt
OK    /Volumes/Samsung 990-2/100 Hours/Garments/MTL-BPT00301-008.aac -> gs://100hr-data/Garments/IMU/MTL-BPT00301-008.aac
OK    /Volumes/Samsung 990-2/100 Hours/Garments/MTL-BPT00311-008.aac -> gs://100hr-data/Garments/IMU/MTL-BPT00311-008.aac
OK    /Volumes/Samsung 990-2/100 Hours/Garments/MTL-BPT00302-053.txt -> gs://100hr-data/Garments/IMU/MTL-BPT00302-053.txt
OK    /Volumes/Samsung 990-2/100 Hours/Garments/MTL-BPT00301-034.aac -> gs://100hr-data/Garments/IMU/MTL-BPT00301-034.aac
OK    /Volumes/Samsung 990-2/100 Hours/Garments/MTL-BPT00311-020.aac -> gs://100hr-data/Garments/IMU/MTL-BPT00311-020.aac
OK    /Volumes/Samsung 990-2/100 Hours/Garments/MTL-BPT00311-113.mp4 -> gs://100hr-data/Garments/Videos/MTL-BPT00311-113.mp4
OK    /Volumes/Samsung 990-2/100 Hours/Garments/MTL-BPT00311-107.mp4 -> gs://100hr-data/Garments/Videos/MTL-BPT00311-107.mp4
OK    /Volumes/Samsung 990-2/100 Hours/Garments/MTL-BPT00311-034.aac -> gs://100hr-data/Garments/IMU/MTL-BPT00311-034.aac
OK    /Volumes/Samsung 990-2/100 Hours/Garments/MTL-BPT00301-020.aac -> gs://100hr-data/Garments/IMU/MTL-BPT00301-020.aac
OK    /Volumes/Samsung 990-2/100 Hours/Garments/MTL-BPT00311-035.aac -> gs://100hr-data/Garments/IMU/MTL-BPT00311-035.aac
OK    /Volumes/Samsung 990-2/100 Hours/Garments/MTL-BPT00311-106.mp4 -> gs://100hr-data/Garments/Videos/MTL-BPT00311-106.mp4
OK    /Volumes/Samsung 990-2/100 Hours/Garments/MTL-BPT00301-021.aac -> gs://100hr-data/Garments/IMU/MTL-BPT00301-021.aac
OK    /Volumes/Samsung 990-2/100 Hours/Garments/MTL-BPT00301-035.aac -> gs://100hr-data/Garments/IMU/MTL-BPT00301-035.aac
OK    /Volumes/Samsung 990-2/100 Hours/Garments/MTL-BPT00311-112.mp4 -> gs://100hr-data/Garments/Videos/MTL-BPT00311-112.mp4
OK    /Volumes/Samsung 990-2/100 Hours/Garments/MTL-BPT00311-021.aac -> gs://100hr-data/Garments/IMU/MTL-BPT00311-021.aac
OK    /Volumes/Samsung 990-2/100 Hours/Garments/MTL-BPT00311-009.aac -> gs://100hr-data/Garments/IMU/MTL-BPT00311-009.aac
OK    /Volumes/Samsung 990-2/100 Hours/Garments/MTL-BPT00302-052.txt -> gs://100hr-data/Garments/IMU/MTL-BPT00302-052.txt
OK    /Volumes/Samsung 990-2/100 Hours/Garments/MTL-BPT00301-009.aac -> gs://100hr-data/Garments/IMU/MTL-BPT00301-009.aac
OK    /Volumes/Samsung 990-2/100 Hours/Garments/MTL-BPT00302-046.txt -> gs://100hr-data/Garments/IMU/MTL-BPT00302-046.txt
OK    /Volumes/Samsung 990-2/100 Hours/Garments/MTL-BPT00302-012.mp4 -> gs://100hr-data/Garments/Videos/MTL-BPT00302-012.mp4
OK    /Volumes/Samsung 990-2/100 Hours/Garments/MTL-BPT00302-121.aac -> gs://100hr-data/Garments/IMU/MTL-BPT00302-121.aac
OK    /Volumes/Samsung 990-2/100 Hours/Garments/MTL-BPT00302-135.aac -> gs://100hr-data/Garments/IMU/MTL-BPT00302-135.aac
OK    /Volumes/Samsung 990-2/100 Hours/Garments/MTL-BPT00302-006.mp4 -> gs://100hr-data/Garments/Videos/MTL-BPT00302-006.mp4
OK    /Volumes/Samsung 990-2/100 Hours/Garments/MTL-BPT00302-091.txt -> gs://100hr-data/Garments/IMU/MTL-BPT00302-091.txt
OK    /Volumes/Samsung 990-2/100 Hours/Garments/MTL-BPT00302-085.txt -> gs://100hr-data/Garments/IMU/MTL-BPT00302-085.txt
OK    /Volumes/Samsung 990-2/100 Hours/Garments/MTL-BPT00302-109.aac -> gs://100hr-data/Garments/IMU/MTL-BPT00302-109.aac
OK    /Volumes/Samsung 990-2/100 Hours/Garments/MTL-BPT00308-065.mp4 -> gs://100hr-data/Garments/Videos/MTL-BPT00308-065.mp4
OK    /Volumes/Samsung 990-2/100 Hours/Garments/MTL-BPT00325-041.txt -> gs://100hr-data/Garments/IMU/MTL-BPT00325-041.txt
OK    /Volumes/Samsung 990-2/100 Hours/Garments/MTL-BPT00310-024.aac -> gs://100hr-data/Garments/IMU/MTL-BPT00310-024.aac
OK    /Volumes/Samsung 990-2/100 Hours/Garments/MTL-BPT00310-030.aac -> gs://100hr-data/Garments/IMU/MTL-BPT00310-030.aac
OK    /Volumes/Samsung 990-2/100 Hours/Garments/MTL-BPT00325-055.txt -> gs://100hr-data/Garments/IMU/MTL-BPT00325-055.txt
OK    /Volumes/Samsung 990-2/100 Hours/Garments/MTL-BPT00308-071.mp4 -> gs://100hr-data/Garments/Videos/MTL-BPT00308-071.mp4
OK    /Volumes/Samsung 990-2/100 Hours/Garments/MTL-BPT00308-059.mp4 -> gs://100hr-data/Garments/Videos/MTL-BPT00308-059.mp4
OK    /Volumes/Samsung 990-2/100 Hours/Garments/MTL-BPT00310-018.aac -> gs://100hr-data/Garments/IMU/MTL-BPT00310-018.aac
OK    /Volumes/Samsung 990-2/100 Hours/Garments/MTL-BPT00306-112.txt -> gs://100hr-data/Garments/IMU/MTL-BPT00306-112.txt
OK    /Volumes/Samsung 990-2/100 Hours/Garments/MTL-BPT00306-106.txt -> gs://100hr-data/Garments/IMU/MTL-BPT00306-106.txt
OK    /Volumes/Samsung 990-2/100 Hours/Garments/MTL-BPT00325-069.txt -> gs://100hr-data/Garments/IMU/MTL-BPT00325-069.txt
OK    /Volumes/Samsung 990-2/100 Hours/Garments/MTL-BPT00308-019.txt -> gs://100hr-data/Garments/IMU/MTL-BPT00308-019.txt
OK    /Volumes/Samsung 990-2/100 Hours/Garments/MTL-BPT00325-082.txt -> gs://100hr-data/Garments/IMU/MTL-BPT00325-082.txt
OK    /Volumes/Samsung 990-2/100 Hours/Garments/MTL-BPT00306-061.aac -> gs://100hr-data/Garments/IMU/MTL-BPT00306-061.aac
OK    /Volumes/Samsung 990-2/100 Hours/Garments/MTL-BPT00325-096.txt -> gs://100hr-data/Garments/IMU/MTL-BPT00325-096.txt
OK    /Volumes/Samsung 990-2/100 Hours/Garments/MTL-BPT00306-075.aac -> gs://100hr-data/Garments/IMU/MTL-BPT00306-075.aac
OK    /Volumes/Samsung 990-2/100 Hours/Garments/MTL-BPT00325-029.mp4 -> gs://100hr-data/Garments/Videos/MTL-BPT00325-029.mp4
OK    /Volumes/Samsung 990-2/100 Hours/Garments/MTL-BPT00308-025.txt -> gs://100hr-data/Garments/IMU/MTL-BPT00308-025.txt
OK    /Volumes/Samsung 990-2/100 Hours/Garments/MTL-BPT00325-132.aac -> gs://100hr-data/Garments/IMU/MTL-BPT00325-132.aac
OK    /Volumes/Samsung 990-2/100 Hours/Garments/MTL-BPT00325-015.mp4 -> gs://100hr-data/Garments/Videos/MTL-BPT00325-015.mp4
OK    /Volumes/Samsung 990-2/100 Hours/Garments/MTL-BPT00306-049.aac -> gs://100hr-data/Garments/IMU/MTL-BPT00306-049.aac
OK    /Volumes/Samsung 990-2/100 Hours/Garments/MTL-BPT00325-126.aac -> gs://100hr-data/Garments/IMU/MTL-BPT00325-126.aac
OK    /Volumes/Samsung 990-2/100 Hours/Garments/MTL-BPT00308-031.txt -> gs://100hr-data/Garments/IMU/MTL-BPT00308-031.txt
OK    /Volumes/Samsung 990-2/100 Hours/Garments/MTL-BPT00308-022.aac -> gs://100hr-data/Garments/IMU/MTL-BPT00308-022.aac
OK    /Volumes/Samsung 990-2/100 Hours/Garments/MTL-BPT00325-121.txt -> gs://100hr-data/Garments/IMU/MTL-BPT00325-121.txt
OK    /Volumes/Samsung 990-2/100 Hours/Garments/MTL-BPT00308-036.aac -> gs://100hr-data/Garments/IMU/MTL-BPT00308-036.aac
OK    /Volumes/Samsung 990-2/100 Hours/Garments/MTL-BPT00325-109.txt -> gs://100hr-data/Garments/IMU/MTL-BPT00325-109.txt
OK    /Volumes/Samsung 990-2/100 Hours/Garments/MTL-BPT00325-085.aac -> gs://100hr-data/Garments/IMU/MTL-BPT00325-085.aac
OK    /Volumes/Samsung 990-2/100 Hours/Garments/MTL-BPT00306-066.txt -> gs://100hr-data/Garments/IMU/MTL-BPT00306-066.txt
OK    /Volumes/Samsung 990-2/100 Hours/Garments/MTL-BPT00325-091.aac -> gs://100hr-data/Garments/IMU/MTL-BPT00325-091.aac
OK    /Volumes/Samsung 990-2/100 Hours/Garments/MTL-BPT00306-072.txt -> gs://100hr-data/Garments/IMU/MTL-BPT00306-072.txt
OK    /Volumes/Samsung 990-2/100 Hours/Garments/MTL-BPT00306-026.mp4 -> gs://100hr-data/Garments/Videos/MTL-BPT00306-026.mp4
OK    /Volumes/Samsung 990-2/100 Hours/Garments/MTL-BPT00306-099.txt -> gs://100hr-data/Garments/IMU/MTL-BPT00306-099.txt
OK    /Volumes/Samsung 990-2/100 Hours/Garments/MTL-BPT00306-101.aac -> gs://100hr-data/Garments/IMU/MTL-BPT00306-101.aac
OK    /Volumes/Samsung 990-2/100 Hours/Garments/MTL-BPT00306-032.mp4 -> gs://100hr-data/Garments/Videos/MTL-BPT00306-032.mp4
OK    /Volumes/Samsung 990-2/100 Hours/Garments/MTL-BPT00325-046.aac -> gs://100hr-data/Garments/IMU/MTL-BPT00325-046.aac
OK    /Volumes/Samsung 990-2/100 Hours/Garments/MTL-BPT00310-023.txt -> gs://100hr-data/Garments/IMU/MTL-BPT00310-023.txt
OK    /Volumes/Samsung 990-2/100 Hours/Garments/MTL-BPT00310-037.txt -> gs://100hr-data/Garments/IMU/MTL-BPT00310-037.txt
OK    /Volumes/Samsung 990-2/100 Hours/Garments/MTL-BPT00325-052.aac -> gs://100hr-data/Garments/IMU/MTL-BPT00325-052.aac
OK    /Volumes/Samsung 990-2/100 Hours/Garments/MTL-BPT00311-072.mp4 -> gs://100hr-data/Garments/Videos/MTL-BPT00311-072.mp4
OK    /Volumes/Samsung 990-2/100 Hours/Garments/MTL-BPT00302-096.aac -> gs://100hr-data/Garments/IMU/MTL-BPT00302-096.aac
OK    /Volumes/Samsung 990-2/100 Hours/Garments/MTL-BPT00301-066.mp4 -> gs://100hr-data/Garments/Videos/MTL-BPT00301-066.mp4
OK    /Volumes/Samsung 990-2/100 Hours/Garments/MTL-BPT00302-082.aac -> gs://100hr-data/Garments/IMU/MTL-BPT00302-082.aac
OK    /Volumes/Samsung 990-2/100 Hours/Garments/MTL-BPT00311-066.mp4 -> gs://100hr-data/Garments/Videos/MTL-BPT00311-066.mp4
OK    /Volumes/Samsung 990-2/100 Hours/Garments/MTL-BPT00302-126.txt -> gs://100hr-data/Garments/IMU/MTL-BPT00302-126.txt
OK    /Volumes/Samsung 990-2/100 Hours/Garments/MTL-BPT00302-132.txt -> gs://100hr-data/Garments/IMU/MTL-BPT00302-132.txt
OK    /Volumes/Samsung 990-2/100 Hours/Garments/MTL-BPT00302-055.aac -> gs://100hr-data/Garments/IMU/MTL-BPT00302-055.aac
OK    /Volumes/Samsung 990-2/100 Hours/Garments/MTL-BPT00302-041.aac -> gs://100hr-data/Garments/IMU/MTL-BPT00302-041.aac
OK    /Volumes/Samsung 990-2/100 Hours/Garments/MTL-BPT00311-032.txt -> gs://100hr-data/Garments/IMU/MTL-BPT00311-032.txt
OK    /Volumes/Samsung 990-2/100 Hours/Garments/MTL-BPT00301-026.txt -> gs://100hr-data/Garments/IMU/MTL-BPT00301-026.txt
OK    /Volumes/Samsung 990-2/100 Hours/Garments/MTL-BPT00301-032.txt -> gs://100hr-data/Garments/IMU/MTL-BPT00301-032.txt
OK    /Volumes/Samsung 990-2/100 Hours/Garments/MTL-BPT00311-099.mp4 -> gs://100hr-data/Garments/Videos/MTL-BPT00311-099.mp4
OK    /Volumes/Samsung 990-2/100 Hours/Garments/MTL-BPT00311-026.txt -> gs://100hr-data/Garments/IMU/MTL-BPT00311-026.txt
OK    /Volumes/Samsung 990-2/100 Hours/Garments/MTL-BPT00301-024.txt -> gs://100hr-data/Garments/IMU/MTL-BPT00301-024.txt
OK    /Volumes/Samsung 990-2/100 Hours/Garments/MTL-BPT00311-030.txt -> gs://100hr-data/Garments/IMU/MTL-BPT00311-030.txt
OK    /Volumes/Samsung 990-2/100 Hours/Garments/MTL-BPT00311-024.txt -> gs://100hr-data/Garments/IMU/MTL-BPT00311-024.txt
OK    /Volumes/Samsung 990-2/100 Hours/Garments/MTL-BPT00301-030.txt -> gs://100hr-data/Garments/IMU/MTL-BPT00301-030.txt
OK    /Volumes/Samsung 990-2/100 Hours/Garments/MTL-BPT00301-018.txt -> gs://100hr-data/Garments/IMU/MTL-BPT00301-018.txt
OK    /Volumes/Samsung 990-2/100 Hours/Garments/MTL-BPT00302-057.aac -> gs://100hr-data/Garments/IMU/MTL-BPT00302-057.aac
OK    /Volumes/Samsung 990-2/100 Hours/Garments/MTL-BPT00311-018.txt -> gs://100hr-data/Garments/IMU/MTL-BPT00311-018.txt
OK    /Volumes/Samsung 990-2/100 Hours/Garments/MTL-BPT00302-043.aac -> gs://100hr-data/Garments/IMU/MTL-BPT00302-043.aac
OK    /Volumes/Samsung 990-2/100 Hours/Garments/MTL-BPT00302-124.txt -> gs://100hr-data/Garments/IMU/MTL-BPT00302-124.txt
OK    /Volumes/Samsung 990-2/100 Hours/Garments/MTL-BPT00301-058.mp4 -> gs://100hr-data/Garments/Videos/MTL-BPT00301-058.mp4
OK    /Volumes/Samsung 990-2/100 Hours/Garments/MTL-BPT00311-058.mp4 -> gs://100hr-data/Garments/Videos/MTL-BPT00311-058.mp4
OK    /Volumes/Samsung 990-2/100 Hours/Garments/MTL-BPT00302-130.txt -> gs://100hr-data/Garments/IMU/MTL-BPT00302-130.txt
OK    /Volumes/Samsung 990-2/100 Hours/Garments/MTL-BPT00301-064.mp4 -> gs://100hr-data/Garments/Videos/MTL-BPT00301-064.mp4
OK    /Volumes/Samsung 990-2/100 Hours/Garments/MTL-BPT00302-094.aac -> gs://100hr-data/Garments/IMU/MTL-BPT00302-094.aac
OK    /Volumes/Samsung 990-2/100 Hours/Garments/MTL-BPT00302-118.txt -> gs://100hr-data/Garments/IMU/MTL-BPT00302-118.txt
OK    /Volumes/Samsung 990-2/100 Hours/Garments/MTL-BPT00311-070.mp4 -> gs://100hr-data/Garments/Videos/MTL-BPT00311-070.mp4
OK    /Volumes/Samsung 990-2/100 Hours/Garments/MTL-BPT00311-064.mp4 -> gs://100hr-data/Garments/Videos/MTL-BPT00311-064.mp4
OK    /Volumes/Samsung 990-2/100 Hours/Garments/MTL-BPT00302-080.aac -> gs://100hr-data/Garments/IMU/MTL-BPT00302-080.aac
OK    /Volumes/Samsung 990-2/100 Hours/Garments/MTL-BPT00301-070.mp4 -> gs://100hr-data/Garments/Videos/MTL-BPT00301-070.mp4
OK    /Volumes/Samsung 990-2/100 Hours/Garments/MTL-BPT00310-021.txt -> gs://100hr-data/Garments/IMU/MTL-BPT00310-021.txt
OK    /Volumes/Samsung 990-2/100 Hours/Garments/MTL-BPT00306-018.mp4 -> gs://100hr-data/Garments/Videos/MTL-BPT00306-018.mp4
OK    /Volumes/Samsung 990-2/100 Hours/Garments/MTL-BPT00325-044.aac -> gs://100hr-data/Garments/IMU/MTL-BPT00325-044.aac
OK    /Volumes/Samsung 990-2/100 Hours/Garments/MTL-BPT00325-050.aac -> gs://100hr-data/Garments/IMU/MTL-BPT00325-050.aac
OK    /Volumes/Samsung 990-2/100 Hours/Garments/MTL-BPT00310-035.txt -> gs://100hr-data/Garments/IMU/MTL-BPT00310-035.txt
OK    /Volumes/Samsung 990-2/100 Hours/Garments/MTL-BPT00306-117.aac -> gs://100hr-data/Garments/IMU/MTL-BPT00306-117.aac
OK    /Volumes/Samsung 990-2/100 Hours/Garments/MTL-BPT00325-078.aac -> gs://100hr-data/Garments/IMU/MTL-BPT00325-078.aac
OK    /Volumes/Samsung 990-2/100 Hours/Garments/MTL-BPT00306-024.mp4 -> gs://100hr-data/Garments/Videos/MTL-BPT00306-024.mp4
OK    /Volumes/Samsung 990-2/100 Hours/Garments/MTL-BPT00310-009.txt -> gs://100hr-data/Garments/IMU/MTL-BPT00310-009.txt
OK    /Volumes/Samsung 990-2/100 Hours/Garments/MTL-BPT00306-030.mp4 -> gs://100hr-data/Garments/Videos/MTL-BPT00306-030.mp4
OK    /Volumes/Samsung 990-2/100 Hours/Garments/MTL-BPT00306-103.aac -> gs://100hr-data/Garments/IMU/MTL-BPT00306-103.aac
OK    /Volumes/Samsung 990-2/100 Hours/Garments/MTL-BPT00325-087.aac -> gs://100hr-data/Garments/IMU/MTL-BPT00325-087.aac
OK    /Volumes/Samsung 990-2/100 Hours/Garments/MTL-BPT00306-064.txt -> gs://100hr-data/Garments/IMU/MTL-BPT00306-064.txt
OK    /Volumes/Samsung 990-2/100 Hours/Garments/MTL-BPT00308-008.aac -> gs://100hr-data/Garments/IMU/MTL-BPT00308-008.aac
OK    /Volumes/Samsung 990-2/100 Hours/Garments/MTL-BPT00325-093.aac -> gs://100hr-data/Garments/IMU/MTL-BPT00325-093.aac
OK    /Volumes/Samsung 990-2/100 Hours/Garments/MTL-BPT00306-070.txt -> gs://100hr-data/Garments/IMU/MTL-BPT00306-070.txt
OK    /Volumes/Samsung 990-2/100 Hours/Garments/MTL-BPT00306-058.txt -> gs://100hr-data/Garments/IMU/MTL-BPT00306-058.txt
OK    /Volumes/Samsung 990-2/100 Hours/Garments/MTL-BPT00308-020.aac -> gs://100hr-data/Garments/IMU/MTL-BPT00308-020.aac
OK    /Volumes/Samsung 990-2/100 Hours/Garments/MTL-BPT00308-034.aac -> gs://100hr-data/Garments/IMU/MTL-BPT00308-034.aac
OK    /Volumes/Samsung 990-2/100 Hours/Garments/MTL-BPT00310-075.mp4 -> gs://100hr-data/Garments/Videos/MTL-BPT00310-075.mp4
OK    /Volumes/Samsung 990-2/100 Hours/Garments/MTL-BPT00325-123.txt -> gs://100hr-data/Garments/IMU/MTL-BPT00325-123.txt
OK    /Volumes/Samsung 990-2/100 Hours/Garments/MTL-BPT00325-130.aac -> gs://100hr-data/Garments/IMU/MTL-BPT00325-130.aac
OK    /Volumes/Samsung 990-2/100 Hours/Garments/MTL-BPT00308-027.txt -> gs://100hr-data/Garments/IMU/MTL-BPT00308-027.txt
OK    /Volumes/Samsung 990-2/100 Hours/Garments/MTL-BPT00308-033.txt -> gs://100hr-data/Garments/IMU/MTL-BPT00308-033.txt
OK    /Volumes/Samsung 990-2/100 Hours/Garments/MTL-BPT00325-124.aac -> gs://100hr-data/Garments/IMU/MTL-BPT00325-124.aac
OK    /Volumes/Samsung 990-2/100 Hours/Garments/MTL-BPT00325-017.mp4 -> gs://100hr-data/Garments/Videos/MTL-BPT00325-017.mp4
OK    /Volumes/Samsung 990-2/100 Hours/Garments/MTL-BPT00325-080.txt -> gs://100hr-data/Garments/IMU/MTL-BPT00325-080.txt
OK    /Volumes/Samsung 990-2/100 Hours/Garments/MTL-BPT00306-063.aac -> gs://100hr-data/Garments/IMU/MTL-BPT00306-063.aac
OK    /Volumes/Samsung 990-2/100 Hours/Garments/MTL-BPT00325-118.aac -> gs://100hr-data/Garments/IMU/MTL-BPT00325-118.aac
OK    /Volumes/Samsung 990-2/100 Hours/Garments/MTL-BPT00325-094.txt -> gs://100hr-data/Garments/IMU/MTL-BPT00325-094.txt
OK    /Volumes/Samsung 990-2/100 Hours/Garments/MTL-BPT00306-077.aac -> gs://100hr-data/Garments/IMU/MTL-BPT00306-077.aac
OK    /Volumes/Samsung 990-2/100 Hours/Garments/MTL-BPT00306-110.txt -> gs://100hr-data/Garments/IMU/MTL-BPT00306-110.txt
OK    /Volumes/Samsung 990-2/100 Hours/Garments/MTL-BPT00306-088.aac -> gs://100hr-data/Garments/IMU/MTL-BPT00306-088.aac
OK    /Volumes/Samsung 990-2/100 Hours/Garments/MTL-BPT00306-104.txt -> gs://100hr-data/Garments/IMU/MTL-BPT00306-104.txt
OK    /Volumes/Samsung 990-2/100 Hours/Garments/MTL-BPT00310-026.aac -> gs://100hr-data/Garments/IMU/MTL-BPT00310-026.aac
OK    /Volumes/Samsung 990-2/100 Hours/Garments/MTL-BPT00325-043.txt -> gs://100hr-data/Garments/IMU/MTL-BPT00325-043.txt
OK    /Volumes/Samsung 990-2/100 Hours/Garments/MTL-BPT00308-067.mp4 -> gs://100hr-data/Garments/Videos/MTL-BPT00308-067.mp4
OK    /Volumes/Samsung 990-2/100 Hours/Garments/MTL-BPT00308-073.mp4 -> gs://100hr-data/Garments/Videos/MTL-BPT00308-073.mp4
OK    /Volumes/Samsung 990-2/100 Hours/Garments/MTL-BPT00325-057.txt -> gs://100hr-data/Garments/IMU/MTL-BPT00325-057.txt
OK    /Volumes/Samsung 990-2/100 Hours/Garments/MTL-BPT00310-032.aac -> gs://100hr-data/Garments/IMU/MTL-BPT00310-032.aac
OK    /Volumes/Samsung 990-2/100 Hours/Garments/MTL-BPT00302-093.txt -> gs://100hr-data/Garments/IMU/MTL-BPT00302-093.txt
OK    /Volumes/Samsung 990-2/100 Hours/Garments/MTL-BPT00302-087.txt -> gs://100hr-data/Garments/IMU/MTL-BPT00302-087.txt
OK    /Volumes/Samsung 990-2/100 Hours/Garments/MTL-BPT00302-038.mp4 -> gs://100hr-data/Garments/Videos/MTL-BPT00302-038.mp4
OK    /Volumes/Samsung 990-2/100 Hours/Garments/MTL-BPT00302-123.aac -> gs://100hr-data/Garments/IMU/MTL-BPT00302-123.aac
OK    /Volumes/Samsung 990-2/100 Hours/Garments/MTL-BPT00302-010.mp4 -> gs://100hr-data/Garments/Videos/MTL-BPT00302-010.mp4
OK    /Volumes/Samsung 990-2/100 Hours/Garments/MTL-BPT00302-004.mp4 -> gs://100hr-data/Garments/Videos/MTL-BPT00302-004.mp4
OK    /Volumes/Samsung 990-2/100 Hours/Garments/MTL-BPT00302-137.aac -> gs://100hr-data/Garments/IMU/MTL-BPT00302-137.aac
OK    /Volumes/Samsung 990-2/100 Hours/Garments/MTL-BPT00302-050.txt -> gs://100hr-data/Garments/IMU/MTL-BPT00302-050.txt
OK    /Volumes/Samsung 990-2/100 Hours/Garments/MTL-BPT00302-044.txt -> gs://100hr-data/Garments/IMU/MTL-BPT00302-044.txt
OK    /Volumes/Samsung 990-2/100 Hours/Garments/MTL-BPT00301-023.aac -> gs://100hr-data/Garments/IMU/MTL-BPT00301-023.aac
OK    /Volumes/Samsung 990-2/100 Hours/Garments/MTL-BPT00311-104.mp4 -> gs://100hr-data/Garments/Videos/MTL-BPT00311-104.mp4
OK    /Volumes/Samsung 990-2/100 Hours/Garments/MTL-BPT00311-037.aac -> gs://100hr-data/Garments/IMU/MTL-BPT00311-037.aac
OK    /Volumes/Samsung 990-2/100 Hours/Garments/MTL-BPT00311-023.aac -> gs://100hr-data/Garments/IMU/MTL-BPT00311-023.aac
OK    /Volumes/Samsung 990-2/100 Hours/Garments/MTL-BPT00311-110.mp4 -> gs://100hr-data/Garments/Videos/MTL-BPT00311-110.mp4
OK    /Volumes/Samsung 990-2/100 Hours/Garments/MTL-BPT00302-078.txt -> gs://100hr-data/Garments/IMU/MTL-BPT00302-078.txt
OK    /Volumes/Samsung 990-2/100 Hours/Garments/MTL-BPT00301-037.aac -> gs://100hr-data/Garments/IMU/MTL-BPT00301-037.aac
OK    /Volumes/Samsung 990-2/100 Hours/Garments/MTL-BPT00311-111.mp4 -> gs://100hr-data/Garments/Videos/MTL-BPT00311-111.mp4
OK    /Volumes/Samsung 990-2/100 Hours/Garments/MTL-BPT00311-022.aac -> gs://100hr-data/Garments/IMU/MTL-BPT00311-022.aac
OK    /Volumes/Samsung 990-2/100 Hours/Garments/MTL-BPT00301-036.aac -> gs://100hr-data/Garments/IMU/MTL-BPT00301-036.aac
OK    /Volumes/Samsung 990-2/100 Hours/Garments/MTL-BPT00302-079.txt -> gs://100hr-data/Garments/IMU/MTL-BPT00302-079.txt
OK    /Volumes/Samsung 990-2/100 Hours/Garments/MTL-BPT00301-022.aac -> gs://100hr-data/Garments/IMU/MTL-BPT00301-022.aac
OK    /Volumes/Samsung 990-2/100 Hours/Garments/MTL-BPT00311-036.aac -> gs://100hr-data/Garments/IMU/MTL-BPT00311-036.aac
OK    /Volumes/Samsung 990-2/100 Hours/Garments/MTL-BPT00311-105.mp4 -> gs://100hr-data/Garments/Videos/MTL-BPT00311-105.mp4
OK    /Volumes/Samsung 990-2/100 Hours/Garments/MTL-BPT00302-045.txt -> gs://100hr-data/Garments/IMU/MTL-BPT00302-045.txt
OK    /Volumes/Samsung 990-2/100 Hours/Garments/MTL-BPT00302-051.txt -> gs://100hr-data/Garments/IMU/MTL-BPT00302-051.txt
OK    /Volumes/Samsung 990-2/100 Hours/Garments/MTL-BPT00302-136.aac -> gs://100hr-data/Garments/IMU/MTL-BPT00302-136.aac
OK    /Volumes/Samsung 990-2/100 Hours/Garments/MTL-BPT00302-005.mp4 -> gs://100hr-data/Garments/Videos/MTL-BPT00302-005.mp4
OK    /Volumes/Samsung 990-2/100 Hours/Garments/MTL-BPT00302-011.mp4 -> gs://100hr-data/Garments/Videos/MTL-BPT00302-011.mp4
OK    /Volumes/Samsung 990-2/100 Hours/Garments/MTL-BPT00302-122.aac -> gs://100hr-data/Garments/IMU/MTL-BPT00302-122.aac
OK    /Volumes/Samsung 990-2/100 Hours/Garments/MTL-BPT00302-039.mp4 -> gs://100hr-data/Garments/Videos/MTL-BPT00302-039.mp4
OK    /Volumes/Samsung 990-2/100 Hours/Garments/MTL-BPT00302-086.txt -> gs://100hr-data/Garments/IMU/MTL-BPT00302-086.txt
OK    /Volumes/Samsung 990-2/100 Hours/Garments/MTL-BPT00302-092.txt -> gs://100hr-data/Garments/IMU/MTL-BPT00302-092.txt
OK    /Volumes/Samsung 990-2/100 Hours/Garments/MTL-BPT00308-072.mp4 -> gs://100hr-data/Garments/Videos/MTL-BPT00308-072.mp4
OK    /Volumes/Samsung 990-2/100 Hours/Garments/MTL-BPT00310-033.aac -> gs://100hr-data/Garments/IMU/MTL-BPT00310-033.aac
OK    /Volumes/Samsung 990-2/100 Hours/Garments/MTL-BPT00325-056.txt -> gs://100hr-data/Garments/IMU/MTL-BPT00325-056.txt
OK    /Volumes/Samsung 990-2/100 Hours/Garments/MTL-BPT00325-042.txt -> gs://100hr-data/Garments/IMU/MTL-BPT00325-042.txt
OK    /Volumes/Samsung 990-2/100 Hours/Garments/MTL-BPT00310-027.aac -> gs://100hr-data/Garments/IMU/MTL-BPT00310-027.aac
OK    /Volumes/Samsung 990-2/100 Hours/Garments/MTL-BPT00308-066.mp4 -> gs://100hr-data/Garments/Videos/MTL-BPT00308-066.mp4
OK    /Volumes/Samsung 990-2/100 Hours/Garments/MTL-BPT00306-105.txt -> gs://100hr-data/Garments/IMU/MTL-BPT00306-105.txt
OK    /Volumes/Samsung 990-2/100 Hours/Garments/MTL-BPT00306-089.aac -> gs://100hr-data/Garments/IMU/MTL-BPT00306-089.aac
OK    /Volumes/Samsung 990-2/100 Hours/Garments/MTL-BPT00306-111.txt -> gs://100hr-data/Garments/IMU/MTL-BPT00306-111.txt
OK    /Volumes/Samsung 990-2/100 Hours/Garments/MTL-BPT00306-076.aac -> gs://100hr-data/Garments/IMU/MTL-BPT00306-076.aac
OK    /Volumes/Samsung 990-2/100 Hours/Garments/MTL-BPT00325-095.txt -> gs://100hr-data/Garments/IMU/MTL-BPT00325-095.txt
OK    /Volumes/Samsung 990-2/100 Hours/Garments/MTL-BPT00325-119.aac -> gs://100hr-data/Garments/IMU/MTL-BPT00325-119.aac
OK    /Volumes/Samsung 990-2/100 Hours/Garments/MTL-BPT00306-062.aac -> gs://100hr-data/Garments/IMU/MTL-BPT00306-062.aac
OK    /Volumes/Samsung 990-2/100 Hours/Garments/MTL-BPT00325-081.txt -> gs://100hr-data/Garments/IMU/MTL-BPT00325-081.txt
OK    /Volumes/Samsung 990-2/100 Hours/Garments/MTL-BPT00308-032.txt -> gs://100hr-data/Garments/IMU/MTL-BPT00308-032.txt
OK    /Volumes/Samsung 990-2/100 Hours/Garments/MTL-BPT00325-016.mp4 -> gs://100hr-data/Garments/Videos/MTL-BPT00325-016.mp4
OK    /Volumes/Samsung 990-2/100 Hours/Garments/MTL-BPT00325-125.aac -> gs://100hr-data/Garments/IMU/MTL-BPT00325-125.aac
OK    /Volumes/Samsung 990-2/100 Hours/Garments/MTL-BPT00325-131.aac -> gs://100hr-data/Garments/IMU/MTL-BPT00325-131.aac
OK    /Volumes/Samsung 990-2/100 Hours/Garments/MTL-BPT00308-026.txt -> gs://100hr-data/Garments/IMU/MTL-BPT00308-026.txt
OK    /Volumes/Samsung 990-2/100 Hours/Garments/MTL-BPT00308-035.aac -> gs://100hr-data/Garments/IMU/MTL-BPT00308-035.aac
OK    /Volumes/Samsung 990-2/100 Hours/Garments/MTL-BPT00325-122.txt -> gs://100hr-data/Garments/IMU/MTL-BPT00325-122.txt
OK    /Volumes/Samsung 990-2/100 Hours/Garments/MTL-BPT00310-074.mp4 -> gs://100hr-data/Garments/Videos/MTL-BPT00310-074.mp4
OK    /Volumes/Samsung 990-2/100 Hours/Garments/MTL-BPT00306-059.txt -> gs://100hr-data/Garments/IMU/MTL-BPT00306-059.txt
OK    /Volumes/Samsung 990-2/100 Hours/Garments/MTL-BPT00308-021.aac -> gs://100hr-data/Garments/IMU/MTL-BPT00308-021.aac
OK    /Volumes/Samsung 990-2/100 Hours/Garments/MTL-BPT00308-009.aac -> gs://100hr-data/Garments/IMU/MTL-BPT00308-009.aac
OK    /Volumes/Samsung 990-2/100 Hours/Garments/MTL-BPT00306-071.txt -> gs://100hr-data/Garments/IMU/MTL-BPT00306-071.txt
OK    /Volumes/Samsung 990-2/100 Hours/Garments/MTL-BPT00325-092.aac -> gs://100hr-data/Garments/IMU/MTL-BPT00325-092.aac
OK    /Volumes/Samsung 990-2/100 Hours/Garments/MTL-BPT00306-065.txt -> gs://100hr-data/Garments/IMU/MTL-BPT00306-065.txt
OK    /Volumes/Samsung 990-2/100 Hours/Garments/MTL-BPT00325-086.aac -> gs://100hr-data/Garments/IMU/MTL-BPT00325-086.aac
OK    /Volumes/Samsung 990-2/100 Hours/Garments/MTL-BPT00306-102.aac -> gs://100hr-data/Garments/IMU/MTL-BPT00306-102.aac
OK    /Volumes/Samsung 990-2/100 Hours/Garments/MTL-BPT00306-031.mp4 -> gs://100hr-data/Garments/Videos/MTL-BPT00306-031.mp4
OK    /Volumes/Samsung 990-2/100 Hours/Garments/MTL-BPT00310-008.txt -> gs://100hr-data/Garments/IMU/MTL-BPT00310-008.txt
OK    /Volumes/Samsung 990-2/100 Hours/Garments/MTL-BPT00306-025.mp4 -> gs://100hr-data/Garments/Videos/MTL-BPT00306-025.mp4
OK    /Volumes/Samsung 990-2/100 Hours/Garments/MTL-BPT00325-079.aac -> gs://100hr-data/Garments/IMU/MTL-BPT00325-079.aac
OK    /Volumes/Samsung 990-2/100 Hours/Garments/MTL-BPT00310-034.txt -> gs://100hr-data/Garments/IMU/MTL-BPT00310-034.txt
OK    /Volumes/Samsung 990-2/100 Hours/Garments/MTL-BPT00325-051.aac -> gs://100hr-data/Garments/IMU/MTL-BPT00325-051.aac
OK    /Volumes/Samsung 990-2/100 Hours/Garments/MTL-BPT00325-045.aac -> gs://100hr-data/Garments/IMU/MTL-BPT00325-045.aac
OK    /Volumes/Samsung 990-2/100 Hours/Garments/MTL-BPT00306-019.mp4 -> gs://100hr-data/Garments/Videos/MTL-BPT00306-019.mp4
OK    /Volumes/Samsung 990-2/100 Hours/Garments/MTL-BPT00310-020.txt -> gs://100hr-data/Garments/IMU/MTL-BPT00310-020.txt
OK    /Volumes/Samsung 990-2/100 Hours/Garments/MTL-BPT00311-065.mp4 -> gs://100hr-data/Garments/Videos/MTL-BPT00311-065.mp4
OK    /Volumes/Samsung 990-2/100 Hours/Garments/MTL-BPT00302-081.aac -> gs://100hr-data/Garments/IMU/MTL-BPT00302-081.aac
OK    /Volumes/Samsung 990-2/100 Hours/Garments/MTL-BPT00302-119.txt -> gs://100hr-data/Garments/IMU/MTL-BPT00302-119.txt
OK    /Volumes/Samsung 990-2/100 Hours/Garments/MTL-BPT00302-095.aac -> gs://100hr-data/Garments/IMU/MTL-BPT00302-095.aac
OK    /Volumes/Samsung 990-2/100 Hours/Garments/MTL-BPT00301-065.mp4 -> gs://100hr-data/Garments/Videos/MTL-BPT00301-065.mp4
OK    /Volumes/Samsung 990-2/100 Hours/Garments/MTL-BPT00311-071.mp4 -> gs://100hr-data/Garments/Videos/MTL-BPT00311-071.mp4
OK    /Volumes/Samsung 990-2/100 Hours/Garments/MTL-BPT00311-059.mp4 -> gs://100hr-data/Garments/Videos/MTL-BPT00311-059.mp4
OK    /Volumes/Samsung 990-2/100 Hours/Garments/MTL-BPT00302-131.txt -> gs://100hr-data/Garments/IMU/MTL-BPT00302-131.txt
OK    /Volumes/Samsung 990-2/100 Hours/Garments/MTL-BPT00301-059.mp4 -> gs://100hr-data/Garments/Videos/MTL-BPT00301-059.mp4
OK    /Volumes/Samsung 990-2/100 Hours/Garments/MTL-BPT00302-125.txt -> gs://100hr-data/Garments/IMU/MTL-BPT00302-125.txt
OK    /Volumes/Samsung 990-2/100 Hours/Garments/MTL-BPT00311-019.txt -> gs://100hr-data/Garments/IMU/MTL-BPT00311-019.txt
OK    /Volumes/Samsung 990-2/100 Hours/Garments/MTL-BPT00302-042.aac -> gs://100hr-data/Garments/IMU/MTL-BPT00302-042.aac
OK    /Volumes/Samsung 990-2/100 Hours/Garments/MTL-BPT00302-056.aac -> gs://100hr-data/Garments/IMU/MTL-BPT00302-056.aac
OK    /Volumes/Samsung 990-2/100 Hours/Garments/MTL-BPT00301-019.txt -> gs://100hr-data/Garments/IMU/MTL-BPT00301-019.txt
OK    /Volumes/Samsung 990-2/100 Hours/Garments/MTL-BPT00311-025.txt -> gs://100hr-data/Garments/IMU/MTL-BPT00311-025.txt
OK    /Volumes/Samsung 990-2/100 Hours/Garments/MTL-BPT00301-031.txt -> gs://100hr-data/Garments/IMU/MTL-BPT00301-031.txt
OK    /Volumes/Samsung 990-2/100 Hours/Garments/MTL-BPT00301-025.txt -> gs://100hr-data/Garments/IMU/MTL-BPT00301-025.txt
OK    /Volumes/Samsung 990-2/100 Hours/Garments/MTL-BPT00311-031.txt -> gs://100hr-data/Garments/IMU/MTL-BPT00311-031.txt
OK    /Volumes/Samsung 990-2/100 Hours/Garments/MTL-BPT00311-009.txt -> gs://100hr-data/Garments/IMU/MTL-BPT00311-009.txt
OK    /Volumes/Samsung 990-2/100 Hours/Garments/MTL-BPT00302-052.aac -> gs://100hr-data/Garments/IMU/MTL-BPT00302-052.aac
OK    /Volumes/Samsung 990-2/100 Hours/Garments/MTL-BPT00301-009.txt -> gs://100hr-data/Garments/IMU/MTL-BPT00301-009.txt
OK    /Volumes/Samsung 990-2/100 Hours/Garments/MTL-BPT00302-046.aac -> gs://100hr-data/Garments/IMU/MTL-BPT00302-046.aac
OK    /Volumes/Samsung 990-2/100 Hours/Garments/MTL-BPT00311-035.txt -> gs://100hr-data/Garments/IMU/MTL-BPT00311-035.txt
OK    /Volumes/Samsung 990-2/100 Hours/Garments/MTL-BPT00301-021.txt -> gs://100hr-data/Garments/IMU/MTL-BPT00301-021.txt
OK    /Volumes/Samsung 990-2/100 Hours/Garments/MTL-BPT00301-035.txt -> gs://100hr-data/Garments/IMU/MTL-BPT00301-035.txt
OK    /Volumes/Samsung 990-2/100 Hours/Garments/MTL-BPT00311-021.txt -> gs://100hr-data/Garments/IMU/MTL-BPT00311-021.txt
OK    /Volumes/Samsung 990-2/100 Hours/Garments/MTL-BPT00311-075.mp4 -> gs://100hr-data/Garments/Videos/MTL-BPT00311-075.mp4
OK    /Volumes/Samsung 990-2/100 Hours/Garments/MTL-BPT00301-061.mp4 -> gs://100hr-data/Garments/Videos/MTL-BPT00301-061.mp4
OK    /Volumes/Samsung 990-2/100 Hours/Garments/MTL-BPT00302-091.aac -> gs://100hr-data/Garments/IMU/MTL-BPT00302-091.aac
OK    /Volumes/Samsung 990-2/100 Hours/Garments/MTL-BPT00302-085.aac -> gs://100hr-data/Garments/IMU/MTL-BPT00302-085.aac
OK    /Volumes/Samsung 990-2/100 Hours/Garments/MTL-BPT00302-109.txt -> gs://100hr-data/Garments/IMU/MTL-BPT00302-109.txt
OK    /Volumes/Samsung 990-2/100 Hours/Garments/MTL-BPT00311-061.mp4 -> gs://100hr-data/Garments/Videos/MTL-BPT00311-061.mp4
OK    /Volumes/Samsung 990-2/100 Hours/Garments/MTL-BPT00311-049.mp4 -> gs://100hr-data/Garments/Videos/MTL-BPT00311-049.mp4
OK    /Volumes/Samsung 990-2/100 Hours/Garments/MTL-BPT00302-121.txt -> gs://100hr-data/Garments/IMU/MTL-BPT00302-121.txt
OK    /Volumes/Samsung 990-2/100 Hours/Garments/MTL-BPT00301-049.mp4 -> gs://100hr-data/Garments/Videos/MTL-BPT00301-049.mp4
OK    /Volumes/Samsung 990-2/100 Hours/Garments/MTL-BPT00302-135.txt -> gs://100hr-data/Garments/IMU/MTL-BPT00302-135.txt
OK    /Volumes/Samsung 990-2/100 Hours/Garments/MTL-BPT00306-112.aac -> gs://100hr-data/Garments/IMU/MTL-BPT00306-112.aac
OK    /Volumes/Samsung 990-2/100 Hours/Garments/MTL-BPT00306-021.mp4 -> gs://100hr-data/Garments/Videos/MTL-BPT00306-021.mp4
OK    /Volumes/Samsung 990-2/100 Hours/Garments/MTL-BPT00310-018.txt -> gs://100hr-data/Garments/IMU/MTL-BPT00310-018.txt
OK    /Volumes/Samsung 990-2/100 Hours/Garments/MTL-BPT00306-035.mp4 -> gs://100hr-data/Garments/Videos/MTL-BPT00306-035.mp4
OK    /Volumes/Samsung 990-2/100 Hours/Garments/MTL-BPT00306-106.aac -> gs://100hr-data/Garments/IMU/MTL-BPT00306-106.aac
OK    /Volumes/Samsung 990-2/100 Hours/Garments/MTL-BPT00325-069.aac -> gs://100hr-data/Garments/IMU/MTL-BPT00325-069.aac
OK    /Volumes/Samsung 990-2/100 Hours/Garments/MTL-BPT00310-024.txt -> gs://100hr-data/Garments/IMU/MTL-BPT00310-024.txt
OK    /Volumes/Samsung 990-2/100 Hours/Garments/MTL-BPT00325-041.aac -> gs://100hr-data/Garments/IMU/MTL-BPT00325-041.aac
OK    /Volumes/Samsung 990-2/100 Hours/Garments/MTL-BPT00325-055.aac -> gs://100hr-data/Garments/IMU/MTL-BPT00325-055.aac
OK    /Volumes/Samsung 990-2/100 Hours/Garments/MTL-BPT00306-009.mp4 -> gs://100hr-data/Garments/Videos/MTL-BPT00306-009.mp4
OK    /Volumes/Samsung 990-2/100 Hours/Garments/MTL-BPT00310-030.txt -> gs://100hr-data/Garments/IMU/MTL-BPT00310-030.txt
OK    /Volumes/Samsung 990-2/100 Hours/Garments/MTL-BPT00308-025.aac -> gs://100hr-data/Garments/IMU/MTL-BPT00308-025.aac
OK    /Volumes/Samsung 990-2/100 Hours/Garments/MTL-BPT00325-132.txt -> gs://100hr-data/Garments/IMU/MTL-BPT00325-132.txt
OK    /Volumes/Samsung 990-2/100 Hours/Garments/MTL-BPT00310-070.mp4 -> gs://100hr-data/Garments/Videos/MTL-BPT00310-070.mp4
OK    /Volumes/Samsung 990-2/100 Hours/Garments/MTL-BPT00306-049.txt -> gs://100hr-data/Garments/IMU/MTL-BPT00306-049.txt
OK    /Volumes/Samsung 990-2/100 Hours/Garments/MTL-BPT00325-126.txt -> gs://100hr-data/Garments/IMU/MTL-BPT00325-126.txt
OK    /Volumes/Samsung 990-2/100 Hours/Garments/MTL-BPT00308-031.aac -> gs://100hr-data/Garments/IMU/MTL-BPT00308-031.aac
OK    /Volumes/Samsung 990-2/100 Hours/Garments/MTL-BPT00308-019.aac -> gs://100hr-data/Garments/IMU/MTL-BPT00308-019.aac
OK    /Volumes/Samsung 990-2/100 Hours/Garments/MTL-BPT00325-082.aac -> gs://100hr-data/Garments/IMU/MTL-BPT00325-082.aac
OK    /Volumes/Samsung 990-2/100 Hours/Garments/MTL-BPT00306-061.txt -> gs://100hr-data/Garments/IMU/MTL-BPT00306-061.txt
OK    /Volumes/Samsung 990-2/100 Hours/Garments/MTL-BPT00325-096.aac -> gs://100hr-data/Garments/IMU/MTL-BPT00325-096.aac
OK    /Volumes/Samsung 990-2/100 Hours/Garments/MTL-BPT00306-075.txt -> gs://100hr-data/Garments/IMU/MTL-BPT00306-075.txt
OK    /Volumes/Samsung 990-2/100 Hours/Garments/MTL-BPT00325-109.aac -> gs://100hr-data/Garments/IMU/MTL-BPT00325-109.aac
OK    /Volumes/Samsung 990-2/100 Hours/Garments/MTL-BPT00325-085.txt -> gs://100hr-data/Garments/IMU/MTL-BPT00325-085.txt
OK    /Volumes/Samsung 990-2/100 Hours/Garments/MTL-BPT00306-066.aac -> gs://100hr-data/Garments/IMU/MTL-BPT00306-066.aac
OK    /Volumes/Samsung 990-2/100 Hours/Garments/MTL-BPT00325-091.txt -> gs://100hr-data/Garments/IMU/MTL-BPT00325-091.txt
OK    /Volumes/Samsung 990-2/100 Hours/Garments/MTL-BPT00306-072.aac -> gs://100hr-data/Garments/IMU/MTL-BPT00306-072.aac
OK    /Volumes/Samsung 990-2/100 Hours/Garments/MTL-BPT00308-022.txt -> gs://100hr-data/Garments/IMU/MTL-BPT00308-022.txt
OK    /Volumes/Samsung 990-2/100 Hours/Garments/MTL-BPT00325-121.aac -> gs://100hr-data/Garments/IMU/MTL-BPT00325-121.aac
OK    /Volumes/Samsung 990-2/100 Hours/Garments/MTL-BPT00325-012.mp4 -> gs://100hr-data/Garments/Videos/MTL-BPT00325-012.mp4
OK    /Volumes/Samsung 990-2/100 Hours/Garments/MTL-BPT00308-036.txt -> gs://100hr-data/Garments/IMU/MTL-BPT00308-036.txt
OK    /Volumes/Samsung 990-2/100 Hours/Garments/MTL-BPT00308-089.mp4 -> gs://100hr-data/Garments/Videos/MTL-BPT00308-089.mp4
OK    /Volumes/Samsung 990-2/100 Hours/Garments/MTL-BPT00308-062.mp4 -> gs://100hr-data/Garments/Videos/MTL-BPT00308-062.mp4
OK    /Volumes/Samsung 990-2/100 Hours/Garments/MTL-BPT00310-023.aac -> gs://100hr-data/Garments/IMU/MTL-BPT00310-023.aac
OK    /Volumes/Samsung 990-2/100 Hours/Garments/MTL-BPT00325-046.txt -> gs://100hr-data/Garments/IMU/MTL-BPT00325-046.txt
OK    /Volumes/Samsung 990-2/100 Hours/Garments/MTL-BPT00325-052.txt -> gs://100hr-data/Garments/IMU/MTL-BPT00325-052.txt
OK    /Volumes/Samsung 990-2/100 Hours/Garments/MTL-BPT00310-037.aac -> gs://100hr-data/Garments/IMU/MTL-BPT00310-037.aac
OK    /Volumes/Samsung 990-2/100 Hours/Garments/MTL-BPT00308-076.mp4 -> gs://100hr-data/Garments/Videos/MTL-BPT00308-076.mp4
OK    /Volumes/Samsung 990-2/100 Hours/Garments/MTL-BPT00306-099.aac -> gs://100hr-data/Garments/IMU/MTL-BPT00306-099.aac
OK    /Volumes/Samsung 990-2/100 Hours/Garments/MTL-BPT00306-101.txt -> gs://100hr-data/Garments/IMU/MTL-BPT00306-101.txt
OK    /Volumes/Samsung 990-2/100 Hours/Garments/MTL-BPT00302-126.aac -> gs://100hr-data/Garments/IMU/MTL-BPT00302-126.aac
OK    /Volumes/Samsung 990-2/100 Hours/Garments/MTL-BPT00302-015.mp4 -> gs://100hr-data/Garments/Videos/MTL-BPT00302-015.mp4
OK    /Volumes/Samsung 990-2/100 Hours/Garments/MTL-BPT00302-132.aac -> gs://100hr-data/Garments/IMU/MTL-BPT00302-132.aac
OK    /Volumes/Samsung 990-2/100 Hours/Garments/MTL-BPT00302-029.mp4 -> gs://100hr-data/Garments/Videos/MTL-BPT00302-029.mp4
OK    /Volumes/Samsung 990-2/100 Hours/Garments/MTL-BPT00302-096.txt -> gs://100hr-data/Garments/IMU/MTL-BPT00302-096.txt
OK    /Volumes/Samsung 990-2/100 Hours/Garments/MTL-BPT00302-082.txt -> gs://100hr-data/Garments/IMU/MTL-BPT00302-082.txt
OK    /Volumes/Samsung 990-2/100 Hours/Garments/MTL-BPT00311-101.mp4 -> gs://100hr-data/Garments/Videos/MTL-BPT00311-101.mp4
OK    /Volumes/Samsung 990-2/100 Hours/Garments/MTL-BPT00311-032.aac -> gs://100hr-data/Garments/IMU/MTL-BPT00311-032.aac
OK    /Volumes/Samsung 990-2/100 Hours/Garments/MTL-BPT00301-026.aac -> gs://100hr-data/Garments/IMU/MTL-BPT00301-026.aac
OK    /Volumes/Samsung 990-2/100 Hours/Garments/MTL-BPT00301-032.aac -> gs://100hr-data/Garments/IMU/MTL-BPT00301-032.aac
OK    /Volumes/Samsung 990-2/100 Hours/Garments/MTL-BPT00311-026.aac -> gs://100hr-data/Garments/IMU/MTL-BPT00311-026.aac
OK    /Volumes/Samsung 990-2/100 Hours/Garments/MTL-BPT00311-115.mp4 -> gs://100hr-data/Garments/Videos/MTL-BPT00311-115.mp4
OK    /Volumes/Samsung 990-2/100 Hours/Garments/MTL-BPT00302-055.txt -> gs://100hr-data/Garments/IMU/MTL-BPT00302-055.txt
OK    /Volumes/Samsung 990-2/100 Hours/Garments/MTL-BPT00302-041.txt -> gs://100hr-data/Garments/IMU/MTL-BPT00302-041.txt
OK    /Volumes/Samsung 990-2/100 Hours/Garments/MTL-BPT00311-129.mp4 -> gs://100hr-data/Garments/Videos/MTL-BPT00311-129.mp4
OK    /Volumes/Samsung 990-2/100 Hours/Garments/MTL-BPT00302-040.txt -> gs://100hr-data/Garments/IMU/MTL-BPT00302-040.txt
OK    /Volumes/Samsung 990-2/100 Hours/Garments/MTL-BPT00311-128.mp4 -> gs://100hr-data/Garments/Videos/MTL-BPT00311-128.mp4
OK    /Volumes/Samsung 990-2/100 Hours/Garments/MTL-BPT00302-054.txt -> gs://100hr-data/Garments/IMU/MTL-BPT00302-054.txt
OK    /Volumes/Samsung 990-2/100 Hours/Garments/MTL-BPT00301-033.aac -> gs://100hr-data/Garments/IMU/MTL-BPT00301-033.aac
OK    /Volumes/Samsung 990-2/100 Hours/Garments/MTL-BPT00311-114.mp4 -> gs://100hr-data/Garments/Videos/MTL-BPT00311-114.mp4
OK    /Volumes/Samsung 990-2/100 Hours/Garments/MTL-BPT00311-027.aac -> gs://100hr-data/Garments/IMU/MTL-BPT00311-027.aac
OK    /Volumes/Samsung 990-2/100 Hours/Garments/MTL-BPT00311-033.aac -> gs://100hr-data/Garments/IMU/MTL-BPT00311-033.aac
OK    /Volumes/Samsung 990-2/100 Hours/Garments/MTL-BPT00311-100.mp4 -> gs://100hr-data/Garments/Videos/MTL-BPT00311-100.mp4
OK    /Volumes/Samsung 990-2/100 Hours/Garments/MTL-BPT00301-027.aac -> gs://100hr-data/Garments/IMU/MTL-BPT00301-027.aac
OK    /Volumes/Samsung 990-2/100 Hours/Garments/MTL-BPT00302-083.txt -> gs://100hr-data/Garments/IMU/MTL-BPT00302-083.txt
OK    /Volumes/Samsung 990-2/100 Hours/Garments/MTL-BPT00302-097.txt -> gs://100hr-data/Garments/IMU/MTL-BPT00302-097.txt
OK    /Volumes/Samsung 990-2/100 Hours/Garments/MTL-BPT00302-028.mp4 -> gs://100hr-data/Garments/Videos/MTL-BPT00302-028.mp4
OK    /Volumes/Samsung 990-2/100 Hours/Garments/MTL-BPT00302-133.aac -> gs://100hr-data/Garments/IMU/MTL-BPT00302-133.aac
OK    /Volumes/Samsung 990-2/100 Hours/Garments/MTL-BPT00302-014.mp4 -> gs://100hr-data/Garments/Videos/MTL-BPT00302-014.mp4
OK    /Volumes/Samsung 990-2/100 Hours/Garments/MTL-BPT00302-127.aac -> gs://100hr-data/Garments/IMU/MTL-BPT00302-127.aac
OK    /Volumes/Samsung 990-2/100 Hours/Garments/MTL-BPT00306-100.txt -> gs://100hr-data/Garments/IMU/MTL-BPT00306-100.txt
OK    /Volumes/Samsung 990-2/100 Hours/Garments/MTL-BPT00306-114.txt -> gs://100hr-data/Garments/IMU/MTL-BPT00306-114.txt
OK    /Volumes/Samsung 990-2/100 Hours/Garments/MTL-BPT00306-098.aac -> gs://100hr-data/Garments/IMU/MTL-BPT00306-098.aac
OK    /Volumes/Samsung 990-2/100 Hours/Garments/MTL-BPT00310-036.aac -> gs://100hr-data/Garments/IMU/MTL-BPT00310-036.aac
OK    /Volumes/Samsung 990-2/100 Hours/Garments/MTL-BPT00325-053.txt -> gs://100hr-data/Garments/IMU/MTL-BPT00325-053.txt
OK    /Volumes/Samsung 990-2/100 Hours/Garments/MTL-BPT00308-077.mp4 -> gs://100hr-data/Garments/Videos/MTL-BPT00308-077.mp4
OK    /Volumes/Samsung 990-2/100 Hours/Garments/MTL-BPT00308-063.mp4 -> gs://100hr-data/Garments/Videos/MTL-BPT00308-063.mp4
OK    /Volumes/Samsung 990-2/100 Hours/Garments/MTL-BPT00325-047.txt -> gs://100hr-data/Garments/IMU/MTL-BPT00325-047.txt
OK    /Volumes/Samsung 990-2/100 Hours/Garments/MTL-BPT00310-022.aac -> gs://100hr-data/Garments/IMU/MTL-BPT00310-022.aac
OK    /Volumes/Samsung 990-2/100 Hours/Garments/MTL-BPT00325-013.mp4 -> gs://100hr-data/Garments/Videos/MTL-BPT00325-013.mp4
OK    /Volumes/Samsung 990-2/100 Hours/Garments/MTL-BPT00325-120.aac -> gs://100hr-data/Garments/IMU/MTL-BPT00325-120.aac
OK    /Volumes/Samsung 990-2/100 Hours/Garments/MTL-BPT00308-088.mp4 -> gs://100hr-data/Garments/Videos/MTL-BPT00308-088.mp4
OK    /Volumes/Samsung 990-2/100 Hours/Garments/MTL-BPT00308-037.txt -> gs://100hr-data/Garments/IMU/MTL-BPT00308-037.txt
OK    /Volumes/Samsung 990-2/100 Hours/Garments/MTL-BPT00308-023.txt -> gs://100hr-data/Garments/IMU/MTL-BPT00308-023.txt
OK    /Volumes/Samsung 990-2/100 Hours/Garments/MTL-BPT00306-073.aac -> gs://100hr-data/Garments/IMU/MTL-BPT00306-073.aac
OK    /Volumes/Samsung 990-2/100 Hours/Garments/MTL-BPT00325-090.txt -> gs://100hr-data/Garments/IMU/MTL-BPT00325-090.txt
OK    /Volumes/Samsung 990-2/100 Hours/Garments/MTL-BPT00306-067.aac -> gs://100hr-data/Garments/IMU/MTL-BPT00306-067.aac
OK    /Volumes/Samsung 990-2/100 Hours/Garments/MTL-BPT00325-084.txt -> gs://100hr-data/Garments/IMU/MTL-BPT00325-084.txt
OK    /Volumes/Samsung 990-2/100 Hours/Garments/MTL-BPT00325-108.aac -> gs://100hr-data/Garments/IMU/MTL-BPT00325-108.aac
OK    /Volumes/Samsung 990-2/100 Hours/Garments/MTL-BPT00306-074.txt -> gs://100hr-data/Garments/IMU/MTL-BPT00306-074.txt
OK    /Volumes/Samsung 990-2/100 Hours/Garments/MTL-BPT00325-097.aac -> gs://100hr-data/Garments/IMU/MTL-BPT00325-097.aac
OK    /Volumes/Samsung 990-2/100 Hours/Garments/MTL-BPT00308-018.aac -> gs://100hr-data/Garments/IMU/MTL-BPT00308-018.aac
OK    /Volumes/Samsung 990-2/100 Hours/Garments/MTL-BPT00306-060.txt -> gs://100hr-data/Garments/IMU/MTL-BPT00306-060.txt
OK    /Volumes/Samsung 990-2/100 Hours/Garments/MTL-BPT00325-083.aac -> gs://100hr-data/Garments/IMU/MTL-BPT00325-083.aac
OK    /Volumes/Samsung 990-2/100 Hours/Garments/MTL-BPT00325-127.txt -> gs://100hr-data/Garments/IMU/MTL-BPT00325-127.txt
OK    /Volumes/Samsung 990-2/100 Hours/Garments/MTL-BPT00306-048.txt -> gs://100hr-data/Garments/IMU/MTL-BPT00306-048.txt
OK    /Volumes/Samsung 990-2/100 Hours/Garments/MTL-BPT00310-071.mp4 -> gs://100hr-data/Garments/Videos/MTL-BPT00310-071.mp4
OK    /Volumes/Samsung 990-2/100 Hours/Garments/MTL-BPT00308-030.aac -> gs://100hr-data/Garments/IMU/MTL-BPT00308-030.aac
OK    /Volumes/Samsung 990-2/100 Hours/Garments/MTL-BPT00308-024.aac -> gs://100hr-data/Garments/IMU/MTL-BPT00308-024.aac
OK    /Volumes/Samsung 990-2/100 Hours/Garments/MTL-BPT00325-133.txt -> gs://100hr-data/Garments/IMU/MTL-BPT00325-133.txt
OK    /Volumes/Samsung 990-2/100 Hours/Garments/MTL-BPT00310-031.txt -> gs://100hr-data/Garments/IMU/MTL-BPT00310-031.txt
OK    /Volumes/Samsung 990-2/100 Hours/Garments/MTL-BPT00306-008.mp4 -> gs://100hr-data/Garments/Videos/MTL-BPT00306-008.mp4
OK    /Volumes/Samsung 990-2/100 Hours/Garments/MTL-BPT00325-054.aac -> gs://100hr-data/Garments/IMU/MTL-BPT00325-054.aac
OK    /Volumes/Samsung 990-2/100 Hours/Garments/MTL-BPT00325-040.aac -> gs://100hr-data/Garments/IMU/MTL-BPT00325-040.aac
OK    /Volumes/Samsung 990-2/100 Hours/Garments/MTL-BPT00310-025.txt -> gs://100hr-data/Garments/IMU/MTL-BPT00310-025.txt
OK    /Volumes/Samsung 990-2/100 Hours/Garments/MTL-BPT00325-068.aac -> gs://100hr-data/Garments/IMU/MTL-BPT00325-068.aac
OK    /Volumes/Samsung 990-2/100 Hours/Garments/MTL-BPT00306-107.aac -> gs://100hr-data/Garments/IMU/MTL-BPT00306-107.aac
OK    /Volumes/Samsung 990-2/100 Hours/Garments/MTL-BPT00306-034.mp4 -> gs://100hr-data/Garments/Videos/MTL-BPT00306-034.mp4
OK    /Volumes/Samsung 990-2/100 Hours/Garments/MTL-BPT00310-019.txt -> gs://100hr-data/Garments/IMU/MTL-BPT00310-019.txt
OK    /Volumes/Samsung 990-2/100 Hours/Garments/MTL-BPT00306-020.mp4 -> gs://100hr-data/Garments/Videos/MTL-BPT00306-020.mp4
OK    /Volumes/Samsung 990-2/100 Hours/Garments/MTL-BPT00306-113.aac -> gs://100hr-data/Garments/IMU/MTL-BPT00306-113.aac
OK    /Volumes/Samsung 990-2/100 Hours/Garments/MTL-BPT00302-134.txt -> gs://100hr-data/Garments/IMU/MTL-BPT00302-134.txt
OK    /Volumes/Samsung 990-2/100 Hours/Garments/MTL-BPT00301-048.mp4 -> gs://100hr-data/Garments/Videos/MTL-BPT00301-048.mp4
OK    /Volumes/Samsung 990-2/100 Hours/Garments/MTL-BPT00311-048.mp4 -> gs://100hr-data/Garments/Videos/MTL-BPT00311-048.mp4
OK    /Volumes/Samsung 990-2/100 Hours/Garments/MTL-BPT00302-120.txt -> gs://100hr-data/Garments/IMU/MTL-BPT00302-120.txt
OK    /Volumes/Samsung 990-2/100 Hours/Garments/MTL-BPT00302-108.txt -> gs://100hr-data/Garments/IMU/MTL-BPT00302-108.txt
OK    /Volumes/Samsung 990-2/100 Hours/Garments/MTL-BPT00302-084.aac -> gs://100hr-data/Garments/IMU/MTL-BPT00302-084.aac
OK    /Volumes/Samsung 990-2/100 Hours/Garments/MTL-BPT00311-060.mp4 -> gs://100hr-data/Garments/Videos/MTL-BPT00311-060.mp4
OK    /Volumes/Samsung 990-2/100 Hours/Garments/MTL-BPT00311-074.mp4 -> gs://100hr-data/Garments/Videos/MTL-BPT00311-074.mp4
OK    /Volumes/Samsung 990-2/100 Hours/Garments/MTL-BPT00302-090.aac -> gs://100hr-data/Garments/IMU/MTL-BPT00302-090.aac
OK    /Volumes/Samsung 990-2/100 Hours/Garments/MTL-BPT00301-060.mp4 -> gs://100hr-data/Garments/Videos/MTL-BPT00301-060.mp4
OK    /Volumes/Samsung 990-2/100 Hours/Garments/MTL-BPT00301-034.txt -> gs://100hr-data/Garments/IMU/MTL-BPT00301-034.txt
OK    /Volumes/Samsung 990-2/100 Hours/Garments/MTL-BPT00311-020.txt -> gs://100hr-data/Garments/IMU/MTL-BPT00311-020.txt
OK    /Volumes/Samsung 990-2/100 Hours/Garments/MTL-BPT00311-034.txt -> gs://100hr-data/Garments/IMU/MTL-BPT00311-034.txt
OK    /Volumes/Samsung 990-2/100 Hours/Garments/MTL-BPT00301-020.txt -> gs://100hr-data/Garments/IMU/MTL-BPT00301-020.txt
OK    /Volumes/Samsung 990-2/100 Hours/Garments/MTL-BPT00302-047.aac -> gs://100hr-data/Garments/IMU/MTL-BPT00302-047.aac
OK    /Volumes/Samsung 990-2/100 Hours/Garments/MTL-BPT00301-008.txt -> gs://100hr-data/Garments/IMU/MTL-BPT00301-008.txt
OK    /Volumes/Samsung 990-2/100 Hours/Garments/MTL-BPT00311-008.txt -> gs://100hr-data/Garments/IMU/MTL-BPT00311-008.txt
OK    /Volumes/Samsung 990-2/100 Hours/Garments/MTL-BPT00302-053.aac -> gs://100hr-data/Garments/IMU/MTL-BPT00302-053.aac
OK    /Volumes/Samsung 990-2/100 Hours/Garments/MTL-BPT00302-045.aac -> gs://100hr-data/Garments/IMU/MTL-BPT00302-045.aac
OK    /Volumes/Samsung 990-2/100 Hours/Garments/MTL-BPT00302-051.aac -> gs://100hr-data/Garments/IMU/MTL-BPT00302-051.aac
OK    /Volumes/Samsung 990-2/100 Hours/Garments/MTL-BPT00311-022.txt -> gs://100hr-data/Garments/IMU/MTL-BPT00311-022.txt
OK    /Volumes/Samsung 990-2/100 Hours/Garments/MTL-BPT00301-036.txt -> gs://100hr-data/Garments/IMU/MTL-BPT00301-036.txt
OK    /Volumes/Samsung 990-2/100 Hours/Garments/MTL-BPT00302-079.aac -> gs://100hr-data/Garments/IMU/MTL-BPT00302-079.aac
OK    /Volumes/Samsung 990-2/100 Hours/Garments/MTL-BPT00301-022.txt -> gs://100hr-data/Garments/IMU/MTL-BPT00301-022.txt
OK    /Volumes/Samsung 990-2/100 Hours/Garments/MTL-BPT00311-089.mp4 -> gs://100hr-data/Garments/Videos/MTL-BPT00311-089.mp4
OK    /Volumes/Samsung 990-2/100 Hours/Garments/MTL-BPT00311-036.txt -> gs://100hr-data/Garments/IMU/MTL-BPT00311-036.txt
OK    /Volumes/Samsung 990-2/100 Hours/Garments/MTL-BPT00311-062.mp4 -> gs://100hr-data/Garments/Videos/MTL-BPT00311-062.mp4
OK    /Volumes/Samsung 990-2/100 Hours/Garments/MTL-BPT00302-086.aac -> gs://100hr-data/Garments/IMU/MTL-BPT00302-086.aac
OK    /Volumes/Samsung 990-2/100 Hours/Garments/MTL-BPT00301-062.mp4 -> gs://100hr-data/Garments/Videos/MTL-BPT00301-062.mp4
OK    /Volumes/Samsung 990-2/100 Hours/Garments/MTL-BPT00302-092.aac -> gs://100hr-data/Garments/IMU/MTL-BPT00302-092.aac
OK    /Volumes/Samsung 990-2/100 Hours/Garments/MTL-BPT00311-076.mp4 -> gs://100hr-data/Garments/Videos/MTL-BPT00311-076.mp4
OK    /Volumes/Samsung 990-2/100 Hours/Garments/MTL-BPT00302-136.txt -> gs://100hr-data/Garments/IMU/MTL-BPT00302-136.txt
OK    /Volumes/Samsung 990-2/100 Hours/Garments/MTL-BPT00302-122.txt -> gs://100hr-data/Garments/IMU/MTL-BPT00302-122.txt
OK    /Volumes/Samsung 990-2/100 Hours/Garments/MTL-BPT00306-036.mp4 -> gs://100hr-data/Garments/Videos/MTL-BPT00306-036.mp4
OK    /Volumes/Samsung 990-2/100 Hours/Garments/MTL-BPT00306-105.aac -> gs://100hr-data/Garments/IMU/MTL-BPT00306-105.aac
OK    /Volumes/Samsung 990-2/100 Hours/Garments/MTL-BPT00306-089.txt -> gs://100hr-data/Garments/IMU/MTL-BPT00306-089.txt
OK    /Volumes/Samsung 990-2/100 Hours/Garments/MTL-BPT00306-111.aac -> gs://100hr-data/Garments/IMU/MTL-BPT00306-111.aac
OK    /Volumes/Samsung 990-2/100 Hours/Garments/MTL-BPT00306-022.mp4 -> gs://100hr-data/Garments/Videos/MTL-BPT00306-022.mp4
OK    /Volumes/Samsung 990-2/100 Hours/Garments/MTL-BPT00325-056.aac -> gs://100hr-data/Garments/IMU/MTL-BPT00325-056.aac
OK    /Volumes/Samsung 990-2/100 Hours/Garments/MTL-BPT00310-033.txt -> gs://100hr-data/Garments/IMU/MTL-BPT00310-033.txt
OK    /Volumes/Samsung 990-2/100 Hours/Garments/MTL-BPT00310-027.txt -> gs://100hr-data/Garments/IMU/MTL-BPT00310-027.txt
OK    /Volumes/Samsung 990-2/100 Hours/Garments/MTL-BPT00325-042.aac -> gs://100hr-data/Garments/IMU/MTL-BPT00325-042.aac
OK    /Volumes/Samsung 990-2/100 Hours/Garments/MTL-BPT00308-032.aac -> gs://100hr-data/Garments/IMU/MTL-BPT00308-032.aac
OK    /Volumes/Samsung 990-2/100 Hours/Garments/MTL-BPT00310-073.mp4 -> gs://100hr-data/Garments/Videos/MTL-BPT00310-073.mp4
OK    /Volumes/Samsung 990-2/100 Hours/Garments/MTL-BPT00325-125.txt -> gs://100hr-data/Garments/IMU/MTL-BPT00325-125.txt
OK    /Volumes/Samsung 990-2/100 Hours/Garments/MTL-BPT00325-131.txt -> gs://100hr-data/Garments/IMU/MTL-BPT00325-131.txt
OK    /Volumes/Samsung 990-2/100 Hours/Garments/MTL-BPT00308-026.aac -> gs://100hr-data/Garments/IMU/MTL-BPT00308-026.aac
OK    /Volumes/Samsung 990-2/100 Hours/Garments/MTL-BPT00306-076.txt -> gs://100hr-data/Garments/IMU/MTL-BPT00306-076.txt
OK    /Volumes/Samsung 990-2/100 Hours/Garments/MTL-BPT00325-095.aac -> gs://100hr-data/Garments/IMU/MTL-BPT00325-095.aac
OK    /Volumes/Samsung 990-2/100 Hours/Garments/MTL-BPT00325-119.txt -> gs://100hr-data/Garments/IMU/MTL-BPT00325-119.txt
OK    /Volumes/Samsung 990-2/100 Hours/Garments/MTL-BPT00306-062.txt -> gs://100hr-data/Garments/IMU/MTL-BPT00306-062.txt
OK    /Volumes/Samsung 990-2/100 Hours/Garments/MTL-BPT00325-081.aac -> gs://100hr-data/Garments/IMU/MTL-BPT00325-081.aac
OK    /Volumes/Samsung 990-2/100 Hours/Garments/MTL-BPT00308-009.txt -> gs://100hr-data/Garments/IMU/MTL-BPT00308-009.txt
OK    /Volumes/Samsung 990-2/100 Hours/Garments/MTL-BPT00306-071.aac -> gs://100hr-data/Garments/IMU/MTL-BPT00306-071.aac
OK    /Volumes/Samsung 990-2/100 Hours/Garments/MTL-BPT00325-092.txt -> gs://100hr-data/Garments/IMU/MTL-BPT00325-092.txt
OK    /Volumes/Samsung 990-2/100 Hours/Garments/MTL-BPT00306-065.aac -> gs://100hr-data/Garments/IMU/MTL-BPT00306-065.aac
OK    /Volumes/Samsung 990-2/100 Hours/Garments/MTL-BPT00325-086.txt -> gs://100hr-data/Garments/IMU/MTL-BPT00325-086.txt
OK    /Volumes/Samsung 990-2/100 Hours/Garments/MTL-BPT00325-039.mp4 -> gs://100hr-data/Garments/Videos/MTL-BPT00325-039.mp4
OK    /Volumes/Samsung 990-2/100 Hours/Garments/MTL-BPT00308-035.txt -> gs://100hr-data/Garments/IMU/MTL-BPT00308-035.txt
OK    /Volumes/Samsung 990-2/100 Hours/Garments/MTL-BPT00325-122.aac -> gs://100hr-data/Garments/IMU/MTL-BPT00325-122.aac
OK    /Volumes/Samsung 990-2/100 Hours/Garments/MTL-BPT00325-011.mp4 -> gs://100hr-data/Garments/Videos/MTL-BPT00325-011.mp4
OK    /Volumes/Samsung 990-2/100 Hours/Garments/MTL-BPT00306-059.aac -> gs://100hr-data/Garments/IMU/MTL-BPT00306-059.aac
OK    /Volumes/Samsung 990-2/100 Hours/Garments/MTL-BPT00308-021.txt -> gs://100hr-data/Garments/IMU/MTL-BPT00308-021.txt
OK    /Volumes/Samsung 990-2/100 Hours/Garments/MTL-BPT00308-075.mp4 -> gs://100hr-data/Garments/Videos/MTL-BPT00308-075.mp4
OK    /Volumes/Samsung 990-2/100 Hours/Garments/MTL-BPT00325-051.txt -> gs://100hr-data/Garments/IMU/MTL-BPT00325-051.txt
OK    /Volumes/Samsung 990-2/100 Hours/Garments/MTL-BPT00310-034.aac -> gs://100hr-data/Garments/IMU/MTL-BPT00310-034.aac
OK    /Volumes/Samsung 990-2/100 Hours/Garments/MTL-BPT00310-020.aac -> gs://100hr-data/Garments/IMU/MTL-BPT00310-020.aac
OK    /Volumes/Samsung 990-2/100 Hours/Garments/MTL-BPT00325-045.txt -> gs://100hr-data/Garments/IMU/MTL-BPT00325-045.txt
OK    /Volumes/Samsung 990-2/100 Hours/Garments/MTL-BPT00308-061.mp4 -> gs://100hr-data/Garments/Videos/MTL-BPT00308-061.mp4
OK    /Volumes/Samsung 990-2/100 Hours/Garments/MTL-BPT00308-049.mp4 -> gs://100hr-data/Garments/Videos/MTL-BPT00308-049.mp4
OK    /Volumes/Samsung 990-2/100 Hours/Garments/MTL-BPT00310-008.aac -> gs://100hr-data/Garments/IMU/MTL-BPT00310-008.aac
OK    /Volumes/Samsung 990-2/100 Hours/Garments/MTL-BPT00306-102.txt -> gs://100hr-data/Garments/IMU/MTL-BPT00306-102.txt
OK    /Volumes/Samsung 990-2/100 Hours/Garments/MTL-BPT00325-079.txt -> gs://100hr-data/Garments/IMU/MTL-BPT00325-079.txt
OK    /Volumes/Samsung 990-2/100 Hours/Garments/MTL-BPT00302-131.aac -> gs://100hr-data/Garments/IMU/MTL-BPT00302-131.aac
OK    /Volumes/Samsung 990-2/100 Hours/Garments/MTL-BPT00302-125.aac -> gs://100hr-data/Garments/IMU/MTL-BPT00302-125.aac
OK    /Volumes/Samsung 990-2/100 Hours/Garments/MTL-BPT00302-016.mp4 -> gs://100hr-data/Garments/Videos/MTL-BPT00302-016.mp4
OK    /Volumes/Samsung 990-2/100 Hours/Garments/MTL-BPT00302-081.txt -> gs://100hr-data/Garments/IMU/MTL-BPT00302-081.txt
OK    /Volumes/Samsung 990-2/100 Hours/Garments/MTL-BPT00302-119.aac -> gs://100hr-data/Garments/IMU/MTL-BPT00302-119.aac
OK    /Volumes/Samsung 990-2/100 Hours/Garments/MTL-BPT00302-095.txt -> gs://100hr-data/Garments/IMU/MTL-BPT00302-095.txt
OK    /Volumes/Samsung 990-2/100 Hours/Garments/MTL-BPT00311-025.aac -> gs://100hr-data/Garments/IMU/MTL-BPT00311-025.aac
OK    /Volumes/Samsung 990-2/100 Hours/Garments/MTL-BPT00311-116.mp4 -> gs://100hr-data/Garments/Videos/MTL-BPT00311-116.mp4
OK    /Volumes/Samsung 990-2/100 Hours/Garments/MTL-BPT00301-031.aac -> gs://100hr-data/Garments/IMU/MTL-BPT00301-031.aac
OK    /Volumes/Samsung 990-2/100 Hours/Garments/MTL-BPT00301-025.aac -> gs://100hr-data/Garments/IMU/MTL-BPT00301-025.aac
OK    /Volumes/Samsung 990-2/100 Hours/Garments/MTL-BPT00311-102.mp4 -> gs://100hr-data/Garments/Videos/MTL-BPT00311-102.mp4
OK    /Volumes/Samsung 990-2/100 Hours/Garments/MTL-BPT00311-031.aac -> gs://100hr-data/Garments/IMU/MTL-BPT00311-031.aac
OK    /Volumes/Samsung 990-2/100 Hours/Garments/MTL-BPT00311-019.aac -> gs://100hr-data/Garments/IMU/MTL-BPT00311-019.aac
OK    /Volumes/Samsung 990-2/100 Hours/Garments/MTL-BPT00302-042.txt -> gs://100hr-data/Garments/IMU/MTL-BPT00302-042.txt
OK    /Volumes/Samsung 990-2/100 Hours/Garments/MTL-BPT00302-056.txt -> gs://100hr-data/Garments/IMU/MTL-BPT00302-056.txt
OK    /Volumes/Samsung 990-2/100 Hours/Garments/MTL-BPT00301-019.aac -> gs://100hr-data/Garments/IMU/MTL-BPT00301-019.aac
OK    /Volumes/Samsung 990-2/100 Hours/Garments/MTL-BPT00301-018.aac -> gs://100hr-data/Garments/IMU/MTL-BPT00301-018.aac
OK    /Volumes/Samsung 990-2/100 Hours/Garments/MTL-BPT00302-057.txt -> gs://100hr-data/Garments/IMU/MTL-BPT00302-057.txt
OK    /Volumes/Samsung 990-2/100 Hours/Garments/MTL-BPT00311-018.aac -> gs://100hr-data/Garments/IMU/MTL-BPT00311-018.aac
OK    /Volumes/Samsung 990-2/100 Hours/Garments/MTL-BPT00302-043.txt -> gs://100hr-data/Garments/IMU/MTL-BPT00302-043.txt
OK    /Volumes/Samsung 990-2/100 Hours/Garments/MTL-BPT00301-024.aac -> gs://100hr-data/Garments/IMU/MTL-BPT00301-024.aac
OK    /Volumes/Samsung 990-2/100 Hours/Garments/MTL-BPT00311-030.aac -> gs://100hr-data/Garments/IMU/MTL-BPT00311-030.aac
OK    /Volumes/Samsung 990-2/100 Hours/Garments/MTL-BPT00311-103.mp4 -> gs://100hr-data/Garments/Videos/MTL-BPT00311-103.mp4
OK    /Volumes/Samsung 990-2/100 Hours/Garments/MTL-BPT00311-117.mp4 -> gs://100hr-data/Garments/Videos/MTL-BPT00311-117.mp4
OK    /Volumes/Samsung 990-2/100 Hours/Garments/MTL-BPT00311-024.aac -> gs://100hr-data/Garments/IMU/MTL-BPT00311-024.aac
OK    /Volumes/Samsung 990-2/100 Hours/Garments/MTL-BPT00301-030.aac -> gs://100hr-data/Garments/IMU/MTL-BPT00301-030.aac
OK    /Volumes/Samsung 990-2/100 Hours/Garments/MTL-BPT00302-094.txt -> gs://100hr-data/Garments/IMU/MTL-BPT00302-094.txt
OK    /Volumes/Samsung 990-2/100 Hours/Garments/MTL-BPT00302-118.aac -> gs://100hr-data/Garments/IMU/MTL-BPT00302-118.aac
OK    /Volumes/Samsung 990-2/100 Hours/Garments/MTL-BPT00302-080.txt -> gs://100hr-data/Garments/IMU/MTL-BPT00302-080.txt
OK    /Volumes/Samsung 990-2/100 Hours/Garments/MTL-BPT00302-017.mp4 -> gs://100hr-data/Garments/Videos/MTL-BPT00302-017.mp4
OK    /Volumes/Samsung 990-2/100 Hours/Garments/MTL-BPT00302-124.aac -> gs://100hr-data/Garments/IMU/MTL-BPT00302-124.aac
OK    /Volumes/Samsung 990-2/100 Hours/Garments/MTL-BPT00302-130.aac -> gs://100hr-data/Garments/IMU/MTL-BPT00302-130.aac
OK    /Volumes/Samsung 990-2/100 Hours/Garments/MTL-BPT00302-003.mp4 -> gs://100hr-data/Garments/Videos/MTL-BPT00302-003.mp4
OK    /Volumes/Samsung 990-2/100 Hours/Garments/MTL-BPT00306-117.txt -> gs://100hr-data/Garments/IMU/MTL-BPT00306-117.txt
OK    /Volumes/Samsung 990-2/100 Hours/Garments/MTL-BPT00325-078.txt -> gs://100hr-data/Garments/IMU/MTL-BPT00325-078.txt
OK    /Volumes/Samsung 990-2/100 Hours/Garments/MTL-BPT00308-048.mp4 -> gs://100hr-data/Garments/Videos/MTL-BPT00308-048.mp4
OK    /Volumes/Samsung 990-2/100 Hours/Garments/MTL-BPT00306-103.txt -> gs://100hr-data/Garments/IMU/MTL-BPT00306-103.txt
OK    /Volumes/Samsung 990-2/100 Hours/Garments/MTL-BPT00310-009.aac -> gs://100hr-data/Garments/IMU/MTL-BPT00310-009.aac
OK    /Volumes/Samsung 990-2/100 Hours/Garments/MTL-BPT00325-044.txt -> gs://100hr-data/Garments/IMU/MTL-BPT00325-044.txt
OK    /Volumes/Samsung 990-2/100 Hours/Garments/MTL-BPT00310-021.aac -> gs://100hr-data/Garments/IMU/MTL-BPT00310-021.aac
OK    /Volumes/Samsung 990-2/100 Hours/Garments/MTL-BPT00308-060.mp4 -> gs://100hr-data/Garments/Videos/MTL-BPT00308-060.mp4
OK    /Volumes/Samsung 990-2/100 Hours/Garments/MTL-BPT00308-074.mp4 -> gs://100hr-data/Garments/Videos/MTL-BPT00308-074.mp4
OK    /Volumes/Samsung 990-2/100 Hours/Garments/MTL-BPT00310-035.aac -> gs://100hr-data/Garments/IMU/MTL-BPT00310-035.aac
OK    /Volumes/Samsung 990-2/100 Hours/Garments/MTL-BPT00325-050.txt -> gs://100hr-data/Garments/IMU/MTL-BPT00325-050.txt
OK    /Volumes/Samsung 990-2/100 Hours/Garments/MTL-BPT00306-058.aac -> gs://100hr-data/Garments/IMU/MTL-BPT00306-058.aac
OK    /Volumes/Samsung 990-2/100 Hours/Garments/MTL-BPT00308-020.txt -> gs://100hr-data/Garments/IMU/MTL-BPT00308-020.txt
OK    /Volumes/Samsung 990-2/100 Hours/Garments/MTL-BPT00308-034.txt -> gs://100hr-data/Garments/IMU/MTL-BPT00308-034.txt
OK    /Volumes/Samsung 990-2/100 Hours/Garments/MTL-BPT00325-010.mp4 -> gs://100hr-data/Garments/Videos/MTL-BPT00325-010.mp4
OK    /Volumes/Samsung 990-2/100 Hours/Garments/MTL-BPT00325-123.aac -> gs://100hr-data/Garments/IMU/MTL-BPT00325-123.aac
OK    /Volumes/Samsung 990-2/100 Hours/Garments/MTL-BPT00325-038.mp4 -> gs://100hr-data/Garments/Videos/MTL-BPT00325-038.mp4
OK    /Volumes/Samsung 990-2/100 Hours/Garments/MTL-BPT00325-087.txt -> gs://100hr-data/Garments/IMU/MTL-BPT00325-087.txt
OK    /Volumes/Samsung 990-2/100 Hours/Garments/MTL-BPT00306-064.aac -> gs://100hr-data/Garments/IMU/MTL-BPT00306-064.aac
OK    /Volumes/Samsung 990-2/100 Hours/Garments/MTL-BPT00308-008.txt -> gs://100hr-data/Garments/IMU/MTL-BPT00308-008.txt
OK    /Volumes/Samsung 990-2/100 Hours/Garments/MTL-BPT00325-093.txt -> gs://100hr-data/Garments/IMU/MTL-BPT00325-093.txt
OK    /Volumes/Samsung 990-2/100 Hours/Garments/MTL-BPT00306-070.aac -> gs://100hr-data/Garments/IMU/MTL-BPT00306-070.aac
OK    /Volumes/Samsung 990-2/100 Hours/Garments/MTL-BPT00325-080.aac -> gs://100hr-data/Garments/IMU/MTL-BPT00325-080.aac
OK    /Volumes/Samsung 990-2/100 Hours/Garments/MTL-BPT00306-063.txt -> gs://100hr-data/Garments/IMU/MTL-BPT00306-063.txt
OK    /Volumes/Samsung 990-2/100 Hours/Garments/MTL-BPT00325-118.txt -> gs://100hr-data/Garments/IMU/MTL-BPT00325-118.txt
OK    /Volumes/Samsung 990-2/100 Hours/Garments/MTL-BPT00325-094.aac -> gs://100hr-data/Garments/IMU/MTL-BPT00325-094.aac
OK    /Volumes/Samsung 990-2/100 Hours/Garments/MTL-BPT00306-077.txt -> gs://100hr-data/Garments/IMU/MTL-BPT00306-077.txt
OK    /Volumes/Samsung 990-2/100 Hours/Garments/MTL-BPT00325-130.txt -> gs://100hr-data/Garments/IMU/MTL-BPT00325-130.txt
OK    /Volumes/Samsung 990-2/100 Hours/Garments/MTL-BPT00308-027.aac -> gs://100hr-data/Garments/IMU/MTL-BPT00308-027.aac
OK    /Volumes/Samsung 990-2/100 Hours/Garments/MTL-BPT00308-033.aac -> gs://100hr-data/Garments/IMU/MTL-BPT00308-033.aac
OK    /Volumes/Samsung 990-2/100 Hours/Garments/MTL-BPT00325-124.txt -> gs://100hr-data/Garments/IMU/MTL-BPT00325-124.txt
OK    /Volumes/Samsung 990-2/100 Hours/Garments/MTL-BPT00310-072.mp4 -> gs://100hr-data/Garments/Videos/MTL-BPT00310-072.mp4
OK    /Volumes/Samsung 990-2/100 Hours/Garments/MTL-BPT00325-043.aac -> gs://100hr-data/Garments/IMU/MTL-BPT00325-043.aac
OK    /Volumes/Samsung 990-2/100 Hours/Garments/MTL-BPT00310-026.txt -> gs://100hr-data/Garments/IMU/MTL-BPT00310-026.txt
OK    /Volumes/Samsung 990-2/100 Hours/Garments/MTL-BPT00310-032.txt -> gs://100hr-data/Garments/IMU/MTL-BPT00310-032.txt
OK    /Volumes/Samsung 990-2/100 Hours/Garments/MTL-BPT00325-057.aac -> gs://100hr-data/Garments/IMU/MTL-BPT00325-057.aac
OK    /Volumes/Samsung 990-2/100 Hours/Garments/MTL-BPT00306-023.mp4 -> gs://100hr-data/Garments/Videos/MTL-BPT00306-023.mp4
OK    /Volumes/Samsung 990-2/100 Hours/Garments/MTL-BPT00306-110.aac -> gs://100hr-data/Garments/IMU/MTL-BPT00306-110.aac
OK    /Volumes/Samsung 990-2/100 Hours/Garments/MTL-BPT00306-088.txt -> gs://100hr-data/Garments/IMU/MTL-BPT00306-088.txt
OK    /Volumes/Samsung 990-2/100 Hours/Garments/MTL-BPT00306-104.aac -> gs://100hr-data/Garments/IMU/MTL-BPT00306-104.aac
OK    /Volumes/Samsung 990-2/100 Hours/Garments/MTL-BPT00306-037.mp4 -> gs://100hr-data/Garments/Videos/MTL-BPT00306-037.mp4
OK    /Volumes/Samsung 990-2/100 Hours/Garments/MTL-BPT00302-123.txt -> gs://100hr-data/Garments/IMU/MTL-BPT00302-123.txt
OK    /Volumes/Samsung 990-2/100 Hours/Garments/MTL-BPT00302-137.txt -> gs://100hr-data/Garments/IMU/MTL-BPT00302-137.txt
OK    /Volumes/Samsung 990-2/100 Hours/Garments/MTL-BPT00302-093.aac -> gs://100hr-data/Garments/IMU/MTL-BPT00302-093.aac
OK    /Volumes/Samsung 990-2/100 Hours/Garments/MTL-BPT00301-063.mp4 -> gs://100hr-data/Garments/Videos/MTL-BPT00301-063.mp4
OK    /Volumes/Samsung 990-2/100 Hours/Garments/MTL-BPT00311-077.mp4 -> gs://100hr-data/Garments/Videos/MTL-BPT00311-077.mp4
OK    /Volumes/Samsung 990-2/100 Hours/Garments/MTL-BPT00311-063.mp4 -> gs://100hr-data/Garments/Videos/MTL-BPT00311-063.mp4
OK    /Volumes/Samsung 990-2/100 Hours/Garments/MTL-BPT00302-087.aac -> gs://100hr-data/Garments/IMU/MTL-BPT00302-087.aac
OK    /Volumes/Samsung 990-2/100 Hours/Garments/MTL-BPT00301-023.txt -> gs://100hr-data/Garments/IMU/MTL-BPT00301-023.txt
OK    /Volumes/Samsung 990-2/100 Hours/Garments/MTL-BPT00311-037.txt -> gs://100hr-data/Garments/IMU/MTL-BPT00311-037.txt
OK    /Volumes/Samsung 990-2/100 Hours/Garments/MTL-BPT00311-088.mp4 -> gs://100hr-data/Garments/Videos/MTL-BPT00311-088.mp4
OK    /Volumes/Samsung 990-2/100 Hours/Garments/MTL-BPT00311-023.txt -> gs://100hr-data/Garments/IMU/MTL-BPT00311-023.txt
OK    /Volumes/Samsung 990-2/100 Hours/Garments/MTL-BPT00302-078.aac -> gs://100hr-data/Garments/IMU/MTL-BPT00302-078.aac
OK    /Volumes/Samsung 990-2/100 Hours/Garments/MTL-BPT00301-037.txt -> gs://100hr-data/Garments/IMU/MTL-BPT00301-037.txt
OK    /Volumes/Samsung 990-2/100 Hours/Garments/MTL-BPT00302-050.aac -> gs://100hr-data/Garments/IMU/MTL-BPT00302-050.aac
OK    /Volumes/Samsung 990-2/100 Hours/Garments/MTL-BPT00302-044.aac -> gs://100hr-data/Garments/IMU/MTL-BPT00302-044.aac
OK    /Volumes/Samsung 990-2/100 Hours/Garments/MTL-BPT00301-012.txt -> gs://100hr-data/Garments/IMU/MTL-BPT00301-012.txt
OK    /Volumes/Samsung 990-2/100 Hours/Garments/MTL-BPT00311-006.txt -> gs://100hr-data/Garments/IMU/MTL-BPT00311-006.txt
OK    /Volumes/Samsung 990-2/100 Hours/Garments/MTL-BPT00311-012.txt -> gs://100hr-data/Garments/IMU/MTL-BPT00311-012.txt
OK    /Volumes/Samsung 990-2/100 Hours/Garments/MTL-BPT00301-006.txt -> gs://100hr-data/Garments/IMU/MTL-BPT00301-006.txt
OK    /Volumes/Samsung 990-2/100 Hours/Garments/MTL-BPT00302-049.aac -> gs://100hr-data/Garments/IMU/MTL-BPT00302-049.aac
OK    /Volumes/Samsung 990-2/100 Hours/Garments/MTL-BPT00302-061.aac -> gs://100hr-data/Garments/IMU/MTL-BPT00302-061.aac
OK    /Volumes/Samsung 990-2/100 Hours/Garments/MTL-BPT00311-085.mp4 -> gs://100hr-data/Garments/Videos/MTL-BPT00311-085.mp4
OK    /Volumes/Samsung 990-2/100 Hours/Garments/MTL-BPT00311-091.mp4 -> gs://100hr-data/Garments/Videos/MTL-BPT00311-091.mp4
OK    /Volumes/Samsung 990-2/100 Hours/Garments/MTL-BPT00302-146.mp4 -> gs://100hr-data/Garments/Videos/MTL-BPT00302-146.mp4
OK    /Volumes/Samsung 990-2/100 Hours/Garments/MTL-BPT00302-075.aac -> gs://100hr-data/Garments/IMU/MTL-BPT00302-075.aac
OK    /Volumes/Samsung 990-2/100 Hours/Garments/MTL-BPT00302-112.txt -> gs://100hr-data/Garments/IMU/MTL-BPT00302-112.txt
OK    /Volumes/Samsung 990-2/100 Hours/Garments/MTL-BPT00302-106.txt -> gs://100hr-data/Garments/IMU/MTL-BPT00302-106.txt
OK    /Volumes/Samsung 990-2/100 Hours/Garments/MTL-BPT00301-052.mp4 -> gs://100hr-data/Garments/Videos/MTL-BPT00301-052.mp4
OK    /Volumes/Samsung 990-2/100 Hours/Garments/MTL-BPT00311-046.mp4 -> gs://100hr-data/Garments/Videos/MTL-BPT00311-046.mp4
OK    /Volumes/Samsung 990-2/100 Hours/Garments/MTL-BPT00311-052.mp4 -> gs://100hr-data/Garments/Videos/MTL-BPT00311-052.mp4
OK    /Volumes/Samsung 990-2/100 Hours/Garments/MTL-BPT00301-046.mp4 -> gs://100hr-data/Garments/Videos/MTL-BPT00301-046.mp4
OK    /Volumes/Samsung 990-2/100 Hours/Garments/MTL-BPT00310-017.txt -> gs://100hr-data/Garments/IMU/MTL-BPT00310-017.txt
OK    /Volumes/Samsung 990-2/100 Hours/Garments/MTL-BPT00306-091.txt -> gs://100hr-data/Garments/IMU/MTL-BPT00306-091.txt
OK    /Volumes/Samsung 990-2/100 Hours/Garments/MTL-BPT00325-072.aac -> gs://100hr-data/Garments/IMU/MTL-BPT00325-072.aac
OK    /Volumes/Samsung 990-2/100 Hours/Garments/MTL-BPT00306-109.aac -> gs://100hr-data/Garments/IMU/MTL-BPT00306-109.aac
OK    /Volumes/Samsung 990-2/100 Hours/Garments/MTL-BPT00306-085.txt -> gs://100hr-data/Garments/IMU/MTL-BPT00306-085.txt
OK    /Volumes/Samsung 990-2/100 Hours/Garments/MTL-BPT00325-066.aac -> gs://100hr-data/Garments/IMU/MTL-BPT00325-066.aac
OK    /Volumes/Samsung 990-2/100 Hours/Garments/MTL-BPT00306-012.mp4 -> gs://100hr-data/Garments/Videos/MTL-BPT00306-012.mp4
OK    /Volumes/Samsung 990-2/100 Hours/Garments/MTL-BPT00306-052.txt -> gs://100hr-data/Garments/IMU/MTL-BPT00306-052.txt
OK    /Volumes/Samsung 990-2/100 Hours/Garments/MTL-BPT00306-046.txt -> gs://100hr-data/Garments/IMU/MTL-BPT00306-046.txt
OK    /Volumes/Samsung 990-2/100 Hours/Garments/MTL-BPT00325-129.txt -> gs://100hr-data/Garments/IMU/MTL-BPT00325-129.txt
OK    /Volumes/Samsung 990-2/100 Hours/Garments/MTL-BPT00325-101.txt -> gs://100hr-data/Garments/IMU/MTL-BPT00325-101.txt
OK    /Volumes/Samsung 990-2/100 Hours/Garments/MTL-BPT00308-016.aac -> gs://100hr-data/Garments/IMU/MTL-BPT00308-016.aac
OK    /Volumes/Samsung 990-2/100 Hours/Garments/MTL-BPT00325-099.aac -> gs://100hr-data/Garments/IMU/MTL-BPT00325-099.aac
OK    /Volumes/Samsung 990-2/100 Hours/Garments/MTL-BPT00310-043.mp4 -> gs://100hr-data/Garments/Videos/MTL-BPT00310-043.mp4
OK    /Volumes/Samsung 990-2/100 Hours/Garments/MTL-BPT00325-115.txt -> gs://100hr-data/Garments/IMU/MTL-BPT00325-115.txt
OK    /Volumes/Samsung 990-2/100 Hours/Garments/MTL-BPT00325-035.mp4 -> gs://100hr-data/Garments/Videos/MTL-BPT00325-035.mp4
OK    /Volumes/Samsung 990-2/100 Hours/Garments/MTL-BPT00325-106.aac -> gs://100hr-data/Garments/IMU/MTL-BPT00325-106.aac
OK    /Volumes/Samsung 990-2/100 Hours/Garments/MTL-BPT00306-069.aac -> gs://100hr-data/Garments/IMU/MTL-BPT00306-069.aac
OK    /Volumes/Samsung 990-2/100 Hours/Garments/MTL-BPT00308-011.txt -> gs://100hr-data/Garments/IMU/MTL-BPT00308-011.txt
OK    /Volumes/Samsung 990-2/100 Hours/Garments/MTL-BPT00308-005.txt -> gs://100hr-data/Garments/IMU/MTL-BPT00308-005.txt
OK    /Volumes/Samsung 990-2/100 Hours/Garments/MTL-BPT00325-112.aac -> gs://100hr-data/Garments/IMU/MTL-BPT00325-112.aac
OK    /Volumes/Samsung 990-2/100 Hours/Garments/MTL-BPT00325-021.mp4 -> gs://100hr-data/Garments/Videos/MTL-BPT00325-021.mp4
OK    /Volumes/Samsung 990-2/100 Hours/Garments/MTL-BPT00306-055.aac -> gs://100hr-data/Garments/IMU/MTL-BPT00306-055.aac
OK    /Volumes/Samsung 990-2/100 Hours/Garments/MTL-BPT00325-009.mp4 -> gs://100hr-data/Garments/Videos/MTL-BPT00325-009.mp4
OK    /Volumes/Samsung 990-2/100 Hours/Garments/MTL-BPT00308-086.mp4 -> gs://100hr-data/Garments/Videos/MTL-BPT00308-086.mp4
OK    /Volumes/Samsung 990-2/100 Hours/Garments/MTL-BPT00308-039.txt -> gs://100hr-data/Garments/IMU/MTL-BPT00308-039.txt
OK    /Volumes/Samsung 990-2/100 Hours/Garments/MTL-BPT00306-041.aac -> gs://100hr-data/Garments/IMU/MTL-BPT00306-041.aac
OK    /Volumes/Samsung 990-2/100 Hours/Garments/MTL-BPT00325-049.txt -> gs://100hr-data/Garments/IMU/MTL-BPT00325-049.txt
OK    /Volumes/Samsung 990-2/100 Hours/Garments/MTL-BPT00308-079.mp4 -> gs://100hr-data/Garments/Videos/MTL-BPT00308-079.mp4
OK    /Volumes/Samsung 990-2/100 Hours/Garments/MTL-BPT00310-038.aac -> gs://100hr-data/Garments/IMU/MTL-BPT00310-038.aac
OK    /Volumes/Samsung 990-2/100 Hours/Garments/MTL-BPT00310-010.aac -> gs://100hr-data/Garments/IMU/MTL-BPT00310-010.aac
OK    /Volumes/Samsung 990-2/100 Hours/Garments/MTL-BPT00306-096.aac -> gs://100hr-data/Garments/IMU/MTL-BPT00306-096.aac
OK    /Volumes/Samsung 990-2/100 Hours/Garments/MTL-BPT00325-075.txt -> gs://100hr-data/Garments/IMU/MTL-BPT00325-075.txt
OK    /Volumes/Samsung 990-2/100 Hours/Garments/MTL-BPT00308-051.mp4 -> gs://100hr-data/Garments/Videos/MTL-BPT00308-051.mp4
OK    /Volumes/Samsung 990-2/100 Hours/Garments/MTL-BPT00308-045.mp4 -> gs://100hr-data/Garments/Videos/MTL-BPT00308-045.mp4
OK    /Volumes/Samsung 990-2/100 Hours/Garments/MTL-BPT00306-082.aac -> gs://100hr-data/Garments/IMU/MTL-BPT00306-082.aac
OK    /Volumes/Samsung 990-2/100 Hours/Garments/MTL-BPT00325-061.txt -> gs://100hr-data/Garments/IMU/MTL-BPT00325-061.txt
OK    /Volumes/Samsung 990-2/100 Hours/Garments/MTL-BPT00302-129.aac -> gs://100hr-data/Garments/IMU/MTL-BPT00302-129.aac
OK    /Volumes/Samsung 990-2/100 Hours/Garments/MTL-BPT00302-115.aac -> gs://100hr-data/Garments/IMU/MTL-BPT00302-115.aac
OK    /Volumes/Samsung 990-2/100 Hours/Garments/MTL-BPT00302-099.txt -> gs://100hr-data/Garments/IMU/MTL-BPT00302-099.txt
OK    /Volumes/Samsung 990-2/100 Hours/Garments/MTL-BPT00302-026.mp4 -> gs://100hr-data/Garments/Videos/MTL-BPT00302-026.mp4
OK    /Volumes/Samsung 990-2/100 Hours/Garments/MTL-BPT00302-032.mp4 -> gs://100hr-data/Garments/Videos/MTL-BPT00302-032.mp4
OK    /Volumes/Samsung 990-2/100 Hours/Garments/MTL-BPT00302-101.aac -> gs://100hr-data/Garments/IMU/MTL-BPT00302-101.aac
OK    /Volumes/Samsung 990-2/100 Hours/Garments/MTL-BPT00301-029.aac -> gs://100hr-data/Garments/IMU/MTL-BPT00301-029.aac
OK    /Volumes/Samsung 990-2/100 Hours/Garments/MTL-BPT00311-029.aac -> gs://100hr-data/Garments/IMU/MTL-BPT00311-029.aac
OK    /Volumes/Samsung 990-2/100 Hours/Garments/MTL-BPT00301-015.aac -> gs://100hr-data/Garments/IMU/MTL-BPT00301-015.aac
OK    /Volumes/Samsung 990-2/100 Hours/Garments/MTL-BPT00311-132.mp4 -> gs://100hr-data/Garments/Videos/MTL-BPT00311-132.mp4
OK    /Volumes/Samsung 990-2/100 Hours/Garments/MTL-BPT00311-015.aac -> gs://100hr-data/Garments/IMU/MTL-BPT00311-015.aac
OK    /Volumes/Samsung 990-2/100 Hours/Garments/MTL-BPT00311-126.mp4 -> gs://100hr-data/Garments/Videos/MTL-BPT00311-126.mp4
OK    /Volumes/Samsung 990-2/100 Hours/Garments/MTL-BPT00311-127.mp4 -> gs://100hr-data/Garments/Videos/MTL-BPT00311-127.mp4
OK    /Volumes/Samsung 990-2/100 Hours/Garments/MTL-BPT00311-014.aac -> gs://100hr-data/Garments/IMU/MTL-BPT00311-014.aac
OK    /Volumes/Samsung 990-2/100 Hours/Garments/MTL-BPT00301-014.aac -> gs://100hr-data/Garments/IMU/MTL-BPT00301-014.aac
OK    /Volumes/Samsung 990-2/100 Hours/Garments/MTL-BPT00311-133.mp4 -> gs://100hr-data/Garments/Videos/MTL-BPT00311-133.mp4
OK    /Volumes/Samsung 990-2/100 Hours/Garments/MTL-BPT00311-028.aac -> gs://100hr-data/Garments/IMU/MTL-BPT00311-028.aac
OK    /Volumes/Samsung 990-2/100 Hours/Garments/MTL-BPT00302-073.txt -> gs://100hr-data/Garments/IMU/MTL-BPT00302-073.txt
OK    /Volumes/Samsung 990-2/100 Hours/Garments/MTL-BPT00301-028.aac -> gs://100hr-data/Garments/IMU/MTL-BPT00301-028.aac
OK    /Volumes/Samsung 990-2/100 Hours/Garments/MTL-BPT00302-100.aac -> gs://100hr-data/Garments/IMU/MTL-BPT00302-100.aac
OK    /Volumes/Samsung 990-2/100 Hours/Garments/MTL-BPT00302-033.mp4 -> gs://100hr-data/Garments/Videos/MTL-BPT00302-033.mp4
OK    /Volumes/Samsung 990-2/100 Hours/Garments/MTL-BPT00302-027.mp4 -> gs://100hr-data/Garments/Videos/MTL-BPT00302-027.mp4
OK    /Volumes/Samsung 990-2/100 Hours/Garments/MTL-BPT00302-098.txt -> gs://100hr-data/Garments/IMU/MTL-BPT00302-098.txt
OK    /Volumes/Samsung 990-2/100 Hours/Garments/MTL-BPT00302-114.aac -> gs://100hr-data/Garments/IMU/MTL-BPT00302-114.aac
OK    /Volumes/Samsung 990-2/100 Hours/Garments/MTL-BPT00302-128.aac -> gs://100hr-data/Garments/IMU/MTL-BPT00302-128.aac
OK    /Volumes/Samsung 990-2/100 Hours/Garments/MTL-BPT00308-044.mp4 -> gs://100hr-data/Garments/Videos/MTL-BPT00308-044.mp4
OK    /Volumes/Samsung 990-2/100 Hours/Garments/MTL-BPT00325-060.txt -> gs://100hr-data/Garments/IMU/MTL-BPT00325-060.txt
OK    /Volumes/Samsung 990-2/100 Hours/Garments/MTL-BPT00306-083.aac -> gs://100hr-data/Garments/IMU/MTL-BPT00306-083.aac
OK    /Volumes/Samsung 990-2/100 Hours/Garments/MTL-BPT00325-074.txt -> gs://100hr-data/Garments/IMU/MTL-BPT00325-074.txt
OK    /Volumes/Samsung 990-2/100 Hours/Garments/MTL-BPT00306-097.aac -> gs://100hr-data/Garments/IMU/MTL-BPT00306-097.aac
OK    /Volumes/Samsung 990-2/100 Hours/Garments/MTL-BPT00310-011.aac -> gs://100hr-data/Garments/IMU/MTL-BPT00310-011.aac
OK    /Volumes/Samsung 990-2/100 Hours/Garments/MTL-BPT00308-050.mp4 -> gs://100hr-data/Garments/Videos/MTL-BPT00308-050.mp4
OK    /Volumes/Samsung 990-2/100 Hours/Garments/MTL-BPT00308-078.mp4 -> gs://100hr-data/Garments/Videos/MTL-BPT00308-078.mp4
OK    /Volumes/Samsung 990-2/100 Hours/Garments/MTL-BPT00310-039.aac -> gs://100hr-data/Garments/IMU/MTL-BPT00310-039.aac
OK    /Volumes/Samsung 990-2/100 Hours/Garments/MTL-BPT00325-048.txt -> gs://100hr-data/Garments/IMU/MTL-BPT00325-048.txt
OK    /Volumes/Samsung 990-2/100 Hours/Garments/MTL-BPT00308-038.txt -> gs://100hr-data/Garments/IMU/MTL-BPT00308-038.txt
OK    /Volumes/Samsung 990-2/100 Hours/Garments/MTL-BPT00308-087.mp4 -> gs://100hr-data/Garments/Videos/MTL-BPT00308-087.mp4
OK    /Volumes/Samsung 990-2/100 Hours/Garments/MTL-BPT00306-040.aac -> gs://100hr-data/Garments/IMU/MTL-BPT00306-040.aac
OK    /Volumes/Samsung 990-2/100 Hours/Garments/MTL-BPT00325-008.mp4 -> gs://100hr-data/Garments/Videos/MTL-BPT00325-008.mp4
OK    /Volumes/Samsung 990-2/100 Hours/Garments/MTL-BPT00306-054.aac -> gs://100hr-data/Garments/IMU/MTL-BPT00306-054.aac
OK    /Volumes/Samsung 990-2/100 Hours/Garments/MTL-BPT00325-020.mp4 -> gs://100hr-data/Garments/Videos/MTL-BPT00325-020.mp4
OK    /Volumes/Samsung 990-2/100 Hours/Garments/MTL-BPT00325-113.aac -> gs://100hr-data/Garments/IMU/MTL-BPT00325-113.aac
OK    /Volumes/Samsung 990-2/100 Hours/Garments/MTL-BPT00306-068.aac -> gs://100hr-data/Garments/IMU/MTL-BPT00306-068.aac
OK    /Volumes/Samsung 990-2/100 Hours/Garments/MTL-BPT00325-107.aac -> gs://100hr-data/Garments/IMU/MTL-BPT00325-107.aac
OK    /Volumes/Samsung 990-2/100 Hours/Garments/MTL-BPT00325-034.mp4 -> gs://100hr-data/Garments/Videos/MTL-BPT00325-034.mp4
OK    /Volumes/Samsung 990-2/100 Hours/Garments/MTL-BPT00308-010.txt -> gs://100hr-data/Garments/IMU/MTL-BPT00308-010.txt
OK    /Volumes/Samsung 990-2/100 Hours/Garments/MTL-BPT00325-114.txt -> gs://100hr-data/Garments/IMU/MTL-BPT00325-114.txt
OK    /Volumes/Samsung 990-2/100 Hours/Garments/MTL-BPT00310-042.mp4 -> gs://100hr-data/Garments/Videos/MTL-BPT00310-042.mp4
OK    /Volumes/Samsung 990-2/100 Hours/Garments/MTL-BPT00325-098.aac -> gs://100hr-data/Garments/IMU/MTL-BPT00325-098.aac
OK    /Volumes/Samsung 990-2/100 Hours/Garments/MTL-BPT00325-100.txt -> gs://100hr-data/Garments/IMU/MTL-BPT00325-100.txt
OK    /Volumes/Samsung 990-2/100 Hours/Garments/MTL-BPT00308-017.aac -> gs://100hr-data/Garments/IMU/MTL-BPT00308-017.aac
OK    /Volumes/Samsung 990-2/100 Hours/Garments/MTL-BPT00325-128.txt -> gs://100hr-data/Garments/IMU/MTL-BPT00325-128.txt
OK    /Volumes/Samsung 990-2/100 Hours/Garments/MTL-BPT00306-047.txt -> gs://100hr-data/Garments/IMU/MTL-BPT00306-047.txt
OK    /Volumes/Samsung 990-2/100 Hours/Garments/MTL-BPT00306-053.txt -> gs://100hr-data/Garments/IMU/MTL-BPT00306-053.txt
OK    /Volumes/Samsung 990-2/100 Hours/Garments/MTL-BPT00306-013.mp4 -> gs://100hr-data/Garments/Videos/MTL-BPT00306-013.mp4
OK    /Volumes/Samsung 990-2/100 Hours/Garments/MTL-BPT00306-120.aac -> gs://100hr-data/Garments/IMU/MTL-BPT00306-120.aac
OK    /Volumes/Samsung 990-2/100 Hours/Garments/MTL-BPT00325-067.aac -> gs://100hr-data/Garments/IMU/MTL-BPT00325-067.aac
OK    /Volumes/Samsung 990-2/100 Hours/Garments/MTL-BPT00306-084.txt -> gs://100hr-data/Garments/IMU/MTL-BPT00306-084.txt
OK    /Volumes/Samsung 990-2/100 Hours/Garments/MTL-BPT00306-108.aac -> gs://100hr-data/Garments/IMU/MTL-BPT00306-108.aac
OK    /Volumes/Samsung 990-2/100 Hours/Garments/MTL-BPT00325-073.aac -> gs://100hr-data/Garments/IMU/MTL-BPT00325-073.aac
OK    /Volumes/Samsung 990-2/100 Hours/Garments/MTL-BPT00306-090.txt -> gs://100hr-data/Garments/IMU/MTL-BPT00306-090.txt
OK    /Volumes/Samsung 990-2/100 Hours/Garments/MTL-BPT00310-016.txt -> gs://100hr-data/Garments/IMU/MTL-BPT00310-016.txt
OK    /Volumes/Samsung 990-2/100 Hours/Garments/MTL-BPT00311-053.mp4 -> gs://100hr-data/Garments/Videos/MTL-BPT00311-053.mp4
OK    /Volumes/Samsung 990-2/100 Hours/Garments/MTL-BPT00301-047.mp4 -> gs://100hr-data/Garments/Videos/MTL-BPT00301-047.mp4
OK    /Volumes/Samsung 990-2/100 Hours/Garments/MTL-BPT00301-053.mp4 -> gs://100hr-data/Garments/Videos/MTL-BPT00301-053.mp4
OK    /Volumes/Samsung 990-2/100 Hours/Garments/MTL-BPT00311-047.mp4 -> gs://100hr-data/Garments/Videos/MTL-BPT00311-047.mp4
OK    /Volumes/Samsung 990-2/100 Hours/Garments/MTL-BPT00302-107.txt -> gs://100hr-data/Garments/IMU/MTL-BPT00302-107.txt
OK    /Volumes/Samsung 990-2/100 Hours/Garments/MTL-BPT00302-113.txt -> gs://100hr-data/Garments/IMU/MTL-BPT00302-113.txt
OK    /Volumes/Samsung 990-2/100 Hours/Garments/MTL-BPT00311-090.mp4 -> gs://100hr-data/Garments/Videos/MTL-BPT00311-090.mp4
OK    /Volumes/Samsung 990-2/100 Hours/Garments/MTL-BPT00302-074.aac -> gs://100hr-data/Garments/IMU/MTL-BPT00302-074.aac
OK    /Volumes/Samsung 990-2/100 Hours/Garments/MTL-BPT00302-147.mp4 -> gs://100hr-data/Garments/Videos/MTL-BPT00302-147.mp4
OK    /Volumes/Samsung 990-2/100 Hours/Garments/MTL-BPT00302-060.aac -> gs://100hr-data/Garments/IMU/MTL-BPT00302-060.aac
OK    /Volumes/Samsung 990-2/100 Hours/Garments/MTL-BPT00311-084.mp4 -> gs://100hr-data/Garments/Videos/MTL-BPT00311-084.mp4
OK    /Volumes/Samsung 990-2/100 Hours/Garments/MTL-BPT00311-013.txt -> gs://100hr-data/Garments/IMU/MTL-BPT00311-013.txt
OK    /Volumes/Samsung 990-2/100 Hours/Garments/MTL-BPT00302-048.aac -> gs://100hr-data/Garments/IMU/MTL-BPT00302-048.aac
OK    /Volumes/Samsung 990-2/100 Hours/Garments/MTL-BPT00301-007.txt -> gs://100hr-data/Garments/IMU/MTL-BPT00301-007.txt
OK    /Volumes/Samsung 990-2/100 Hours/Garments/MTL-BPT00301-013.txt -> gs://100hr-data/Garments/IMU/MTL-BPT00301-013.txt
OK    /Volumes/Samsung 990-2/100 Hours/Garments/MTL-BPT00311-007.txt -> gs://100hr-data/Garments/IMU/MTL-BPT00311-007.txt
OK    /Volumes/Samsung 990-2/100 Hours/Garments/MTL-BPT00301-005.txt -> gs://100hr-data/Garments/IMU/MTL-BPT00301-005.txt
OK    /Volumes/Samsung 990-2/100 Hours/Garments/MTL-BPT00311-011.txt -> gs://100hr-data/Garments/IMU/MTL-BPT00311-011.txt
OK    /Volumes/Samsung 990-2/100 Hours/Garments/MTL-BPT00301-011.txt -> gs://100hr-data/Garments/IMU/MTL-BPT00301-011.txt
OK    /Volumes/Samsung 990-2/100 Hours/Garments/MTL-BPT00302-145.mp4 -> gs://100hr-data/Garments/Videos/MTL-BPT00302-145.mp4
OK    /Volumes/Samsung 990-2/100 Hours/Garments/MTL-BPT00301-039.txt -> gs://100hr-data/Garments/IMU/MTL-BPT00301-039.txt
OK    /Volumes/Samsung 990-2/100 Hours/Garments/MTL-BPT00302-076.aac -> gs://100hr-data/Garments/IMU/MTL-BPT00302-076.aac
OK    /Volumes/Samsung 990-2/100 Hours/Garments/MTL-BPT00311-092.mp4 -> gs://100hr-data/Garments/Videos/MTL-BPT00311-092.mp4
OK    /Volumes/Samsung 990-2/100 Hours/Garments/MTL-BPT00311-039.txt -> gs://100hr-data/Garments/IMU/MTL-BPT00311-039.txt
OK    /Volumes/Samsung 990-2/100 Hours/Garments/MTL-BPT00311-086.mp4 -> gs://100hr-data/Garments/Videos/MTL-BPT00311-086.mp4
OK    /Volumes/Samsung 990-2/100 Hours/Garments/MTL-BPT00302-062.aac -> gs://100hr-data/Garments/IMU/MTL-BPT00302-062.aac
OK    /Volumes/Samsung 990-2/100 Hours/Garments/MTL-BPT00302-089.aac -> gs://100hr-data/Garments/IMU/MTL-BPT00302-089.aac
OK    /Volumes/Samsung 990-2/100 Hours/Garments/MTL-BPT00302-105.txt -> gs://100hr-data/Garments/IMU/MTL-BPT00302-105.txt
OK    /Volumes/Samsung 990-2/100 Hours/Garments/MTL-BPT00311-079.mp4 -> gs://100hr-data/Garments/Videos/MTL-BPT00311-079.mp4
OK    /Volumes/Samsung 990-2/100 Hours/Garments/MTL-BPT00302-111.txt -> gs://100hr-data/Garments/IMU/MTL-BPT00302-111.txt
OK    /Volumes/Samsung 990-2/100 Hours/Garments/MTL-BPT00302-139.txt -> gs://100hr-data/Garments/IMU/MTL-BPT00302-139.txt
OK    /Volumes/Samsung 990-2/100 Hours/Garments/MTL-BPT00301-045.mp4 -> gs://100hr-data/Garments/Videos/MTL-BPT00301-045.mp4
OK    /Volumes/Samsung 990-2/100 Hours/Garments/MTL-BPT00311-051.mp4 -> gs://100hr-data/Garments/Videos/MTL-BPT00311-051.mp4
OK    /Volumes/Samsung 990-2/100 Hours/Garments/MTL-BPT00311-045.mp4 -> gs://100hr-data/Garments/Videos/MTL-BPT00311-045.mp4
OK    /Volumes/Samsung 990-2/100 Hours/Garments/MTL-BPT00301-051.mp4 -> gs://100hr-data/Garments/Videos/MTL-BPT00301-051.mp4
OK    /Volumes/Samsung 990-2/100 Hours/Garments/MTL-BPT00325-065.aac -> gs://100hr-data/Garments/IMU/MTL-BPT00325-065.aac
OK    /Volumes/Samsung 990-2/100 Hours/Garments/MTL-BPT00306-086.txt -> gs://100hr-data/Garments/IMU/MTL-BPT00306-086.txt
OK    /Volumes/Samsung 990-2/100 Hours/Garments/MTL-BPT00306-039.mp4 -> gs://100hr-data/Garments/Videos/MTL-BPT00306-039.mp4
OK    /Volumes/Samsung 990-2/100 Hours/Garments/MTL-BPT00310-014.txt -> gs://100hr-data/Garments/IMU/MTL-BPT00310-014.txt
OK    /Volumes/Samsung 990-2/100 Hours/Garments/MTL-BPT00325-071.aac -> gs://100hr-data/Garments/IMU/MTL-BPT00325-071.aac
OK    /Volumes/Samsung 990-2/100 Hours/Garments/MTL-BPT00306-092.txt -> gs://100hr-data/Garments/IMU/MTL-BPT00306-092.txt
OK    /Volumes/Samsung 990-2/100 Hours/Garments/MTL-BPT00325-059.aac -> gs://100hr-data/Garments/IMU/MTL-BPT00325-059.aac
OK    /Volumes/Samsung 990-2/100 Hours/Garments/MTL-BPT00310-028.txt -> gs://100hr-data/Garments/IMU/MTL-BPT00310-028.txt
OK    /Volumes/Samsung 990-2/100 Hours/Garments/MTL-BPT00306-011.mp4 -> gs://100hr-data/Garments/Videos/MTL-BPT00306-011.mp4
OK    /Volumes/Samsung 990-2/100 Hours/Garments/MTL-BPT00306-045.txt -> gs://100hr-data/Garments/IMU/MTL-BPT00306-045.txt
OK    /Volumes/Samsung 990-2/100 Hours/Garments/MTL-BPT00308-029.aac -> gs://100hr-data/Garments/IMU/MTL-BPT00308-029.aac
OK    /Volumes/Samsung 990-2/100 Hours/Garments/MTL-BPT00306-051.txt -> gs://100hr-data/Garments/IMU/MTL-BPT00306-051.txt
OK    /Volumes/Samsung 990-2/100 Hours/Garments/MTL-BPT00306-079.txt -> gs://100hr-data/Garments/IMU/MTL-BPT00306-079.txt
OK    /Volumes/Samsung 990-2/100 Hours/Garments/MTL-BPT00310-040.mp4 -> gs://100hr-data/Garments/Videos/MTL-BPT00310-040.mp4
OK    /Volumes/Samsung 990-2/100 Hours/Garments/MTL-BPT00325-116.txt -> gs://100hr-data/Garments/IMU/MTL-BPT00325-116.txt
OK    /Volumes/Samsung 990-2/100 Hours/Garments/MTL-BPT00308-015.aac -> gs://100hr-data/Garments/IMU/MTL-BPT00308-015.aac
OK    /Volumes/Samsung 990-2/100 Hours/Garments/MTL-BPT00325-102.txt -> gs://100hr-data/Garments/IMU/MTL-BPT00325-102.txt
OK    /Volumes/Samsung 990-2/100 Hours/Garments/MTL-BPT00325-111.aac -> gs://100hr-data/Garments/IMU/MTL-BPT00325-111.aac
OK    /Volumes/Samsung 990-2/100 Hours/Garments/MTL-BPT00325-022.mp4 -> gs://100hr-data/Garments/Videos/MTL-BPT00325-022.mp4
OK    /Volumes/Samsung 990-2/100 Hours/Garments/MTL-BPT00308-006.txt -> gs://100hr-data/Garments/IMU/MTL-BPT00308-006.txt
OK    /Volumes/Samsung 990-2/100 Hours/Garments/MTL-BPT00308-012.txt -> gs://100hr-data/Garments/IMU/MTL-BPT00308-012.txt
OK    /Volumes/Samsung 990-2/100 Hours/Garments/MTL-BPT00325-036.mp4 -> gs://100hr-data/Garments/Videos/MTL-BPT00325-036.mp4
OK    /Volumes/Samsung 990-2/100 Hours/Garments/MTL-BPT00325-105.aac -> gs://100hr-data/Garments/IMU/MTL-BPT00325-105.aac
OK    /Volumes/Samsung 990-2/100 Hours/Garments/MTL-BPT00325-089.txt -> gs://100hr-data/Garments/IMU/MTL-BPT00325-089.txt
OK    /Volumes/Samsung 990-2/100 Hours/Garments/MTL-BPT00306-042.aac -> gs://100hr-data/Garments/IMU/MTL-BPT00306-042.aac
OK    /Volumes/Samsung 990-2/100 Hours/Garments/MTL-BPT00308-085.mp4 -> gs://100hr-data/Garments/Videos/MTL-BPT00308-085.mp4
OK    /Volumes/Samsung 990-2/100 Hours/Garments/MTL-BPT00306-056.aac -> gs://100hr-data/Garments/IMU/MTL-BPT00306-056.aac
OK    /Volumes/Samsung 990-2/100 Hours/Garments/MTL-BPT00325-062.txt -> gs://100hr-data/Garments/IMU/MTL-BPT00325-062.txt
OK    /Volumes/Samsung 990-2/100 Hours/Garments/MTL-BPT00306-081.aac -> gs://100hr-data/Garments/IMU/MTL-BPT00306-081.aac
OK    /Volumes/Samsung 990-2/100 Hours/Garments/MTL-BPT00310-007.aac -> gs://100hr-data/Garments/IMU/MTL-BPT00310-007.aac
OK    /Volumes/Samsung 990-2/100 Hours/Garments/MTL-BPT00308-046.mp4 -> gs://100hr-data/Garments/Videos/MTL-BPT00308-046.mp4
OK    /Volumes/Samsung 990-2/100 Hours/Garments/MTL-BPT00308-052.mp4 -> gs://100hr-data/Garments/Videos/MTL-BPT00308-052.mp4
OK    /Volumes/Samsung 990-2/100 Hours/Garments/MTL-BPT00310-013.aac -> gs://100hr-data/Garments/IMU/MTL-BPT00310-013.aac
OK    /Volumes/Samsung 990-2/100 Hours/Garments/MTL-BPT00325-076.txt -> gs://100hr-data/Garments/IMU/MTL-BPT00325-076.txt
OK    /Volumes/Samsung 990-2/100 Hours/Garments/MTL-BPT00306-095.aac -> gs://100hr-data/Garments/IMU/MTL-BPT00306-095.aac
OK    /Volumes/Samsung 990-2/100 Hours/Garments/MTL-BPT00306-119.txt -> gs://100hr-data/Garments/IMU/MTL-BPT00306-119.txt
OK    /Volumes/Samsung 990-2/100 Hours/Garments/MTL-BPT00302-019.mp4 -> gs://100hr-data/Garments/Videos/MTL-BPT00302-019.mp4
OK    /Volumes/Samsung 990-2/100 Hours/Garments/MTL-BPT00302-031.mp4 -> gs://100hr-data/Garments/Videos/MTL-BPT00302-031.mp4
OK    /Volumes/Samsung 990-2/100 Hours/Garments/MTL-BPT00302-102.aac -> gs://100hr-data/Garments/IMU/MTL-BPT00302-102.aac
OK    /Volumes/Samsung 990-2/100 Hours/Garments/MTL-BPT00302-116.aac -> gs://100hr-data/Garments/IMU/MTL-BPT00302-116.aac
OK    /Volumes/Samsung 990-2/100 Hours/Garments/MTL-BPT00302-025.mp4 -> gs://100hr-data/Garments/Videos/MTL-BPT00302-025.mp4
OK    /Volumes/Samsung 990-2/100 Hours/Garments/MTL-BPT00311-119.mp4 -> gs://100hr-data/Garments/Videos/MTL-BPT00311-119.mp4
OK    /Volumes/Samsung 990-2/100 Hours/Garments/MTL-BPT00311-016.aac -> gs://100hr-data/Garments/IMU/MTL-BPT00311-016.aac
OK    /Volumes/Samsung 990-2/100 Hours/Garments/MTL-BPT00311-125.mp4 -> gs://100hr-data/Garments/Videos/MTL-BPT00311-125.mp4
OK    /Volumes/Samsung 990-2/100 Hours/Garments/MTL-BPT00311-131.mp4 -> gs://100hr-data/Garments/Videos/MTL-BPT00311-131.mp4
OK    /Volumes/Samsung 990-2/100 Hours/Garments/MTL-BPT00302-059.txt -> gs://100hr-data/Garments/IMU/MTL-BPT00302-059.txt
OK    /Volumes/Samsung 990-2/100 Hours/Garments/MTL-BPT00301-016.aac -> gs://100hr-data/Garments/IMU/MTL-BPT00301-016.aac
OK    /Volumes/Samsung 990-2/100 Hours/Garments/MTL-BPT00311-130.mp4 -> gs://100hr-data/Garments/Videos/MTL-BPT00311-130.mp4
OK    /Volumes/Samsung 990-2/100 Hours/Garments/MTL-BPT00301-017.aac -> gs://100hr-data/Garments/IMU/MTL-BPT00301-017.aac
OK    /Volumes/Samsung 990-2/100 Hours/Garments/MTL-BPT00302-058.txt -> gs://100hr-data/Garments/IMU/MTL-BPT00302-058.txt
OK    /Volumes/Samsung 990-2/100 Hours/Garments/MTL-BPT00311-124.mp4 -> gs://100hr-data/Garments/Videos/MTL-BPT00311-124.mp4
OK    /Volumes/Samsung 990-2/100 Hours/Garments/MTL-BPT00311-017.aac -> gs://100hr-data/Garments/IMU/MTL-BPT00311-017.aac
OK    /Volumes/Samsung 990-2/100 Hours/Garments/MTL-BPT00311-118.mp4 -> gs://100hr-data/Garments/Videos/MTL-BPT00311-118.mp4
OK    /Volumes/Samsung 990-2/100 Hours/Garments/MTL-BPT00302-024.mp4 -> gs://100hr-data/Garments/Videos/MTL-BPT00302-024.mp4
OK    /Volumes/Samsung 990-2/100 Hours/Garments/MTL-BPT00302-117.aac -> gs://100hr-data/Garments/IMU/MTL-BPT00302-117.aac
OK    /Volumes/Samsung 990-2/100 Hours/Garments/MTL-BPT00302-103.aac -> gs://100hr-data/Garments/IMU/MTL-BPT00302-103.aac
OK    /Volumes/Samsung 990-2/100 Hours/Garments/MTL-BPT00302-030.mp4 -> gs://100hr-data/Garments/Videos/MTL-BPT00302-030.mp4
OK    /Volumes/Samsung 990-2/100 Hours/Garments/MTL-BPT00302-018.mp4 -> gs://100hr-data/Garments/Videos/MTL-BPT00302-018.mp4
OK    /Volumes/Samsung 990-2/100 Hours/Garments/MTL-BPT00308-053.mp4 -> gs://100hr-data/Garments/Videos/MTL-BPT00308-053.mp4
OK    /Volumes/Samsung 990-2/100 Hours/Garments/MTL-BPT00306-118.txt -> gs://100hr-data/Garments/IMU/MTL-BPT00306-118.txt
OK    /Volumes/Samsung 990-2/100 Hours/Garments/MTL-BPT00306-094.aac -> gs://100hr-data/Garments/IMU/MTL-BPT00306-094.aac
OK    /Volumes/Samsung 990-2/100 Hours/Garments/MTL-BPT00325-077.txt -> gs://100hr-data/Garments/IMU/MTL-BPT00325-077.txt
OK    /Volumes/Samsung 990-2/100 Hours/Garments/MTL-BPT00310-012.aac -> gs://100hr-data/Garments/IMU/MTL-BPT00310-012.aac
OK    /Volumes/Samsung 990-2/100 Hours/Garments/MTL-BPT00310-006.aac -> gs://100hr-data/Garments/IMU/MTL-BPT00310-006.aac
OK    /Volumes/Samsung 990-2/100 Hours/Garments/MTL-BPT00306-080.aac -> gs://100hr-data/Garments/IMU/MTL-BPT00306-080.aac
OK    /Volumes/Samsung 990-2/100 Hours/Garments/MTL-BPT00325-063.txt -> gs://100hr-data/Garments/IMU/MTL-BPT00325-063.txt
OK    /Volumes/Samsung 990-2/100 Hours/Garments/MTL-BPT00308-047.mp4 -> gs://100hr-data/Garments/Videos/MTL-BPT00308-047.mp4
OK    /Volumes/Samsung 990-2/100 Hours/Garments/MTL-BPT00306-057.aac -> gs://100hr-data/Garments/IMU/MTL-BPT00306-057.aac
OK    /Volumes/Samsung 990-2/100 Hours/Garments/MTL-BPT00306-043.aac -> gs://100hr-data/Garments/IMU/MTL-BPT00306-043.aac
OK    /Volumes/Samsung 990-2/100 Hours/Garments/MTL-BPT00308-084.mp4 -> gs://100hr-data/Garments/Videos/MTL-BPT00308-084.mp4
OK    /Volumes/Samsung 990-2/100 Hours/Garments/MTL-BPT00308-013.txt -> gs://100hr-data/Garments/IMU/MTL-BPT00308-013.txt
OK    /Volumes/Samsung 990-2/100 Hours/Garments/MTL-BPT00325-088.txt -> gs://100hr-data/Garments/IMU/MTL-BPT00325-088.txt
OK    /Volumes/Samsung 990-2/100 Hours/Garments/MTL-BPT00325-104.aac -> gs://100hr-data/Garments/IMU/MTL-BPT00325-104.aac
OK    /Volumes/Samsung 990-2/100 Hours/Garments/MTL-BPT00325-037.mp4 -> gs://100hr-data/Garments/Videos/MTL-BPT00325-037.mp4
OK    /Volumes/Samsung 990-2/100 Hours/Garments/MTL-BPT00325-023.mp4 -> gs://100hr-data/Garments/Videos/MTL-BPT00325-023.mp4
OK    /Volumes/Samsung 990-2/100 Hours/Garments/MTL-BPT00325-110.aac -> gs://100hr-data/Garments/IMU/MTL-BPT00325-110.aac
OK    /Volumes/Samsung 990-2/100 Hours/Garments/MTL-BPT00308-007.txt -> gs://100hr-data/Garments/IMU/MTL-BPT00308-007.txt
OK    /Volumes/Samsung 990-2/100 Hours/Garments/MTL-BPT00308-014.aac -> gs://100hr-data/Garments/IMU/MTL-BPT00308-014.aac
OK    /Volumes/Samsung 990-2/100 Hours/Garments/MTL-BPT00325-103.txt -> gs://100hr-data/Garments/IMU/MTL-BPT00325-103.txt
OK    /Volumes/Samsung 990-2/100 Hours/Garments/MTL-BPT00325-117.txt -> gs://100hr-data/Garments/IMU/MTL-BPT00325-117.txt
OK    /Volumes/Samsung 990-2/100 Hours/Garments/MTL-BPT00310-041.mp4 -> gs://100hr-data/Garments/Videos/MTL-BPT00310-041.mp4
OK    /Volumes/Samsung 990-2/100 Hours/Garments/MTL-BPT00306-078.txt -> gs://100hr-data/Garments/IMU/MTL-BPT00306-078.txt
OK    /Volumes/Samsung 990-2/100 Hours/Garments/MTL-BPT00308-028.aac -> gs://100hr-data/Garments/IMU/MTL-BPT00308-028.aac
OK    /Volumes/Samsung 990-2/100 Hours/Garments/MTL-BPT00306-050.txt -> gs://100hr-data/Garments/IMU/MTL-BPT00306-050.txt
OK    /Volumes/Samsung 990-2/100 Hours/Garments/MTL-BPT00306-044.txt -> gs://100hr-data/Garments/IMU/MTL-BPT00306-044.txt
OK    /Volumes/Samsung 990-2/100 Hours/Garments/MTL-BPT00306-010.mp4 -> gs://100hr-data/Garments/Videos/MTL-BPT00306-010.mp4
OK    /Volumes/Samsung 990-2/100 Hours/Garments/MTL-BPT00310-029.txt -> gs://100hr-data/Garments/IMU/MTL-BPT00310-029.txt
OK    /Volumes/Samsung 990-2/100 Hours/Garments/MTL-BPT00325-058.aac -> gs://100hr-data/Garments/IMU/MTL-BPT00325-058.aac
OK    /Volumes/Samsung 990-2/100 Hours/Garments/MTL-BPT00306-093.txt -> gs://100hr-data/Garments/IMU/MTL-BPT00306-093.txt
OK    /Volumes/Samsung 990-2/100 Hours/Garments/MTL-BPT00325-070.aac -> gs://100hr-data/Garments/IMU/MTL-BPT00325-070.aac
OK    /Volumes/Samsung 990-2/100 Hours/Garments/MTL-BPT00310-015.txt -> gs://100hr-data/Garments/IMU/MTL-BPT00310-015.txt
OK    /Volumes/Samsung 990-2/100 Hours/Garments/MTL-BPT00306-038.mp4 -> gs://100hr-data/Garments/Videos/MTL-BPT00306-038.mp4
OK    /Volumes/Samsung 990-2/100 Hours/Garments/MTL-BPT00306-087.txt -> gs://100hr-data/Garments/IMU/MTL-BPT00306-087.txt
OK    /Volumes/Samsung 990-2/100 Hours/Garments/MTL-BPT00325-064.aac -> gs://100hr-data/Garments/IMU/MTL-BPT00325-064.aac
OK    /Volumes/Samsung 990-2/100 Hours/Garments/MTL-BPT00311-044.mp4 -> gs://100hr-data/Garments/Videos/MTL-BPT00311-044.mp4
OK    /Volumes/Samsung 990-2/100 Hours/Garments/MTL-BPT00301-050.mp4 -> gs://100hr-data/Garments/Videos/MTL-BPT00301-050.mp4
OK    /Volumes/Samsung 990-2/100 Hours/Garments/MTL-BPT00301-044.mp4 -> gs://100hr-data/Garments/Videos/MTL-BPT00301-044.mp4
OK    /Volumes/Samsung 990-2/100 Hours/Garments/MTL-BPT00302-138.txt -> gs://100hr-data/Garments/IMU/MTL-BPT00302-138.txt
OK    /Volumes/Samsung 990-2/100 Hours/Garments/MTL-BPT00311-050.mp4 -> gs://100hr-data/Garments/Videos/MTL-BPT00311-050.mp4
OK    /Volumes/Samsung 990-2/100 Hours/Garments/MTL-BPT00311-078.mp4 -> gs://100hr-data/Garments/Videos/MTL-BPT00311-078.mp4
OK    /Volumes/Samsung 990-2/100 Hours/Garments/MTL-BPT00302-110.txt -> gs://100hr-data/Garments/IMU/MTL-BPT00302-110.txt
OK    /Volumes/Samsung 990-2/100 Hours/Garments/MTL-BPT00302-104.txt -> gs://100hr-data/Garments/IMU/MTL-BPT00302-104.txt
OK    /Volumes/Samsung 990-2/100 Hours/Garments/MTL-BPT00302-088.aac -> gs://100hr-data/Garments/IMU/MTL-BPT00302-088.aac
OK    /Volumes/Samsung 990-2/100 Hours/Garments/MTL-BPT00311-087.mp4 -> gs://100hr-data/Garments/Videos/MTL-BPT00311-087.mp4
OK    /Volumes/Samsung 990-2/100 Hours/Garments/MTL-BPT00311-038.txt -> gs://100hr-data/Garments/IMU/MTL-BPT00311-038.txt
OK    /Volumes/Samsung 990-2/100 Hours/Garments/MTL-BPT00302-063.aac -> gs://100hr-data/Garments/IMU/MTL-BPT00302-063.aac
OK    /Volumes/Samsung 990-2/100 Hours/Garments/MTL-BPT00302-077.aac -> gs://100hr-data/Garments/IMU/MTL-BPT00302-077.aac
OK    /Volumes/Samsung 990-2/100 Hours/Garments/MTL-BPT00301-038.txt -> gs://100hr-data/Garments/IMU/MTL-BPT00301-038.txt
OK    /Volumes/Samsung 990-2/100 Hours/Garments/MTL-BPT00302-144.mp4 -> gs://100hr-data/Garments/Videos/MTL-BPT00302-144.mp4
OK    /Volumes/Samsung 990-2/100 Hours/Garments/MTL-BPT00311-093.mp4 -> gs://100hr-data/Garments/Videos/MTL-BPT00311-093.mp4
OK    /Volumes/Samsung 990-2/100 Hours/Garments/MTL-BPT00301-010.txt -> gs://100hr-data/Garments/IMU/MTL-BPT00301-010.txt
OK    /Volumes/Samsung 990-2/100 Hours/Garments/MTL-BPT00311-010.txt -> gs://100hr-data/Garments/IMU/MTL-BPT00311-010.txt
OK    /Volumes/Samsung 990-2/100 Hours/Garments/MTL-BPT00311-097.mp4 -> gs://100hr-data/Garments/Videos/MTL-BPT00311-097.mp4
OK    /Volumes/Samsung 990-2/100 Hours/Garments/MTL-BPT00311-028.txt -> gs://100hr-data/Garments/IMU/MTL-BPT00311-028.txt
OK    /Volumes/Samsung 990-2/100 Hours/Garments/MTL-BPT00302-140.mp4 -> gs://100hr-data/Garments/Videos/MTL-BPT00302-140.mp4
OK    /Volumes/Samsung 990-2/100 Hours/Garments/MTL-BPT00302-073.aac -> gs://100hr-data/Garments/IMU/MTL-BPT00302-073.aac
OK    /Volumes/Samsung 990-2/100 Hours/Garments/MTL-BPT00301-028.txt -> gs://100hr-data/Garments/IMU/MTL-BPT00301-028.txt
OK    /Volumes/Samsung 990-2/100 Hours/Garments/MTL-BPT00311-083.mp4 -> gs://100hr-data/Garments/Videos/MTL-BPT00311-083.mp4
OK    /Volumes/Samsung 990-2/100 Hours/Garments/MTL-BPT00311-014.txt -> gs://100hr-data/Garments/IMU/MTL-BPT00311-014.txt
OK    /Volumes/Samsung 990-2/100 Hours/Garments/MTL-BPT00301-014.txt -> gs://100hr-data/Garments/IMU/MTL-BPT00301-014.txt
OK    /Volumes/Samsung 990-2/100 Hours/Garments/MTL-BPT00311-054.mp4 -> gs://100hr-data/Garments/Videos/MTL-BPT00311-054.mp4
OK    /Volumes/Samsung 990-2/100 Hours/Garments/MTL-BPT00301-040.mp4 -> gs://100hr-data/Garments/Videos/MTL-BPT00301-040.mp4
OK    /Volumes/Samsung 990-2/100 Hours/Garments/MTL-BPT00301-054.mp4 -> gs://100hr-data/Garments/Videos/MTL-BPT00301-054.mp4
OK    /Volumes/Samsung 990-2/100 Hours/Garments/MTL-BPT00302-128.txt -> gs://100hr-data/Garments/IMU/MTL-BPT00302-128.txt
OK    /Volumes/Samsung 990-2/100 Hours/Garments/MTL-BPT00311-040.mp4 -> gs://100hr-data/Garments/Videos/MTL-BPT00311-040.mp4
OK    /Volumes/Samsung 990-2/100 Hours/Garments/MTL-BPT00311-068.mp4 -> gs://100hr-data/Garments/Videos/MTL-BPT00311-068.mp4
OK    /Volumes/Samsung 990-2/100 Hours/Garments/MTL-BPT00302-100.txt -> gs://100hr-data/Garments/IMU/MTL-BPT00302-100.txt
OK    /Volumes/Samsung 990-2/100 Hours/Garments/MTL-BPT00302-098.aac -> gs://100hr-data/Garments/IMU/MTL-BPT00302-098.aac
OK    /Volumes/Samsung 990-2/100 Hours/Garments/MTL-BPT00302-114.txt -> gs://100hr-data/Garments/IMU/MTL-BPT00302-114.txt
OK    /Volumes/Samsung 990-2/100 Hours/Garments/MTL-BPT00301-068.mp4 -> gs://100hr-data/Garments/Videos/MTL-BPT00301-068.mp4
OK    /Volumes/Samsung 990-2/100 Hours/Garments/MTL-BPT00310-039.txt -> gs://100hr-data/Garments/IMU/MTL-BPT00310-039.txt
OK    /Volumes/Samsung 990-2/100 Hours/Garments/MTL-BPT00325-048.aac -> gs://100hr-data/Garments/IMU/MTL-BPT00325-048.aac
OK    /Volumes/Samsung 990-2/100 Hours/Garments/MTL-BPT00306-014.mp4 -> gs://100hr-data/Garments/Videos/MTL-BPT00306-014.mp4
OK    /Volumes/Samsung 990-2/100 Hours/Garments/MTL-BPT00325-060.aac -> gs://100hr-data/Garments/IMU/MTL-BPT00325-060.aac
OK    /Volumes/Samsung 990-2/100 Hours/Garments/MTL-BPT00306-083.txt -> gs://100hr-data/Garments/IMU/MTL-BPT00306-083.txt
OK    /Volumes/Samsung 990-2/100 Hours/Garments/MTL-BPT00306-028.mp4 -> gs://100hr-data/Garments/Videos/MTL-BPT00306-028.mp4
OK    /Volumes/Samsung 990-2/100 Hours/Garments/MTL-BPT00310-011.txt -> gs://100hr-data/Garments/IMU/MTL-BPT00310-011.txt
OK    /Volumes/Samsung 990-2/100 Hours/Garments/MTL-BPT00325-074.aac -> gs://100hr-data/Garments/IMU/MTL-BPT00325-074.aac
OK    /Volumes/Samsung 990-2/100 Hours/Garments/MTL-BPT00306-097.txt -> gs://100hr-data/Garments/IMU/MTL-BPT00306-097.txt
OK    /Volumes/Samsung 990-2/100 Hours/Garments/MTL-BPT00310-045.mp4 -> gs://100hr-data/Garments/Videos/MTL-BPT00310-045.mp4
OK    /Volumes/Samsung 990-2/100 Hours/Garments/MTL-BPT00325-113.txt -> gs://100hr-data/Garments/IMU/MTL-BPT00325-113.txt
OK    /Volumes/Samsung 990-2/100 Hours/Garments/MTL-BPT00306-068.txt -> gs://100hr-data/Garments/IMU/MTL-BPT00306-068.txt
OK    /Volumes/Samsung 990-2/100 Hours/Garments/MTL-BPT00325-107.txt -> gs://100hr-data/Garments/IMU/MTL-BPT00325-107.txt
OK    /Volumes/Samsung 990-2/100 Hours/Garments/MTL-BPT00308-010.aac -> gs://100hr-data/Garments/IMU/MTL-BPT00308-010.aac
OK    /Volumes/Samsung 990-2/100 Hours/Garments/MTL-BPT00308-038.aac -> gs://100hr-data/Garments/IMU/MTL-BPT00308-038.aac
OK    /Volumes/Samsung 990-2/100 Hours/Garments/MTL-BPT00306-040.txt -> gs://100hr-data/Garments/IMU/MTL-BPT00306-040.txt
OK    /Volumes/Samsung 990-2/100 Hours/Garments/MTL-BPT00306-054.txt -> gs://100hr-data/Garments/IMU/MTL-BPT00306-054.txt
OK    /Volumes/Samsung 990-2/100 Hours/Garments/MTL-BPT00308-080.mp4 -> gs://100hr-data/Garments/Videos/MTL-BPT00308-080.mp4
OK    /Volumes/Samsung 990-2/100 Hours/Garments/MTL-BPT00325-128.aac -> gs://100hr-data/Garments/IMU/MTL-BPT00325-128.aac
OK    /Volumes/Samsung 990-2/100 Hours/Garments/MTL-BPT00306-047.aac -> gs://100hr-data/Garments/IMU/MTL-BPT00306-047.aac
OK    /Volumes/Samsung 990-2/100 Hours/Garments/MTL-BPT00306-053.aac -> gs://100hr-data/Garments/IMU/MTL-BPT00306-053.aac
OK    /Volumes/Samsung 990-2/100 Hours/Garments/MTL-BPT00325-114.aac -> gs://100hr-data/Garments/IMU/MTL-BPT00325-114.aac
OK    /Volumes/Samsung 990-2/100 Hours/Garments/MTL-BPT00325-098.txt -> gs://100hr-data/Garments/IMU/MTL-BPT00325-098.txt
OK    /Volumes/Samsung 990-2/100 Hours/Garments/MTL-BPT00325-027.mp4 -> gs://100hr-data/Garments/Videos/MTL-BPT00325-027.mp4
OK    /Volumes/Samsung 990-2/100 Hours/Garments/MTL-BPT00325-033.mp4 -> gs://100hr-data/Garments/Videos/MTL-BPT00325-033.mp4
OK    /Volumes/Samsung 990-2/100 Hours/Garments/MTL-BPT00325-100.aac -> gs://100hr-data/Garments/IMU/MTL-BPT00325-100.aac
OK    /Volumes/Samsung 990-2/100 Hours/Garments/MTL-BPT00308-017.txt -> gs://100hr-data/Garments/IMU/MTL-BPT00308-017.txt
OK    /Volumes/Samsung 990-2/100 Hours/Garments/MTL-BPT00308-043.mp4 -> gs://100hr-data/Garments/Videos/MTL-BPT00308-043.mp4
OK    /Volumes/Samsung 990-2/100 Hours/Garments/MTL-BPT00325-067.txt -> gs://100hr-data/Garments/IMU/MTL-BPT00325-067.txt
OK    /Volumes/Samsung 990-2/100 Hours/Garments/MTL-BPT00306-084.aac -> gs://100hr-data/Garments/IMU/MTL-BPT00306-084.aac
OK    /Volumes/Samsung 990-2/100 Hours/Garments/MTL-BPT00306-108.txt -> gs://100hr-data/Garments/IMU/MTL-BPT00306-108.txt
OK    /Volumes/Samsung 990-2/100 Hours/Garments/MTL-BPT00310-016.aac -> gs://100hr-data/Garments/IMU/MTL-BPT00310-016.aac
OK    /Volumes/Samsung 990-2/100 Hours/Garments/MTL-BPT00325-073.txt -> gs://100hr-data/Garments/IMU/MTL-BPT00325-073.txt
OK    /Volumes/Samsung 990-2/100 Hours/Garments/MTL-BPT00306-090.aac -> gs://100hr-data/Garments/IMU/MTL-BPT00306-090.aac
OK    /Volumes/Samsung 990-2/100 Hours/Garments/MTL-BPT00308-057.mp4 -> gs://100hr-data/Garments/Videos/MTL-BPT00308-057.mp4
OK    /Volumes/Samsung 990-2/100 Hours/Garments/MTL-BPT00306-120.txt -> gs://100hr-data/Garments/IMU/MTL-BPT00306-120.txt
OK    /Volumes/Samsung 990-2/100 Hours/Garments/MTL-BPT00302-034.mp4 -> gs://100hr-data/Garments/Videos/MTL-BPT00302-034.mp4
OK    /Volumes/Samsung 990-2/100 Hours/Garments/MTL-BPT00302-107.aac -> gs://100hr-data/Garments/IMU/MTL-BPT00302-107.aac
OK    /Volumes/Samsung 990-2/100 Hours/Garments/MTL-BPT00302-113.aac -> gs://100hr-data/Garments/IMU/MTL-BPT00302-113.aac
OK    /Volumes/Samsung 990-2/100 Hours/Garments/MTL-BPT00302-020.mp4 -> gs://100hr-data/Garments/Videos/MTL-BPT00302-020.mp4
OK    /Volumes/Samsung 990-2/100 Hours/Garments/MTL-BPT00302-008.mp4 -> gs://100hr-data/Garments/Videos/MTL-BPT00302-008.mp4
OK    /Volumes/Samsung 990-2/100 Hours/Garments/MTL-BPT00311-013.aac -> gs://100hr-data/Garments/IMU/MTL-BPT00311-013.aac
OK    /Volumes/Samsung 990-2/100 Hours/Garments/MTL-BPT00311-120.mp4 -> gs://100hr-data/Garments/Videos/MTL-BPT00311-120.mp4
OK    /Volumes/Samsung 990-2/100 Hours/Garments/MTL-BPT00302-048.txt -> gs://100hr-data/Garments/IMU/MTL-BPT00302-048.txt
OK    /Volumes/Samsung 990-2/100 Hours/Garments/MTL-BPT00301-007.aac -> gs://100hr-data/Garments/IMU/MTL-BPT00301-007.aac
OK    /Volumes/Samsung 990-2/100 Hours/Garments/MTL-BPT00301-013.aac -> gs://100hr-data/Garments/IMU/MTL-BPT00301-013.aac
OK    /Volumes/Samsung 990-2/100 Hours/Garments/MTL-BPT00311-134.mp4 -> gs://100hr-data/Garments/Videos/MTL-BPT00311-134.mp4
OK    /Volumes/Samsung 990-2/100 Hours/Garments/MTL-BPT00311-007.aac -> gs://100hr-data/Garments/IMU/MTL-BPT00311-007.aac
OK    /Volumes/Samsung 990-2/100 Hours/Garments/MTL-BPT00302-074.txt -> gs://100hr-data/Garments/IMU/MTL-BPT00302-074.txt
OK    /Volumes/Samsung 990-2/100 Hours/Garments/MTL-BPT00302-060.txt -> gs://100hr-data/Garments/IMU/MTL-BPT00302-060.txt
OK    /Volumes/Samsung 990-2/100 Hours/Garments/MTL-BPT00311-108.mp4 -> gs://100hr-data/Garments/Videos/MTL-BPT00311-108.mp4
OK    /Volumes/Samsung 990-2/100 Hours/Garments/MTL-BPT00302-061.txt -> gs://100hr-data/Garments/IMU/MTL-BPT00302-061.txt
OK    /Volumes/Samsung 990-2/100 Hours/Garments/MTL-BPT00311-109.mp4 -> gs://100hr-data/Garments/Videos/MTL-BPT00311-109.mp4
OK    /Volumes/Samsung 990-2/100 Hours/Garments/MTL-BPT00302-075.txt -> gs://100hr-data/Garments/IMU/MTL-BPT00302-075.txt
OK    /Volumes/Samsung 990-2/100 Hours/Garments/MTL-BPT00301-012.aac -> gs://100hr-data/Garments/IMU/MTL-BPT00301-012.aac
OK    /Volumes/Samsung 990-2/100 Hours/Garments/MTL-BPT00311-006.aac -> gs://100hr-data/Garments/IMU/MTL-BPT00311-006.aac
OK    /Volumes/Samsung 990-2/100 Hours/Garments/MTL-BPT00311-135.mp4 -> gs://100hr-data/Garments/Videos/MTL-BPT00311-135.mp4
OK    /Volumes/Samsung 990-2/100 Hours/Garments/MTL-BPT00311-121.mp4 -> gs://100hr-data/Garments/Videos/MTL-BPT00311-121.mp4
OK    /Volumes/Samsung 990-2/100 Hours/Garments/MTL-BPT00311-012.aac -> gs://100hr-data/Garments/IMU/MTL-BPT00311-012.aac
OK    /Volumes/Samsung 990-2/100 Hours/Garments/MTL-BPT00301-006.aac -> gs://100hr-data/Garments/IMU/MTL-BPT00301-006.aac
OK    /Volumes/Samsung 990-2/100 Hours/Garments/MTL-BPT00302-049.txt -> gs://100hr-data/Garments/IMU/MTL-BPT00302-049.txt
OK    /Volumes/Samsung 990-2/100 Hours/Garments/MTL-BPT00302-009.mp4 -> gs://100hr-data/Garments/Videos/MTL-BPT00302-009.mp4
OK    /Volumes/Samsung 990-2/100 Hours/Garments/MTL-BPT00302-021.mp4 -> gs://100hr-data/Garments/Videos/MTL-BPT00302-021.mp4
OK    /Volumes/Samsung 990-2/100 Hours/Garments/MTL-BPT00302-112.aac -> gs://100hr-data/Garments/IMU/MTL-BPT00302-112.aac
OK    /Volumes/Samsung 990-2/100 Hours/Garments/MTL-BPT00302-106.aac -> gs://100hr-data/Garments/IMU/MTL-BPT00302-106.aac
OK    /Volumes/Samsung 990-2/100 Hours/Garments/MTL-BPT00302-035.mp4 -> gs://100hr-data/Garments/Videos/MTL-BPT00302-035.mp4
OK    /Volumes/Samsung 990-2/100 Hours/Garments/MTL-BPT00306-091.aac -> gs://100hr-data/Garments/IMU/MTL-BPT00306-091.aac
OK    /Volumes/Samsung 990-2/100 Hours/Garments/MTL-BPT00325-072.txt -> gs://100hr-data/Garments/IMU/MTL-BPT00325-072.txt
OK    /Volumes/Samsung 990-2/100 Hours/Garments/MTL-BPT00310-017.aac -> gs://100hr-data/Garments/IMU/MTL-BPT00310-017.aac
OK    /Volumes/Samsung 990-2/100 Hours/Garments/MTL-BPT00308-056.mp4 -> gs://100hr-data/Garments/Videos/MTL-BPT00308-056.mp4
OK    /Volumes/Samsung 990-2/100 Hours/Garments/MTL-BPT00308-042.mp4 -> gs://100hr-data/Garments/Videos/MTL-BPT00308-042.mp4
OK    /Volumes/Samsung 990-2/100 Hours/Garments/MTL-BPT00306-109.txt -> gs://100hr-data/Garments/IMU/MTL-BPT00306-109.txt
OK    /Volumes/Samsung 990-2/100 Hours/Garments/MTL-BPT00306-085.aac -> gs://100hr-data/Garments/IMU/MTL-BPT00306-085.aac
OK    /Volumes/Samsung 990-2/100 Hours/Garments/MTL-BPT00325-066.txt -> gs://100hr-data/Garments/IMU/MTL-BPT00325-066.txt
OK    /Volumes/Samsung 990-2/100 Hours/Garments/MTL-BPT00325-101.aac -> gs://100hr-data/Garments/IMU/MTL-BPT00325-101.aac
OK    /Volumes/Samsung 990-2/100 Hours/Garments/MTL-BPT00325-032.mp4 -> gs://100hr-data/Garments/Videos/MTL-BPT00325-032.mp4
OK    /Volumes/Samsung 990-2/100 Hours/Garments/MTL-BPT00308-016.txt -> gs://100hr-data/Garments/IMU/MTL-BPT00308-016.txt
OK    /Volumes/Samsung 990-2/100 Hours/Garments/MTL-BPT00325-026.mp4 -> gs://100hr-data/Garments/Videos/MTL-BPT00325-026.mp4
OK    /Volumes/Samsung 990-2/100 Hours/Garments/MTL-BPT00325-099.txt -> gs://100hr-data/Garments/IMU/MTL-BPT00325-099.txt
OK    /Volumes/Samsung 990-2/100 Hours/Garments/MTL-BPT00325-115.aac -> gs://100hr-data/Garments/IMU/MTL-BPT00325-115.aac
OK    /Volumes/Samsung 990-2/100 Hours/Garments/MTL-BPT00306-052.aac -> gs://100hr-data/Garments/IMU/MTL-BPT00306-052.aac
OK    /Volumes/Samsung 990-2/100 Hours/Garments/MTL-BPT00308-081.mp4 -> gs://100hr-data/Garments/Videos/MTL-BPT00308-081.mp4
OK    /Volumes/Samsung 990-2/100 Hours/Garments/MTL-BPT00306-046.aac -> gs://100hr-data/Garments/IMU/MTL-BPT00306-046.aac
OK    /Volumes/Samsung 990-2/100 Hours/Garments/MTL-BPT00325-129.aac -> gs://100hr-data/Garments/IMU/MTL-BPT00325-129.aac
OK    /Volumes/Samsung 990-2/100 Hours/Garments/MTL-BPT00306-055.txt -> gs://100hr-data/Garments/IMU/MTL-BPT00306-055.txt
OK    /Volumes/Samsung 990-2/100 Hours/Garments/MTL-BPT00308-039.aac -> gs://100hr-data/Garments/IMU/MTL-BPT00308-039.aac
OK    /Volumes/Samsung 990-2/100 Hours/Garments/MTL-BPT00306-041.txt -> gs://100hr-data/Garments/IMU/MTL-BPT00306-041.txt
OK    /Volumes/Samsung 990-2/100 Hours/Garments/MTL-BPT00325-106.txt -> gs://100hr-data/Garments/IMU/MTL-BPT00325-106.txt
OK    /Volumes/Samsung 990-2/100 Hours/Garments/MTL-BPT00306-069.txt -> gs://100hr-data/Garments/IMU/MTL-BPT00306-069.txt
OK    /Volumes/Samsung 990-2/100 Hours/Garments/MTL-BPT00308-011.aac -> gs://100hr-data/Garments/IMU/MTL-BPT00308-011.aac
OK    /Volumes/Samsung 990-2/100 Hours/Garments/MTL-BPT00325-112.txt -> gs://100hr-data/Garments/IMU/MTL-BPT00325-112.txt
OK    /Volumes/Samsung 990-2/100 Hours/Garments/MTL-BPT00310-044.mp4 -> gs://100hr-data/Garments/Videos/MTL-BPT00310-044.mp4
OK    /Volumes/Samsung 990-2/100 Hours/Garments/MTL-BPT00306-096.txt -> gs://100hr-data/Garments/IMU/MTL-BPT00306-096.txt
OK    /Volumes/Samsung 990-2/100 Hours/Garments/MTL-BPT00325-075.aac -> gs://100hr-data/Garments/IMU/MTL-BPT00325-075.aac
OK    /Volumes/Samsung 990-2/100 Hours/Garments/MTL-BPT00310-010.txt -> gs://100hr-data/Garments/IMU/MTL-BPT00310-010.txt
OK    /Volumes/Samsung 990-2/100 Hours/Garments/MTL-BPT00306-029.mp4 -> gs://100hr-data/Garments/Videos/MTL-BPT00306-029.mp4
OK    /Volumes/Samsung 990-2/100 Hours/Garments/MTL-BPT00306-082.txt -> gs://100hr-data/Garments/IMU/MTL-BPT00306-082.txt
OK    /Volumes/Samsung 990-2/100 Hours/Garments/MTL-BPT00325-061.aac -> gs://100hr-data/Garments/IMU/MTL-BPT00325-061.aac
OK    /Volumes/Samsung 990-2/100 Hours/Garments/MTL-BPT00306-015.mp4 -> gs://100hr-data/Garments/Videos/MTL-BPT00306-015.mp4
OK    /Volumes/Samsung 990-2/100 Hours/Garments/MTL-BPT00325-049.aac -> gs://100hr-data/Garments/IMU/MTL-BPT00325-049.aac
OK    /Volumes/Samsung 990-2/100 Hours/Garments/MTL-BPT00310-038.txt -> gs://100hr-data/Garments/IMU/MTL-BPT00310-038.txt
OK    /Volumes/Samsung 990-2/100 Hours/Garments/MTL-BPT00301-069.mp4 -> gs://100hr-data/Garments/Videos/MTL-BPT00301-069.mp4
OK    /Volumes/Samsung 990-2/100 Hours/Garments/MTL-BPT00302-115.txt -> gs://100hr-data/Garments/IMU/MTL-BPT00302-115.txt
OK    /Volumes/Samsung 990-2/100 Hours/Garments/MTL-BPT00302-099.aac -> gs://100hr-data/Garments/IMU/MTL-BPT00302-099.aac
OK    /Volumes/Samsung 990-2/100 Hours/Garments/MTL-BPT00311-069.mp4 -> gs://100hr-data/Garments/Videos/MTL-BPT00311-069.mp4
OK    /Volumes/Samsung 990-2/100 Hours/Garments/MTL-BPT00302-101.txt -> gs://100hr-data/Garments/IMU/MTL-BPT00302-101.txt
OK    /Volumes/Samsung 990-2/100 Hours/Garments/MTL-BPT00302-129.txt -> gs://100hr-data/Garments/IMU/MTL-BPT00302-129.txt
OK    /Volumes/Samsung 990-2/100 Hours/Garments/MTL-BPT00301-055.mp4 -> gs://100hr-data/Garments/Videos/MTL-BPT00301-055.mp4
OK    /Volumes/Samsung 990-2/100 Hours/Garments/MTL-BPT00311-041.mp4 -> gs://100hr-data/Garments/Videos/MTL-BPT00311-041.mp4
OK    /Volumes/Samsung 990-2/100 Hours/Garments/MTL-BPT00311-055.mp4 -> gs://100hr-data/Garments/Videos/MTL-BPT00311-055.mp4
OK    /Volumes/Samsung 990-2/100 Hours/Garments/MTL-BPT00301-041.mp4 -> gs://100hr-data/Garments/Videos/MTL-BPT00301-041.mp4
OK    /Volumes/Samsung 990-2/100 Hours/Garments/MTL-BPT00301-015.txt -> gs://100hr-data/Garments/IMU/MTL-BPT00301-015.txt
OK    /Volumes/Samsung 990-2/100 Hours/Garments/MTL-BPT00311-015.txt -> gs://100hr-data/Garments/IMU/MTL-BPT00311-015.txt
OK    /Volumes/Samsung 990-2/100 Hours/Garments/MTL-BPT00301-029.txt -> gs://100hr-data/Garments/IMU/MTL-BPT00301-029.txt
OK    /Volumes/Samsung 990-2/100 Hours/Garments/MTL-BPT00311-029.txt -> gs://100hr-data/Garments/IMU/MTL-BPT00311-029.txt
OK    /Volumes/Samsung 990-2/100 Hours/Garments/MTL-BPT00311-096.mp4 -> gs://100hr-data/Garments/Videos/MTL-BPT00311-096.mp4
OK    /Volumes/Samsung 990-2/100 Hours/Garments/MTL-BPT00302-141.mp4 -> gs://100hr-data/Garments/Videos/MTL-BPT00302-141.mp4
OK    /Volumes/Samsung 990-2/100 Hours/Garments/MTL-BPT00311-080.mp4 -> gs://100hr-data/Garments/Videos/MTL-BPT00311-080.mp4
OK    /Volumes/Samsung 990-2/100 Hours/Garments/MTL-BPT00302-143.mp4 -> gs://100hr-data/Garments/Videos/MTL-BPT00302-143.mp4
OK    /Volumes/Samsung 990-2/100 Hours/Garments/MTL-BPT00311-094.mp4 -> gs://100hr-data/Garments/Videos/MTL-BPT00311-094.mp4
OK    /Volumes/Samsung 990-2/100 Hours/Garments/MTL-BPT00301-017.txt -> gs://100hr-data/Garments/IMU/MTL-BPT00301-017.txt
OK    /Volumes/Samsung 990-2/100 Hours/Garments/MTL-BPT00302-058.aac -> gs://100hr-data/Garments/IMU/MTL-BPT00302-058.aac
OK    /Volumes/Samsung 990-2/100 Hours/Garments/MTL-BPT00311-017.txt -> gs://100hr-data/Garments/IMU/MTL-BPT00311-017.txt
OK    /Volumes/Samsung 990-2/100 Hours/Garments/MTL-BPT00311-043.mp4 -> gs://100hr-data/Garments/Videos/MTL-BPT00311-043.mp4
OK    /Volumes/Samsung 990-2/100 Hours/Garments/MTL-BPT00301-057.mp4 -> gs://100hr-data/Garments/Videos/MTL-BPT00301-057.mp4
OK    /Volumes/Samsung 990-2/100 Hours/Garments/MTL-BPT00301-043.mp4 -> gs://100hr-data/Garments/Videos/MTL-BPT00301-043.mp4
OK    /Volumes/Samsung 990-2/100 Hours/Garments/MTL-BPT00311-057.mp4 -> gs://100hr-data/Garments/Videos/MTL-BPT00311-057.mp4
OK    /Volumes/Samsung 990-2/100 Hours/Garments/MTL-BPT00302-117.txt -> gs://100hr-data/Garments/IMU/MTL-BPT00302-117.txt
OK    /Volumes/Samsung 990-2/100 Hours/Garments/MTL-BPT00302-103.txt -> gs://100hr-data/Garments/IMU/MTL-BPT00302-103.txt
OK    /Volumes/Samsung 990-2/100 Hours/Garments/MTL-BPT00306-017.mp4 -> gs://100hr-data/Garments/Videos/MTL-BPT00306-017.mp4
OK    /Volumes/Samsung 990-2/100 Hours/Garments/MTL-BPT00310-012.txt -> gs://100hr-data/Garments/IMU/MTL-BPT00310-012.txt
OK    /Volumes/Samsung 990-2/100 Hours/Garments/MTL-BPT00306-118.aac -> gs://100hr-data/Garments/IMU/MTL-BPT00306-118.aac
OK    /Volumes/Samsung 990-2/100 Hours/Garments/MTL-BPT00306-094.txt -> gs://100hr-data/Garments/IMU/MTL-BPT00306-094.txt
OK    /Volumes/Samsung 990-2/100 Hours/Garments/MTL-BPT00325-077.aac -> gs://100hr-data/Garments/IMU/MTL-BPT00325-077.aac
OK    /Volumes/Samsung 990-2/100 Hours/Garments/MTL-BPT00306-080.txt -> gs://100hr-data/Garments/IMU/MTL-BPT00306-080.txt
OK    /Volumes/Samsung 990-2/100 Hours/Garments/MTL-BPT00325-063.aac -> gs://100hr-data/Garments/IMU/MTL-BPT00325-063.aac
OK    /Volumes/Samsung 990-2/100 Hours/Garments/MTL-BPT00310-006.txt -> gs://100hr-data/Garments/IMU/MTL-BPT00310-006.txt
OK    /Volumes/Samsung 990-2/100 Hours/Garments/MTL-BPT00308-013.aac -> gs://100hr-data/Garments/IMU/MTL-BPT00308-013.aac
OK    /Volumes/Samsung 990-2/100 Hours/Garments/MTL-BPT00325-088.aac -> gs://100hr-data/Garments/IMU/MTL-BPT00325-088.aac
OK    /Volumes/Samsung 990-2/100 Hours/Garments/MTL-BPT00325-104.txt -> gs://100hr-data/Garments/IMU/MTL-BPT00325-104.txt
OK    /Volumes/Samsung 990-2/100 Hours/Garments/MTL-BPT00310-046.mp4 -> gs://100hr-data/Garments/Videos/MTL-BPT00310-046.mp4
OK    /Volumes/Samsung 990-2/100 Hours/Garments/MTL-BPT00325-110.txt -> gs://100hr-data/Garments/IMU/MTL-BPT00325-110.txt
OK    /Volumes/Samsung 990-2/100 Hours/Garments/MTL-BPT00308-007.aac -> gs://100hr-data/Garments/IMU/MTL-BPT00308-007.aac
OK    /Volumes/Samsung 990-2/100 Hours/Garments/MTL-BPT00306-057.txt -> gs://100hr-data/Garments/IMU/MTL-BPT00306-057.txt
OK    /Volumes/Samsung 990-2/100 Hours/Garments/MTL-BPT00306-043.txt -> gs://100hr-data/Garments/IMU/MTL-BPT00306-043.txt
OK    /Volumes/Samsung 990-2/100 Hours/Garments/MTL-BPT00308-028.txt -> gs://100hr-data/Garments/IMU/MTL-BPT00308-028.txt
OK    /Volumes/Samsung 990-2/100 Hours/Garments/MTL-BPT00306-050.aac -> gs://100hr-data/Garments/IMU/MTL-BPT00306-050.aac
OK    /Volumes/Samsung 990-2/100 Hours/Garments/MTL-BPT00325-018.mp4 -> gs://100hr-data/Garments/Videos/MTL-BPT00325-018.mp4
OK    /Volumes/Samsung 990-2/100 Hours/Garments/MTL-BPT00306-044.aac -> gs://100hr-data/Garments/IMU/MTL-BPT00306-044.aac
OK    /Volumes/Samsung 990-2/100 Hours/Garments/MTL-BPT00308-083.mp4 -> gs://100hr-data/Garments/Videos/MTL-BPT00308-083.mp4
OK    /Volumes/Samsung 990-2/100 Hours/Garments/MTL-BPT00308-014.txt -> gs://100hr-data/Garments/IMU/MTL-BPT00308-014.txt
OK    /Volumes/Samsung 990-2/100 Hours/Garments/MTL-BPT00325-030.mp4 -> gs://100hr-data/Garments/Videos/MTL-BPT00325-030.mp4
OK    /Volumes/Samsung 990-2/100 Hours/Garments/MTL-BPT00325-103.aac -> gs://100hr-data/Garments/IMU/MTL-BPT00325-103.aac
OK    /Volumes/Samsung 990-2/100 Hours/Garments/MTL-BPT00325-117.aac -> gs://100hr-data/Garments/IMU/MTL-BPT00325-117.aac
OK    /Volumes/Samsung 990-2/100 Hours/Garments/MTL-BPT00306-078.aac -> gs://100hr-data/Garments/IMU/MTL-BPT00306-078.aac
OK    /Volumes/Samsung 990-2/100 Hours/Garments/MTL-BPT00325-024.mp4 -> gs://100hr-data/Garments/Videos/MTL-BPT00325-024.mp4
OK    /Volumes/Samsung 990-2/100 Hours/Garments/MTL-BPT00308-054.mp4 -> gs://100hr-data/Garments/Videos/MTL-BPT00308-054.mp4
OK    /Volumes/Samsung 990-2/100 Hours/Garments/MTL-BPT00310-015.aac -> gs://100hr-data/Garments/IMU/MTL-BPT00310-015.aac
OK    /Volumes/Samsung 990-2/100 Hours/Garments/MTL-BPT00306-093.aac -> gs://100hr-data/Garments/IMU/MTL-BPT00306-093.aac
OK    /Volumes/Samsung 990-2/100 Hours/Garments/MTL-BPT00325-070.txt -> gs://100hr-data/Garments/IMU/MTL-BPT00325-070.txt
OK    /Volumes/Samsung 990-2/100 Hours/Garments/MTL-BPT00306-087.aac -> gs://100hr-data/Garments/IMU/MTL-BPT00306-087.aac
OK    /Volumes/Samsung 990-2/100 Hours/Garments/MTL-BPT00325-064.txt -> gs://100hr-data/Garments/IMU/MTL-BPT00325-064.txt
OK    /Volumes/Samsung 990-2/100 Hours/Garments/MTL-BPT00308-040.mp4 -> gs://100hr-data/Garments/Videos/MTL-BPT00308-040.mp4
OK    /Volumes/Samsung 990-2/100 Hours/Garments/MTL-BPT00308-068.mp4 -> gs://100hr-data/Garments/Videos/MTL-BPT00308-068.mp4
OK    /Volumes/Samsung 990-2/100 Hours/Garments/MTL-BPT00310-029.aac -> gs://100hr-data/Garments/IMU/MTL-BPT00310-029.aac
OK    /Volumes/Samsung 990-2/100 Hours/Garments/MTL-BPT00325-058.txt -> gs://100hr-data/Garments/IMU/MTL-BPT00325-058.txt
OK    /Volumes/Samsung 990-2/100 Hours/Garments/MTL-BPT00302-110.aac -> gs://100hr-data/Garments/IMU/MTL-BPT00302-110.aac
OK    /Volumes/Samsung 990-2/100 Hours/Garments/MTL-BPT00302-023.mp4 -> gs://100hr-data/Garments/Videos/MTL-BPT00302-023.mp4
OK    /Volumes/Samsung 990-2/100 Hours/Garments/MTL-BPT00302-037.mp4 -> gs://100hr-data/Garments/Videos/MTL-BPT00302-037.mp4
OK    /Volumes/Samsung 990-2/100 Hours/Garments/MTL-BPT00302-104.aac -> gs://100hr-data/Garments/IMU/MTL-BPT00302-104.aac
OK    /Volumes/Samsung 990-2/100 Hours/Garments/MTL-BPT00302-088.txt -> gs://100hr-data/Garments/IMU/MTL-BPT00302-088.txt
OK    /Volumes/Samsung 990-2/100 Hours/Garments/MTL-BPT00302-138.aac -> gs://100hr-data/Garments/IMU/MTL-BPT00302-138.aac
OK    /Volumes/Samsung 990-2/100 Hours/Garments/MTL-BPT00301-010.aac -> gs://100hr-data/Garments/IMU/MTL-BPT00301-010.aac
OK    /Volumes/Samsung 990-2/100 Hours/Garments/MTL-BPT00311-010.aac -> gs://100hr-data/Garments/IMU/MTL-BPT00311-010.aac
OK    /Volumes/Samsung 990-2/100 Hours/Garments/MTL-BPT00311-123.mp4 -> gs://100hr-data/Garments/Videos/MTL-BPT00311-123.mp4
OK    /Volumes/Samsung 990-2/100 Hours/Garments/MTL-BPT00311-038.aac -> gs://100hr-data/Garments/IMU/MTL-BPT00311-038.aac
OK    /Volumes/Samsung 990-2/100 Hours/Garments/MTL-BPT00302-063.txt -> gs://100hr-data/Garments/IMU/MTL-BPT00302-063.txt
OK    /Volumes/Samsung 990-2/100 Hours/Garments/MTL-BPT00302-077.txt -> gs://100hr-data/Garments/IMU/MTL-BPT00302-077.txt
OK    /Volumes/Samsung 990-2/100 Hours/Garments/MTL-BPT00301-038.aac -> gs://100hr-data/Garments/IMU/MTL-BPT00301-038.aac
OK    /Volumes/Samsung 990-2/100 Hours/Garments/MTL-BPT00301-039.aac -> gs://100hr-data/Garments/IMU/MTL-BPT00301-039.aac
OK    /Volumes/Samsung 990-2/100 Hours/Garments/MTL-BPT00302-076.txt -> gs://100hr-data/Garments/IMU/MTL-BPT00302-076.txt
OK    /Volumes/Samsung 990-2/100 Hours/Garments/MTL-BPT00311-039.aac -> gs://100hr-data/Garments/IMU/MTL-BPT00311-039.aac
OK    /Volumes/Samsung 990-2/100 Hours/Garments/MTL-BPT00302-062.txt -> gs://100hr-data/Garments/IMU/MTL-BPT00302-062.txt
OK    /Volumes/Samsung 990-2/100 Hours/Garments/MTL-BPT00311-122.mp4 -> gs://100hr-data/Garments/Videos/MTL-BPT00311-122.mp4
OK    /Volumes/Samsung 990-2/100 Hours/Garments/MTL-BPT00311-011.aac -> gs://100hr-data/Garments/IMU/MTL-BPT00311-011.aac
OK    /Volumes/Samsung 990-2/100 Hours/Garments/MTL-BPT00301-011.aac -> gs://100hr-data/Garments/IMU/MTL-BPT00301-011.aac
OK    /Volumes/Samsung 990-2/100 Hours/Garments/MTL-BPT00302-139.aac -> gs://100hr-data/Garments/IMU/MTL-BPT00302-139.aac
OK    /Volumes/Samsung 990-2/100 Hours/Garments/MTL-BPT00302-089.txt -> gs://100hr-data/Garments/IMU/MTL-BPT00302-089.txt
OK    /Volumes/Samsung 990-2/100 Hours/Garments/MTL-BPT00302-105.aac -> gs://100hr-data/Garments/IMU/MTL-BPT00302-105.aac
OK    /Volumes/Samsung 990-2/100 Hours/Garments/MTL-BPT00302-036.mp4 -> gs://100hr-data/Garments/Videos/MTL-BPT00302-036.mp4
OK    /Volumes/Samsung 990-2/100 Hours/Garments/MTL-BPT00302-022.mp4 -> gs://100hr-data/Garments/Videos/MTL-BPT00302-022.mp4
OK    /Volumes/Samsung 990-2/100 Hours/Garments/MTL-BPT00302-111.aac -> gs://100hr-data/Garments/IMU/MTL-BPT00302-111.aac
OK    /Volumes/Samsung 990-2/100 Hours/Garments/MTL-BPT00325-059.txt -> gs://100hr-data/Garments/IMU/MTL-BPT00325-059.txt
OK    /Volumes/Samsung 990-2/100 Hours/Garments/MTL-BPT00308-069.mp4 -> gs://100hr-data/Garments/Videos/MTL-BPT00308-069.mp4
OK    /Volumes/Samsung 990-2/100 Hours/Garments/MTL-BPT00310-028.aac -> gs://100hr-data/Garments/IMU/MTL-BPT00310-028.aac
OK    /Volumes/Samsung 990-2/100 Hours/Garments/MTL-BPT00325-065.txt -> gs://100hr-data/Garments/IMU/MTL-BPT00325-065.txt
OK    /Volumes/Samsung 990-2/100 Hours/Garments/MTL-BPT00306-086.aac -> gs://100hr-data/Garments/IMU/MTL-BPT00306-086.aac
OK    /Volumes/Samsung 990-2/100 Hours/Garments/MTL-BPT00308-041.mp4 -> gs://100hr-data/Garments/Videos/MTL-BPT00308-041.mp4
OK    /Volumes/Samsung 990-2/100 Hours/Garments/MTL-BPT00308-055.mp4 -> gs://100hr-data/Garments/Videos/MTL-BPT00308-055.mp4
OK    /Volumes/Samsung 990-2/100 Hours/Garments/MTL-BPT00325-071.txt -> gs://100hr-data/Garments/IMU/MTL-BPT00325-071.txt
OK    /Volumes/Samsung 990-2/100 Hours/Garments/MTL-BPT00306-092.aac -> gs://100hr-data/Garments/IMU/MTL-BPT00306-092.aac
OK    /Volumes/Samsung 990-2/100 Hours/Garments/MTL-BPT00310-014.aac -> gs://100hr-data/Garments/IMU/MTL-BPT00310-014.aac
OK    /Volumes/Samsung 990-2/100 Hours/Garments/MTL-BPT00325-025.mp4 -> gs://100hr-data/Garments/Videos/MTL-BPT00325-025.mp4
OK    /Volumes/Samsung 990-2/100 Hours/Garments/MTL-BPT00306-079.aac -> gs://100hr-data/Garments/IMU/MTL-BPT00306-079.aac
OK    /Volumes/Samsung 990-2/100 Hours/Garments/MTL-BPT00325-116.aac -> gs://100hr-data/Garments/IMU/MTL-BPT00325-116.aac
OK    /Volumes/Samsung 990-2/100 Hours/Garments/MTL-BPT00308-015.txt -> gs://100hr-data/Garments/IMU/MTL-BPT00308-015.txt
OK    /Volumes/Samsung 990-2/100 Hours/Garments/MTL-BPT00325-102.aac -> gs://100hr-data/Garments/IMU/MTL-BPT00325-102.aac
OK    /Volumes/Samsung 990-2/100 Hours/Garments/MTL-BPT00325-031.mp4 -> gs://100hr-data/Garments/Videos/MTL-BPT00325-031.mp4
OK    /Volumes/Samsung 990-2/100 Hours/Garments/MTL-BPT00306-045.aac -> gs://100hr-data/Garments/IMU/MTL-BPT00306-045.aac
OK    /Volumes/Samsung 990-2/100 Hours/Garments/MTL-BPT00325-019.mp4 -> gs://100hr-data/Garments/Videos/MTL-BPT00325-019.mp4
OK    /Volumes/Samsung 990-2/100 Hours/Garments/MTL-BPT00308-082.mp4 -> gs://100hr-data/Garments/Videos/MTL-BPT00308-082.mp4
OK    /Volumes/Samsung 990-2/100 Hours/Garments/MTL-BPT00308-029.txt -> gs://100hr-data/Garments/IMU/MTL-BPT00308-029.txt
OK    /Volumes/Samsung 990-2/100 Hours/Garments/MTL-BPT00306-051.aac -> gs://100hr-data/Garments/IMU/MTL-BPT00306-051.aac
OK    /Volumes/Samsung 990-2/100 Hours/Garments/MTL-BPT00306-042.txt -> gs://100hr-data/Garments/IMU/MTL-BPT00306-042.txt
OK    /Volumes/Samsung 990-2/100 Hours/Garments/MTL-BPT00306-056.txt -> gs://100hr-data/Garments/IMU/MTL-BPT00306-056.txt
OK    /Volumes/Samsung 990-2/100 Hours/Garments/MTL-BPT00325-111.txt -> gs://100hr-data/Garments/IMU/MTL-BPT00325-111.txt
OK    /Volumes/Samsung 990-2/100 Hours/Garments/MTL-BPT00308-006.aac -> gs://100hr-data/Garments/IMU/MTL-BPT00308-006.aac
OK    /Volumes/Samsung 990-2/100 Hours/Garments/MTL-BPT00308-012.aac -> gs://100hr-data/Garments/IMU/MTL-BPT00308-012.aac
OK    /Volumes/Samsung 990-2/100 Hours/Garments/MTL-BPT00325-105.txt -> gs://100hr-data/Garments/IMU/MTL-BPT00325-105.txt
OK    /Volumes/Samsung 990-2/100 Hours/Garments/MTL-BPT00325-089.aac -> gs://100hr-data/Garments/IMU/MTL-BPT00325-089.aac
OK    /Volumes/Samsung 990-2/100 Hours/Garments/MTL-BPT00310-007.txt -> gs://100hr-data/Garments/IMU/MTL-BPT00310-007.txt
OK    /Volumes/Samsung 990-2/100 Hours/Garments/MTL-BPT00325-062.aac -> gs://100hr-data/Garments/IMU/MTL-BPT00325-062.aac
OK    /Volumes/Samsung 990-2/100 Hours/Garments/MTL-BPT00306-081.txt -> gs://100hr-data/Garments/IMU/MTL-BPT00306-081.txt
OK    /Volumes/Samsung 990-2/100 Hours/Garments/MTL-BPT00325-076.aac -> gs://100hr-data/Garments/IMU/MTL-BPT00325-076.aac
OK    /Volumes/Samsung 990-2/100 Hours/Garments/MTL-BPT00306-095.txt -> gs://100hr-data/Garments/IMU/MTL-BPT00306-095.txt
OK    /Volumes/Samsung 990-2/100 Hours/Garments/MTL-BPT00306-119.aac -> gs://100hr-data/Garments/IMU/MTL-BPT00306-119.aac
OK    /Volumes/Samsung 990-2/100 Hours/Garments/MTL-BPT00310-013.txt -> gs://100hr-data/Garments/IMU/MTL-BPT00310-013.txt
OK    /Volumes/Samsung 990-2/100 Hours/Garments/MTL-BPT00306-016.mp4 -> gs://100hr-data/Garments/Videos/MTL-BPT00306-016.mp4
OK    /Volumes/Samsung 990-2/100 Hours/Garments/MTL-BPT00302-102.txt -> gs://100hr-data/Garments/IMU/MTL-BPT00302-102.txt
OK    /Volumes/Samsung 990-2/100 Hours/Garments/MTL-BPT00302-116.txt -> gs://100hr-data/Garments/IMU/MTL-BPT00302-116.txt
OK    /Volumes/Samsung 990-2/100 Hours/Garments/MTL-BPT00301-042.mp4 -> gs://100hr-data/Garments/Videos/MTL-BPT00301-042.mp4
OK    /Volumes/Samsung 990-2/100 Hours/Garments/MTL-BPT00311-056.mp4 -> gs://100hr-data/Garments/Videos/MTL-BPT00311-056.mp4
OK    /Volumes/Samsung 990-2/100 Hours/Garments/MTL-BPT00311-042.mp4 -> gs://100hr-data/Garments/Videos/MTL-BPT00311-042.mp4
OK    /Volumes/Samsung 990-2/100 Hours/Garments/MTL-BPT00301-056.mp4 -> gs://100hr-data/Garments/Videos/MTL-BPT00301-056.mp4
OK    /Volumes/Samsung 990-2/100 Hours/Garments/MTL-BPT00311-016.txt -> gs://100hr-data/Garments/IMU/MTL-BPT00311-016.txt
OK    /Volumes/Samsung 990-2/100 Hours/Garments/MTL-BPT00302-059.aac -> gs://100hr-data/Garments/IMU/MTL-BPT00302-059.aac
OK    /Volumes/Samsung 990-2/100 Hours/Garments/MTL-BPT00301-016.txt -> gs://100hr-data/Garments/IMU/MTL-BPT00301-016.txt
OK    /Volumes/Samsung 990-2/100 Hours/Garments/MTL-BPT00302-142.mp4 -> gs://100hr-data/Garments/Videos/MTL-BPT00302-142.mp4
OK    /Volumes/Samsung 990-2/100 Hours/Garments/MTL-BPT00311-095.mp4 -> gs://100hr-data/Garments/Videos/MTL-BPT00311-095.mp4
OK    /Volumes/Samsung 990-2/100 Hours/Garments/MTL-BPT00311-065.txt -> gs://100hr-data/Garments/IMU/MTL-BPT00311-065.txt
OK    /Volumes/Samsung 990-2/100 Hours/Garments/MTL-BPT00302-119.mp4 -> gs://100hr-data/Garments/Videos/MTL-BPT00302-119.mp4
OK    /Volumes/Samsung 990-2/100 Hours/Garments/MTL-BPT00301-065.txt -> gs://100hr-data/Garments/IMU/MTL-BPT00301-065.txt
OK    /Volumes/Samsung 990-2/100 Hours/Garments/MTL-BPT00311-071.txt -> gs://100hr-data/Garments/IMU/MTL-BPT00311-071.txt
OK    /Volumes/Samsung 990-2/100 Hours/Garments/MTL-BPT00311-059.txt -> gs://100hr-data/Garments/IMU/MTL-BPT00311-059.txt
OK    /Volumes/Samsung 990-2/100 Hours/Garments/MTL-BPT00302-131.mp4 -> gs://100hr-data/Garments/Videos/MTL-BPT00302-131.mp4
OK    /Volumes/Samsung 990-2/100 Hours/Garments/MTL-BPT00301-059.txt -> gs://100hr-data/Garments/IMU/MTL-BPT00301-059.txt
OK    /Volumes/Samsung 990-2/100 Hours/Garments/MTL-BPT00302-016.aac -> gs://100hr-data/Garments/IMU/MTL-BPT00302-016.aac
OK    /Volumes/Samsung 990-2/100 Hours/Garments/MTL-BPT00302-125.mp4 -> gs://100hr-data/Garments/Videos/MTL-BPT00302-125.mp4
OK    /Volumes/Samsung 990-2/100 Hours/Garments/MTL-BPT00311-019.mp4 -> gs://100hr-data/Garments/Videos/MTL-BPT00311-019.mp4
OK    /Volumes/Samsung 990-2/100 Hours/Garments/MTL-BPT00301-019.mp4 -> gs://100hr-data/Garments/Videos/MTL-BPT00301-019.mp4
OK    /Volumes/Samsung 990-2/100 Hours/Garments/MTL-BPT00311-116.aac -> gs://100hr-data/Garments/IMU/MTL-BPT00311-116.aac
OK    /Volumes/Samsung 990-2/100 Hours/Garments/MTL-BPT00311-025.mp4 -> gs://100hr-data/Garments/Videos/MTL-BPT00311-025.mp4
OK    /Volumes/Samsung 990-2/100 Hours/Garments/MTL-BPT00301-031.mp4 -> gs://100hr-data/Garments/Videos/MTL-BPT00301-031.mp4
OK    /Volumes/Samsung 990-2/100 Hours/Garments/MTL-BPT00301-025.mp4 -> gs://100hr-data/Garments/Videos/MTL-BPT00301-025.mp4
OK    /Volumes/Samsung 990-2/100 Hours/Garments/MTL-BPT00311-031.mp4 -> gs://100hr-data/Garments/Videos/MTL-BPT00311-031.mp4
OK    /Volumes/Samsung 990-2/100 Hours/Garments/MTL-BPT00311-102.aac -> gs://100hr-data/Garments/IMU/MTL-BPT00311-102.aac
OK    /Volumes/Samsung 990-2/100 Hours/Garments/MTL-BPT00325-011.aac -> gs://100hr-data/Garments/IMU/MTL-BPT00325-011.aac
OK    /Volumes/Samsung 990-2/100 Hours/Garments/MTL-BPT00325-122.mp4 -> gs://100hr-data/Garments/Videos/MTL-BPT00325-122.mp4
OK    /Volumes/Samsung 990-2/100 Hours/Garments/MTL-BPT00310-074.txt -> gs://100hr-data/Garments/IMU/MTL-BPT00310-074.txt
OK    /Volumes/Samsung 990-2/100 Hours/Garments/MTL-BPT00306-059.mp4 -> gs://100hr-data/Garments/Videos/MTL-BPT00306-059.mp4
OK    /Volumes/Samsung 990-2/100 Hours/Garments/MTL-BPT00306-071.mp4 -> gs://100hr-data/Garments/Videos/MTL-BPT00306-071.mp4
OK    /Volumes/Samsung 990-2/100 Hours/Garments/MTL-BPT00325-039.aac -> gs://100hr-data/Garments/IMU/MTL-BPT00325-039.aac
OK    /Volumes/Samsung 990-2/100 Hours/Garments/MTL-BPT00306-065.mp4 -> gs://100hr-data/Garments/Videos/MTL-BPT00306-065.mp4
OK    /Volumes/Samsung 990-2/100 Hours/Garments/MTL-BPT00308-049.aac -> gs://100hr-data/Garments/IMU/MTL-BPT00308-049.aac
OK    /Volumes/Samsung 990-2/100 Hours/Garments/MTL-BPT00306-031.txt -> gs://100hr-data/Garments/IMU/MTL-BPT00306-031.txt
OK    /Volumes/Samsung 990-2/100 Hours/Garments/MTL-BPT00310-008.mp4 -> gs://100hr-data/Garments/Videos/MTL-BPT00310-008.mp4
OK    /Volumes/Samsung 990-2/100 Hours/Garments/MTL-BPT00306-025.txt -> gs://100hr-data/Garments/IMU/MTL-BPT00306-025.txt
OK    /Volumes/Samsung 990-2/100 Hours/Garments/MTL-BPT00308-075.aac -> gs://100hr-data/Garments/IMU/MTL-BPT00308-075.aac
OK    /Volumes/Samsung 990-2/100 Hours/Garments/MTL-BPT00310-034.mp4 -> gs://100hr-data/Garments/Videos/MTL-BPT00310-034.mp4
OK    /Volumes/Samsung 990-2/100 Hours/Garments/MTL-BPT00306-019.txt -> gs://100hr-data/Garments/IMU/MTL-BPT00306-019.txt
OK    /Volumes/Samsung 990-2/100 Hours/Garments/MTL-BPT00310-020.mp4 -> gs://100hr-data/Garments/Videos/MTL-BPT00310-020.mp4
OK    /Volumes/Samsung 990-2/100 Hours/Garments/MTL-BPT00308-061.aac -> gs://100hr-data/Garments/IMU/MTL-BPT00308-061.aac
OK    /Volumes/Samsung 990-2/100 Hours/Garments/MTL-BPT00308-072.txt -> gs://100hr-data/Garments/IMU/MTL-BPT00308-072.txt
OK    /Volumes/Samsung 990-2/100 Hours/Garments/MTL-BPT00325-056.mp4 -> gs://100hr-data/Garments/Videos/MTL-BPT00325-056.mp4
OK    /Volumes/Samsung 990-2/100 Hours/Garments/MTL-BPT00325-042.mp4 -> gs://100hr-data/Garments/Videos/MTL-BPT00325-042.mp4
OK    /Volumes/Samsung 990-2/100 Hours/Garments/MTL-BPT00308-066.txt -> gs://100hr-data/Garments/IMU/MTL-BPT00308-066.txt
OK    /Volumes/Samsung 990-2/100 Hours/Garments/MTL-BPT00306-105.mp4 -> gs://100hr-data/Garments/Videos/MTL-BPT00306-105.mp4
OK    /Volumes/Samsung 990-2/100 Hours/Garments/MTL-BPT00306-036.aac -> gs://100hr-data/Garments/IMU/MTL-BPT00306-036.aac
OK    /Volumes/Samsung 990-2/100 Hours/Garments/MTL-BPT00306-022.aac -> gs://100hr-data/Garments/IMU/MTL-BPT00306-022.aac
OK    /Volumes/Samsung 990-2/100 Hours/Garments/MTL-BPT00306-111.mp4 -> gs://100hr-data/Garments/Videos/MTL-BPT00306-111.mp4
OK    /Volumes/Samsung 990-2/100 Hours/Garments/MTL-BPT00325-095.mp4 -> gs://100hr-data/Garments/Videos/MTL-BPT00325-095.mp4
OK    /Volumes/Samsung 990-2/100 Hours/Garments/MTL-BPT00325-081.mp4 -> gs://100hr-data/Garments/Videos/MTL-BPT00325-081.mp4
OK    /Volumes/Samsung 990-2/100 Hours/Garments/MTL-BPT00308-032.mp4 -> gs://100hr-data/Garments/Videos/MTL-BPT00308-032.mp4
OK    /Volumes/Samsung 990-2/100 Hours/Garments/MTL-BPT00325-016.txt -> gs://100hr-data/Garments/IMU/MTL-BPT00325-016.txt
OK    /Volumes/Samsung 990-2/100 Hours/Garments/MTL-BPT00310-073.aac -> gs://100hr-data/Garments/IMU/MTL-BPT00310-073.aac
OK    /Volumes/Samsung 990-2/100 Hours/Garments/MTL-BPT00308-026.mp4 -> gs://100hr-data/Garments/Videos/MTL-BPT00308-026.mp4
OK    /Volumes/Samsung 990-2/100 Hours/Garments/MTL-BPT00311-111.txt -> gs://100hr-data/Garments/IMU/MTL-BPT00311-111.txt
OK    /Volumes/Samsung 990-2/100 Hours/Garments/MTL-BPT00302-079.mp4 -> gs://100hr-data/Garments/Videos/MTL-BPT00302-079.mp4
OK    /Volumes/Samsung 990-2/100 Hours/Garments/MTL-BPT00311-089.aac -> gs://100hr-data/Garments/IMU/MTL-BPT00311-089.aac
OK    /Volumes/Samsung 990-2/100 Hours/Garments/MTL-BPT00311-105.txt -> gs://100hr-data/Garments/IMU/MTL-BPT00311-105.txt
OK    /Volumes/Samsung 990-2/100 Hours/Garments/MTL-BPT00302-045.mp4 -> gs://100hr-data/Garments/Videos/MTL-BPT00302-045.mp4
OK    /Volumes/Samsung 990-2/100 Hours/Garments/MTL-BPT00302-051.mp4 -> gs://100hr-data/Garments/Videos/MTL-BPT00302-051.mp4
OK    /Volumes/Samsung 990-2/100 Hours/Garments/MTL-BPT00302-005.txt -> gs://100hr-data/Garments/IMU/MTL-BPT00302-005.txt
OK    /Volumes/Samsung 990-2/100 Hours/Garments/MTL-BPT00302-011.txt -> gs://100hr-data/Garments/IMU/MTL-BPT00302-011.txt
OK    /Volumes/Samsung 990-2/100 Hours/Garments/MTL-BPT00311-062.aac -> gs://100hr-data/Garments/IMU/MTL-BPT00311-062.aac
OK    /Volumes/Samsung 990-2/100 Hours/Garments/MTL-BPT00302-039.txt -> gs://100hr-data/Garments/IMU/MTL-BPT00302-039.txt
OK    /Volumes/Samsung 990-2/100 Hours/Garments/MTL-BPT00302-086.mp4 -> gs://100hr-data/Garments/Videos/MTL-BPT00302-086.mp4
OK    /Volumes/Samsung 990-2/100 Hours/Garments/MTL-BPT00302-092.mp4 -> gs://100hr-data/Garments/Videos/MTL-BPT00302-092.mp4
OK    /Volumes/Samsung 990-2/100 Hours/Garments/MTL-BPT00301-062.aac -> gs://100hr-data/Garments/IMU/MTL-BPT00301-062.aac
OK    /Volumes/Samsung 990-2/100 Hours/Garments/MTL-BPT00311-076.aac -> gs://100hr-data/Garments/IMU/MTL-BPT00311-076.aac
OK    /Volumes/Samsung 990-2/100 Hours/Garments/MTL-BPT00301-063.aac -> gs://100hr-data/Garments/IMU/MTL-BPT00301-063.aac
OK    /Volumes/Samsung 990-2/100 Hours/Garments/MTL-BPT00302-093.mp4 -> gs://100hr-data/Garments/Videos/MTL-BPT00302-093.mp4
OK    /Volumes/Samsung 990-2/100 Hours/Garments/MTL-BPT00311-077.aac -> gs://100hr-data/Garments/IMU/MTL-BPT00311-077.aac
OK    /Volumes/Samsung 990-2/100 Hours/Garments/MTL-BPT00311-063.aac -> gs://100hr-data/Garments/IMU/MTL-BPT00311-063.aac
OK    /Volumes/Samsung 990-2/100 Hours/Garments/MTL-BPT00302-087.mp4 -> gs://100hr-data/Garments/Videos/MTL-BPT00302-087.mp4
OK    /Volumes/Samsung 990-2/100 Hours/Garments/MTL-BPT00302-038.txt -> gs://100hr-data/Garments/IMU/MTL-BPT00302-038.txt
OK    /Volumes/Samsung 990-2/100 Hours/Garments/MTL-BPT00302-010.txt -> gs://100hr-data/Garments/IMU/MTL-BPT00302-010.txt
OK    /Volumes/Samsung 990-2/100 Hours/Garments/MTL-BPT00302-004.txt -> gs://100hr-data/Garments/IMU/MTL-BPT00302-004.txt
OK    /Volumes/Samsung 990-2/100 Hours/Garments/MTL-BPT00302-050.mp4 -> gs://100hr-data/Garments/Videos/MTL-BPT00302-050.mp4
OK    /Volumes/Samsung 990-2/100 Hours/Garments/MTL-BPT00302-044.mp4 -> gs://100hr-data/Garments/Videos/MTL-BPT00302-044.mp4
OK    /Volumes/Samsung 990-2/100 Hours/Garments/MTL-BPT00311-104.txt -> gs://100hr-data/Garments/IMU/MTL-BPT00311-104.txt
OK    /Volumes/Samsung 990-2/100 Hours/Garments/MTL-BPT00311-088.aac -> gs://100hr-data/Garments/IMU/MTL-BPT00311-088.aac
OK    /Volumes/Samsung 990-2/100 Hours/Garments/MTL-BPT00311-110.txt -> gs://100hr-data/Garments/IMU/MTL-BPT00311-110.txt
OK    /Volumes/Samsung 990-2/100 Hours/Garments/MTL-BPT00302-078.mp4 -> gs://100hr-data/Garments/Videos/MTL-BPT00302-078.mp4
OK    /Volumes/Samsung 990-2/100 Hours/Garments/MTL-BPT00308-027.mp4 -> gs://100hr-data/Garments/Videos/MTL-BPT00308-027.mp4
OK    /Volumes/Samsung 990-2/100 Hours/Garments/MTL-BPT00308-033.mp4 -> gs://100hr-data/Garments/Videos/MTL-BPT00308-033.mp4
OK    /Volumes/Samsung 990-2/100 Hours/Garments/MTL-BPT00310-072.aac -> gs://100hr-data/Garments/IMU/MTL-BPT00310-072.aac
OK    /Volumes/Samsung 990-2/100 Hours/Garments/MTL-BPT00325-017.txt -> gs://100hr-data/Garments/IMU/MTL-BPT00325-017.txt
OK    /Volumes/Samsung 990-2/100 Hours/Garments/MTL-BPT00325-080.mp4 -> gs://100hr-data/Garments/Videos/MTL-BPT00325-080.mp4
OK    /Volumes/Samsung 990-2/100 Hours/Garments/MTL-BPT00325-094.mp4 -> gs://100hr-data/Garments/Videos/MTL-BPT00325-094.mp4
OK    /Volumes/Samsung 990-2/100 Hours/Garments/MTL-BPT00306-110.mp4 -> gs://100hr-data/Garments/Videos/MTL-BPT00306-110.mp4
OK    /Volumes/Samsung 990-2/100 Hours/Garments/MTL-BPT00306-023.aac -> gs://100hr-data/Garments/IMU/MTL-BPT00306-023.aac
OK    /Volumes/Samsung 990-2/100 Hours/Garments/MTL-BPT00306-037.aac -> gs://100hr-data/Garments/IMU/MTL-BPT00306-037.aac
OK    /Volumes/Samsung 990-2/100 Hours/Garments/MTL-BPT00306-104.mp4 -> gs://100hr-data/Garments/Videos/MTL-BPT00306-104.mp4
OK    /Volumes/Samsung 990-2/100 Hours/Garments/MTL-BPT00325-043.mp4 -> gs://100hr-data/Garments/Videos/MTL-BPT00325-043.mp4
OK    /Volumes/Samsung 990-2/100 Hours/Garments/MTL-BPT00308-067.txt -> gs://100hr-data/Garments/IMU/MTL-BPT00308-067.txt
OK    /Volumes/Samsung 990-2/100 Hours/Garments/MTL-BPT00308-073.txt -> gs://100hr-data/Garments/IMU/MTL-BPT00308-073.txt
OK    /Volumes/Samsung 990-2/100 Hours/Garments/MTL-BPT00325-057.mp4 -> gs://100hr-data/Garments/Videos/MTL-BPT00325-057.mp4
OK    /Volumes/Samsung 990-2/100 Hours/Garments/MTL-BPT00310-021.mp4 -> gs://100hr-data/Garments/Videos/MTL-BPT00310-021.mp4
OK    /Volumes/Samsung 990-2/100 Hours/Garments/MTL-BPT00306-018.txt -> gs://100hr-data/Garments/IMU/MTL-BPT00306-018.txt
OK    /Volumes/Samsung 990-2/100 Hours/Garments/MTL-BPT00308-060.aac -> gs://100hr-data/Garments/IMU/MTL-BPT00308-060.aac
OK    /Volumes/Samsung 990-2/100 Hours/Garments/MTL-BPT00308-074.aac -> gs://100hr-data/Garments/IMU/MTL-BPT00308-074.aac
OK    /Volumes/Samsung 990-2/100 Hours/Garments/MTL-BPT00310-035.mp4 -> gs://100hr-data/Garments/Videos/MTL-BPT00310-035.mp4
OK    /Volumes/Samsung 990-2/100 Hours/Garments/MTL-BPT00306-024.txt -> gs://100hr-data/Garments/IMU/MTL-BPT00306-024.txt
OK    /Volumes/Samsung 990-2/100 Hours/Garments/MTL-BPT00308-048.aac -> gs://100hr-data/Garments/IMU/MTL-BPT00308-048.aac
OK    /Volumes/Samsung 990-2/100 Hours/Garments/MTL-BPT00310-009.mp4 -> gs://100hr-data/Garments/Videos/MTL-BPT00310-009.mp4
OK    /Volumes/Samsung 990-2/100 Hours/Garments/MTL-BPT00306-030.txt -> gs://100hr-data/Garments/IMU/MTL-BPT00306-030.txt
OK    /Volumes/Samsung 990-2/100 Hours/Garments/MTL-BPT00306-064.mp4 -> gs://100hr-data/Garments/Videos/MTL-BPT00306-064.mp4
OK    /Volumes/Samsung 990-2/100 Hours/Garments/MTL-BPT00325-038.aac -> gs://100hr-data/Garments/IMU/MTL-BPT00325-038.aac
OK    /Volumes/Samsung 990-2/100 Hours/Garments/MTL-BPT00306-070.mp4 -> gs://100hr-data/Garments/Videos/MTL-BPT00306-070.mp4
OK    /Volumes/Samsung 990-2/100 Hours/Garments/MTL-BPT00306-058.mp4 -> gs://100hr-data/Garments/Videos/MTL-BPT00306-058.mp4
OK    /Volumes/Samsung 990-2/100 Hours/Garments/MTL-BPT00310-075.txt -> gs://100hr-data/Garments/IMU/MTL-BPT00310-075.txt
OK    /Volumes/Samsung 990-2/100 Hours/Garments/MTL-BPT00325-123.mp4 -> gs://100hr-data/Garments/Videos/MTL-BPT00325-123.mp4
OK    /Volumes/Samsung 990-2/100 Hours/Garments/MTL-BPT00325-010.aac -> gs://100hr-data/Garments/IMU/MTL-BPT00325-010.aac
OK    /Volumes/Samsung 990-2/100 Hours/Garments/MTL-BPT00301-024.mp4 -> gs://100hr-data/Garments/Videos/MTL-BPT00301-024.mp4
OK    /Volumes/Samsung 990-2/100 Hours/Garments/MTL-BPT00311-103.aac -> gs://100hr-data/Garments/IMU/MTL-BPT00311-103.aac
OK    /Volumes/Samsung 990-2/100 Hours/Garments/MTL-BPT00311-030.mp4 -> gs://100hr-data/Garments/Videos/MTL-BPT00311-030.mp4
OK    /Volumes/Samsung 990-2/100 Hours/Garments/MTL-BPT00311-024.mp4 -> gs://100hr-data/Garments/Videos/MTL-BPT00311-024.mp4
OK    /Volumes/Samsung 990-2/100 Hours/Garments/MTL-BPT00311-117.aac -> gs://100hr-data/Garments/IMU/MTL-BPT00311-117.aac
OK    /Volumes/Samsung 990-2/100 Hours/Garments/MTL-BPT00301-030.mp4 -> gs://100hr-data/Garments/Videos/MTL-BPT00301-030.mp4
OK    /Volumes/Samsung 990-2/100 Hours/Garments/MTL-BPT00301-018.mp4 -> gs://100hr-data/Garments/Videos/MTL-BPT00301-018.mp4
OK    /Volumes/Samsung 990-2/100 Hours/Garments/MTL-BPT00311-018.mp4 -> gs://100hr-data/Garments/Videos/MTL-BPT00311-018.mp4
OK    /Volumes/Samsung 990-2/100 Hours/Garments/MTL-BPT00302-124.mp4 -> gs://100hr-data/Garments/Videos/MTL-BPT00302-124.mp4
OK    /Volumes/Samsung 990-2/100 Hours/Garments/MTL-BPT00302-017.aac -> gs://100hr-data/Garments/IMU/MTL-BPT00302-017.aac
OK    /Volumes/Samsung 990-2/100 Hours/Garments/MTL-BPT00301-058.txt -> gs://100hr-data/Garments/IMU/MTL-BPT00301-058.txt
OK    /Volumes/Samsung 990-2/100 Hours/Garments/MTL-BPT00311-058.txt -> gs://100hr-data/Garments/IMU/MTL-BPT00311-058.txt
OK    /Volumes/Samsung 990-2/100 Hours/Garments/MTL-BPT00302-130.mp4 -> gs://100hr-data/Garments/Videos/MTL-BPT00302-130.mp4
OK    /Volumes/Samsung 990-2/100 Hours/Garments/MTL-BPT00301-064.txt -> gs://100hr-data/Garments/IMU/MTL-BPT00301-064.txt
OK    /Volumes/Samsung 990-2/100 Hours/Garments/MTL-BPT00302-118.mp4 -> gs://100hr-data/Garments/Videos/MTL-BPT00302-118.mp4
OK    /Volumes/Samsung 990-2/100 Hours/Garments/MTL-BPT00311-070.txt -> gs://100hr-data/Garments/IMU/MTL-BPT00311-070.txt
OK    /Volumes/Samsung 990-2/100 Hours/Garments/MTL-BPT00311-064.txt -> gs://100hr-data/Garments/IMU/MTL-BPT00311-064.txt
OK    /Volumes/Samsung 990-2/100 Hours/Garments/MTL-BPT00301-070.txt -> gs://100hr-data/Garments/IMU/MTL-BPT00301-070.txt
OK    /Volumes/Samsung 990-2/100 Hours/Garments/MTL-BPT00311-072.txt -> gs://100hr-data/Garments/IMU/MTL-BPT00311-072.txt
OK    /Volumes/Samsung 990-2/100 Hours/Garments/MTL-BPT00301-066.txt -> gs://100hr-data/Garments/IMU/MTL-BPT00301-066.txt
OK    /Volumes/Samsung 990-2/100 Hours/Garments/MTL-BPT00302-029.aac -> gs://100hr-data/Garments/IMU/MTL-BPT00302-029.aac
OK    /Volumes/Samsung 990-2/100 Hours/Garments/MTL-BPT00311-066.txt -> gs://100hr-data/Garments/IMU/MTL-BPT00311-066.txt
OK    /Volumes/Samsung 990-2/100 Hours/Garments/MTL-BPT00302-015.aac -> gs://100hr-data/Garments/IMU/MTL-BPT00302-015.aac
OK    /Volumes/Samsung 990-2/100 Hours/Garments/MTL-BPT00302-126.mp4 -> gs://100hr-data/Garments/Videos/MTL-BPT00302-126.mp4
OK    /Volumes/Samsung 990-2/100 Hours/Garments/MTL-BPT00302-132.mp4 -> gs://100hr-data/Garments/Videos/MTL-BPT00302-132.mp4
OK    /Volumes/Samsung 990-2/100 Hours/Garments/MTL-BPT00311-129.aac -> gs://100hr-data/Garments/IMU/MTL-BPT00311-129.aac
OK    /Volumes/Samsung 990-2/100 Hours/Garments/MTL-BPT00311-032.mp4 -> gs://100hr-data/Garments/Videos/MTL-BPT00311-032.mp4
OK    /Volumes/Samsung 990-2/100 Hours/Garments/MTL-BPT00311-101.aac -> gs://100hr-data/Garments/IMU/MTL-BPT00311-101.aac
OK    /Volumes/Samsung 990-2/100 Hours/Garments/MTL-BPT00301-026.mp4 -> gs://100hr-data/Garments/Videos/MTL-BPT00301-026.mp4
OK    /Volumes/Samsung 990-2/100 Hours/Garments/MTL-BPT00301-032.mp4 -> gs://100hr-data/Garments/Videos/MTL-BPT00301-032.mp4
OK    /Volumes/Samsung 990-2/100 Hours/Garments/MTL-BPT00311-115.aac -> gs://100hr-data/Garments/IMU/MTL-BPT00311-115.aac
OK    /Volumes/Samsung 990-2/100 Hours/Garments/MTL-BPT00311-099.txt -> gs://100hr-data/Garments/IMU/MTL-BPT00311-099.txt
OK    /Volumes/Samsung 990-2/100 Hours/Garments/MTL-BPT00311-026.mp4 -> gs://100hr-data/Garments/Videos/MTL-BPT00311-026.mp4
OK    /Volumes/Samsung 990-2/100 Hours/Garments/MTL-BPT00325-012.aac -> gs://100hr-data/Garments/IMU/MTL-BPT00325-012.aac
OK    /Volumes/Samsung 990-2/100 Hours/Garments/MTL-BPT00325-121.mp4 -> gs://100hr-data/Garments/Videos/MTL-BPT00325-121.mp4
OK    /Volumes/Samsung 990-2/100 Hours/Garments/MTL-BPT00308-089.aac -> gs://100hr-data/Garments/IMU/MTL-BPT00308-089.aac
OK    /Volumes/Samsung 990-2/100 Hours/Garments/MTL-BPT00325-109.mp4 -> gs://100hr-data/Garments/Videos/MTL-BPT00325-109.mp4
OK    /Volumes/Samsung 990-2/100 Hours/Garments/MTL-BPT00306-066.mp4 -> gs://100hr-data/Garments/Videos/MTL-BPT00306-066.mp4
OK    /Volumes/Samsung 990-2/100 Hours/Garments/MTL-BPT00306-072.mp4 -> gs://100hr-data/Garments/Videos/MTL-BPT00306-072.mp4
OK    /Volumes/Samsung 990-2/100 Hours/Garments/MTL-BPT00306-026.txt -> gs://100hr-data/Garments/IMU/MTL-BPT00306-026.txt
OK    /Volumes/Samsung 990-2/100 Hours/Garments/MTL-BPT00306-099.mp4 -> gs://100hr-data/Garments/Videos/MTL-BPT00306-099.mp4
OK    /Volumes/Samsung 990-2/100 Hours/Garments/MTL-BPT00306-032.txt -> gs://100hr-data/Garments/IMU/MTL-BPT00306-032.txt
OK    /Volumes/Samsung 990-2/100 Hours/Garments/MTL-BPT00308-062.aac -> gs://100hr-data/Garments/IMU/MTL-BPT00308-062.aac
OK    /Volumes/Samsung 990-2/100 Hours/Garments/MTL-BPT00310-023.mp4 -> gs://100hr-data/Garments/Videos/MTL-BPT00310-023.mp4
OK    /Volumes/Samsung 990-2/100 Hours/Garments/MTL-BPT00310-037.mp4 -> gs://100hr-data/Garments/Videos/MTL-BPT00310-037.mp4
OK    /Volumes/Samsung 990-2/100 Hours/Garments/MTL-BPT00308-076.aac -> gs://100hr-data/Garments/IMU/MTL-BPT00308-076.aac
OK    /Volumes/Samsung 990-2/100 Hours/Garments/MTL-BPT00308-065.txt -> gs://100hr-data/Garments/IMU/MTL-BPT00308-065.txt
OK    /Volumes/Samsung 990-2/100 Hours/Garments/MTL-BPT00325-041.mp4 -> gs://100hr-data/Garments/Videos/MTL-BPT00325-041.mp4
OK    /Volumes/Samsung 990-2/100 Hours/Garments/MTL-BPT00306-009.aac -> gs://100hr-data/Garments/IMU/MTL-BPT00306-009.aac
OK    /Volumes/Samsung 990-2/100 Hours/Garments/MTL-BPT00325-055.mp4 -> gs://100hr-data/Garments/Videos/MTL-BPT00325-055.mp4
OK    /Volumes/Samsung 990-2/100 Hours/Garments/MTL-BPT00308-071.txt -> gs://100hr-data/Garments/IMU/MTL-BPT00308-071.txt
OK    /Volumes/Samsung 990-2/100 Hours/Garments/MTL-BPT00308-059.txt -> gs://100hr-data/Garments/IMU/MTL-BPT00308-059.txt
OK    /Volumes/Samsung 990-2/100 Hours/Garments/MTL-BPT00306-021.aac -> gs://100hr-data/Garments/IMU/MTL-BPT00306-021.aac
OK    /Volumes/Samsung 990-2/100 Hours/Garments/MTL-BPT00306-112.mp4 -> gs://100hr-data/Garments/Videos/MTL-BPT00306-112.mp4
OK    /Volumes/Samsung 990-2/100 Hours/Garments/MTL-BPT00306-106.mp4 -> gs://100hr-data/Garments/Videos/MTL-BPT00306-106.mp4
OK    /Volumes/Samsung 990-2/100 Hours/Garments/MTL-BPT00325-069.mp4 -> gs://100hr-data/Garments/Videos/MTL-BPT00325-069.mp4
OK    /Volumes/Samsung 990-2/100 Hours/Garments/MTL-BPT00306-035.aac -> gs://100hr-data/Garments/IMU/MTL-BPT00306-035.aac
OK    /Volumes/Samsung 990-2/100 Hours/Garments/MTL-BPT00308-019.mp4 -> gs://100hr-data/Garments/Videos/MTL-BPT00308-019.mp4
OK    /Volumes/Samsung 990-2/100 Hours/Garments/MTL-BPT00325-082.mp4 -> gs://100hr-data/Garments/Videos/MTL-BPT00325-082.mp4
OK    /Volumes/Samsung 990-2/100 Hours/Garments/MTL-BPT00325-096.mp4 -> gs://100hr-data/Garments/Videos/MTL-BPT00325-096.mp4
OK    /Volumes/Samsung 990-2/100 Hours/Garments/MTL-BPT00325-029.txt -> gs://100hr-data/Garments/IMU/MTL-BPT00325-029.txt
OK    /Volumes/Samsung 990-2/100 Hours/Garments/MTL-BPT00308-025.mp4 -> gs://100hr-data/Garments/Videos/MTL-BPT00308-025.mp4
OK    /Volumes/Samsung 990-2/100 Hours/Garments/MTL-BPT00325-015.txt -> gs://100hr-data/Garments/IMU/MTL-BPT00325-015.txt
OK    /Volumes/Samsung 990-2/100 Hours/Garments/MTL-BPT00310-070.aac -> gs://100hr-data/Garments/IMU/MTL-BPT00310-070.aac
OK    /Volumes/Samsung 990-2/100 Hours/Garments/MTL-BPT00308-031.mp4 -> gs://100hr-data/Garments/Videos/MTL-BPT00308-031.mp4
OK    /Volumes/Samsung 990-2/100 Hours/Garments/MTL-BPT00311-106.txt -> gs://100hr-data/Garments/IMU/MTL-BPT00311-106.txt
OK    /Volumes/Samsung 990-2/100 Hours/Garments/MTL-BPT00311-112.txt -> gs://100hr-data/Garments/IMU/MTL-BPT00311-112.txt
OK    /Volumes/Samsung 990-2/100 Hours/Garments/MTL-BPT00302-052.mp4 -> gs://100hr-data/Garments/Videos/MTL-BPT00302-052.mp4
OK    /Volumes/Samsung 990-2/100 Hours/Garments/MTL-BPT00302-046.mp4 -> gs://100hr-data/Garments/Videos/MTL-BPT00302-046.mp4
OK    /Volumes/Samsung 990-2/100 Hours/Garments/MTL-BPT00311-049.aac -> gs://100hr-data/Garments/IMU/MTL-BPT00311-049.aac
OK    /Volumes/Samsung 990-2/100 Hours/Garments/MTL-BPT00302-012.txt -> gs://100hr-data/Garments/IMU/MTL-BPT00302-012.txt
OK    /Volumes/Samsung 990-2/100 Hours/Garments/MTL-BPT00302-006.txt -> gs://100hr-data/Garments/IMU/MTL-BPT00302-006.txt
OK    /Volumes/Samsung 990-2/100 Hours/Garments/MTL-BPT00301-049.aac -> gs://100hr-data/Garments/IMU/MTL-BPT00301-049.aac
OK    /Volumes/Samsung 990-2/100 Hours/Garments/MTL-BPT00311-075.aac -> gs://100hr-data/Garments/IMU/MTL-BPT00311-075.aac
OK    /Volumes/Samsung 990-2/100 Hours/Garments/MTL-BPT00302-091.mp4 -> gs://100hr-data/Garments/Videos/MTL-BPT00302-091.mp4
OK    /Volumes/Samsung 990-2/100 Hours/Garments/MTL-BPT00301-061.aac -> gs://100hr-data/Garments/IMU/MTL-BPT00301-061.aac
OK    /Volumes/Samsung 990-2/100 Hours/Garments/MTL-BPT00302-085.mp4 -> gs://100hr-data/Garments/Videos/MTL-BPT00302-085.mp4
OK    /Volumes/Samsung 990-2/100 Hours/Garments/MTL-BPT00311-061.aac -> gs://100hr-data/Garments/IMU/MTL-BPT00311-061.aac
OK    /Volumes/Samsung 990-2/100 Hours/Garments/MTL-BPT00302-084.mp4 -> gs://100hr-data/Garments/Videos/MTL-BPT00302-084.mp4
OK    /Volumes/Samsung 990-2/100 Hours/Garments/MTL-BPT00311-060.aac -> gs://100hr-data/Garments/IMU/MTL-BPT00311-060.aac
OK    /Volumes/Samsung 990-2/100 Hours/Garments/MTL-BPT00311-074.aac -> gs://100hr-data/Garments/IMU/MTL-BPT00311-074.aac
OK    /Volumes/Samsung 990-2/100 Hours/Garments/MTL-BPT00301-060.aac -> gs://100hr-data/Garments/IMU/MTL-BPT00301-060.aac
OK    /Volumes/Samsung 990-2/100 Hours/Garments/MTL-BPT00302-090.mp4 -> gs://100hr-data/Garments/Videos/MTL-BPT00302-090.mp4
OK    /Volumes/Samsung 990-2/100 Hours/Garments/MTL-BPT00301-048.aac -> gs://100hr-data/Garments/IMU/MTL-BPT00301-048.aac
OK    /Volumes/Samsung 990-2/100 Hours/Garments/MTL-BPT00302-007.txt -> gs://100hr-data/Garments/IMU/MTL-BPT00302-007.txt
OK    /Volumes/Samsung 990-2/100 Hours/Garments/MTL-BPT00311-048.aac -> gs://100hr-data/Garments/IMU/MTL-BPT00311-048.aac
OK    /Volumes/Samsung 990-2/100 Hours/Garments/MTL-BPT00302-013.txt -> gs://100hr-data/Garments/IMU/MTL-BPT00302-013.txt
OK    /Volumes/Samsung 990-2/100 Hours/Garments/MTL-BPT00302-047.mp4 -> gs://100hr-data/Garments/Videos/MTL-BPT00302-047.mp4
OK    /Volumes/Samsung 990-2/100 Hours/Garments/MTL-BPT00302-053.mp4 -> gs://100hr-data/Garments/Videos/MTL-BPT00302-053.mp4
OK    /Volumes/Samsung 990-2/100 Hours/Garments/MTL-BPT00311-113.txt -> gs://100hr-data/Garments/IMU/MTL-BPT00311-113.txt
OK    /Volumes/Samsung 990-2/100 Hours/Garments/MTL-BPT00311-107.txt -> gs://100hr-data/Garments/IMU/MTL-BPT00311-107.txt
OK    /Volumes/Samsung 990-2/100 Hours/Garments/MTL-BPT00310-071.aac -> gs://100hr-data/Garments/IMU/MTL-BPT00310-071.aac
OK    /Volumes/Samsung 990-2/100 Hours/Garments/MTL-BPT00325-014.txt -> gs://100hr-data/Garments/IMU/MTL-BPT00325-014.txt
OK    /Volumes/Samsung 990-2/100 Hours/Garments/MTL-BPT00308-030.mp4 -> gs://100hr-data/Garments/Videos/MTL-BPT00308-030.mp4
OK    /Volumes/Samsung 990-2/100 Hours/Garments/MTL-BPT00308-024.mp4 -> gs://100hr-data/Garments/Videos/MTL-BPT00308-024.mp4
OK    /Volumes/Samsung 990-2/100 Hours/Garments/MTL-BPT00325-028.txt -> gs://100hr-data/Garments/IMU/MTL-BPT00325-028.txt
OK    /Volumes/Samsung 990-2/100 Hours/Garments/MTL-BPT00325-097.mp4 -> gs://100hr-data/Garments/Videos/MTL-BPT00325-097.mp4
OK    /Volumes/Samsung 990-2/100 Hours/Garments/MTL-BPT00308-018.mp4 -> gs://100hr-data/Garments/Videos/MTL-BPT00308-018.mp4
OK    /Volumes/Samsung 990-2/100 Hours/Garments/MTL-BPT00325-083.mp4 -> gs://100hr-data/Garments/Videos/MTL-BPT00325-083.mp4
OK    /Volumes/Samsung 990-2/100 Hours/Garments/MTL-BPT00306-034.aac -> gs://100hr-data/Garments/IMU/MTL-BPT00306-034.aac
OK    /Volumes/Samsung 990-2/100 Hours/Garments/MTL-BPT00325-068.mp4 -> gs://100hr-data/Garments/Videos/MTL-BPT00325-068.mp4
OK    /Volumes/Samsung 990-2/100 Hours/Garments/MTL-BPT00306-107.mp4 -> gs://100hr-data/Garments/Videos/MTL-BPT00306-107.mp4
OK    /Volumes/Samsung 990-2/100 Hours/Garments/MTL-BPT00308-058.txt -> gs://100hr-data/Garments/IMU/MTL-BPT00308-058.txt
OK    /Volumes/Samsung 990-2/100 Hours/Garments/MTL-BPT00306-113.mp4 -> gs://100hr-data/Garments/Videos/MTL-BPT00306-113.mp4
OK    /Volumes/Samsung 990-2/100 Hours/Garments/MTL-BPT00306-020.aac -> gs://100hr-data/Garments/IMU/MTL-BPT00306-020.aac
OK    /Volumes/Samsung 990-2/100 Hours/Garments/MTL-BPT00325-054.mp4 -> gs://100hr-data/Garments/Videos/MTL-BPT00325-054.mp4
OK    /Volumes/Samsung 990-2/100 Hours/Garments/MTL-BPT00306-008.aac -> gs://100hr-data/Garments/IMU/MTL-BPT00306-008.aac
OK    /Volumes/Samsung 990-2/100 Hours/Garments/MTL-BPT00308-070.txt -> gs://100hr-data/Garments/IMU/MTL-BPT00308-070.txt
OK    /Volumes/Samsung 990-2/100 Hours/Garments/MTL-BPT00308-064.txt -> gs://100hr-data/Garments/IMU/MTL-BPT00308-064.txt
OK    /Volumes/Samsung 990-2/100 Hours/Garments/MTL-BPT00325-040.mp4 -> gs://100hr-data/Garments/Videos/MTL-BPT00325-040.mp4
OK    /Volumes/Samsung 990-2/100 Hours/Garments/MTL-BPT00310-036.mp4 -> gs://100hr-data/Garments/Videos/MTL-BPT00310-036.mp4
OK    /Volumes/Samsung 990-2/100 Hours/Garments/MTL-BPT00308-077.aac -> gs://100hr-data/Garments/IMU/MTL-BPT00308-077.aac
OK    /Volumes/Samsung 990-2/100 Hours/Garments/MTL-BPT00308-063.aac -> gs://100hr-data/Garments/IMU/MTL-BPT00308-063.aac
OK    /Volumes/Samsung 990-2/100 Hours/Garments/MTL-BPT00310-022.mp4 -> gs://100hr-data/Garments/Videos/MTL-BPT00310-022.mp4
OK    /Volumes/Samsung 990-2/100 Hours/Garments/MTL-BPT00306-033.txt -> gs://100hr-data/Garments/IMU/MTL-BPT00306-033.txt
OK    /Volumes/Samsung 990-2/100 Hours/Garments/MTL-BPT00306-098.mp4 -> gs://100hr-data/Garments/Videos/MTL-BPT00306-098.mp4
OK    /Volumes/Samsung 990-2/100 Hours/Garments/MTL-BPT00306-027.txt -> gs://100hr-data/Garments/IMU/MTL-BPT00306-027.txt
OK    /Volumes/Samsung 990-2/100 Hours/Garments/MTL-BPT00306-073.mp4 -> gs://100hr-data/Garments/Videos/MTL-BPT00306-073.mp4
OK    /Volumes/Samsung 990-2/100 Hours/Garments/MTL-BPT00306-067.mp4 -> gs://100hr-data/Garments/Videos/MTL-BPT00306-067.mp4
OK    /Volumes/Samsung 990-2/100 Hours/Garments/MTL-BPT00325-108.mp4 -> gs://100hr-data/Garments/Videos/MTL-BPT00325-108.mp4
OK    /Volumes/Samsung 990-2/100 Hours/Garments/MTL-BPT00325-120.mp4 -> gs://100hr-data/Garments/Videos/MTL-BPT00325-120.mp4
OK    /Volumes/Samsung 990-2/100 Hours/Garments/MTL-BPT00325-013.aac -> gs://100hr-data/Garments/IMU/MTL-BPT00325-013.aac
OK    /Volumes/Samsung 990-2/100 Hours/Garments/MTL-BPT00308-088.aac -> gs://100hr-data/Garments/IMU/MTL-BPT00308-088.aac
OK    /Volumes/Samsung 990-2/100 Hours/Garments/MTL-BPT00301-033.mp4 -> gs://100hr-data/Garments/Videos/MTL-BPT00301-033.mp4
OK    /Volumes/Samsung 990-2/100 Hours/Garments/MTL-BPT00311-027.mp4 -> gs://100hr-data/Garments/Videos/MTL-BPT00311-027.mp4
OK    /Volumes/Samsung 990-2/100 Hours/Garments/MTL-BPT00311-098.txt -> gs://100hr-data/Garments/IMU/MTL-BPT00311-098.txt
OK    /Volumes/Samsung 990-2/100 Hours/Garments/MTL-BPT00311-114.aac -> gs://100hr-data/Garments/IMU/MTL-BPT00311-114.aac
OK    /Volumes/Samsung 990-2/100 Hours/Garments/MTL-BPT00311-100.aac -> gs://100hr-data/Garments/IMU/MTL-BPT00311-100.aac
OK    /Volumes/Samsung 990-2/100 Hours/Garments/MTL-BPT00311-033.mp4 -> gs://100hr-data/Garments/Videos/MTL-BPT00311-033.mp4
OK    /Volumes/Samsung 990-2/100 Hours/Garments/MTL-BPT00301-027.mp4 -> gs://100hr-data/Garments/Videos/MTL-BPT00301-027.mp4
OK    /Volumes/Samsung 990-2/100 Hours/Garments/MTL-BPT00311-128.aac -> gs://100hr-data/Garments/IMU/MTL-BPT00311-128.aac
OK    /Volumes/Samsung 990-2/100 Hours/Garments/MTL-BPT00302-133.mp4 -> gs://100hr-data/Garments/Videos/MTL-BPT00302-133.mp4
OK    /Volumes/Samsung 990-2/100 Hours/Garments/MTL-BPT00302-127.mp4 -> gs://100hr-data/Garments/Videos/MTL-BPT00302-127.mp4
OK    /Volumes/Samsung 990-2/100 Hours/Garments/MTL-BPT00302-014.aac -> gs://100hr-data/Garments/IMU/MTL-BPT00302-014.aac
OK    /Volumes/Samsung 990-2/100 Hours/Garments/MTL-BPT00311-067.txt -> gs://100hr-data/Garments/IMU/MTL-BPT00311-067.txt
OK    /Volumes/Samsung 990-2/100 Hours/Garments/MTL-BPT00311-073.txt -> gs://100hr-data/Garments/IMU/MTL-BPT00311-073.txt
OK    /Volumes/Samsung 990-2/100 Hours/Garments/MTL-BPT00302-028.aac -> gs://100hr-data/Garments/IMU/MTL-BPT00302-028.aac
OK    /Volumes/Samsung 990-2/100 Hours/Garments/MTL-BPT00301-067.txt -> gs://100hr-data/Garments/IMU/MTL-BPT00301-067.txt
OK    /Volumes/Samsung 990-2/100 Hours/Garments/MTL-BPT00302-010.aac -> gs://100hr-data/Garments/IMU/MTL-BPT00302-010.aac
OK    /Volumes/Samsung 990-2/100 Hours/Garments/MTL-BPT00302-123.mp4 -> gs://100hr-data/Garments/Videos/MTL-BPT00302-123.mp4
OK    /Volumes/Samsung 990-2/100 Hours/Garments/MTL-BPT00302-137.mp4 -> gs://100hr-data/Garments/Videos/MTL-BPT00302-137.mp4
OK    /Volumes/Samsung 990-2/100 Hours/Garments/MTL-BPT00302-004.aac -> gs://100hr-data/Garments/IMU/MTL-BPT00302-004.aac
OK    /Volumes/Samsung 990-2/100 Hours/Garments/MTL-BPT00301-063.txt -> gs://100hr-data/Garments/IMU/MTL-BPT00301-063.txt
OK    /Volumes/Samsung 990-2/100 Hours/Garments/MTL-BPT00311-077.txt -> gs://100hr-data/Garments/IMU/MTL-BPT00311-077.txt
OK    /Volumes/Samsung 990-2/100 Hours/Garments/MTL-BPT00311-063.txt -> gs://100hr-data/Garments/IMU/MTL-BPT00311-063.txt
OK    /Volumes/Samsung 990-2/100 Hours/Garments/MTL-BPT00302-038.aac -> gs://100hr-data/Garments/IMU/MTL-BPT00302-038.aac
OK    /Volumes/Samsung 990-2/100 Hours/Garments/MTL-BPT00301-023.mp4 -> gs://100hr-data/Garments/Videos/MTL-BPT00301-023.mp4
OK    /Volumes/Samsung 990-2/100 Hours/Garments/MTL-BPT00311-037.mp4 -> gs://100hr-data/Garments/Videos/MTL-BPT00311-037.mp4
OK    /Volumes/Samsung 990-2/100 Hours/Garments/MTL-BPT00311-104.aac -> gs://100hr-data/Garments/IMU/MTL-BPT00311-104.aac
OK    /Volumes/Samsung 990-2/100 Hours/Garments/MTL-BPT00311-088.txt -> gs://100hr-data/Garments/IMU/MTL-BPT00311-088.txt
OK    /Volumes/Samsung 990-2/100 Hours/Garments/MTL-BPT00311-110.aac -> gs://100hr-data/Garments/IMU/MTL-BPT00311-110.aac
OK    /Volumes/Samsung 990-2/100 Hours/Garments/MTL-BPT00311-023.mp4 -> gs://100hr-data/Garments/Videos/MTL-BPT00311-023.mp4
OK    /Volumes/Samsung 990-2/100 Hours/Garments/MTL-BPT00301-037.mp4 -> gs://100hr-data/Garments/Videos/MTL-BPT00301-037.mp4
OK    /Volumes/Samsung 990-2/100 Hours/Garments/MTL-BPT00306-063.mp4 -> gs://100hr-data/Garments/Videos/MTL-BPT00306-063.mp4
OK    /Volumes/Samsung 990-2/100 Hours/Garments/MTL-BPT00325-118.mp4 -> gs://100hr-data/Garments/Videos/MTL-BPT00325-118.mp4
OK    /Volumes/Samsung 990-2/100 Hours/Garments/MTL-BPT00306-077.mp4 -> gs://100hr-data/Garments/Videos/MTL-BPT00306-077.mp4
OK    /Volumes/Samsung 990-2/100 Hours/Garments/MTL-BPT00325-130.mp4 -> gs://100hr-data/Garments/Videos/MTL-BPT00325-130.mp4
OK    /Volumes/Samsung 990-2/100 Hours/Garments/MTL-BPT00325-017.aac -> gs://100hr-data/Garments/IMU/MTL-BPT00325-017.aac
OK    /Volumes/Samsung 990-2/100 Hours/Garments/MTL-BPT00325-124.mp4 -> gs://100hr-data/Garments/Videos/MTL-BPT00325-124.mp4
OK    /Volumes/Samsung 990-2/100 Hours/Garments/MTL-BPT00310-072.txt -> gs://100hr-data/Garments/IMU/MTL-BPT00310-072.txt
OK    /Volumes/Samsung 990-2/100 Hours/Garments/MTL-BPT00310-026.mp4 -> gs://100hr-data/Garments/Videos/MTL-BPT00310-026.mp4
OK    /Volumes/Samsung 990-2/100 Hours/Garments/MTL-BPT00308-067.aac -> gs://100hr-data/Garments/IMU/MTL-BPT00308-067.aac
OK    /Volumes/Samsung 990-2/100 Hours/Garments/MTL-BPT00308-073.aac -> gs://100hr-data/Garments/IMU/MTL-BPT00308-073.aac
OK    /Volumes/Samsung 990-2/100 Hours/Garments/MTL-BPT00310-032.mp4 -> gs://100hr-data/Garments/Videos/MTL-BPT00310-032.mp4
OK    /Volumes/Samsung 990-2/100 Hours/Garments/MTL-BPT00306-023.txt -> gs://100hr-data/Garments/IMU/MTL-BPT00306-023.txt
OK    /Volumes/Samsung 990-2/100 Hours/Garments/MTL-BPT00306-088.mp4 -> gs://100hr-data/Garments/Videos/MTL-BPT00306-088.mp4
OK    /Volumes/Samsung 990-2/100 Hours/Garments/MTL-BPT00306-037.txt -> gs://100hr-data/Garments/IMU/MTL-BPT00306-037.txt
OK    /Volumes/Samsung 990-2/100 Hours/Garments/MTL-BPT00306-024.aac -> gs://100hr-data/Garments/IMU/MTL-BPT00306-024.aac
OK    /Volumes/Samsung 990-2/100 Hours/Garments/MTL-BPT00306-117.mp4 -> gs://100hr-data/Garments/Videos/MTL-BPT00306-117.mp4
OK    /Volumes/Samsung 990-2/100 Hours/Garments/MTL-BPT00325-078.mp4 -> gs://100hr-data/Garments/Videos/MTL-BPT00325-078.mp4
OK    /Volumes/Samsung 990-2/100 Hours/Garments/MTL-BPT00308-048.txt -> gs://100hr-data/Garments/IMU/MTL-BPT00308-048.txt
OK    /Volumes/Samsung 990-2/100 Hours/Garments/MTL-BPT00306-103.mp4 -> gs://100hr-data/Garments/Videos/MTL-BPT00306-103.mp4
OK    /Volumes/Samsung 990-2/100 Hours/Garments/MTL-BPT00306-030.aac -> gs://100hr-data/Garments/IMU/MTL-BPT00306-030.aac
OK    /Volumes/Samsung 990-2/100 Hours/Garments/MTL-BPT00325-044.mp4 -> gs://100hr-data/Garments/Videos/MTL-BPT00325-044.mp4
OK    /Volumes/Samsung 990-2/100 Hours/Garments/MTL-BPT00306-018.aac -> gs://100hr-data/Garments/IMU/MTL-BPT00306-018.aac
OK    /Volumes/Samsung 990-2/100 Hours/Garments/MTL-BPT00308-060.txt -> gs://100hr-data/Garments/IMU/MTL-BPT00308-060.txt
OK    /Volumes/Samsung 990-2/100 Hours/Garments/MTL-BPT00308-074.txt -> gs://100hr-data/Garments/IMU/MTL-BPT00308-074.txt
OK    /Volumes/Samsung 990-2/100 Hours/Garments/MTL-BPT00325-050.mp4 -> gs://100hr-data/Garments/Videos/MTL-BPT00325-050.mp4
OK    /Volumes/Samsung 990-2/100 Hours/Garments/MTL-BPT00308-020.mp4 -> gs://100hr-data/Garments/Videos/MTL-BPT00308-020.mp4
OK    /Volumes/Samsung 990-2/100 Hours/Garments/MTL-BPT00308-034.mp4 -> gs://100hr-data/Garments/Videos/MTL-BPT00308-034.mp4
OK    /Volumes/Samsung 990-2/100 Hours/Garments/MTL-BPT00325-010.txt -> gs://100hr-data/Garments/IMU/MTL-BPT00325-010.txt
OK    /Volumes/Samsung 990-2/100 Hours/Garments/MTL-BPT00310-075.aac -> gs://100hr-data/Garments/IMU/MTL-BPT00310-075.aac
OK    /Volumes/Samsung 990-2/100 Hours/Garments/MTL-BPT00325-038.txt -> gs://100hr-data/Garments/IMU/MTL-BPT00325-038.txt
OK    /Volumes/Samsung 990-2/100 Hours/Garments/MTL-BPT00325-087.mp4 -> gs://100hr-data/Garments/Videos/MTL-BPT00325-087.mp4
OK    /Volumes/Samsung 990-2/100 Hours/Garments/MTL-BPT00308-008.mp4 -> gs://100hr-data/Garments/Videos/MTL-BPT00308-008.mp4
OK    /Volumes/Samsung 990-2/100 Hours/Garments/MTL-BPT00325-093.mp4 -> gs://100hr-data/Garments/Videos/MTL-BPT00325-093.mp4
OK    /Volumes/Samsung 990-2/100 Hours/Garments/MTL-BPT00302-057.mp4 -> gs://100hr-data/Garments/Videos/MTL-BPT00302-057.mp4
OK    /Volumes/Samsung 990-2/100 Hours/Garments/MTL-BPT00302-043.mp4 -> gs://100hr-data/Garments/Videos/MTL-BPT00302-043.mp4
OK    /Volumes/Samsung 990-2/100 Hours/Garments/MTL-BPT00311-103.txt -> gs://100hr-data/Garments/IMU/MTL-BPT00311-103.txt
OK    /Volumes/Samsung 990-2/100 Hours/Garments/MTL-BPT00311-117.txt -> gs://100hr-data/Garments/IMU/MTL-BPT00311-117.txt
OK    /Volumes/Samsung 990-2/100 Hours/Garments/MTL-BPT00302-094.mp4 -> gs://100hr-data/Garments/Videos/MTL-BPT00302-094.mp4
OK    /Volumes/Samsung 990-2/100 Hours/Garments/MTL-BPT00301-064.aac -> gs://100hr-data/Garments/IMU/MTL-BPT00301-064.aac
OK    /Volumes/Samsung 990-2/100 Hours/Garments/MTL-BPT00311-070.aac -> gs://100hr-data/Garments/IMU/MTL-BPT00311-070.aac
OK    /Volumes/Samsung 990-2/100 Hours/Garments/MTL-BPT00311-064.aac -> gs://100hr-data/Garments/IMU/MTL-BPT00311-064.aac
OK    /Volumes/Samsung 990-2/100 Hours/Garments/MTL-BPT00301-070.aac -> gs://100hr-data/Garments/IMU/MTL-BPT00301-070.aac
OK    /Volumes/Samsung 990-2/100 Hours/Garments/MTL-BPT00302-080.mp4 -> gs://100hr-data/Garments/Videos/MTL-BPT00302-080.mp4
OK    /Volumes/Samsung 990-2/100 Hours/Garments/MTL-BPT00302-017.txt -> gs://100hr-data/Garments/IMU/MTL-BPT00302-017.txt
OK    /Volumes/Samsung 990-2/100 Hours/Garments/MTL-BPT00301-058.aac -> gs://100hr-data/Garments/IMU/MTL-BPT00301-058.aac
OK    /Volumes/Samsung 990-2/100 Hours/Garments/MTL-BPT00311-058.aac -> gs://100hr-data/Garments/IMU/MTL-BPT00311-058.aac
OK    /Volumes/Samsung 990-2/100 Hours/Garments/MTL-BPT00302-003.txt -> gs://100hr-data/Garments/IMU/MTL-BPT00302-003.txt
OK    /Volumes/Samsung 990-2/100 Hours/Garments/MTL-BPT00311-059.aac -> gs://100hr-data/Garments/IMU/MTL-BPT00311-059.aac
OK    /Volumes/Samsung 990-2/100 Hours/Garments/MTL-BPT00301-059.aac -> gs://100hr-data/Garments/IMU/MTL-BPT00301-059.aac
OK    /Volumes/Samsung 990-2/100 Hours/Garments/MTL-BPT00302-016.txt -> gs://100hr-data/Garments/IMU/MTL-BPT00302-016.txt
OK    /Volumes/Samsung 990-2/100 Hours/Garments/MTL-BPT00311-065.aac -> gs://100hr-data/Garments/IMU/MTL-BPT00311-065.aac
OK    /Volumes/Samsung 990-2/100 Hours/Garments/MTL-BPT00302-081.mp4 -> gs://100hr-data/Garments/Videos/MTL-BPT00302-081.mp4
OK    /Volumes/Samsung 990-2/100 Hours/Garments/MTL-BPT00301-065.aac -> gs://100hr-data/Garments/IMU/MTL-BPT00301-065.aac
OK    /Volumes/Samsung 990-2/100 Hours/Garments/MTL-BPT00302-095.mp4 -> gs://100hr-data/Garments/Videos/MTL-BPT00302-095.mp4
OK    /Volumes/Samsung 990-2/100 Hours/Garments/MTL-BPT00311-071.aac -> gs://100hr-data/Garments/IMU/MTL-BPT00311-071.aac
OK    /Volumes/Samsung 990-2/100 Hours/Garments/MTL-BPT00311-116.txt -> gs://100hr-data/Garments/IMU/MTL-BPT00311-116.txt
OK    /Volumes/Samsung 990-2/100 Hours/Garments/MTL-BPT00311-102.txt -> gs://100hr-data/Garments/IMU/MTL-BPT00311-102.txt
OK    /Volumes/Samsung 990-2/100 Hours/Garments/MTL-BPT00302-042.mp4 -> gs://100hr-data/Garments/Videos/MTL-BPT00302-042.mp4
OK    /Volumes/Samsung 990-2/100 Hours/Garments/MTL-BPT00302-056.mp4 -> gs://100hr-data/Garments/Videos/MTL-BPT00302-056.mp4
OK    /Volumes/Samsung 990-2/100 Hours/Garments/MTL-BPT00308-009.mp4 -> gs://100hr-data/Garments/Videos/MTL-BPT00308-009.mp4
OK    /Volumes/Samsung 990-2/100 Hours/Garments/MTL-BPT00325-092.mp4 -> gs://100hr-data/Garments/Videos/MTL-BPT00325-092.mp4
OK    /Volumes/Samsung 990-2/100 Hours/Garments/MTL-BPT00325-086.mp4 -> gs://100hr-data/Garments/Videos/MTL-BPT00325-086.mp4
OK    /Volumes/Samsung 990-2/100 Hours/Garments/MTL-BPT00325-039.txt -> gs://100hr-data/Garments/IMU/MTL-BPT00325-039.txt
OK    /Volumes/Samsung 990-2/100 Hours/Garments/MTL-BPT00308-035.mp4 -> gs://100hr-data/Garments/Videos/MTL-BPT00308-035.mp4
OK    /Volumes/Samsung 990-2/100 Hours/Garments/MTL-BPT00310-074.aac -> gs://100hr-data/Garments/IMU/MTL-BPT00310-074.aac
OK    /Volumes/Samsung 990-2/100 Hours/Garments/MTL-BPT00325-011.txt -> gs://100hr-data/Garments/IMU/MTL-BPT00325-011.txt
OK    /Volumes/Samsung 990-2/100 Hours/Garments/MTL-BPT00308-021.mp4 -> gs://100hr-data/Garments/Videos/MTL-BPT00308-021.mp4
OK    /Volumes/Samsung 990-2/100 Hours/Garments/MTL-BPT00308-075.txt -> gs://100hr-data/Garments/IMU/MTL-BPT00308-075.txt
OK    /Volumes/Samsung 990-2/100 Hours/Garments/MTL-BPT00325-051.mp4 -> gs://100hr-data/Garments/Videos/MTL-BPT00325-051.mp4
OK    /Volumes/Samsung 990-2/100 Hours/Garments/MTL-BPT00306-019.aac -> gs://100hr-data/Garments/IMU/MTL-BPT00306-019.aac
OK    /Volumes/Samsung 990-2/100 Hours/Garments/MTL-BPT00325-045.mp4 -> gs://100hr-data/Garments/Videos/MTL-BPT00325-045.mp4
OK    /Volumes/Samsung 990-2/100 Hours/Garments/MTL-BPT00308-061.txt -> gs://100hr-data/Garments/IMU/MTL-BPT00308-061.txt
OK    /Volumes/Samsung 990-2/100 Hours/Garments/MTL-BPT00308-049.txt -> gs://100hr-data/Garments/IMU/MTL-BPT00308-049.txt
OK    /Volumes/Samsung 990-2/100 Hours/Garments/MTL-BPT00306-031.aac -> gs://100hr-data/Garments/IMU/MTL-BPT00306-031.aac
OK    /Volumes/Samsung 990-2/100 Hours/Garments/MTL-BPT00306-102.mp4 -> gs://100hr-data/Garments/Videos/MTL-BPT00306-102.mp4
OK    /Volumes/Samsung 990-2/100 Hours/Garments/MTL-BPT00325-079.mp4 -> gs://100hr-data/Garments/Videos/MTL-BPT00325-079.mp4
OK    /Volumes/Samsung 990-2/100 Hours/Garments/MTL-BPT00306-025.aac -> gs://100hr-data/Garments/IMU/MTL-BPT00306-025.aac
OK    /Volumes/Samsung 990-2/100 Hours/Garments/MTL-BPT00306-036.txt -> gs://100hr-data/Garments/IMU/MTL-BPT00306-036.txt
OK    /Volumes/Samsung 990-2/100 Hours/Garments/MTL-BPT00306-089.mp4 -> gs://100hr-data/Garments/Videos/MTL-BPT00306-089.mp4
OK    /Volumes/Samsung 990-2/100 Hours/Garments/MTL-BPT00306-022.txt -> gs://100hr-data/Garments/IMU/MTL-BPT00306-022.txt
OK    /Volumes/Samsung 990-2/100 Hours/Garments/MTL-BPT00308-072.aac -> gs://100hr-data/Garments/IMU/MTL-BPT00308-072.aac
OK    /Volumes/Samsung 990-2/100 Hours/Garments/MTL-BPT00310-033.mp4 -> gs://100hr-data/Garments/Videos/MTL-BPT00310-033.mp4
OK    /Volumes/Samsung 990-2/100 Hours/Garments/MTL-BPT00310-027.mp4 -> gs://100hr-data/Garments/Videos/MTL-BPT00310-027.mp4
OK    /Volumes/Samsung 990-2/100 Hours/Garments/MTL-BPT00308-066.aac -> gs://100hr-data/Garments/IMU/MTL-BPT00308-066.aac
OK    /Volumes/Samsung 990-2/100 Hours/Garments/MTL-BPT00310-073.txt -> gs://100hr-data/Garments/IMU/MTL-BPT00310-073.txt
OK    /Volumes/Samsung 990-2/100 Hours/Garments/MTL-BPT00325-125.mp4 -> gs://100hr-data/Garments/Videos/MTL-BPT00325-125.mp4
OK    /Volumes/Samsung 990-2/100 Hours/Garments/MTL-BPT00325-016.aac -> gs://100hr-data/Garments/IMU/MTL-BPT00325-016.aac
OK    /Volumes/Samsung 990-2/100 Hours/Garments/MTL-BPT00325-131.mp4 -> gs://100hr-data/Garments/Videos/MTL-BPT00325-131.mp4
OK    /Volumes/Samsung 990-2/100 Hours/Garments/MTL-BPT00306-076.mp4 -> gs://100hr-data/Garments/Videos/MTL-BPT00306-076.mp4
OK    /Volumes/Samsung 990-2/100 Hours/Garments/MTL-BPT00325-119.mp4 -> gs://100hr-data/Garments/Videos/MTL-BPT00325-119.mp4
OK    /Volumes/Samsung 990-2/100 Hours/Garments/MTL-BPT00306-062.mp4 -> gs://100hr-data/Garments/Videos/MTL-BPT00306-062.mp4
OK    /Volumes/Samsung 990-2/100 Hours/Garments/MTL-BPT00311-022.mp4 -> gs://100hr-data/Garments/Videos/MTL-BPT00311-022.mp4
OK    /Volumes/Samsung 990-2/100 Hours/Garments/MTL-BPT00311-111.aac -> gs://100hr-data/Garments/IMU/MTL-BPT00311-111.aac
OK    /Volumes/Samsung 990-2/100 Hours/Garments/MTL-BPT00301-036.mp4 -> gs://100hr-data/Garments/Videos/MTL-BPT00301-036.mp4
OK    /Volumes/Samsung 990-2/100 Hours/Garments/MTL-BPT00301-022.mp4 -> gs://100hr-data/Garments/Videos/MTL-BPT00301-022.mp4
OK    /Volumes/Samsung 990-2/100 Hours/Garments/MTL-BPT00311-089.txt -> gs://100hr-data/Garments/IMU/MTL-BPT00311-089.txt
OK    /Volumes/Samsung 990-2/100 Hours/Garments/MTL-BPT00311-105.aac -> gs://100hr-data/Garments/IMU/MTL-BPT00311-105.aac
OK    /Volumes/Samsung 990-2/100 Hours/Garments/MTL-BPT00311-036.mp4 -> gs://100hr-data/Garments/Videos/MTL-BPT00311-036.mp4
OK    /Volumes/Samsung 990-2/100 Hours/Garments/MTL-BPT00311-062.txt -> gs://100hr-data/Garments/IMU/MTL-BPT00311-062.txt
OK    /Volumes/Samsung 990-2/100 Hours/Garments/MTL-BPT00302-039.aac -> gs://100hr-data/Garments/IMU/MTL-BPT00302-039.aac
OK    /Volumes/Samsung 990-2/100 Hours/Garments/MTL-BPT00301-062.txt -> gs://100hr-data/Garments/IMU/MTL-BPT00301-062.txt
OK    /Volumes/Samsung 990-2/100 Hours/Garments/MTL-BPT00311-076.txt -> gs://100hr-data/Garments/IMU/MTL-BPT00311-076.txt
OK    /Volumes/Samsung 990-2/100 Hours/Garments/MTL-BPT00302-005.aac -> gs://100hr-data/Garments/IMU/MTL-BPT00302-005.aac
OK    /Volumes/Samsung 990-2/100 Hours/Garments/MTL-BPT00302-136.mp4 -> gs://100hr-data/Garments/Videos/MTL-BPT00302-136.mp4
OK    /Volumes/Samsung 990-2/100 Hours/Garments/MTL-BPT00302-122.mp4 -> gs://100hr-data/Garments/Videos/MTL-BPT00302-122.mp4
OK    /Volumes/Samsung 990-2/100 Hours/Garments/MTL-BPT00302-011.aac -> gs://100hr-data/Garments/IMU/MTL-BPT00302-011.aac
OK    /Volumes/Samsung 990-2/100 Hours/Garments/MTL-BPT00302-134.mp4 -> gs://100hr-data/Garments/Videos/MTL-BPT00302-134.mp4
OK    /Volumes/Samsung 990-2/100 Hours/Garments/MTL-BPT00301-048.txt -> gs://100hr-data/Garments/IMU/MTL-BPT00301-048.txt
OK    /Volumes/Samsung 990-2/100 Hours/Garments/MTL-BPT00302-007.aac -> gs://100hr-data/Garments/IMU/MTL-BPT00302-007.aac
OK    /Volumes/Samsung 990-2/100 Hours/Garments/MTL-BPT00311-048.txt -> gs://100hr-data/Garments/IMU/MTL-BPT00311-048.txt
OK    /Volumes/Samsung 990-2/100 Hours/Garments/MTL-BPT00302-013.aac -> gs://100hr-data/Garments/IMU/MTL-BPT00302-013.aac
OK    /Volumes/Samsung 990-2/100 Hours/Garments/MTL-BPT00302-120.mp4 -> gs://100hr-data/Garments/Videos/MTL-BPT00302-120.mp4
OK    /Volumes/Samsung 990-2/100 Hours/Garments/MTL-BPT00302-108.mp4 -> gs://100hr-data/Garments/Videos/MTL-BPT00302-108.mp4
OK    /Volumes/Samsung 990-2/100 Hours/Garments/MTL-BPT00311-060.txt -> gs://100hr-data/Garments/IMU/MTL-BPT00311-060.txt
OK    /Volumes/Samsung 990-2/100 Hours/Garments/MTL-BPT00311-074.txt -> gs://100hr-data/Garments/IMU/MTL-BPT00311-074.txt
OK    /Volumes/Samsung 990-2/100 Hours/Garments/MTL-BPT00301-060.txt -> gs://100hr-data/Garments/IMU/MTL-BPT00301-060.txt
OK    /Volumes/Samsung 990-2/100 Hours/Garments/MTL-BPT00301-034.mp4 -> gs://100hr-data/Garments/Videos/MTL-BPT00301-034.mp4
OK    /Volumes/Samsung 990-2/100 Hours/Garments/MTL-BPT00311-113.aac -> gs://100hr-data/Garments/IMU/MTL-BPT00311-113.aac
OK    /Volumes/Samsung 990-2/100 Hours/Garments/MTL-BPT00311-020.mp4 -> gs://100hr-data/Garments/Videos/MTL-BPT00311-020.mp4
OK    /Volumes/Samsung 990-2/100 Hours/Garments/MTL-BPT00311-034.mp4 -> gs://100hr-data/Garments/Videos/MTL-BPT00311-034.mp4
OK    /Volumes/Samsung 990-2/100 Hours/Garments/MTL-BPT00311-107.aac -> gs://100hr-data/Garments/IMU/MTL-BPT00311-107.aac
OK    /Volumes/Samsung 990-2/100 Hours/Garments/MTL-BPT00301-020.mp4 -> gs://100hr-data/Garments/Videos/MTL-BPT00301-020.mp4
OK    /Volumes/Samsung 990-2/100 Hours/Garments/MTL-BPT00301-008.mp4 -> gs://100hr-data/Garments/Videos/MTL-BPT00301-008.mp4
OK    /Volumes/Samsung 990-2/100 Hours/Garments/MTL-BPT00311-008.mp4 -> gs://100hr-data/Garments/Videos/MTL-BPT00311-008.mp4
OK    /Volumes/Samsung 990-2/100 Hours/Garments/MTL-BPT00306-074.mp4 -> gs://100hr-data/Garments/Videos/MTL-BPT00306-074.mp4
OK    /Volumes/Samsung 990-2/100 Hours/Garments/MTL-BPT00325-028.aac -> gs://100hr-data/Garments/IMU/MTL-BPT00325-028.aac
OK    /Volumes/Samsung 990-2/100 Hours/Garments/MTL-BPT00306-060.mp4 -> gs://100hr-data/Garments/Videos/MTL-BPT00306-060.mp4
OK    /Volumes/Samsung 990-2/100 Hours/Garments/MTL-BPT00325-014.aac -> gs://100hr-data/Garments/IMU/MTL-BPT00325-014.aac
OK    /Volumes/Samsung 990-2/100 Hours/Garments/MTL-BPT00325-127.mp4 -> gs://100hr-data/Garments/Videos/MTL-BPT00325-127.mp4
OK    /Volumes/Samsung 990-2/100 Hours/Garments/MTL-BPT00306-048.mp4 -> gs://100hr-data/Garments/Videos/MTL-BPT00306-048.mp4
OK    /Volumes/Samsung 990-2/100 Hours/Garments/MTL-BPT00310-071.txt -> gs://100hr-data/Garments/IMU/MTL-BPT00310-071.txt
OK    /Volumes/Samsung 990-2/100 Hours/Garments/MTL-BPT00325-133.mp4 -> gs://100hr-data/Garments/Videos/MTL-BPT00325-133.mp4
OK    /Volumes/Samsung 990-2/100 Hours/Garments/MTL-BPT00310-031.mp4 -> gs://100hr-data/Garments/Videos/MTL-BPT00310-031.mp4
OK    /Volumes/Samsung 990-2/100 Hours/Garments/MTL-BPT00306-008.txt -> gs://100hr-data/Garments/IMU/MTL-BPT00306-008.txt
OK    /Volumes/Samsung 990-2/100 Hours/Garments/MTL-BPT00308-070.aac -> gs://100hr-data/Garments/IMU/MTL-BPT00308-070.aac
OK    /Volumes/Samsung 990-2/100 Hours/Garments/MTL-BPT00308-064.aac -> gs://100hr-data/Garments/IMU/MTL-BPT00308-064.aac
OK    /Volumes/Samsung 990-2/100 Hours/Garments/MTL-BPT00310-025.mp4 -> gs://100hr-data/Garments/Videos/MTL-BPT00310-025.mp4
OK    /Volumes/Samsung 990-2/100 Hours/Garments/MTL-BPT00306-034.txt -> gs://100hr-data/Garments/IMU/MTL-BPT00306-034.txt
OK    /Volumes/Samsung 990-2/100 Hours/Garments/MTL-BPT00308-058.aac -> gs://100hr-data/Garments/IMU/MTL-BPT00308-058.aac
OK    /Volumes/Samsung 990-2/100 Hours/Garments/MTL-BPT00310-019.mp4 -> gs://100hr-data/Garments/Videos/MTL-BPT00310-019.mp4
OK    /Volumes/Samsung 990-2/100 Hours/Garments/MTL-BPT00306-020.txt -> gs://100hr-data/Garments/IMU/MTL-BPT00306-020.txt
OK    /Volumes/Samsung 990-2/100 Hours/Garments/MTL-BPT00306-100.mp4 -> gs://100hr-data/Garments/Videos/MTL-BPT00306-100.mp4
OK    /Volumes/Samsung 990-2/100 Hours/Garments/MTL-BPT00306-033.aac -> gs://100hr-data/Garments/IMU/MTL-BPT00306-033.aac
OK    /Volumes/Samsung 990-2/100 Hours/Garments/MTL-BPT00306-027.aac -> gs://100hr-data/Garments/IMU/MTL-BPT00306-027.aac
OK    /Volumes/Samsung 990-2/100 Hours/Garments/MTL-BPT00306-114.mp4 -> gs://100hr-data/Garments/Videos/MTL-BPT00306-114.mp4
OK    /Volumes/Samsung 990-2/100 Hours/Garments/MTL-BPT00325-053.mp4 -> gs://100hr-data/Garments/Videos/MTL-BPT00325-053.mp4
OK    /Volumes/Samsung 990-2/100 Hours/Garments/MTL-BPT00308-077.txt -> gs://100hr-data/Garments/IMU/MTL-BPT00308-077.txt
OK    /Volumes/Samsung 990-2/100 Hours/Garments/MTL-BPT00308-063.txt -> gs://100hr-data/Garments/IMU/MTL-BPT00308-063.txt
OK    /Volumes/Samsung 990-2/100 Hours/Garments/MTL-BPT00325-047.mp4 -> gs://100hr-data/Garments/Videos/MTL-BPT00325-047.mp4
OK    /Volumes/Samsung 990-2/100 Hours/Garments/MTL-BPT00325-013.txt -> gs://100hr-data/Garments/IMU/MTL-BPT00325-013.txt
OK    /Volumes/Samsung 990-2/100 Hours/Garments/MTL-BPT00308-088.txt -> gs://100hr-data/Garments/IMU/MTL-BPT00308-088.txt
OK    /Volumes/Samsung 990-2/100 Hours/Garments/MTL-BPT00308-037.mp4 -> gs://100hr-data/Garments/Videos/MTL-BPT00308-037.mp4
OK    /Volumes/Samsung 990-2/100 Hours/Garments/MTL-BPT00308-023.mp4 -> gs://100hr-data/Garments/Videos/MTL-BPT00308-023.mp4
OK    /Volumes/Samsung 990-2/100 Hours/Garments/MTL-BPT00325-090.mp4 -> gs://100hr-data/Garments/Videos/MTL-BPT00325-090.mp4
OK    /Volumes/Samsung 990-2/100 Hours/Garments/MTL-BPT00325-084.mp4 -> gs://100hr-data/Garments/Videos/MTL-BPT00325-084.mp4
OK    /Volumes/Samsung 990-2/100 Hours/Garments/MTL-BPT00302-040.mp4 -> gs://100hr-data/Garments/Videos/MTL-BPT00302-040.mp4
OK    /Volumes/Samsung 990-2/100 Hours/Garments/MTL-BPT00311-128.txt -> gs://100hr-data/Garments/IMU/MTL-BPT00311-128.txt
OK    /Volumes/Samsung 990-2/100 Hours/Garments/MTL-BPT00302-054.mp4 -> gs://100hr-data/Garments/Videos/MTL-BPT00302-054.mp4
OK    /Volumes/Samsung 990-2/100 Hours/Garments/MTL-BPT00311-098.aac -> gs://100hr-data/Garments/IMU/MTL-BPT00311-098.aac
OK    /Volumes/Samsung 990-2/100 Hours/Garments/MTL-BPT00311-114.txt -> gs://100hr-data/Garments/IMU/MTL-BPT00311-114.txt
OK    /Volumes/Samsung 990-2/100 Hours/Garments/MTL-BPT00311-100.txt -> gs://100hr-data/Garments/IMU/MTL-BPT00311-100.txt
OK    /Volumes/Samsung 990-2/100 Hours/Garments/MTL-BPT00302-083.mp4 -> gs://100hr-data/Garments/Videos/MTL-BPT00302-083.mp4
OK    /Volumes/Samsung 990-2/100 Hours/Garments/MTL-BPT00311-067.aac -> gs://100hr-data/Garments/IMU/MTL-BPT00311-067.aac
OK    /Volumes/Samsung 990-2/100 Hours/Garments/MTL-BPT00311-073.aac -> gs://100hr-data/Garments/IMU/MTL-BPT00311-073.aac
OK    /Volumes/Samsung 990-2/100 Hours/Garments/MTL-BPT00302-097.mp4 -> gs://100hr-data/Garments/Videos/MTL-BPT00302-097.mp4
OK    /Volumes/Samsung 990-2/100 Hours/Garments/MTL-BPT00302-028.txt -> gs://100hr-data/Garments/IMU/MTL-BPT00302-028.txt
OK    /Volumes/Samsung 990-2/100 Hours/Garments/MTL-BPT00301-067.aac -> gs://100hr-data/Garments/IMU/MTL-BPT00301-067.aac
OK    /Volumes/Samsung 990-2/100 Hours/Garments/MTL-BPT00302-014.txt -> gs://100hr-data/Garments/IMU/MTL-BPT00302-014.txt
OK    /Volumes/Samsung 990-2/100 Hours/Garments/MTL-BPT00302-015.txt -> gs://100hr-data/Garments/IMU/MTL-BPT00302-015.txt
OK    /Volumes/Samsung 990-2/100 Hours/Garments/MTL-BPT00311-072.aac -> gs://100hr-data/Garments/IMU/MTL-BPT00311-072.aac
OK    /Volumes/Samsung 990-2/100 Hours/Garments/MTL-BPT00301-066.aac -> gs://100hr-data/Garments/IMU/MTL-BPT00301-066.aac
OK    /Volumes/Samsung 990-2/100 Hours/Garments/MTL-BPT00302-029.txt -> gs://100hr-data/Garments/IMU/MTL-BPT00302-029.txt
OK    /Volumes/Samsung 990-2/100 Hours/Garments/MTL-BPT00302-096.mp4 -> gs://100hr-data/Garments/Videos/MTL-BPT00302-096.mp4
OK    /Volumes/Samsung 990-2/100 Hours/Garments/MTL-BPT00302-082.mp4 -> gs://100hr-data/Garments/Videos/MTL-BPT00302-082.mp4
OK    /Volumes/Samsung 990-2/100 Hours/Garments/MTL-BPT00311-066.aac -> gs://100hr-data/Garments/IMU/MTL-BPT00311-066.aac
OK    /Volumes/Samsung 990-2/100 Hours/Garments/MTL-BPT00311-101.txt -> gs://100hr-data/Garments/IMU/MTL-BPT00311-101.txt
OK    /Volumes/Samsung 990-2/100 Hours/Garments/MTL-BPT00311-115.txt -> gs://100hr-data/Garments/IMU/MTL-BPT00311-115.txt
OK    /Volumes/Samsung 990-2/100 Hours/Garments/MTL-BPT00311-099.aac -> gs://100hr-data/Garments/IMU/MTL-BPT00311-099.aac
OK    /Volumes/Samsung 990-2/100 Hours/Garments/MTL-BPT00302-055.mp4 -> gs://100hr-data/Garments/Videos/MTL-BPT00302-055.mp4
OK    /Volumes/Samsung 990-2/100 Hours/Garments/MTL-BPT00302-041.mp4 -> gs://100hr-data/Garments/Videos/MTL-BPT00302-041.mp4
OK    /Volumes/Samsung 990-2/100 Hours/Garments/MTL-BPT00311-129.txt -> gs://100hr-data/Garments/IMU/MTL-BPT00311-129.txt
OK    /Volumes/Samsung 990-2/100 Hours/Garments/MTL-BPT00325-085.mp4 -> gs://100hr-data/Garments/Videos/MTL-BPT00325-085.mp4
OK    /Volumes/Samsung 990-2/100 Hours/Garments/MTL-BPT00325-091.mp4 -> gs://100hr-data/Garments/Videos/MTL-BPT00325-091.mp4
OK    /Volumes/Samsung 990-2/100 Hours/Garments/MTL-BPT00308-022.mp4 -> gs://100hr-data/Garments/Videos/MTL-BPT00308-022.mp4
OK    /Volumes/Samsung 990-2/100 Hours/Garments/MTL-BPT00325-012.txt -> gs://100hr-data/Garments/IMU/MTL-BPT00325-012.txt
OK    /Volumes/Samsung 990-2/100 Hours/Garments/MTL-BPT00308-036.mp4 -> gs://100hr-data/Garments/Videos/MTL-BPT00308-036.mp4
OK    /Volumes/Samsung 990-2/100 Hours/Garments/MTL-BPT00308-089.txt -> gs://100hr-data/Garments/IMU/MTL-BPT00308-089.txt
OK    /Volumes/Samsung 990-2/100 Hours/Garments/MTL-BPT00308-062.txt -> gs://100hr-data/Garments/IMU/MTL-BPT00308-062.txt
OK    /Volumes/Samsung 990-2/100 Hours/Garments/MTL-BPT00325-046.mp4 -> gs://100hr-data/Garments/Videos/MTL-BPT00325-046.mp4
OK    /Volumes/Samsung 990-2/100 Hours/Garments/MTL-BPT00325-052.mp4 -> gs://100hr-data/Garments/Videos/MTL-BPT00325-052.mp4
OK    /Volumes/Samsung 990-2/100 Hours/Garments/MTL-BPT00308-076.txt -> gs://100hr-data/Garments/IMU/MTL-BPT00308-076.txt
OK    /Volumes/Samsung 990-2/100 Hours/Garments/MTL-BPT00306-026.aac -> gs://100hr-data/Garments/IMU/MTL-BPT00306-026.aac
OK    /Volumes/Samsung 990-2/100 Hours/Garments/MTL-BPT00306-032.aac -> gs://100hr-data/Garments/IMU/MTL-BPT00306-032.aac
OK    /Volumes/Samsung 990-2/100 Hours/Garments/MTL-BPT00306-101.mp4 -> gs://100hr-data/Garments/Videos/MTL-BPT00306-101.mp4
OK    /Volumes/Samsung 990-2/100 Hours/Garments/MTL-BPT00308-059.aac -> gs://100hr-data/Garments/IMU/MTL-BPT00308-059.aac
OK    /Volumes/Samsung 990-2/100 Hours/Garments/MTL-BPT00306-021.txt -> gs://100hr-data/Garments/IMU/MTL-BPT00306-021.txt
OK    /Volumes/Samsung 990-2/100 Hours/Garments/MTL-BPT00310-018.mp4 -> gs://100hr-data/Garments/Videos/MTL-BPT00310-018.mp4
OK    /Volumes/Samsung 990-2/100 Hours/Garments/MTL-BPT00306-035.txt -> gs://100hr-data/Garments/IMU/MTL-BPT00306-035.txt
OK    /Volumes/Samsung 990-2/100 Hours/Garments/MTL-BPT00308-065.aac -> gs://100hr-data/Garments/IMU/MTL-BPT00308-065.aac
OK    /Volumes/Samsung 990-2/100 Hours/Garments/MTL-BPT00310-024.mp4 -> gs://100hr-data/Garments/Videos/MTL-BPT00310-024.mp4
OK    /Volumes/Samsung 990-2/100 Hours/Garments/MTL-BPT00306-009.txt -> gs://100hr-data/Garments/IMU/MTL-BPT00306-009.txt
OK    /Volumes/Samsung 990-2/100 Hours/Garments/MTL-BPT00310-030.mp4 -> gs://100hr-data/Garments/Videos/MTL-BPT00310-030.mp4
OK    /Volumes/Samsung 990-2/100 Hours/Garments/MTL-BPT00308-071.aac -> gs://100hr-data/Garments/IMU/MTL-BPT00308-071.aac
OK    /Volumes/Samsung 990-2/100 Hours/Garments/MTL-BPT00325-132.mp4 -> gs://100hr-data/Garments/Videos/MTL-BPT00325-132.mp4
OK    /Volumes/Samsung 990-2/100 Hours/Garments/MTL-BPT00310-070.txt -> gs://100hr-data/Garments/IMU/MTL-BPT00310-070.txt
OK    /Volumes/Samsung 990-2/100 Hours/Garments/MTL-BPT00306-049.mp4 -> gs://100hr-data/Garments/Videos/MTL-BPT00306-049.mp4
OK    /Volumes/Samsung 990-2/100 Hours/Garments/MTL-BPT00325-126.mp4 -> gs://100hr-data/Garments/Videos/MTL-BPT00325-126.mp4
OK    /Volumes/Samsung 990-2/100 Hours/Garments/MTL-BPT00325-015.aac -> gs://100hr-data/Garments/IMU/MTL-BPT00325-015.aac
OK    /Volumes/Samsung 990-2/100 Hours/Garments/MTL-BPT00306-061.mp4 -> gs://100hr-data/Garments/Videos/MTL-BPT00306-061.mp4
OK    /Volumes/Samsung 990-2/100 Hours/Garments/MTL-BPT00325-029.aac -> gs://100hr-data/Garments/IMU/MTL-BPT00325-029.aac
OK    /Volumes/Samsung 990-2/100 Hours/Garments/MTL-BPT00306-075.mp4 -> gs://100hr-data/Garments/Videos/MTL-BPT00306-075.mp4
OK    /Volumes/Samsung 990-2/100 Hours/Garments/MTL-BPT00311-009.mp4 -> gs://100hr-data/Garments/Videos/MTL-BPT00311-009.mp4
OK    /Volumes/Samsung 990-2/100 Hours/Garments/MTL-BPT00301-009.mp4 -> gs://100hr-data/Garments/Videos/MTL-BPT00301-009.mp4
OK    /Volumes/Samsung 990-2/100 Hours/Garments/MTL-BPT00311-106.aac -> gs://100hr-data/Garments/IMU/MTL-BPT00311-106.aac
OK    /Volumes/Samsung 990-2/100 Hours/Garments/MTL-BPT00311-035.mp4 -> gs://100hr-data/Garments/Videos/MTL-BPT00311-035.mp4
OK    /Volumes/Samsung 990-2/100 Hours/Garments/MTL-BPT00301-021.mp4 -> gs://100hr-data/Garments/Videos/MTL-BPT00301-021.mp4
OK    /Volumes/Samsung 990-2/100 Hours/Garments/MTL-BPT00301-035.mp4 -> gs://100hr-data/Garments/Videos/MTL-BPT00301-035.mp4
OK    /Volumes/Samsung 990-2/100 Hours/Garments/MTL-BPT00311-021.mp4 -> gs://100hr-data/Garments/Videos/MTL-BPT00311-021.mp4
OK    /Volumes/Samsung 990-2/100 Hours/Garments/MTL-BPT00311-112.aac -> gs://100hr-data/Garments/IMU/MTL-BPT00311-112.aac
OK    /Volumes/Samsung 990-2/100 Hours/Garments/MTL-BPT00311-075.txt -> gs://100hr-data/Garments/IMU/MTL-BPT00311-075.txt
OK    /Volumes/Samsung 990-2/100 Hours/Garments/MTL-BPT00301-061.txt -> gs://100hr-data/Garments/IMU/MTL-BPT00301-061.txt
OK    /Volumes/Samsung 990-2/100 Hours/Garments/MTL-BPT00302-109.mp4 -> gs://100hr-data/Garments/Videos/MTL-BPT00302-109.mp4
OK    /Volumes/Samsung 990-2/100 Hours/Garments/MTL-BPT00311-061.txt -> gs://100hr-data/Garments/IMU/MTL-BPT00311-061.txt
OK    /Volumes/Samsung 990-2/100 Hours/Garments/MTL-BPT00311-049.txt -> gs://100hr-data/Garments/IMU/MTL-BPT00311-049.txt
OK    /Volumes/Samsung 990-2/100 Hours/Garments/MTL-BPT00302-121.mp4 -> gs://100hr-data/Garments/Videos/MTL-BPT00302-121.mp4
OK    /Volumes/Samsung 990-2/100 Hours/Garments/MTL-BPT00302-012.aac -> gs://100hr-data/Garments/IMU/MTL-BPT00302-012.aac
OK    /Volumes/Samsung 990-2/100 Hours/Garments/MTL-BPT00302-006.aac -> gs://100hr-data/Garments/IMU/MTL-BPT00302-006.aac
OK    /Volumes/Samsung 990-2/100 Hours/Garments/MTL-BPT00301-049.txt -> gs://100hr-data/Garments/IMU/MTL-BPT00301-049.txt
OK    /Volumes/Samsung 990-2/100 Hours/Garments/MTL-BPT00302-135.mp4 -> gs://100hr-data/Garments/Videos/MTL-BPT00302-135.mp4
Summary: success=2092 skipped=0 failed=0
