Upload started: 2026-08-26T13:04:40Z
Source: /Volumes/Samsung 990-2/100 Hours/Semi-conductors
Destination: gs://100hr-data/Semi-conductors/
OK    /Volumes/Samsung 990-2/100 Hours/Semi-conductors/MTL-ZRYH00085-018.aac -> gs://100hr-data/Semi-conductors/IMU/MTL-ZRYH00085-018.aac
OK    /Volumes/Samsung 990-2/100 Hours/Semi-conductors/MTL-ZRYH00085-024.aac -> gs://100hr-data/Semi-conductors/IMU/MTL-ZRYH00085-024.aac
OK    /Volumes/Samsung 990-2/100 Hours/Semi-conductors/MTL-ZRYH00085-030.aac -> gs://100hr-data/Semi-conductors/IMU/MTL-ZRYH00085-030.aac
OK    /Volumes/Samsung 990-2/100 Hours/Semi-conductors/MTL-ZRYH00078-021.txt -> gs://100hr-data/Semi-conductors/IMU/MTL-ZRYH00078-021.txt
OK    /Volumes/Samsung 990-2/100 Hours/Semi-conductors/MTL-ZRYH00068-021.txt -> gs://100hr-data/Semi-conductors/IMU/MTL-ZRYH00068-021.txt
OK    /Volumes/Samsung 990-2/100 Hours/Semi-conductors/MTL-ZRYH00066-059.aac -> gs://100hr-data/Semi-conductors/IMU/MTL-ZRYH00066-059.aac
OK    /Volumes/Samsung 990-2/100 Hours/Semi-conductors/MTL-ZRYH00073-007.mp4 -> gs://100hr-data/Semi-conductors/Videos/MTL-ZRYH00073-007.mp4
OK    /Volumes/Samsung 990-2/100 Hours/Semi-conductors/MTL-ZRYH00066-071.aac -> gs://100hr-data/Semi-conductors/IMU/MTL-ZRYH00066-071.aac
OK    /Volumes/Samsung 990-2/100 Hours/Semi-conductors/MTL-ZRYH00068-009.txt -> gs://100hr-data/Semi-conductors/IMU/MTL-ZRYH00068-009.txt
OK    /Volumes/Samsung 990-2/100 Hours/Semi-conductors/MTL-ZRYH00073-013.mp4 -> gs://100hr-data/Semi-conductors/Videos/MTL-ZRYH00073-013.mp4
OK    /Volumes/Samsung 990-2/100 Hours/Semi-conductors/MTL-ZRYH00078-009.txt -> gs://100hr-data/Semi-conductors/IMU/MTL-ZRYH00078-009.txt
OK    /Volumes/Samsung 990-2/100 Hours/Semi-conductors/MTL-ZRYH00066-065.aac -> gs://100hr-data/Semi-conductors/IMU/MTL-ZRYH00066-065.aac
OK    /Volumes/Samsung 990-2/100 Hours/Semi-conductors/MTL-ZRYH00073-047.txt -> gs://100hr-data/Semi-conductors/IMU/MTL-ZRYH00073-047.txt
OK    /Volumes/Samsung 990-2/100 Hours/Semi-conductors/MTL-ZRYH00073-053.txt -> gs://100hr-data/Semi-conductors/IMU/MTL-ZRYH00073-053.txt
OK    /Volumes/Samsung 990-2/100 Hours/Semi-conductors/MTL-ZRYH00084-035.aac -> gs://100hr-data/Semi-conductors/IMU/MTL-ZRYH00084-035.aac
OK    /Volumes/Samsung 990-2/100 Hours/Semi-conductors/MTL-ZRYH00078-061.mp4 -> gs://100hr-data/Semi-conductors/Videos/MTL-ZRYH00078-061.mp4
OK    /Volumes/Samsung 990-2/100 Hours/Semi-conductors/MTL-ZRYH00068-075.mp4 -> gs://100hr-data/Semi-conductors/Videos/MTL-ZRYH00068-075.mp4
OK    /Volumes/Samsung 990-2/100 Hours/Semi-conductors/MTL-ZRYH00068-061.mp4 -> gs://100hr-data/Semi-conductors/Videos/MTL-ZRYH00068-061.mp4
OK    /Volumes/Samsung 990-2/100 Hours/Semi-conductors/MTL-ZRYH00078-075.mp4 -> gs://100hr-data/Semi-conductors/Videos/MTL-ZRYH00078-075.mp4
OK    /Volumes/Samsung 990-2/100 Hours/Semi-conductors/MTL-ZRYH00084-032.txt -> gs://100hr-data/Semi-conductors/IMU/MTL-ZRYH00084-032.txt
OK    /Volumes/Samsung 990-2/100 Hours/Semi-conductors/MTL-ZRYH00073-068.aac -> gs://100hr-data/Semi-conductors/IMU/MTL-ZRYH00073-068.aac
OK    /Volumes/Samsung 990-2/100 Hours/Semi-conductors/MTL-ZRYH00073-040.aac -> gs://100hr-data/Semi-conductors/IMU/MTL-ZRYH00073-040.aac
OK    /Volumes/Samsung 990-2/100 Hours/Semi-conductors/MTL-ZRYH00066-036.mp4 -> gs://100hr-data/Semi-conductors/Videos/MTL-ZRYH00066-036.mp4
OK    /Volumes/Samsung 990-2/100 Hours/Semi-conductors/MTL-ZRYH00066-089.txt -> gs://100hr-data/Semi-conductors/IMU/MTL-ZRYH00066-089.txt
OK    /Volumes/Samsung 990-2/100 Hours/Semi-conductors/MTL-ZRYH00073-054.aac -> gs://100hr-data/Semi-conductors/IMU/MTL-ZRYH00073-054.aac
OK    /Volumes/Samsung 990-2/100 Hours/Semi-conductors/MTL-ZRYH00066-076.txt -> gs://100hr-data/Semi-conductors/IMU/MTL-ZRYH00066-076.txt
OK    /Volumes/Samsung 990-2/100 Hours/Semi-conductors/MTL-ZRYH00066-062.txt -> gs://100hr-data/Semi-conductors/IMU/MTL-ZRYH00066-062.txt
OK    /Volumes/Samsung 990-2/100 Hours/Semi-conductors/MTL-ZRYH00078-026.aac -> gs://100hr-data/Semi-conductors/IMU/MTL-ZRYH00078-026.aac
OK    /Volumes/Samsung 990-2/100 Hours/Semi-conductors/MTL-ZRYH00068-032.aac -> gs://100hr-data/Semi-conductors/IMU/MTL-ZRYH00068-032.aac
OK    /Volumes/Samsung 990-2/100 Hours/Semi-conductors/MTL-ZRYH00068-026.aac -> gs://100hr-data/Semi-conductors/IMU/MTL-ZRYH00068-026.aac
OK    /Volumes/Samsung 990-2/100 Hours/Semi-conductors/MTL-ZRYH00078-032.aac -> gs://100hr-data/Semi-conductors/IMU/MTL-ZRYH00078-032.aac
OK    /Volumes/Samsung 990-2/100 Hours/Semi-conductors/MTL-ZRYH00085-023.txt -> gs://100hr-data/Semi-conductors/IMU/MTL-ZRYH00085-023.txt
OK    /Volumes/Samsung 990-2/100 Hours/Semi-conductors/MTL-ZRYH00085-037.txt -> gs://100hr-data/Semi-conductors/IMU/MTL-ZRYH00085-037.txt
OK    /Volumes/Samsung 990-2/100 Hours/Semi-conductors/MTL-ZRYH00085-076.mp4 -> gs://100hr-data/Semi-conductors/Videos/MTL-ZRYH00085-076.mp4
OK    /Volumes/Samsung 990-2/100 Hours/Semi-conductors/MTL-ZRYH00085-062.mp4 -> gs://100hr-data/Semi-conductors/Videos/MTL-ZRYH00085-062.mp4
OK    /Volumes/Samsung 990-2/100 Hours/Semi-conductors/MTL-ZRYH00085-036.txt -> gs://100hr-data/Semi-conductors/IMU/MTL-ZRYH00085-036.txt
OK    /Volumes/Samsung 990-2/100 Hours/Semi-conductors/MTL-ZRYH00085-089.mp4 -> gs://100hr-data/Semi-conductors/Videos/MTL-ZRYH00085-089.mp4
OK    /Volumes/Samsung 990-2/100 Hours/Semi-conductors/MTL-ZRYH00085-022.txt -> gs://100hr-data/Semi-conductors/IMU/MTL-ZRYH00085-022.txt
OK    /Volumes/Samsung 990-2/100 Hours/Semi-conductors/MTL-ZRYH00068-027.aac -> gs://100hr-data/Semi-conductors/IMU/MTL-ZRYH00068-027.aac
OK    /Volumes/Samsung 990-2/100 Hours/Semi-conductors/MTL-ZRYH00084-067.mp4 -> gs://100hr-data/Semi-conductors/Videos/MTL-ZRYH00084-067.mp4
OK    /Volumes/Samsung 990-2/100 Hours/Semi-conductors/MTL-ZRYH00078-027.aac -> gs://100hr-data/Semi-conductors/IMU/MTL-ZRYH00078-027.aac
OK    /Volumes/Samsung 990-2/100 Hours/Semi-conductors/MTL-ZRYH00066-077.txt -> gs://100hr-data/Semi-conductors/IMU/MTL-ZRYH00066-077.txt
OK    /Volumes/Samsung 990-2/100 Hours/Semi-conductors/MTL-ZRYH00066-023.mp4 -> gs://100hr-data/Semi-conductors/Videos/MTL-ZRYH00066-023.mp4
OK    /Volumes/Samsung 990-2/100 Hours/Semi-conductors/MTL-ZRYH00066-088.txt -> gs://100hr-data/Semi-conductors/IMU/MTL-ZRYH00066-088.txt
OK    /Volumes/Samsung 990-2/100 Hours/Semi-conductors/MTL-ZRYH00066-037.mp4 -> gs://100hr-data/Semi-conductors/Videos/MTL-ZRYH00066-037.mp4
OK    /Volumes/Samsung 990-2/100 Hours/Semi-conductors/MTL-ZRYH00073-041.aac -> gs://100hr-data/Semi-conductors/IMU/MTL-ZRYH00073-041.aac
OK    /Volumes/Samsung 990-2/100 Hours/Semi-conductors/MTL-ZRYH00084-033.txt -> gs://100hr-data/Semi-conductors/IMU/MTL-ZRYH00084-033.txt
OK    /Volumes/Samsung 990-2/100 Hours/Semi-conductors/MTL-ZRYH00084-034.aac -> gs://100hr-data/Semi-conductors/IMU/MTL-ZRYH00084-034.aac
OK    /Volumes/Samsung 990-2/100 Hours/Semi-conductors/MTL-ZRYH00078-048.mp4 -> gs://100hr-data/Semi-conductors/Videos/MTL-ZRYH00078-048.mp4
OK    /Volumes/Samsung 990-2/100 Hours/Semi-conductors/MTL-ZRYH00068-048.mp4 -> gs://100hr-data/Semi-conductors/Videos/MTL-ZRYH00068-048.mp4
OK    /Volumes/Samsung 990-2/100 Hours/Semi-conductors/MTL-ZRYH00066-064.aac -> gs://100hr-data/Semi-conductors/IMU/MTL-ZRYH00066-064.aac
OK    /Volumes/Samsung 990-2/100 Hours/Semi-conductors/MTL-ZRYH00073-012.mp4 -> gs://100hr-data/Semi-conductors/Videos/MTL-ZRYH00073-012.mp4
OK    /Volumes/Samsung 990-2/100 Hours/Semi-conductors/MTL-ZRYH00066-070.aac -> gs://100hr-data/Semi-conductors/IMU/MTL-ZRYH00066-070.aac
OK    /Volumes/Samsung 990-2/100 Hours/Semi-conductors/MTL-ZRYH00073-006.mp4 -> gs://100hr-data/Semi-conductors/Videos/MTL-ZRYH00073-006.mp4
OK    /Volumes/Samsung 990-2/100 Hours/Semi-conductors/MTL-ZRYH00068-020.txt -> gs://100hr-data/Semi-conductors/IMU/MTL-ZRYH00068-020.txt
OK    /Volumes/Samsung 990-2/100 Hours/Semi-conductors/MTL-ZRYH00078-034.txt -> gs://100hr-data/Semi-conductors/IMU/MTL-ZRYH00078-034.txt
OK    /Volumes/Samsung 990-2/100 Hours/Semi-conductors/MTL-ZRYH00078-020.txt -> gs://100hr-data/Semi-conductors/IMU/MTL-ZRYH00078-020.txt
OK    /Volumes/Samsung 990-2/100 Hours/Semi-conductors/MTL-ZRYH00068-034.txt -> gs://100hr-data/Semi-conductors/IMU/MTL-ZRYH00068-034.txt
OK    /Volumes/Samsung 990-2/100 Hours/Semi-conductors/MTL-ZRYH00085-031.aac -> gs://100hr-data/Semi-conductors/IMU/MTL-ZRYH00085-031.aac
OK    /Volumes/Samsung 990-2/100 Hours/Semi-conductors/MTL-ZRYH00085-019.aac -> gs://100hr-data/Semi-conductors/IMU/MTL-ZRYH00085-019.aac
OK    /Volumes/Samsung 990-2/100 Hours/Semi-conductors/MTL-ZRYH00085-100.mp4 -> gs://100hr-data/Semi-conductors/Videos/MTL-ZRYH00085-100.mp4
OK    /Volumes/Samsung 990-2/100 Hours/Semi-conductors/MTL-ZRYH00085-027.aac -> gs://100hr-data/Semi-conductors/IMU/MTL-ZRYH00085-027.aac
OK    /Volumes/Samsung 990-2/100 Hours/Semi-conductors/MTL-ZRYH00078-036.txt -> gs://100hr-data/Semi-conductors/IMU/MTL-ZRYH00078-036.txt
OK    /Volumes/Samsung 990-2/100 Hours/Semi-conductors/MTL-ZRYH00068-022.txt -> gs://100hr-data/Semi-conductors/IMU/MTL-ZRYH00068-022.txt
OK    /Volumes/Samsung 990-2/100 Hours/Semi-conductors/MTL-ZRYH00068-036.txt -> gs://100hr-data/Semi-conductors/IMU/MTL-ZRYH00068-036.txt
OK    /Volumes/Samsung 990-2/100 Hours/Semi-conductors/MTL-ZRYH00068-089.mp4 -> gs://100hr-data/Semi-conductors/Videos/MTL-ZRYH00068-089.mp4
OK    /Volumes/Samsung 990-2/100 Hours/Semi-conductors/MTL-ZRYH00078-022.txt -> gs://100hr-data/Semi-conductors/IMU/MTL-ZRYH00078-022.txt
OK    /Volumes/Samsung 990-2/100 Hours/Semi-conductors/MTL-ZRYH00073-010.mp4 -> gs://100hr-data/Semi-conductors/Videos/MTL-ZRYH00073-010.mp4
OK    /Volumes/Samsung 990-2/100 Hours/Semi-conductors/MTL-ZRYH00073-004.mp4 -> gs://100hr-data/Semi-conductors/Videos/MTL-ZRYH00073-004.mp4
OK    /Volumes/Samsung 990-2/100 Hours/Semi-conductors/MTL-ZRYH00073-050.txt -> gs://100hr-data/Semi-conductors/IMU/MTL-ZRYH00073-050.txt
OK    /Volumes/Samsung 990-2/100 Hours/Semi-conductors/MTL-ZRYH00073-044.txt -> gs://100hr-data/Semi-conductors/IMU/MTL-ZRYH00073-044.txt
OK    /Volumes/Samsung 990-2/100 Hours/Semi-conductors/MTL-ZRYH00078-076.mp4 -> gs://100hr-data/Semi-conductors/Videos/MTL-ZRYH00078-076.mp4
OK    /Volumes/Samsung 990-2/100 Hours/Semi-conductors/MTL-ZRYH00068-062.mp4 -> gs://100hr-data/Semi-conductors/Videos/MTL-ZRYH00068-062.mp4
OK    /Volumes/Samsung 990-2/100 Hours/Semi-conductors/MTL-ZRYH00068-076.mp4 -> gs://100hr-data/Semi-conductors/Videos/MTL-ZRYH00068-076.mp4
OK    /Volumes/Samsung 990-2/100 Hours/Semi-conductors/MTL-ZRYH00078-062.mp4 -> gs://100hr-data/Semi-conductors/Videos/MTL-ZRYH00078-062.mp4
OK    /Volumes/Samsung 990-2/100 Hours/Semi-conductors/MTL-ZRYH00066-009.mp4 -> gs://100hr-data/Semi-conductors/Videos/MTL-ZRYH00066-009.mp4
OK    /Volumes/Samsung 990-2/100 Hours/Semi-conductors/MTL-ZRYH00084-031.txt -> gs://100hr-data/Semi-conductors/IMU/MTL-ZRYH00084-031.txt
OK    /Volumes/Samsung 990-2/100 Hours/Semi-conductors/MTL-ZRYH00073-057.aac -> gs://100hr-data/Semi-conductors/IMU/MTL-ZRYH00073-057.aac
OK    /Volumes/Samsung 990-2/100 Hours/Semi-conductors/MTL-ZRYH00066-021.mp4 -> gs://100hr-data/Semi-conductors/Videos/MTL-ZRYH00066-021.mp4
OK    /Volumes/Samsung 990-2/100 Hours/Semi-conductors/MTL-ZRYH00073-043.aac -> gs://100hr-data/Semi-conductors/IMU/MTL-ZRYH00073-043.aac
OK    /Volumes/Samsung 990-2/100 Hours/Semi-conductors/MTL-ZRYH00066-035.mp4 -> gs://100hr-data/Semi-conductors/Videos/MTL-ZRYH00066-035.mp4
OK    /Volumes/Samsung 990-2/100 Hours/Semi-conductors/MTL-ZRYH00084-059.mp4 -> gs://100hr-data/Semi-conductors/Videos/MTL-ZRYH00084-059.mp4
OK    /Volumes/Samsung 990-2/100 Hours/Semi-conductors/MTL-ZRYH00066-061.txt -> gs://100hr-data/Semi-conductors/IMU/MTL-ZRYH00066-061.txt
OK    /Volumes/Samsung 990-2/100 Hours/Semi-conductors/MTL-ZRYH00068-019.aac -> gs://100hr-data/Semi-conductors/IMU/MTL-ZRYH00068-019.aac
OK    /Volumes/Samsung 990-2/100 Hours/Semi-conductors/MTL-ZRYH00066-075.txt -> gs://100hr-data/Semi-conductors/IMU/MTL-ZRYH00066-075.txt
OK    /Volumes/Samsung 990-2/100 Hours/Semi-conductors/MTL-ZRYH00078-019.aac -> gs://100hr-data/Semi-conductors/IMU/MTL-ZRYH00078-019.aac
OK    /Volumes/Samsung 990-2/100 Hours/Semi-conductors/MTL-ZRYH00084-065.mp4 -> gs://100hr-data/Semi-conductors/Videos/MTL-ZRYH00084-065.mp4
OK    /Volumes/Samsung 990-2/100 Hours/Semi-conductors/MTL-ZRYH00078-031.aac -> gs://100hr-data/Semi-conductors/IMU/MTL-ZRYH00078-031.aac
OK    /Volumes/Samsung 990-2/100 Hours/Semi-conductors/MTL-ZRYH00068-031.aac -> gs://100hr-data/Semi-conductors/IMU/MTL-ZRYH00068-031.aac
OK    /Volumes/Samsung 990-2/100 Hours/Semi-conductors/MTL-ZRYH00085-034.txt -> gs://100hr-data/Semi-conductors/IMU/MTL-ZRYH00085-034.txt
OK    /Volumes/Samsung 990-2/100 Hours/Semi-conductors/MTL-ZRYH00085-020.txt -> gs://100hr-data/Semi-conductors/IMU/MTL-ZRYH00085-020.txt
OK    /Volumes/Samsung 990-2/100 Hours/Semi-conductors/MTL-ZRYH00085-048.mp4 -> gs://100hr-data/Semi-conductors/Videos/MTL-ZRYH00085-048.mp4
OK    /Volumes/Samsung 990-2/100 Hours/Semi-conductors/MTL-ZRYH00085-061.mp4 -> gs://100hr-data/Semi-conductors/Videos/MTL-ZRYH00085-061.mp4
OK    /Volumes/Samsung 990-2/100 Hours/Semi-conductors/MTL-ZRYH00085-075.mp4 -> gs://100hr-data/Semi-conductors/Videos/MTL-ZRYH00085-075.mp4
OK    /Volumes/Samsung 990-2/100 Hours/Semi-conductors/MTL-ZRYH00085-009.txt -> gs://100hr-data/Semi-conductors/IMU/MTL-ZRYH00085-009.txt
OK    /Volumes/Samsung 990-2/100 Hours/Semi-conductors/MTL-ZRYH00085-021.txt -> gs://100hr-data/Semi-conductors/IMU/MTL-ZRYH00085-021.txt
OK    /Volumes/Samsung 990-2/100 Hours/Semi-conductors/MTL-ZRYH00068-030.aac -> gs://100hr-data/Semi-conductors/IMU/MTL-ZRYH00068-030.aac
OK    /Volumes/Samsung 990-2/100 Hours/Semi-conductors/MTL-ZRYH00078-024.aac -> gs://100hr-data/Semi-conductors/IMU/MTL-ZRYH00078-024.aac
OK    /Volumes/Samsung 990-2/100 Hours/Semi-conductors/MTL-ZRYH00066-048.txt -> gs://100hr-data/Semi-conductors/IMU/MTL-ZRYH00066-048.txt
OK    /Volumes/Samsung 990-2/100 Hours/Semi-conductors/MTL-ZRYH00078-030.aac -> gs://100hr-data/Semi-conductors/IMU/MTL-ZRYH00078-030.aac
OK    /Volumes/Samsung 990-2/100 Hours/Semi-conductors/MTL-ZRYH00084-064.mp4 -> gs://100hr-data/Semi-conductors/Videos/MTL-ZRYH00084-064.mp4
OK    /Volumes/Samsung 990-2/100 Hours/Semi-conductors/MTL-ZRYH00068-024.aac -> gs://100hr-data/Semi-conductors/IMU/MTL-ZRYH00068-024.aac
OK    /Volumes/Samsung 990-2/100 Hours/Semi-conductors/MTL-ZRYH00078-018.aac -> gs://100hr-data/Semi-conductors/IMU/MTL-ZRYH00078-018.aac
OK    /Volumes/Samsung 990-2/100 Hours/Semi-conductors/MTL-ZRYH00084-058.mp4 -> gs://100hr-data/Semi-conductors/Videos/MTL-ZRYH00084-058.mp4
OK    /Volumes/Samsung 990-2/100 Hours/Semi-conductors/MTL-ZRYH00068-018.aac -> gs://100hr-data/Semi-conductors/IMU/MTL-ZRYH00068-018.aac
OK    /Volumes/Samsung 990-2/100 Hours/Semi-conductors/MTL-ZRYH00066-034.mp4 -> gs://100hr-data/Semi-conductors/Videos/MTL-ZRYH00066-034.mp4
OK    /Volumes/Samsung 990-2/100 Hours/Semi-conductors/MTL-ZRYH00073-042.aac -> gs://100hr-data/Semi-conductors/IMU/MTL-ZRYH00073-042.aac
OK    /Volumes/Samsung 990-2/100 Hours/Semi-conductors/MTL-ZRYH00066-020.mp4 -> gs://100hr-data/Semi-conductors/Videos/MTL-ZRYH00066-020.mp4
OK    /Volumes/Samsung 990-2/100 Hours/Semi-conductors/MTL-ZRYH00073-056.aac -> gs://100hr-data/Semi-conductors/IMU/MTL-ZRYH00073-056.aac
OK    /Volumes/Samsung 990-2/100 Hours/Semi-conductors/MTL-ZRYH00084-037.aac -> gs://100hr-data/Semi-conductors/IMU/MTL-ZRYH00084-037.aac
OK    /Volumes/Samsung 990-2/100 Hours/Semi-conductors/MTL-ZRYH00073-045.txt -> gs://100hr-data/Semi-conductors/IMU/MTL-ZRYH00073-045.txt
OK    /Volumes/Samsung 990-2/100 Hours/Semi-conductors/MTL-ZRYH00073-051.txt -> gs://100hr-data/Semi-conductors/IMU/MTL-ZRYH00073-051.txt
OK    /Volumes/Samsung 990-2/100 Hours/Semi-conductors/MTL-ZRYH00066-073.aac -> gs://100hr-data/Semi-conductors/IMU/MTL-ZRYH00066-073.aac
OK    /Volumes/Samsung 990-2/100 Hours/Semi-conductors/MTL-ZRYH00066-067.aac -> gs://100hr-data/Semi-conductors/IMU/MTL-ZRYH00066-067.aac
OK    /Volumes/Samsung 990-2/100 Hours/Semi-conductors/MTL-ZRYH00068-037.txt -> gs://100hr-data/Semi-conductors/IMU/MTL-ZRYH00068-037.txt
OK    /Volumes/Samsung 990-2/100 Hours/Semi-conductors/MTL-ZRYH00078-023.txt -> gs://100hr-data/Semi-conductors/IMU/MTL-ZRYH00078-023.txt
OK    /Volumes/Samsung 990-2/100 Hours/Semi-conductors/MTL-ZRYH00073-039.mp4 -> gs://100hr-data/Semi-conductors/Videos/MTL-ZRYH00073-039.mp4
OK    /Volumes/Samsung 990-2/100 Hours/Semi-conductors/MTL-ZRYH00078-037.txt -> gs://100hr-data/Semi-conductors/IMU/MTL-ZRYH00078-037.txt
OK    /Volumes/Samsung 990-2/100 Hours/Semi-conductors/MTL-ZRYH00068-023.txt -> gs://100hr-data/Semi-conductors/IMU/MTL-ZRYH00068-023.txt
OK    /Volumes/Samsung 990-2/100 Hours/Semi-conductors/MTL-ZRYH00085-026.aac -> gs://100hr-data/Semi-conductors/IMU/MTL-ZRYH00085-026.aac
OK    /Volumes/Samsung 990-2/100 Hours/Semi-conductors/MTL-ZRYH00085-032.aac -> gs://100hr-data/Semi-conductors/IMU/MTL-ZRYH00085-032.aac
OK    /Volumes/Samsung 990-2/100 Hours/Semi-conductors/MTL-ZRYH00073-015.mp4 -> gs://100hr-data/Semi-conductors/Videos/MTL-ZRYH00073-015.mp4
OK    /Volumes/Samsung 990-2/100 Hours/Semi-conductors/MTL-ZRYH00066-063.aac -> gs://100hr-data/Semi-conductors/IMU/MTL-ZRYH00066-063.aac
OK    /Volumes/Samsung 990-2/100 Hours/Semi-conductors/MTL-ZRYH00078-033.txt -> gs://100hr-data/Semi-conductors/IMU/MTL-ZRYH00078-033.txt
OK    /Volumes/Samsung 990-2/100 Hours/Semi-conductors/MTL-ZRYH00073-029.mp4 -> gs://100hr-data/Semi-conductors/Videos/MTL-ZRYH00073-029.mp4
OK    /Volumes/Samsung 990-2/100 Hours/Semi-conductors/MTL-ZRYH00068-033.txt -> gs://100hr-data/Semi-conductors/IMU/MTL-ZRYH00068-033.txt
OK    /Volumes/Samsung 990-2/100 Hours/Semi-conductors/MTL-ZRYH00068-067.mp4 -> gs://100hr-data/Semi-conductors/Videos/MTL-ZRYH00068-067.mp4
OK    /Volumes/Samsung 990-2/100 Hours/Semi-conductors/MTL-ZRYH00073-069.txt -> gs://100hr-data/Semi-conductors/IMU/MTL-ZRYH00073-069.txt
OK    /Volumes/Samsung 990-2/100 Hours/Semi-conductors/MTL-ZRYH00078-073.mp4 -> gs://100hr-data/Semi-conductors/Videos/MTL-ZRYH00078-073.mp4
OK    /Volumes/Samsung 990-2/100 Hours/Semi-conductors/MTL-ZRYH00078-067.mp4 -> gs://100hr-data/Semi-conductors/Videos/MTL-ZRYH00078-067.mp4
OK    /Volumes/Samsung 990-2/100 Hours/Semi-conductors/MTL-ZRYH00068-073.mp4 -> gs://100hr-data/Semi-conductors/Videos/MTL-ZRYH00068-073.mp4
OK    /Volumes/Samsung 990-2/100 Hours/Semi-conductors/MTL-ZRYH00073-055.txt -> gs://100hr-data/Semi-conductors/IMU/MTL-ZRYH00073-055.txt
OK    /Volumes/Samsung 990-2/100 Hours/Semi-conductors/MTL-ZRYH00073-052.aac -> gs://100hr-data/Semi-conductors/IMU/MTL-ZRYH00073-052.aac
OK    /Volumes/Samsung 990-2/100 Hours/Semi-conductors/MTL-ZRYH00066-024.mp4 -> gs://100hr-data/Semi-conductors/Videos/MTL-ZRYH00066-024.mp4
OK    /Volumes/Samsung 990-2/100 Hours/Semi-conductors/MTL-ZRYH00073-046.aac -> gs://100hr-data/Semi-conductors/IMU/MTL-ZRYH00073-046.aac
OK    /Volumes/Samsung 990-2/100 Hours/Semi-conductors/MTL-ZRYH00066-018.mp4 -> gs://100hr-data/Semi-conductors/Videos/MTL-ZRYH00066-018.mp4
OK    /Volumes/Samsung 990-2/100 Hours/Semi-conductors/MTL-ZRYH00084-034.txt -> gs://100hr-data/Semi-conductors/IMU/MTL-ZRYH00084-034.txt
OK    /Volumes/Samsung 990-2/100 Hours/Semi-conductors/MTL-ZRYH00068-020.aac -> gs://100hr-data/Semi-conductors/IMU/MTL-ZRYH00068-020.aac
OK    /Volumes/Samsung 990-2/100 Hours/Semi-conductors/MTL-ZRYH00066-058.txt -> gs://100hr-data/Semi-conductors/IMU/MTL-ZRYH00066-058.txt
OK    /Volumes/Samsung 990-2/100 Hours/Semi-conductors/MTL-ZRYH00078-034.aac -> gs://100hr-data/Semi-conductors/IMU/MTL-ZRYH00078-034.aac
OK    /Volumes/Samsung 990-2/100 Hours/Semi-conductors/MTL-ZRYH00078-020.aac -> gs://100hr-data/Semi-conductors/IMU/MTL-ZRYH00078-020.aac
OK    /Volumes/Samsung 990-2/100 Hours/Semi-conductors/MTL-ZRYH00068-034.aac -> gs://100hr-data/Semi-conductors/IMU/MTL-ZRYH00068-034.aac
OK    /Volumes/Samsung 990-2/100 Hours/Semi-conductors/MTL-ZRYH00066-064.txt -> gs://100hr-data/Semi-conductors/IMU/MTL-ZRYH00066-064.txt
OK    /Volumes/Samsung 990-2/100 Hours/Semi-conductors/MTL-ZRYH00078-008.aac -> gs://100hr-data/Semi-conductors/IMU/MTL-ZRYH00078-008.aac
OK    /Volumes/Samsung 990-2/100 Hours/Semi-conductors/MTL-ZRYH00066-070.txt -> gs://100hr-data/Semi-conductors/IMU/MTL-ZRYH00066-070.txt
OK    /Volumes/Samsung 990-2/100 Hours/Semi-conductors/MTL-ZRYH00084-048.mp4 -> gs://100hr-data/Semi-conductors/Videos/MTL-ZRYH00084-048.mp4
OK    /Volumes/Samsung 990-2/100 Hours/Semi-conductors/MTL-ZRYH00068-008.aac -> gs://100hr-data/Semi-conductors/IMU/MTL-ZRYH00068-008.aac
OK    /Volumes/Samsung 990-2/100 Hours/Semi-conductors/MTL-ZRYH00085-031.txt -> gs://100hr-data/Semi-conductors/IMU/MTL-ZRYH00085-031.txt
OK    /Volumes/Samsung 990-2/100 Hours/Semi-conductors/MTL-ZRYH00085-025.txt -> gs://100hr-data/Semi-conductors/IMU/MTL-ZRYH00085-025.txt
OK    /Volumes/Samsung 990-2/100 Hours/Semi-conductors/MTL-ZRYH00085-065.mp4 -> gs://100hr-data/Semi-conductors/Videos/MTL-ZRYH00085-065.mp4
OK    /Volumes/Samsung 990-2/100 Hours/Semi-conductors/MTL-ZRYH00085-059.mp4 -> gs://100hr-data/Semi-conductors/Videos/MTL-ZRYH00085-059.mp4
OK    /Volumes/Samsung 990-2/100 Hours/Semi-conductors/MTL-ZRYH00085-058.mp4 -> gs://100hr-data/Semi-conductors/Videos/MTL-ZRYH00085-058.mp4
OK    /Volumes/Samsung 990-2/100 Hours/Semi-conductors/MTL-ZRYH00085-064.mp4 -> gs://100hr-data/Semi-conductors/Videos/MTL-ZRYH00085-064.mp4
OK    /Volumes/Samsung 990-2/100 Hours/Semi-conductors/MTL-ZRYH00085-070.mp4 -> gs://100hr-data/Semi-conductors/Videos/MTL-ZRYH00085-070.mp4
OK    /Volumes/Samsung 990-2/100 Hours/Semi-conductors/MTL-ZRYH00085-018.txt -> gs://100hr-data/Semi-conductors/IMU/MTL-ZRYH00085-018.txt
OK    /Volumes/Samsung 990-2/100 Hours/Semi-conductors/MTL-ZRYH00068-009.aac -> gs://100hr-data/Semi-conductors/IMU/MTL-ZRYH00068-009.aac
OK    /Volumes/Samsung 990-2/100 Hours/Semi-conductors/MTL-ZRYH00078-009.aac -> gs://100hr-data/Semi-conductors/IMU/MTL-ZRYH00078-009.aac
OK    /Volumes/Samsung 990-2/100 Hours/Semi-conductors/MTL-ZRYH00066-065.txt -> gs://100hr-data/Semi-conductors/IMU/MTL-ZRYH00066-065.txt
OK    /Volumes/Samsung 990-2/100 Hours/Semi-conductors/MTL-ZRYH00078-021.aac -> gs://100hr-data/Semi-conductors/IMU/MTL-ZRYH00078-021.aac
OK    /Volumes/Samsung 990-2/100 Hours/Semi-conductors/MTL-ZRYH00068-035.aac -> gs://100hr-data/Semi-conductors/IMU/MTL-ZRYH00068-035.aac
OK    /Volumes/Samsung 990-2/100 Hours/Semi-conductors/MTL-ZRYH00068-021.aac -> gs://100hr-data/Semi-conductors/IMU/MTL-ZRYH00068-021.aac
OK    /Volumes/Samsung 990-2/100 Hours/Semi-conductors/MTL-ZRYH00078-035.aac -> gs://100hr-data/Semi-conductors/IMU/MTL-ZRYH00078-035.aac
OK    /Volumes/Samsung 990-2/100 Hours/Semi-conductors/MTL-ZRYH00084-061.mp4 -> gs://100hr-data/Semi-conductors/Videos/MTL-ZRYH00084-061.mp4
OK    /Volumes/Samsung 990-2/100 Hours/Semi-conductors/MTL-ZRYH00066-059.txt -> gs://100hr-data/Semi-conductors/IMU/MTL-ZRYH00066-059.txt
OK    /Volumes/Samsung 990-2/100 Hours/Semi-conductors/MTL-ZRYH00066-031.mp4 -> gs://100hr-data/Semi-conductors/Videos/MTL-ZRYH00066-031.mp4
OK    /Volumes/Samsung 990-2/100 Hours/Semi-conductors/MTL-ZRYH00066-025.mp4 -> gs://100hr-data/Semi-conductors/Videos/MTL-ZRYH00066-025.mp4
OK    /Volumes/Samsung 990-2/100 Hours/Semi-conductors/MTL-ZRYH00073-053.aac -> gs://100hr-data/Semi-conductors/IMU/MTL-ZRYH00073-053.aac
OK    /Volumes/Samsung 990-2/100 Hours/Semi-conductors/MTL-ZRYH00066-089.aac -> gs://100hr-data/Semi-conductors/IMU/MTL-ZRYH00066-089.aac
OK    /Volumes/Samsung 990-2/100 Hours/Semi-conductors/MTL-ZRYH00073-040.txt -> gs://100hr-data/Semi-conductors/IMU/MTL-ZRYH00073-040.txt
OK    /Volumes/Samsung 990-2/100 Hours/Semi-conductors/MTL-ZRYH00073-054.txt -> gs://100hr-data/Semi-conductors/IMU/MTL-ZRYH00073-054.txt
OK    /Volumes/Samsung 990-2/100 Hours/Semi-conductors/MTL-ZRYH00084-032.aac -> gs://100hr-data/Semi-conductors/IMU/MTL-ZRYH00084-032.aac
OK    /Volumes/Samsung 990-2/100 Hours/Semi-conductors/MTL-ZRYH00068-072.mp4 -> gs://100hr-data/Semi-conductors/Videos/MTL-ZRYH00068-072.mp4
OK    /Volumes/Samsung 990-2/100 Hours/Semi-conductors/MTL-ZRYH00078-072.mp4 -> gs://100hr-data/Semi-conductors/Videos/MTL-ZRYH00078-072.mp4
OK    /Volumes/Samsung 990-2/100 Hours/Semi-conductors/MTL-ZRYH00078-026.txt -> gs://100hr-data/Semi-conductors/IMU/MTL-ZRYH00078-026.txt
OK    /Volumes/Samsung 990-2/100 Hours/Semi-conductors/MTL-ZRYH00068-032.txt -> gs://100hr-data/Semi-conductors/IMU/MTL-ZRYH00068-032.txt
OK    /Volumes/Samsung 990-2/100 Hours/Semi-conductors/MTL-ZRYH00068-026.txt -> gs://100hr-data/Semi-conductors/IMU/MTL-ZRYH00068-026.txt
OK    /Volumes/Samsung 990-2/100 Hours/Semi-conductors/MTL-ZRYH00073-028.mp4 -> gs://100hr-data/Semi-conductors/Videos/MTL-ZRYH00073-028.mp4
OK    /Volumes/Samsung 990-2/100 Hours/Semi-conductors/MTL-ZRYH00078-032.txt -> gs://100hr-data/Semi-conductors/IMU/MTL-ZRYH00078-032.txt
OK    /Volumes/Samsung 990-2/100 Hours/Semi-conductors/MTL-ZRYH00066-076.aac -> gs://100hr-data/Semi-conductors/IMU/MTL-ZRYH00066-076.aac
OK    /Volumes/Samsung 990-2/100 Hours/Semi-conductors/MTL-ZRYH00066-062.aac -> gs://100hr-data/Semi-conductors/IMU/MTL-ZRYH00066-062.aac
OK    /Volumes/Samsung 990-2/100 Hours/Semi-conductors/MTL-ZRYH00073-014.mp4 -> gs://100hr-data/Semi-conductors/Videos/MTL-ZRYH00073-014.mp4
OK    /Volumes/Samsung 990-2/100 Hours/Semi-conductors/MTL-ZRYH00085-023.aac -> gs://100hr-data/Semi-conductors/IMU/MTL-ZRYH00085-023.aac
OK    /Volumes/Samsung 990-2/100 Hours/Semi-conductors/MTL-ZRYH00085-037.aac -> gs://100hr-data/Semi-conductors/IMU/MTL-ZRYH00085-037.aac
OK    /Volumes/Samsung 990-2/100 Hours/Semi-conductors/MTL-ZRYH00085-021.aac -> gs://100hr-data/Semi-conductors/IMU/MTL-ZRYH00085-021.aac
OK    /Volumes/Samsung 990-2/100 Hours/Semi-conductors/MTL-ZRYH00085-035.aac -> gs://100hr-data/Semi-conductors/IMU/MTL-ZRYH00085-035.aac
OK    /Volumes/Samsung 990-2/100 Hours/Semi-conductors/MTL-ZRYH00085-009.aac -> gs://100hr-data/Semi-conductors/IMU/MTL-ZRYH00085-009.aac
OK    /Volumes/Samsung 990-2/100 Hours/Semi-conductors/MTL-ZRYH00078-018.txt -> gs://100hr-data/Semi-conductors/IMU/MTL-ZRYH00078-018.txt
OK    /Volumes/Samsung 990-2/100 Hours/Semi-conductors/MTL-ZRYH00066-074.aac -> gs://100hr-data/Semi-conductors/IMU/MTL-ZRYH00066-074.aac
OK    /Volumes/Samsung 990-2/100 Hours/Semi-conductors/MTL-ZRYH00066-060.aac -> gs://100hr-data/Semi-conductors/IMU/MTL-ZRYH00066-060.aac
OK    /Volumes/Samsung 990-2/100 Hours/Semi-conductors/MTL-ZRYH00068-018.txt -> gs://100hr-data/Semi-conductors/IMU/MTL-ZRYH00068-018.txt
OK    /Volumes/Samsung 990-2/100 Hours/Semi-conductors/MTL-ZRYH00066-048.aac -> gs://100hr-data/Semi-conductors/IMU/MTL-ZRYH00066-048.aac
OK    /Volumes/Samsung 990-2/100 Hours/Semi-conductors/MTL-ZRYH00068-070.mp4 -> gs://100hr-data/Semi-conductors/Videos/MTL-ZRYH00068-070.mp4
OK    /Volumes/Samsung 990-2/100 Hours/Semi-conductors/MTL-ZRYH00084-030.aac -> gs://100hr-data/Semi-conductors/IMU/MTL-ZRYH00084-030.aac
OK    /Volumes/Samsung 990-2/100 Hours/Semi-conductors/MTL-ZRYH00078-064.mp4 -> gs://100hr-data/Semi-conductors/Videos/MTL-ZRYH00078-064.mp4
OK    /Volumes/Samsung 990-2/100 Hours/Semi-conductors/MTL-ZRYH00078-070.mp4 -> gs://100hr-data/Semi-conductors/Videos/MTL-ZRYH00078-070.mp4
OK    /Volumes/Samsung 990-2/100 Hours/Semi-conductors/MTL-ZRYH00068-064.mp4 -> gs://100hr-data/Semi-conductors/Videos/MTL-ZRYH00068-064.mp4
OK    /Volumes/Samsung 990-2/100 Hours/Semi-conductors/MTL-ZRYH00073-042.txt -> gs://100hr-data/Semi-conductors/IMU/MTL-ZRYH00073-042.txt
OK    /Volumes/Samsung 990-2/100 Hours/Semi-conductors/MTL-ZRYH00078-058.mp4 -> gs://100hr-data/Semi-conductors/Videos/MTL-ZRYH00078-058.mp4
OK    /Volumes/Samsung 990-2/100 Hours/Semi-conductors/MTL-ZRYH00073-056.txt -> gs://100hr-data/Semi-conductors/IMU/MTL-ZRYH00073-056.txt
OK    /Volumes/Samsung 990-2/100 Hours/Semi-conductors/MTL-ZRYH00068-058.mp4 -> gs://100hr-data/Semi-conductors/Videos/MTL-ZRYH00068-058.mp4
OK    /Volumes/Samsung 990-2/100 Hours/Semi-conductors/MTL-ZRYH00073-045.aac -> gs://100hr-data/Semi-conductors/IMU/MTL-ZRYH00073-045.aac
OK    /Volumes/Samsung 990-2/100 Hours/Semi-conductors/MTL-ZRYH00073-051.aac -> gs://100hr-data/Semi-conductors/IMU/MTL-ZRYH00073-051.aac
OK    /Volumes/Samsung 990-2/100 Hours/Semi-conductors/MTL-ZRYH00084-037.txt -> gs://100hr-data/Semi-conductors/IMU/MTL-ZRYH00084-037.txt
OK    /Volumes/Samsung 990-2/100 Hours/Semi-conductors/MTL-ZRYH00068-037.aac -> gs://100hr-data/Semi-conductors/IMU/MTL-ZRYH00068-037.aac
OK    /Volumes/Samsung 990-2/100 Hours/Semi-conductors/MTL-ZRYH00078-023.aac -> gs://100hr-data/Semi-conductors/IMU/MTL-ZRYH00078-023.aac
OK    /Volumes/Samsung 990-2/100 Hours/Semi-conductors/MTL-ZRYH00078-037.aac -> gs://100hr-data/Semi-conductors/IMU/MTL-ZRYH00078-037.aac
OK    /Volumes/Samsung 990-2/100 Hours/Semi-conductors/MTL-ZRYH00068-023.aac -> gs://100hr-data/Semi-conductors/IMU/MTL-ZRYH00068-023.aac
OK    /Volumes/Samsung 990-2/100 Hours/Semi-conductors/MTL-ZRYH00066-073.txt -> gs://100hr-data/Semi-conductors/IMU/MTL-ZRYH00066-073.txt
OK    /Volumes/Samsung 990-2/100 Hours/Semi-conductors/MTL-ZRYH00066-067.txt -> gs://100hr-data/Semi-conductors/IMU/MTL-ZRYH00066-067.txt
OK    /Volumes/Samsung 990-2/100 Hours/Semi-conductors/MTL-ZRYH00085-026.txt -> gs://100hr-data/Semi-conductors/IMU/MTL-ZRYH00085-026.txt
OK    /Volumes/Samsung 990-2/100 Hours/Semi-conductors/MTL-ZRYH00085-032.txt -> gs://100hr-data/Semi-conductors/IMU/MTL-ZRYH00085-032.txt
OK    /Volumes/Samsung 990-2/100 Hours/Semi-conductors/MTL-ZRYH00085-072.mp4 -> gs://100hr-data/Semi-conductors/Videos/MTL-ZRYH00085-072.mp4
OK    /Volumes/Samsung 990-2/100 Hours/Semi-conductors/MTL-ZRYH00085-073.mp4 -> gs://100hr-data/Semi-conductors/Videos/MTL-ZRYH00085-073.mp4
OK    /Volumes/Samsung 990-2/100 Hours/Semi-conductors/MTL-ZRYH00085-067.mp4 -> gs://100hr-data/Semi-conductors/Videos/MTL-ZRYH00085-067.mp4
OK    /Volumes/Samsung 990-2/100 Hours/Semi-conductors/MTL-ZRYH00085-033.txt -> gs://100hr-data/Semi-conductors/IMU/MTL-ZRYH00085-033.txt
OK    /Volumes/Samsung 990-2/100 Hours/Semi-conductors/MTL-ZRYH00085-098.mp4 -> gs://100hr-data/Semi-conductors/Videos/MTL-ZRYH00085-098.mp4
OK    /Volumes/Samsung 990-2/100 Hours/Semi-conductors/MTL-ZRYH00066-066.txt -> gs://100hr-data/Semi-conductors/IMU/MTL-ZRYH00066-066.txt
OK    /Volumes/Samsung 990-2/100 Hours/Semi-conductors/MTL-ZRYH00066-072.txt -> gs://100hr-data/Semi-conductors/IMU/MTL-ZRYH00066-072.txt
OK    /Volumes/Samsung 990-2/100 Hours/Semi-conductors/MTL-ZRYH00084-062.mp4 -> gs://100hr-data/Semi-conductors/Videos/MTL-ZRYH00084-062.mp4
OK    /Volumes/Samsung 990-2/100 Hours/Semi-conductors/MTL-ZRYH00084-036.txt -> gs://100hr-data/Semi-conductors/IMU/MTL-ZRYH00084-036.txt
OK    /Volumes/Samsung 990-2/100 Hours/Semi-conductors/MTL-ZRYH00066-026.mp4 -> gs://100hr-data/Semi-conductors/Videos/MTL-ZRYH00066-026.mp4
OK    /Volumes/Samsung 990-2/100 Hours/Semi-conductors/MTL-ZRYH00066-032.mp4 -> gs://100hr-data/Semi-conductors/Videos/MTL-ZRYH00066-032.mp4
OK    /Volumes/Samsung 990-2/100 Hours/Semi-conductors/MTL-ZRYH00068-059.mp4 -> gs://100hr-data/Semi-conductors/Videos/MTL-ZRYH00068-059.mp4
OK    /Volumes/Samsung 990-2/100 Hours/Semi-conductors/MTL-ZRYH00078-059.mp4 -> gs://100hr-data/Semi-conductors/Videos/MTL-ZRYH00078-059.mp4
OK    /Volumes/Samsung 990-2/100 Hours/Semi-conductors/MTL-ZRYH00073-043.txt -> gs://100hr-data/Semi-conductors/IMU/MTL-ZRYH00073-043.txt
OK    /Volumes/Samsung 990-2/100 Hours/Semi-conductors/MTL-ZRYH00068-065.mp4 -> gs://100hr-data/Semi-conductors/Videos/MTL-ZRYH00068-065.mp4
OK    /Volumes/Samsung 990-2/100 Hours/Semi-conductors/MTL-ZRYH00078-065.mp4 -> gs://100hr-data/Semi-conductors/Videos/MTL-ZRYH00078-065.mp4
OK    /Volumes/Samsung 990-2/100 Hours/Semi-conductors/MTL-ZRYH00084-031.aac -> gs://100hr-data/Semi-conductors/IMU/MTL-ZRYH00084-031.aac
OK    /Volumes/Samsung 990-2/100 Hours/Semi-conductors/MTL-ZRYH00078-031.txt -> gs://100hr-data/Semi-conductors/IMU/MTL-ZRYH00078-031.txt
OK    /Volumes/Samsung 990-2/100 Hours/Semi-conductors/MTL-ZRYH00068-025.txt -> gs://100hr-data/Semi-conductors/IMU/MTL-ZRYH00068-025.txt
OK    /Volumes/Samsung 990-2/100 Hours/Semi-conductors/MTL-ZRYH00068-031.txt -> gs://100hr-data/Semi-conductors/IMU/MTL-ZRYH00068-031.txt
OK    /Volumes/Samsung 990-2/100 Hours/Semi-conductors/MTL-ZRYH00066-049.aac -> gs://100hr-data/Semi-conductors/IMU/MTL-ZRYH00066-049.aac
OK    /Volumes/Samsung 990-2/100 Hours/Semi-conductors/MTL-ZRYH00078-025.txt -> gs://100hr-data/Semi-conductors/IMU/MTL-ZRYH00078-025.txt
OK    /Volumes/Samsung 990-2/100 Hours/Semi-conductors/MTL-ZRYH00073-017.mp4 -> gs://100hr-data/Semi-conductors/Videos/MTL-ZRYH00073-017.mp4
OK    /Volumes/Samsung 990-2/100 Hours/Semi-conductors/MTL-ZRYH00066-075.aac -> gs://100hr-data/Semi-conductors/IMU/MTL-ZRYH00066-075.aac
OK    /Volumes/Samsung 990-2/100 Hours/Semi-conductors/MTL-ZRYH00085-008.aac -> gs://100hr-data/Semi-conductors/IMU/MTL-ZRYH00085-008.aac
OK    /Volumes/Samsung 990-2/100 Hours/Semi-conductors/MTL-ZRYH00085-034.aac -> gs://100hr-data/Semi-conductors/IMU/MTL-ZRYH00085-034.aac
OK    /Volumes/Samsung 990-2/100 Hours/Semi-conductors/MTL-ZRYH00085-020.aac -> gs://100hr-data/Semi-conductors/IMU/MTL-ZRYH00085-020.aac
OK    /Volumes/Samsung 990-2/100 Hours/Semi-conductors/MTL-ZRYH00085-084.aac -> gs://100hr-data/Semi-conductors/IMU/MTL-ZRYH00085-084.aac
OK    /Volumes/Samsung 990-2/100 Hours/Semi-conductors/MTL-ZRYH00085-090.aac -> gs://100hr-data/Semi-conductors/IMU/MTL-ZRYH00085-090.aac
OK    /Volumes/Samsung 990-2/100 Hours/Semi-conductors/MTL-ZRYH00085-053.aac -> gs://100hr-data/Semi-conductors/IMU/MTL-ZRYH00085-053.aac
OK    /Volumes/Samsung 990-2/100 Hours/Semi-conductors/MTL-ZRYH00068-056.txt -> gs://100hr-data/Semi-conductors/IMU/MTL-ZRYH00068-056.txt
OK    /Volumes/Samsung 990-2/100 Hours/Semi-conductors/MTL-ZRYH00073-058.mp4 -> gs://100hr-data/Semi-conductors/Videos/MTL-ZRYH00073-058.mp4
OK    /Volumes/Samsung 990-2/100 Hours/Semi-conductors/MTL-ZRYH00078-042.txt -> gs://100hr-data/Semi-conductors/IMU/MTL-ZRYH00078-042.txt
OK    /Volumes/Samsung 990-2/100 Hours/Semi-conductors/MTL-ZRYH00078-056.txt -> gs://100hr-data/Semi-conductors/IMU/MTL-ZRYH00078-056.txt
OK    /Volumes/Samsung 990-2/100 Hours/Semi-conductors/MTL-ZRYH00068-042.txt -> gs://100hr-data/Semi-conductors/IMU/MTL-ZRYH00068-042.txt
OK    /Volumes/Samsung 990-2/100 Hours/Semi-conductors/MTL-ZRYH00073-064.mp4 -> gs://100hr-data/Semi-conductors/Videos/MTL-ZRYH00073-064.mp4
OK    /Volumes/Samsung 990-2/100 Hours/Semi-conductors/MTL-ZRYH00066-012.aac -> gs://100hr-data/Semi-conductors/IMU/MTL-ZRYH00066-012.aac
OK    /Volumes/Samsung 990-2/100 Hours/Semi-conductors/MTL-ZRYH00073-070.mp4 -> gs://100hr-data/Semi-conductors/Videos/MTL-ZRYH00073-070.mp4
OK    /Volumes/Samsung 990-2/100 Hours/Semi-conductors/MTL-ZRYH00078-081.txt -> gs://100hr-data/Semi-conductors/IMU/MTL-ZRYH00078-081.txt
OK    /Volumes/Samsung 990-2/100 Hours/Semi-conductors/MTL-ZRYH00068-081.txt -> gs://100hr-data/Semi-conductors/IMU/MTL-ZRYH00068-081.txt
OK    /Volumes/Samsung 990-2/100 Hours/Semi-conductors/MTL-ZRYH00084-056.aac -> gs://100hr-data/Semi-conductors/IMU/MTL-ZRYH00084-056.aac
OK    /Volumes/Samsung 990-2/100 Hours/Semi-conductors/MTL-ZRYH00073-018.txt -> gs://100hr-data/Semi-conductors/IMU/MTL-ZRYH00073-018.txt
OK    /Volumes/Samsung 990-2/100 Hours/Semi-conductors/MTL-ZRYH00084-042.aac -> gs://100hr-data/Semi-conductors/IMU/MTL-ZRYH00084-042.aac
OK    /Volumes/Samsung 990-2/100 Hours/Semi-conductors/MTL-ZRYH00066-069.mp4 -> gs://100hr-data/Semi-conductors/Videos/MTL-ZRYH00066-069.mp4
OK    /Volumes/Samsung 990-2/100 Hours/Semi-conductors/MTL-ZRYH00084-051.txt -> gs://100hr-data/Semi-conductors/IMU/MTL-ZRYH00084-051.txt
OK    /Volumes/Samsung 990-2/100 Hours/Semi-conductors/MTL-ZRYH00084-045.txt -> gs://100hr-data/Semi-conductors/IMU/MTL-ZRYH00084-045.txt
OK    /Volumes/Samsung 990-2/100 Hours/Semi-conductors/MTL-ZRYH00078-086.aac -> gs://100hr-data/Semi-conductors/IMU/MTL-ZRYH00078-086.aac
OK    /Volumes/Samsung 990-2/100 Hours/Semi-conductors/MTL-ZRYH00073-023.aac -> gs://100hr-data/Semi-conductors/IMU/MTL-ZRYH00073-023.aac
OK    /Volumes/Samsung 990-2/100 Hours/Semi-conductors/MTL-ZRYH00073-037.aac -> gs://100hr-data/Semi-conductors/IMU/MTL-ZRYH00073-037.aac
OK    /Volumes/Samsung 990-2/100 Hours/Semi-conductors/MTL-ZRYH00068-086.aac -> gs://100hr-data/Semi-conductors/IMU/MTL-ZRYH00068-086.aac
OK    /Volumes/Samsung 990-2/100 Hours/Semi-conductors/MTL-ZRYH00066-015.txt -> gs://100hr-data/Semi-conductors/IMU/MTL-ZRYH00066-015.txt
OK    /Volumes/Samsung 990-2/100 Hours/Semi-conductors/MTL-ZRYH00078-079.aac -> gs://100hr-data/Semi-conductors/IMU/MTL-ZRYH00078-079.aac
OK    /Volumes/Samsung 990-2/100 Hours/Semi-conductors/MTL-ZRYH00084-039.mp4 -> gs://100hr-data/Semi-conductors/Videos/MTL-ZRYH00084-039.mp4
OK    /Volumes/Samsung 990-2/100 Hours/Semi-conductors/MTL-ZRYH00068-079.aac -> gs://100hr-data/Semi-conductors/IMU/MTL-ZRYH00068-079.aac
OK    /Volumes/Samsung 990-2/100 Hours/Semi-conductors/MTL-ZRYH00068-051.aac -> gs://100hr-data/Semi-conductors/IMU/MTL-ZRYH00068-051.aac
OK    /Volumes/Samsung 990-2/100 Hours/Semi-conductors/MTL-ZRYH00066-029.txt -> gs://100hr-data/Semi-conductors/IMU/MTL-ZRYH00066-029.txt
OK    /Volumes/Samsung 990-2/100 Hours/Semi-conductors/MTL-ZRYH00078-045.aac -> gs://100hr-data/Semi-conductors/IMU/MTL-ZRYH00078-045.aac
OK    /Volumes/Samsung 990-2/100 Hours/Semi-conductors/MTL-ZRYH00078-051.aac -> gs://100hr-data/Semi-conductors/IMU/MTL-ZRYH00078-051.aac
OK    /Volumes/Samsung 990-2/100 Hours/Semi-conductors/MTL-ZRYH00068-045.aac -> gs://100hr-data/Semi-conductors/IMU/MTL-ZRYH00068-045.aac
OK    /Volumes/Samsung 990-2/100 Hours/Semi-conductors/MTL-ZRYH00085-040.txt -> gs://100hr-data/Semi-conductors/IMU/MTL-ZRYH00085-040.txt
OK    /Volumes/Samsung 990-2/100 Hours/Semi-conductors/MTL-ZRYH00085-054.txt -> gs://100hr-data/Semi-conductors/IMU/MTL-ZRYH00085-054.txt
OK    /Volumes/Samsung 990-2/100 Hours/Semi-conductors/MTL-ZRYH00085-083.txt -> gs://100hr-data/Semi-conductors/IMU/MTL-ZRYH00085-083.txt
OK    /Volumes/Samsung 990-2/100 Hours/Semi-conductors/MTL-ZRYH00085-028.mp4 -> gs://100hr-data/Semi-conductors/Videos/MTL-ZRYH00085-028.mp4
OK    /Volumes/Samsung 990-2/100 Hours/Semi-conductors/MTL-ZRYH00085-097.txt -> gs://100hr-data/Semi-conductors/IMU/MTL-ZRYH00085-097.txt
OK    /Volumes/Samsung 990-2/100 Hours/Semi-conductors/MTL-ZRYH00085-014.mp4 -> gs://100hr-data/Semi-conductors/Videos/MTL-ZRYH00085-014.mp4
OK    /Volumes/Samsung 990-2/100 Hours/Semi-conductors/MTL-ZRYH00085-015.mp4 -> gs://100hr-data/Semi-conductors/Videos/MTL-ZRYH00085-015.mp4
OK    /Volumes/Samsung 990-2/100 Hours/Semi-conductors/MTL-ZRYH00085-029.mp4 -> gs://100hr-data/Semi-conductors/Videos/MTL-ZRYH00085-029.mp4
OK    /Volumes/Samsung 990-2/100 Hours/Semi-conductors/MTL-ZRYH00085-069.txt -> gs://100hr-data/Semi-conductors/IMU/MTL-ZRYH00085-069.txt
OK    /Volumes/Samsung 990-2/100 Hours/Semi-conductors/MTL-ZRYH00085-055.txt -> gs://100hr-data/Semi-conductors/IMU/MTL-ZRYH00085-055.txt
OK    /Volumes/Samsung 990-2/100 Hours/Semi-conductors/MTL-ZRYH00066-083.mp4 -> gs://100hr-data/Semi-conductors/Videos/MTL-ZRYH00066-083.mp4
OK    /Volumes/Samsung 990-2/100 Hours/Semi-conductors/MTL-ZRYH00066-028.txt -> gs://100hr-data/Semi-conductors/IMU/MTL-ZRYH00066-028.txt
OK    /Volumes/Samsung 990-2/100 Hours/Semi-conductors/MTL-ZRYH00068-078.aac -> gs://100hr-data/Semi-conductors/IMU/MTL-ZRYH00068-078.aac
OK    /Volumes/Samsung 990-2/100 Hours/Semi-conductors/MTL-ZRYH00078-078.aac -> gs://100hr-data/Semi-conductors/IMU/MTL-ZRYH00078-078.aac
OK    /Volumes/Samsung 990-2/100 Hours/Semi-conductors/MTL-ZRYH00066-014.txt -> gs://100hr-data/Semi-conductors/IMU/MTL-ZRYH00066-014.txt
OK    /Volumes/Samsung 990-2/100 Hours/Semi-conductors/MTL-ZRYH00066-040.mp4 -> gs://100hr-data/Semi-conductors/Videos/MTL-ZRYH00066-040.mp4
OK    /Volumes/Samsung 990-2/100 Hours/Semi-conductors/MTL-ZRYH00068-087.aac -> gs://100hr-data/Semi-conductors/IMU/MTL-ZRYH00068-087.aac
OK    /Volumes/Samsung 990-2/100 Hours/Semi-conductors/MTL-ZRYH00066-054.mp4 -> gs://100hr-data/Semi-conductors/Videos/MTL-ZRYH00066-054.mp4
OK    /Volumes/Samsung 990-2/100 Hours/Semi-conductors/MTL-ZRYH00078-087.aac -> gs://100hr-data/Semi-conductors/IMU/MTL-ZRYH00078-087.aac
OK    /Volumes/Samsung 990-2/100 Hours/Semi-conductors/MTL-ZRYH00084-044.txt -> gs://100hr-data/Semi-conductors/IMU/MTL-ZRYH00084-044.txt
OK    /Volumes/Samsung 990-2/100 Hours/Semi-conductors/MTL-ZRYH00084-050.txt -> gs://100hr-data/Semi-conductors/IMU/MTL-ZRYH00084-050.txt
OK    /Volumes/Samsung 990-2/100 Hours/Semi-conductors/MTL-ZRYH00066-068.mp4 -> gs://100hr-data/Semi-conductors/Videos/MTL-ZRYH00066-068.mp4
OK    /Volumes/Samsung 990-2/100 Hours/Semi-conductors/MTL-ZRYH00078-017.mp4 -> gs://100hr-data/Semi-conductors/Videos/MTL-ZRYH00078-017.mp4
OK    /Volumes/Samsung 990-2/100 Hours/Semi-conductors/MTL-ZRYH00084-043.aac -> gs://100hr-data/Semi-conductors/IMU/MTL-ZRYH00084-043.aac
OK    /Volumes/Samsung 990-2/100 Hours/Semi-conductors/MTL-ZRYH00068-017.mp4 -> gs://100hr-data/Semi-conductors/Videos/MTL-ZRYH00068-017.mp4
OK    /Volumes/Samsung 990-2/100 Hours/Semi-conductors/MTL-ZRYH00084-057.aac -> gs://100hr-data/Semi-conductors/IMU/MTL-ZRYH00084-057.aac
OK    /Volumes/Samsung 990-2/100 Hours/Semi-conductors/MTL-ZRYH00073-031.txt -> gs://100hr-data/Semi-conductors/IMU/MTL-ZRYH00073-031.txt
OK    /Volumes/Samsung 990-2/100 Hours/Semi-conductors/MTL-ZRYH00068-080.txt -> gs://100hr-data/Semi-conductors/IMU/MTL-ZRYH00068-080.txt
OK    /Volumes/Samsung 990-2/100 Hours/Semi-conductors/MTL-ZRYH00073-025.txt -> gs://100hr-data/Semi-conductors/IMU/MTL-ZRYH00073-025.txt
OK    /Volumes/Samsung 990-2/100 Hours/Semi-conductors/MTL-ZRYH00078-080.txt -> gs://100hr-data/Semi-conductors/IMU/MTL-ZRYH00078-080.txt
OK    /Volumes/Samsung 990-2/100 Hours/Semi-conductors/MTL-ZRYH00066-007.aac -> gs://100hr-data/Semi-conductors/IMU/MTL-ZRYH00066-007.aac
OK    /Volumes/Samsung 990-2/100 Hours/Semi-conductors/MTL-ZRYH00066-013.aac -> gs://100hr-data/Semi-conductors/IMU/MTL-ZRYH00066-013.aac
OK    /Volumes/Samsung 990-2/100 Hours/Semi-conductors/MTL-ZRYH00073-065.mp4 -> gs://100hr-data/Semi-conductors/Videos/MTL-ZRYH00073-065.mp4
OK    /Volumes/Samsung 990-2/100 Hours/Semi-conductors/MTL-ZRYH00068-043.txt -> gs://100hr-data/Semi-conductors/IMU/MTL-ZRYH00068-043.txt
OK    /Volumes/Samsung 990-2/100 Hours/Semi-conductors/MTL-ZRYH00078-043.txt -> gs://100hr-data/Semi-conductors/IMU/MTL-ZRYH00078-043.txt
OK    /Volumes/Samsung 990-2/100 Hours/Semi-conductors/MTL-ZRYH00073-059.mp4 -> gs://100hr-data/Semi-conductors/Videos/MTL-ZRYH00073-059.mp4
OK    /Volumes/Samsung 990-2/100 Hours/Semi-conductors/MTL-ZRYH00085-052.aac -> gs://100hr-data/Semi-conductors/IMU/MTL-ZRYH00085-052.aac
OK    /Volumes/Samsung 990-2/100 Hours/Semi-conductors/MTL-ZRYH00085-046.aac -> gs://100hr-data/Semi-conductors/IMU/MTL-ZRYH00085-046.aac
OK    /Volumes/Samsung 990-2/100 Hours/Semi-conductors/MTL-ZRYH00085-085.aac -> gs://100hr-data/Semi-conductors/IMU/MTL-ZRYH00085-085.aac
OK    /Volumes/Samsung 990-2/100 Hours/Semi-conductors/MTL-ZRYH00085-093.aac -> gs://100hr-data/Semi-conductors/IMU/MTL-ZRYH00085-093.aac
OK    /Volumes/Samsung 990-2/100 Hours/Semi-conductors/MTL-ZRYH00085-087.aac -> gs://100hr-data/Semi-conductors/IMU/MTL-ZRYH00085-087.aac
OK    /Volumes/Samsung 990-2/100 Hours/Semi-conductors/MTL-ZRYH00085-078.aac -> gs://100hr-data/Semi-conductors/IMU/MTL-ZRYH00085-078.aac
OK    /Volumes/Samsung 990-2/100 Hours/Semi-conductors/MTL-ZRYH00078-055.txt -> gs://100hr-data/Semi-conductors/IMU/MTL-ZRYH00078-055.txt
OK    /Volumes/Samsung 990-2/100 Hours/Semi-conductors/MTL-ZRYH00068-055.txt -> gs://100hr-data/Semi-conductors/IMU/MTL-ZRYH00068-055.txt
OK    /Volumes/Samsung 990-2/100 Hours/Semi-conductors/MTL-ZRYH00073-073.mp4 -> gs://100hr-data/Semi-conductors/Videos/MTL-ZRYH00073-073.mp4
OK    /Volumes/Samsung 990-2/100 Hours/Semi-conductors/MTL-ZRYH00078-069.txt -> gs://100hr-data/Semi-conductors/IMU/MTL-ZRYH00078-069.txt
OK    /Volumes/Samsung 990-2/100 Hours/Semi-conductors/MTL-ZRYH00066-005.aac -> gs://100hr-data/Semi-conductors/IMU/MTL-ZRYH00066-005.aac
OK    /Volumes/Samsung 990-2/100 Hours/Semi-conductors/MTL-ZRYH00073-067.mp4 -> gs://100hr-data/Semi-conductors/Videos/MTL-ZRYH00073-067.mp4
OK    /Volumes/Samsung 990-2/100 Hours/Semi-conductors/MTL-ZRYH00068-069.txt -> gs://100hr-data/Semi-conductors/IMU/MTL-ZRYH00068-069.txt
OK    /Volumes/Samsung 990-2/100 Hours/Semi-conductors/MTL-ZRYH00078-029.mp4 -> gs://100hr-data/Semi-conductors/Videos/MTL-ZRYH00078-029.mp4
OK    /Volumes/Samsung 990-2/100 Hours/Semi-conductors/MTL-ZRYH00073-033.txt -> gs://100hr-data/Semi-conductors/IMU/MTL-ZRYH00073-033.txt
OK    /Volumes/Samsung 990-2/100 Hours/Semi-conductors/MTL-ZRYH00068-029.mp4 -> gs://100hr-data/Semi-conductors/Videos/MTL-ZRYH00068-029.mp4
OK    /Volumes/Samsung 990-2/100 Hours/Semi-conductors/MTL-ZRYH00084-041.aac -> gs://100hr-data/Semi-conductors/IMU/MTL-ZRYH00084-041.aac
OK    /Volumes/Samsung 990-2/100 Hours/Semi-conductors/MTL-ZRYH00078-015.mp4 -> gs://100hr-data/Semi-conductors/Videos/MTL-ZRYH00078-015.mp4
OK    /Volumes/Samsung 990-2/100 Hours/Semi-conductors/MTL-ZRYH00068-015.mp4 -> gs://100hr-data/Semi-conductors/Videos/MTL-ZRYH00068-015.mp4
OK    /Volumes/Samsung 990-2/100 Hours/Semi-conductors/MTL-ZRYH00073-008.aac -> gs://100hr-data/Semi-conductors/IMU/MTL-ZRYH00073-008.aac
OK    /Volumes/Samsung 990-2/100 Hours/Semi-conductors/MTL-ZRYH00068-085.aac -> gs://100hr-data/Semi-conductors/IMU/MTL-ZRYH00068-085.aac
OK    /Volumes/Samsung 990-2/100 Hours/Semi-conductors/MTL-ZRYH00073-034.aac -> gs://100hr-data/Semi-conductors/IMU/MTL-ZRYH00073-034.aac
OK    /Volumes/Samsung 990-2/100 Hours/Semi-conductors/MTL-ZRYH00066-042.mp4 -> gs://100hr-data/Semi-conductors/Videos/MTL-ZRYH00066-042.mp4
OK    /Volumes/Samsung 990-2/100 Hours/Semi-conductors/MTL-ZRYH00078-085.aac -> gs://100hr-data/Semi-conductors/IMU/MTL-ZRYH00078-085.aac
OK    /Volumes/Samsung 990-2/100 Hours/Semi-conductors/MTL-ZRYH00073-020.aac -> gs://100hr-data/Semi-conductors/IMU/MTL-ZRYH00073-020.aac
OK    /Volumes/Samsung 990-2/100 Hours/Semi-conductors/MTL-ZRYH00066-056.mp4 -> gs://100hr-data/Semi-conductors/Videos/MTL-ZRYH00066-056.mp4
OK    /Volumes/Samsung 990-2/100 Hours/Semi-conductors/MTL-ZRYH00068-046.aac -> gs://100hr-data/Semi-conductors/IMU/MTL-ZRYH00068-046.aac
OK    /Volumes/Samsung 990-2/100 Hours/Semi-conductors/MTL-ZRYH00078-052.aac -> gs://100hr-data/Semi-conductors/IMU/MTL-ZRYH00078-052.aac
OK    /Volumes/Samsung 990-2/100 Hours/Semi-conductors/MTL-ZRYH00066-081.mp4 -> gs://100hr-data/Semi-conductors/Videos/MTL-ZRYH00066-081.mp4
OK    /Volumes/Samsung 990-2/100 Hours/Semi-conductors/MTL-ZRYH00078-046.aac -> gs://100hr-data/Semi-conductors/IMU/MTL-ZRYH00078-046.aac
OK    /Volumes/Samsung 990-2/100 Hours/Semi-conductors/MTL-ZRYH00068-052.aac -> gs://100hr-data/Semi-conductors/IMU/MTL-ZRYH00068-052.aac
OK    /Volumes/Samsung 990-2/100 Hours/Semi-conductors/MTL-ZRYH00085-043.txt -> gs://100hr-data/Semi-conductors/IMU/MTL-ZRYH00085-043.txt
OK    /Volumes/Samsung 990-2/100 Hours/Semi-conductors/MTL-ZRYH00085-094.txt -> gs://100hr-data/Semi-conductors/IMU/MTL-ZRYH00085-094.txt
OK    /Volumes/Samsung 990-2/100 Hours/Semi-conductors/MTL-ZRYH00085-080.txt -> gs://100hr-data/Semi-conductors/IMU/MTL-ZRYH00085-080.txt
OK    /Volumes/Samsung 990-2/100 Hours/Semi-conductors/MTL-ZRYH00085-017.mp4 -> gs://100hr-data/Semi-conductors/Videos/MTL-ZRYH00085-017.mp4
OK    /Volumes/Samsung 990-2/100 Hours/Semi-conductors/MTL-ZRYH00085-081.txt -> gs://100hr-data/Semi-conductors/IMU/MTL-ZRYH00085-081.txt
OK    /Volumes/Samsung 990-2/100 Hours/Semi-conductors/MTL-ZRYH00085-095.txt -> gs://100hr-data/Semi-conductors/IMU/MTL-ZRYH00085-095.txt
OK    /Volumes/Samsung 990-2/100 Hours/Semi-conductors/MTL-ZRYH00085-042.txt -> gs://100hr-data/Semi-conductors/IMU/MTL-ZRYH00085-042.txt
OK    /Volumes/Samsung 990-2/100 Hours/Semi-conductors/MTL-ZRYH00085-056.txt -> gs://100hr-data/Semi-conductors/IMU/MTL-ZRYH00085-056.txt
OK    /Volumes/Samsung 990-2/100 Hours/Semi-conductors/MTL-ZRYH00068-053.aac -> gs://100hr-data/Semi-conductors/IMU/MTL-ZRYH00068-053.aac
OK    /Volumes/Samsung 990-2/100 Hours/Semi-conductors/MTL-ZRYH00066-080.mp4 -> gs://100hr-data/Semi-conductors/Videos/MTL-ZRYH00066-080.mp4
OK    /Volumes/Samsung 990-2/100 Hours/Semi-conductors/MTL-ZRYH00078-053.aac -> gs://100hr-data/Semi-conductors/IMU/MTL-ZRYH00078-053.aac
OK    /Volumes/Samsung 990-2/100 Hours/Semi-conductors/MTL-ZRYH00066-017.txt -> gs://100hr-data/Semi-conductors/IMU/MTL-ZRYH00066-017.txt
OK    /Volumes/Samsung 990-2/100 Hours/Semi-conductors/MTL-ZRYH00066-057.mp4 -> gs://100hr-data/Semi-conductors/Videos/MTL-ZRYH00066-057.mp4
OK    /Volumes/Samsung 990-2/100 Hours/Semi-conductors/MTL-ZRYH00073-021.aac -> gs://100hr-data/Semi-conductors/IMU/MTL-ZRYH00073-021.aac
OK    /Volumes/Samsung 990-2/100 Hours/Semi-conductors/MTL-ZRYH00078-084.aac -> gs://100hr-data/Semi-conductors/IMU/MTL-ZRYH00078-084.aac
OK    /Volumes/Samsung 990-2/100 Hours/Semi-conductors/MTL-ZRYH00068-084.aac -> gs://100hr-data/Semi-conductors/IMU/MTL-ZRYH00068-084.aac
OK    /Volumes/Samsung 990-2/100 Hours/Semi-conductors/MTL-ZRYH00066-043.mp4 -> gs://100hr-data/Semi-conductors/Videos/MTL-ZRYH00066-043.mp4
OK    /Volumes/Samsung 990-2/100 Hours/Semi-conductors/MTL-ZRYH00073-035.aac -> gs://100hr-data/Semi-conductors/IMU/MTL-ZRYH00073-035.aac
OK    /Volumes/Samsung 990-2/100 Hours/Semi-conductors/MTL-ZRYH00084-053.txt -> gs://100hr-data/Semi-conductors/IMU/MTL-ZRYH00084-053.txt
OK    /Volumes/Samsung 990-2/100 Hours/Semi-conductors/MTL-ZRYH00084-047.txt -> gs://100hr-data/Semi-conductors/IMU/MTL-ZRYH00084-047.txt
OK    /Volumes/Samsung 990-2/100 Hours/Semi-conductors/MTL-ZRYH00073-009.aac -> gs://100hr-data/Semi-conductors/IMU/MTL-ZRYH00073-009.aac
OK    /Volumes/Samsung 990-2/100 Hours/Semi-conductors/MTL-ZRYH00084-054.aac -> gs://100hr-data/Semi-conductors/IMU/MTL-ZRYH00084-054.aac
OK    /Volumes/Samsung 990-2/100 Hours/Semi-conductors/MTL-ZRYH00068-014.mp4 -> gs://100hr-data/Semi-conductors/Videos/MTL-ZRYH00068-014.mp4
OK    /Volumes/Samsung 990-2/100 Hours/Semi-conductors/MTL-ZRYH00078-014.mp4 -> gs://100hr-data/Semi-conductors/Videos/MTL-ZRYH00078-014.mp4
OK    /Volumes/Samsung 990-2/100 Hours/Semi-conductors/MTL-ZRYH00084-040.aac -> gs://100hr-data/Semi-conductors/IMU/MTL-ZRYH00084-040.aac
OK    /Volumes/Samsung 990-2/100 Hours/Semi-conductors/MTL-ZRYH00073-026.txt -> gs://100hr-data/Semi-conductors/IMU/MTL-ZRYH00073-026.txt
OK    /Volumes/Samsung 990-2/100 Hours/Semi-conductors/MTL-ZRYH00078-083.txt -> gs://100hr-data/Semi-conductors/IMU/MTL-ZRYH00078-083.txt
OK    /Volumes/Samsung 990-2/100 Hours/Semi-conductors/MTL-ZRYH00068-028.mp4 -> gs://100hr-data/Semi-conductors/Videos/MTL-ZRYH00068-028.mp4
OK    /Volumes/Samsung 990-2/100 Hours/Semi-conductors/MTL-ZRYH00068-083.txt -> gs://100hr-data/Semi-conductors/IMU/MTL-ZRYH00068-083.txt
OK    /Volumes/Samsung 990-2/100 Hours/Semi-conductors/MTL-ZRYH00073-032.txt -> gs://100hr-data/Semi-conductors/IMU/MTL-ZRYH00073-032.txt
OK    /Volumes/Samsung 990-2/100 Hours/Semi-conductors/MTL-ZRYH00078-028.mp4 -> gs://100hr-data/Semi-conductors/Videos/MTL-ZRYH00078-028.mp4
OK    /Volumes/Samsung 990-2/100 Hours/Semi-conductors/MTL-ZRYH00066-010.aac -> gs://100hr-data/Semi-conductors/IMU/MTL-ZRYH00066-010.aac
OK    /Volumes/Samsung 990-2/100 Hours/Semi-conductors/MTL-ZRYH00066-004.aac -> gs://100hr-data/Semi-conductors/IMU/MTL-ZRYH00066-004.aac
OK    /Volumes/Samsung 990-2/100 Hours/Semi-conductors/MTL-ZRYH00073-072.mp4 -> gs://100hr-data/Semi-conductors/Videos/MTL-ZRYH00073-072.mp4
OK    /Volumes/Samsung 990-2/100 Hours/Semi-conductors/MTL-ZRYH00078-040.txt -> gs://100hr-data/Semi-conductors/IMU/MTL-ZRYH00078-040.txt
OK    /Volumes/Samsung 990-2/100 Hours/Semi-conductors/MTL-ZRYH00068-054.txt -> gs://100hr-data/Semi-conductors/IMU/MTL-ZRYH00068-054.txt
OK    /Volumes/Samsung 990-2/100 Hours/Semi-conductors/MTL-ZRYH00068-040.txt -> gs://100hr-data/Semi-conductors/IMU/MTL-ZRYH00068-040.txt
OK    /Volumes/Samsung 990-2/100 Hours/Semi-conductors/MTL-ZRYH00066-038.aac -> gs://100hr-data/Semi-conductors/IMU/MTL-ZRYH00066-038.aac
OK    /Volumes/Samsung 990-2/100 Hours/Semi-conductors/MTL-ZRYH00078-054.txt -> gs://100hr-data/Semi-conductors/IMU/MTL-ZRYH00078-054.txt
OK    /Volumes/Samsung 990-2/100 Hours/Semi-conductors/MTL-ZRYH00085-045.aac -> gs://100hr-data/Semi-conductors/IMU/MTL-ZRYH00085-045.aac
OK    /Volumes/Samsung 990-2/100 Hours/Semi-conductors/MTL-ZRYH00085-051.aac -> gs://100hr-data/Semi-conductors/IMU/MTL-ZRYH00085-051.aac
OK    /Volumes/Samsung 990-2/100 Hours/Semi-conductors/MTL-ZRYH00085-079.aac -> gs://100hr-data/Semi-conductors/IMU/MTL-ZRYH00085-079.aac
OK    /Volumes/Samsung 990-2/100 Hours/Semi-conductors/MTL-ZRYH00085-086.aac -> gs://100hr-data/Semi-conductors/IMU/MTL-ZRYH00085-086.aac
OK    /Volumes/Samsung 990-2/100 Hours/Semi-conductors/MTL-ZRYH00085-092.aac -> gs://100hr-data/Semi-conductors/IMU/MTL-ZRYH00085-092.aac
OK    /Volumes/Samsung 990-2/100 Hours/Semi-conductors/MTL-ZRYH00085-096.aac -> gs://100hr-data/Semi-conductors/IMU/MTL-ZRYH00085-096.aac
OK    /Volumes/Samsung 990-2/100 Hours/Semi-conductors/MTL-ZRYH00085-082.aac -> gs://100hr-data/Semi-conductors/IMU/MTL-ZRYH00085-082.aac
OK    /Volumes/Samsung 990-2/100 Hours/Semi-conductors/MTL-ZRYH00085-041.aac -> gs://100hr-data/Semi-conductors/IMU/MTL-ZRYH00085-041.aac
OK    /Volumes/Samsung 990-2/100 Hours/Semi-conductors/MTL-ZRYH00068-078.txt -> gs://100hr-data/Semi-conductors/IMU/MTL-ZRYH00068-078.txt
OK    /Volumes/Samsung 990-2/100 Hours/Semi-conductors/MTL-ZRYH00078-078.txt -> gs://100hr-data/Semi-conductors/IMU/MTL-ZRYH00078-078.txt
OK    /Volumes/Samsung 990-2/100 Hours/Semi-conductors/MTL-ZRYH00073-062.mp4 -> gs://100hr-data/Semi-conductors/Videos/MTL-ZRYH00073-062.mp4
OK    /Volumes/Samsung 990-2/100 Hours/Semi-conductors/MTL-ZRYH00078-050.txt -> gs://100hr-data/Semi-conductors/IMU/MTL-ZRYH00078-050.txt
OK    /Volumes/Samsung 990-2/100 Hours/Semi-conductors/MTL-ZRYH00068-044.txt -> gs://100hr-data/Semi-conductors/IMU/MTL-ZRYH00068-044.txt
OK    /Volumes/Samsung 990-2/100 Hours/Semi-conductors/MTL-ZRYH00068-050.txt -> gs://100hr-data/Semi-conductors/IMU/MTL-ZRYH00068-050.txt
OK    /Volumes/Samsung 990-2/100 Hours/Semi-conductors/MTL-ZRYH00078-044.txt -> gs://100hr-data/Semi-conductors/IMU/MTL-ZRYH00078-044.txt
OK    /Volumes/Samsung 990-2/100 Hours/Semi-conductors/MTL-ZRYH00078-010.mp4 -> gs://100hr-data/Semi-conductors/Videos/MTL-ZRYH00078-010.mp4
OK    /Volumes/Samsung 990-2/100 Hours/Semi-conductors/MTL-ZRYH00068-004.mp4 -> gs://100hr-data/Semi-conductors/Videos/MTL-ZRYH00068-004.mp4
OK    /Volumes/Samsung 990-2/100 Hours/Semi-conductors/MTL-ZRYH00068-010.mp4 -> gs://100hr-data/Semi-conductors/Videos/MTL-ZRYH00068-010.mp4
OK    /Volumes/Samsung 990-2/100 Hours/Semi-conductors/MTL-ZRYH00078-004.mp4 -> gs://100hr-data/Semi-conductors/Videos/MTL-ZRYH00078-004.mp4
OK    /Volumes/Samsung 990-2/100 Hours/Semi-conductors/MTL-ZRYH00073-036.txt -> gs://100hr-data/Semi-conductors/IMU/MTL-ZRYH00073-036.txt
OK    /Volumes/Samsung 990-2/100 Hours/Semi-conductors/MTL-ZRYH00068-087.txt -> gs://100hr-data/Semi-conductors/IMU/MTL-ZRYH00068-087.txt
OK    /Volumes/Samsung 990-2/100 Hours/Semi-conductors/MTL-ZRYH00078-087.txt -> gs://100hr-data/Semi-conductors/IMU/MTL-ZRYH00078-087.txt
OK    /Volumes/Samsung 990-2/100 Hours/Semi-conductors/MTL-ZRYH00073-022.txt -> gs://100hr-data/Semi-conductors/IMU/MTL-ZRYH00073-022.txt
OK    /Volumes/Samsung 990-2/100 Hours/Semi-conductors/MTL-ZRYH00073-031.aac -> gs://100hr-data/Semi-conductors/IMU/MTL-ZRYH00073-031.aac
OK    /Volumes/Samsung 990-2/100 Hours/Semi-conductors/MTL-ZRYH00066-047.mp4 -> gs://100hr-data/Semi-conductors/Videos/MTL-ZRYH00066-047.mp4
OK    /Volumes/Samsung 990-2/100 Hours/Semi-conductors/MTL-ZRYH00066-053.mp4 -> gs://100hr-data/Semi-conductors/Videos/MTL-ZRYH00066-053.mp4
OK    /Volumes/Samsung 990-2/100 Hours/Semi-conductors/MTL-ZRYH00084-043.txt -> gs://100hr-data/Semi-conductors/IMU/MTL-ZRYH00084-043.txt
OK    /Volumes/Samsung 990-2/100 Hours/Semi-conductors/MTL-ZRYH00073-019.aac -> gs://100hr-data/Semi-conductors/IMU/MTL-ZRYH00073-019.aac
OK    /Volumes/Samsung 990-2/100 Hours/Semi-conductors/MTL-ZRYH00078-057.aac -> gs://100hr-data/Semi-conductors/IMU/MTL-ZRYH00078-057.aac
OK    /Volumes/Samsung 990-2/100 Hours/Semi-conductors/MTL-ZRYH00066-084.mp4 -> gs://100hr-data/Semi-conductors/Videos/MTL-ZRYH00066-084.mp4
OK    /Volumes/Samsung 990-2/100 Hours/Semi-conductors/MTL-ZRYH00068-043.aac -> gs://100hr-data/Semi-conductors/IMU/MTL-ZRYH00068-043.aac
OK    /Volumes/Samsung 990-2/100 Hours/Semi-conductors/MTL-ZRYH00068-057.aac -> gs://100hr-data/Semi-conductors/IMU/MTL-ZRYH00068-057.aac
OK    /Volumes/Samsung 990-2/100 Hours/Semi-conductors/MTL-ZRYH00066-090.mp4 -> gs://100hr-data/Semi-conductors/Videos/MTL-ZRYH00066-090.mp4
OK    /Volumes/Samsung 990-2/100 Hours/Semi-conductors/MTL-ZRYH00078-043.aac -> gs://100hr-data/Semi-conductors/IMU/MTL-ZRYH00078-043.aac
OK    /Volumes/Samsung 990-2/100 Hours/Semi-conductors/MTL-ZRYH00066-007.txt -> gs://100hr-data/Semi-conductors/IMU/MTL-ZRYH00066-007.txt
OK    /Volumes/Samsung 990-2/100 Hours/Semi-conductors/MTL-ZRYH00085-012.mp4 -> gs://100hr-data/Semi-conductors/Videos/MTL-ZRYH00085-012.mp4
OK    /Volumes/Samsung 990-2/100 Hours/Semi-conductors/MTL-ZRYH00085-091.txt -> gs://100hr-data/Semi-conductors/IMU/MTL-ZRYH00085-091.txt
OK    /Volumes/Samsung 990-2/100 Hours/Semi-conductors/MTL-ZRYH00085-084.txt -> gs://100hr-data/Semi-conductors/IMU/MTL-ZRYH00085-084.txt
OK    /Volumes/Samsung 990-2/100 Hours/Semi-conductors/MTL-ZRYH00085-007.mp4 -> gs://100hr-data/Semi-conductors/Videos/MTL-ZRYH00085-007.mp4
OK    /Volumes/Samsung 990-2/100 Hours/Semi-conductors/MTL-ZRYH00085-013.mp4 -> gs://100hr-data/Semi-conductors/Videos/MTL-ZRYH00085-013.mp4
OK    /Volumes/Samsung 990-2/100 Hours/Semi-conductors/MTL-ZRYH00085-047.txt -> gs://100hr-data/Semi-conductors/IMU/MTL-ZRYH00085-047.txt
OK    /Volumes/Samsung 990-2/100 Hours/Semi-conductors/MTL-ZRYH00085-053.txt -> gs://100hr-data/Semi-conductors/IMU/MTL-ZRYH00085-053.txt
OK    /Volumes/Samsung 990-2/100 Hours/Semi-conductors/MTL-ZRYH00066-012.txt -> gs://100hr-data/Semi-conductors/IMU/MTL-ZRYH00066-012.txt
OK    /Volumes/Samsung 990-2/100 Hours/Semi-conductors/MTL-ZRYH00066-006.txt -> gs://100hr-data/Semi-conductors/IMU/MTL-ZRYH00066-006.txt
OK    /Volumes/Samsung 990-2/100 Hours/Semi-conductors/MTL-ZRYH00068-056.aac -> gs://100hr-data/Semi-conductors/IMU/MTL-ZRYH00068-056.aac
OK    /Volumes/Samsung 990-2/100 Hours/Semi-conductors/MTL-ZRYH00078-042.aac -> gs://100hr-data/Semi-conductors/IMU/MTL-ZRYH00078-042.aac
OK    /Volumes/Samsung 990-2/100 Hours/Semi-conductors/MTL-ZRYH00066-091.mp4 -> gs://100hr-data/Semi-conductors/Videos/MTL-ZRYH00066-091.mp4
OK    /Volumes/Samsung 990-2/100 Hours/Semi-conductors/MTL-ZRYH00078-056.aac -> gs://100hr-data/Semi-conductors/IMU/MTL-ZRYH00078-056.aac
OK    /Volumes/Samsung 990-2/100 Hours/Semi-conductors/MTL-ZRYH00068-042.aac -> gs://100hr-data/Semi-conductors/IMU/MTL-ZRYH00068-042.aac
OK    /Volumes/Samsung 990-2/100 Hours/Semi-conductors/MTL-ZRYH00084-056.txt -> gs://100hr-data/Semi-conductors/IMU/MTL-ZRYH00084-056.txt
OK    /Volumes/Samsung 990-2/100 Hours/Semi-conductors/MTL-ZRYH00073-018.aac -> gs://100hr-data/Semi-conductors/IMU/MTL-ZRYH00073-018.aac
OK    /Volumes/Samsung 990-2/100 Hours/Semi-conductors/MTL-ZRYH00084-042.txt -> gs://100hr-data/Semi-conductors/IMU/MTL-ZRYH00084-042.txt
OK    /Volumes/Samsung 990-2/100 Hours/Semi-conductors/MTL-ZRYH00073-024.aac -> gs://100hr-data/Semi-conductors/IMU/MTL-ZRYH00073-024.aac
OK    /Volumes/Samsung 990-2/100 Hours/Semi-conductors/MTL-ZRYH00078-081.aac -> gs://100hr-data/Semi-conductors/IMU/MTL-ZRYH00078-081.aac
OK    /Volumes/Samsung 990-2/100 Hours/Semi-conductors/MTL-ZRYH00066-046.mp4 -> gs://100hr-data/Semi-conductors/Videos/MTL-ZRYH00066-046.mp4
OK    /Volumes/Samsung 990-2/100 Hours/Semi-conductors/MTL-ZRYH00073-030.aac -> gs://100hr-data/Semi-conductors/IMU/MTL-ZRYH00073-030.aac
OK    /Volumes/Samsung 990-2/100 Hours/Semi-conductors/MTL-ZRYH00068-081.aac -> gs://100hr-data/Semi-conductors/IMU/MTL-ZRYH00068-081.aac
OK    /Volumes/Samsung 990-2/100 Hours/Semi-conductors/MTL-ZRYH00078-039.mp4 -> gs://100hr-data/Semi-conductors/Videos/MTL-ZRYH00078-039.mp4
OK    /Volumes/Samsung 990-2/100 Hours/Semi-conductors/MTL-ZRYH00073-023.txt -> gs://100hr-data/Semi-conductors/IMU/MTL-ZRYH00073-023.txt
OK    /Volumes/Samsung 990-2/100 Hours/Semi-conductors/MTL-ZRYH00078-086.txt -> gs://100hr-data/Semi-conductors/IMU/MTL-ZRYH00078-086.txt
OK    /Volumes/Samsung 990-2/100 Hours/Semi-conductors/MTL-ZRYH00073-037.txt -> gs://100hr-data/Semi-conductors/IMU/MTL-ZRYH00073-037.txt
OK    /Volumes/Samsung 990-2/100 Hours/Semi-conductors/MTL-ZRYH00068-086.txt -> gs://100hr-data/Semi-conductors/IMU/MTL-ZRYH00068-086.txt
OK    /Volumes/Samsung 990-2/100 Hours/Semi-conductors/MTL-ZRYH00068-039.mp4 -> gs://100hr-data/Semi-conductors/Videos/MTL-ZRYH00068-039.mp4
OK    /Volumes/Samsung 990-2/100 Hours/Semi-conductors/MTL-ZRYH00084-051.aac -> gs://100hr-data/Semi-conductors/IMU/MTL-ZRYH00084-051.aac
OK    /Volumes/Samsung 990-2/100 Hours/Semi-conductors/MTL-ZRYH00084-045.aac -> gs://100hr-data/Semi-conductors/IMU/MTL-ZRYH00084-045.aac
OK    /Volumes/Samsung 990-2/100 Hours/Semi-conductors/MTL-ZRYH00068-051.txt -> gs://100hr-data/Semi-conductors/IMU/MTL-ZRYH00068-051.txt
OK    /Volumes/Samsung 990-2/100 Hours/Semi-conductors/MTL-ZRYH00066-029.aac -> gs://100hr-data/Semi-conductors/IMU/MTL-ZRYH00066-029.aac
OK    /Volumes/Samsung 990-2/100 Hours/Semi-conductors/MTL-ZRYH00078-045.txt -> gs://100hr-data/Semi-conductors/IMU/MTL-ZRYH00078-045.txt
OK    /Volumes/Samsung 990-2/100 Hours/Semi-conductors/MTL-ZRYH00078-051.txt -> gs://100hr-data/Semi-conductors/IMU/MTL-ZRYH00078-051.txt
OK    /Volumes/Samsung 990-2/100 Hours/Semi-conductors/MTL-ZRYH00068-045.txt -> gs://100hr-data/Semi-conductors/IMU/MTL-ZRYH00068-045.txt
OK    /Volumes/Samsung 990-2/100 Hours/Semi-conductors/MTL-ZRYH00066-015.aac -> gs://100hr-data/Semi-conductors/IMU/MTL-ZRYH00066-015.aac
OK    /Volumes/Samsung 990-2/100 Hours/Semi-conductors/MTL-ZRYH00085-068.aac -> gs://100hr-data/Semi-conductors/IMU/MTL-ZRYH00085-068.aac
OK    /Volumes/Samsung 990-2/100 Hours/Semi-conductors/MTL-ZRYH00085-040.aac -> gs://100hr-data/Semi-conductors/IMU/MTL-ZRYH00085-040.aac
OK    /Volumes/Samsung 990-2/100 Hours/Semi-conductors/MTL-ZRYH00085-054.aac -> gs://100hr-data/Semi-conductors/IMU/MTL-ZRYH00085-054.aac
OK    /Volumes/Samsung 990-2/100 Hours/Semi-conductors/MTL-ZRYH00085-097.aac -> gs://100hr-data/Semi-conductors/IMU/MTL-ZRYH00085-097.aac
OK    /Volumes/Samsung 990-2/100 Hours/Semi-conductors/MTL-ZRYH00085-081.aac -> gs://100hr-data/Semi-conductors/IMU/MTL-ZRYH00085-081.aac
OK    /Volumes/Samsung 990-2/100 Hours/Semi-conductors/MTL-ZRYH00085-095.aac -> gs://100hr-data/Semi-conductors/IMU/MTL-ZRYH00085-095.aac
OK    /Volumes/Samsung 990-2/100 Hours/Semi-conductors/MTL-ZRYH00085-042.aac -> gs://100hr-data/Semi-conductors/IMU/MTL-ZRYH00085-042.aac
OK    /Volumes/Samsung 990-2/100 Hours/Semi-conductors/MTL-ZRYH00085-056.aac -> gs://100hr-data/Semi-conductors/IMU/MTL-ZRYH00085-056.aac
OK    /Volumes/Samsung 990-2/100 Hours/Semi-conductors/MTL-ZRYH00073-061.mp4 -> gs://100hr-data/Semi-conductors/Videos/MTL-ZRYH00073-061.mp4
OK    /Volumes/Samsung 990-2/100 Hours/Semi-conductors/MTL-ZRYH00078-047.txt -> gs://100hr-data/Semi-conductors/IMU/MTL-ZRYH00078-047.txt
OK    /Volumes/Samsung 990-2/100 Hours/Semi-conductors/MTL-ZRYH00068-053.txt -> gs://100hr-data/Semi-conductors/IMU/MTL-ZRYH00068-053.txt
OK    /Volumes/Samsung 990-2/100 Hours/Semi-conductors/MTL-ZRYH00068-047.txt -> gs://100hr-data/Semi-conductors/IMU/MTL-ZRYH00068-047.txt
OK    /Volumes/Samsung 990-2/100 Hours/Semi-conductors/MTL-ZRYH00078-053.txt -> gs://100hr-data/Semi-conductors/IMU/MTL-ZRYH00078-053.txt
OK    /Volumes/Samsung 990-2/100 Hours/Semi-conductors/MTL-ZRYH00084-053.aac -> gs://100hr-data/Semi-conductors/IMU/MTL-ZRYH00084-053.aac
OK    /Volumes/Samsung 990-2/100 Hours/Semi-conductors/MTL-ZRYH00078-007.mp4 -> gs://100hr-data/Semi-conductors/Videos/MTL-ZRYH00078-007.mp4
OK    /Volumes/Samsung 990-2/100 Hours/Semi-conductors/MTL-ZRYH00068-013.mp4 -> gs://100hr-data/Semi-conductors/Videos/MTL-ZRYH00068-013.mp4
OK    /Volumes/Samsung 990-2/100 Hours/Semi-conductors/MTL-ZRYH00068-007.mp4 -> gs://100hr-data/Semi-conductors/Videos/MTL-ZRYH00068-007.mp4
OK    /Volumes/Samsung 990-2/100 Hours/Semi-conductors/MTL-ZRYH00073-009.txt -> gs://100hr-data/Semi-conductors/IMU/MTL-ZRYH00073-009.txt
OK    /Volumes/Samsung 990-2/100 Hours/Semi-conductors/MTL-ZRYH00078-013.mp4 -> gs://100hr-data/Semi-conductors/Videos/MTL-ZRYH00078-013.mp4
OK    /Volumes/Samsung 990-2/100 Hours/Semi-conductors/MTL-ZRYH00078-084.txt -> gs://100hr-data/Semi-conductors/IMU/MTL-ZRYH00078-084.txt
OK    /Volumes/Samsung 990-2/100 Hours/Semi-conductors/MTL-ZRYH00073-021.txt -> gs://100hr-data/Semi-conductors/IMU/MTL-ZRYH00073-021.txt
OK    /Volumes/Samsung 990-2/100 Hours/Semi-conductors/MTL-ZRYH00068-084.txt -> gs://100hr-data/Semi-conductors/IMU/MTL-ZRYH00068-084.txt
OK    /Volumes/Samsung 990-2/100 Hours/Semi-conductors/MTL-ZRYH00073-026.aac -> gs://100hr-data/Semi-conductors/IMU/MTL-ZRYH00073-026.aac
OK    /Volumes/Samsung 990-2/100 Hours/Semi-conductors/MTL-ZRYH00066-050.mp4 -> gs://100hr-data/Semi-conductors/Videos/MTL-ZRYH00066-050.mp4
OK    /Volumes/Samsung 990-2/100 Hours/Semi-conductors/MTL-ZRYH00073-032.aac -> gs://100hr-data/Semi-conductors/IMU/MTL-ZRYH00073-032.aac
OK    /Volumes/Samsung 990-2/100 Hours/Semi-conductors/MTL-ZRYH00084-054.txt -> gs://100hr-data/Semi-conductors/IMU/MTL-ZRYH00084-054.txt
OK    /Volumes/Samsung 990-2/100 Hours/Semi-conductors/MTL-ZRYH00084-040.txt -> gs://100hr-data/Semi-conductors/IMU/MTL-ZRYH00084-040.txt
OK    /Volumes/Samsung 990-2/100 Hours/Semi-conductors/MTL-ZRYH00066-078.mp4 -> gs://100hr-data/Semi-conductors/Videos/MTL-ZRYH00066-078.mp4
OK    /Volumes/Samsung 990-2/100 Hours/Semi-conductors/MTL-ZRYH00078-040.aac -> gs://100hr-data/Semi-conductors/IMU/MTL-ZRYH00078-040.aac
OK    /Volumes/Samsung 990-2/100 Hours/Semi-conductors/MTL-ZRYH00068-054.aac -> gs://100hr-data/Semi-conductors/IMU/MTL-ZRYH00068-054.aac
OK    /Volumes/Samsung 990-2/100 Hours/Semi-conductors/MTL-ZRYH00068-040.aac -> gs://100hr-data/Semi-conductors/IMU/MTL-ZRYH00068-040.aac
OK    /Volumes/Samsung 990-2/100 Hours/Semi-conductors/MTL-ZRYH00078-054.aac -> gs://100hr-data/Semi-conductors/IMU/MTL-ZRYH00078-054.aac
OK    /Volumes/Samsung 990-2/100 Hours/Semi-conductors/MTL-ZRYH00066-087.mp4 -> gs://100hr-data/Semi-conductors/Videos/MTL-ZRYH00066-087.mp4
OK    /Volumes/Samsung 990-2/100 Hours/Semi-conductors/MTL-ZRYH00066-010.txt -> gs://100hr-data/Semi-conductors/IMU/MTL-ZRYH00066-010.txt
OK    /Volumes/Samsung 990-2/100 Hours/Semi-conductors/MTL-ZRYH00068-068.aac -> gs://100hr-data/Semi-conductors/IMU/MTL-ZRYH00068-068.aac
OK    /Volumes/Samsung 990-2/100 Hours/Semi-conductors/MTL-ZRYH00066-004.txt -> gs://100hr-data/Semi-conductors/IMU/MTL-ZRYH00066-004.txt
OK    /Volumes/Samsung 990-2/100 Hours/Semi-conductors/MTL-ZRYH00078-068.aac -> gs://100hr-data/Semi-conductors/IMU/MTL-ZRYH00078-068.aac
OK    /Volumes/Samsung 990-2/100 Hours/Semi-conductors/MTL-ZRYH00085-045.txt -> gs://100hr-data/Semi-conductors/IMU/MTL-ZRYH00085-045.txt
OK    /Volumes/Samsung 990-2/100 Hours/Semi-conductors/MTL-ZRYH00085-051.txt -> gs://100hr-data/Semi-conductors/IMU/MTL-ZRYH00085-051.txt
OK    /Volumes/Samsung 990-2/100 Hours/Semi-conductors/MTL-ZRYH00085-086.txt -> gs://100hr-data/Semi-conductors/IMU/MTL-ZRYH00085-086.txt
OK    /Volumes/Samsung 990-2/100 Hours/Semi-conductors/MTL-ZRYH00085-039.mp4 -> gs://100hr-data/Semi-conductors/Videos/MTL-ZRYH00085-039.mp4
OK    /Volumes/Samsung 990-2/100 Hours/Semi-conductors/MTL-ZRYH00085-092.txt -> gs://100hr-data/Semi-conductors/IMU/MTL-ZRYH00085-092.txt
OK    /Volumes/Samsung 990-2/100 Hours/Semi-conductors/MTL-ZRYH00085-087.txt -> gs://100hr-data/Semi-conductors/IMU/MTL-ZRYH00085-087.txt
OK    /Volumes/Samsung 990-2/100 Hours/Semi-conductors/MTL-ZRYH00085-010.mp4 -> gs://100hr-data/Semi-conductors/Videos/MTL-ZRYH00085-010.mp4
OK    /Volumes/Samsung 990-2/100 Hours/Semi-conductors/MTL-ZRYH00085-050.txt -> gs://100hr-data/Semi-conductors/IMU/MTL-ZRYH00085-050.txt
OK    /Volumes/Samsung 990-2/100 Hours/Semi-conductors/MTL-ZRYH00085-044.txt -> gs://100hr-data/Semi-conductors/IMU/MTL-ZRYH00085-044.txt
OK    /Volumes/Samsung 990-2/100 Hours/Semi-conductors/MTL-ZRYH00085-078.txt -> gs://100hr-data/Semi-conductors/IMU/MTL-ZRYH00085-078.txt
OK    /Volumes/Samsung 990-2/100 Hours/Semi-conductors/MTL-ZRYH00084-029.mp4 -> gs://100hr-data/Semi-conductors/Videos/MTL-ZRYH00084-029.mp4
OK    /Volumes/Samsung 990-2/100 Hours/Semi-conductors/MTL-ZRYH00066-011.txt -> gs://100hr-data/Semi-conductors/IMU/MTL-ZRYH00066-011.txt
OK    /Volumes/Samsung 990-2/100 Hours/Semi-conductors/MTL-ZRYH00068-041.aac -> gs://100hr-data/Semi-conductors/IMU/MTL-ZRYH00068-041.aac
OK    /Volumes/Samsung 990-2/100 Hours/Semi-conductors/MTL-ZRYH00066-086.mp4 -> gs://100hr-data/Semi-conductors/Videos/MTL-ZRYH00066-086.mp4
OK    /Volumes/Samsung 990-2/100 Hours/Semi-conductors/MTL-ZRYH00066-039.txt -> gs://100hr-data/Semi-conductors/IMU/MTL-ZRYH00066-039.txt
OK    /Volumes/Samsung 990-2/100 Hours/Semi-conductors/MTL-ZRYH00078-041.aac -> gs://100hr-data/Semi-conductors/IMU/MTL-ZRYH00078-041.aac
OK    /Volumes/Samsung 990-2/100 Hours/Semi-conductors/MTL-ZRYH00066-092.mp4 -> gs://100hr-data/Semi-conductors/Videos/MTL-ZRYH00066-092.mp4
OK    /Volumes/Samsung 990-2/100 Hours/Semi-conductors/MTL-ZRYH00066-079.mp4 -> gs://100hr-data/Semi-conductors/Videos/MTL-ZRYH00066-079.mp4
OK    /Volumes/Samsung 990-2/100 Hours/Semi-conductors/MTL-ZRYH00084-055.txt -> gs://100hr-data/Semi-conductors/IMU/MTL-ZRYH00084-055.txt
OK    /Volumes/Samsung 990-2/100 Hours/Semi-conductors/MTL-ZRYH00068-082.aac -> gs://100hr-data/Semi-conductors/IMU/MTL-ZRYH00068-082.aac
OK    /Volumes/Samsung 990-2/100 Hours/Semi-conductors/MTL-ZRYH00066-045.mp4 -> gs://100hr-data/Semi-conductors/Videos/MTL-ZRYH00066-045.mp4
OK    /Volumes/Samsung 990-2/100 Hours/Semi-conductors/MTL-ZRYH00066-051.mp4 -> gs://100hr-data/Semi-conductors/Videos/MTL-ZRYH00066-051.mp4
OK    /Volumes/Samsung 990-2/100 Hours/Semi-conductors/MTL-ZRYH00073-027.aac -> gs://100hr-data/Semi-conductors/IMU/MTL-ZRYH00073-027.aac
OK    /Volumes/Samsung 990-2/100 Hours/Semi-conductors/MTL-ZRYH00078-082.aac -> gs://100hr-data/Semi-conductors/IMU/MTL-ZRYH00078-082.aac
OK    /Volumes/Samsung 990-2/100 Hours/Semi-conductors/MTL-ZRYH00073-034.txt -> gs://100hr-data/Semi-conductors/IMU/MTL-ZRYH00073-034.txt
OK    /Volumes/Samsung 990-2/100 Hours/Semi-conductors/MTL-ZRYH00073-020.txt -> gs://100hr-data/Semi-conductors/IMU/MTL-ZRYH00073-020.txt
OK    /Volumes/Samsung 990-2/100 Hours/Semi-conductors/MTL-ZRYH00068-006.mp4 -> gs://100hr-data/Semi-conductors/Videos/MTL-ZRYH00068-006.mp4
OK    /Volumes/Samsung 990-2/100 Hours/Semi-conductors/MTL-ZRYH00078-012.mp4 -> gs://100hr-data/Semi-conductors/Videos/MTL-ZRYH00078-012.mp4
OK    /Volumes/Samsung 990-2/100 Hours/Semi-conductors/MTL-ZRYH00084-046.aac -> gs://100hr-data/Semi-conductors/IMU/MTL-ZRYH00084-046.aac
OK    /Volumes/Samsung 990-2/100 Hours/Semi-conductors/MTL-ZRYH00078-006.mp4 -> gs://100hr-data/Semi-conductors/Videos/MTL-ZRYH00078-006.mp4
OK    /Volumes/Samsung 990-2/100 Hours/Semi-conductors/MTL-ZRYH00084-052.aac -> gs://100hr-data/Semi-conductors/IMU/MTL-ZRYH00084-052.aac
OK    /Volumes/Samsung 990-2/100 Hours/Semi-conductors/MTL-ZRYH00068-012.mp4 -> gs://100hr-data/Semi-conductors/Videos/MTL-ZRYH00068-012.mp4
OK    /Volumes/Samsung 990-2/100 Hours/Semi-conductors/MTL-ZRYH00073-048.mp4 -> gs://100hr-data/Semi-conductors/Videos/MTL-ZRYH00073-048.mp4
OK    /Volumes/Samsung 990-2/100 Hours/Semi-conductors/MTL-ZRYH00066-016.aac -> gs://100hr-data/Semi-conductors/IMU/MTL-ZRYH00066-016.aac
OK    /Volumes/Samsung 990-2/100 Hours/Semi-conductors/MTL-ZRYH00085-057.aac -> gs://100hr-data/Semi-conductors/IMU/MTL-ZRYH00085-057.aac
OK    /Volumes/Samsung 990-2/100 Hours/Semi-conductors/MTL-ZRYH00085-043.aac -> gs://100hr-data/Semi-conductors/IMU/MTL-ZRYH00085-043.aac
OK    /Volumes/Samsung 990-2/100 Hours/Semi-conductors/MTL-ZRYH00068-077.txt -> gs://100hr-data/Semi-conductors/IMU/MTL-ZRYH00068-077.txt
OK    /Volumes/Samsung 990-2/100 Hours/Semi-conductors/MTL-ZRYH00078-077.txt -> gs://100hr-data/Semi-conductors/IMU/MTL-ZRYH00078-077.txt
OK    /Volumes/Samsung 990-2/100 Hours/Semi-conductors/MTL-ZRYH00073-045.mp4 -> gs://100hr-data/Semi-conductors/Videos/MTL-ZRYH00073-045.mp4
OK    /Volumes/Samsung 990-2/100 Hours/Semi-conductors/MTL-ZRYH00073-051.mp4 -> gs://100hr-data/Semi-conductors/Videos/MTL-ZRYH00073-051.mp4
OK    /Volumes/Samsung 990-2/100 Hours/Semi-conductors/MTL-ZRYH00066-027.aac -> gs://100hr-data/Semi-conductors/IMU/MTL-ZRYH00066-027.aac
OK    /Volumes/Samsung 990-2/100 Hours/Semi-conductors/MTL-ZRYH00073-011.txt -> gs://100hr-data/Semi-conductors/IMU/MTL-ZRYH00073-011.txt
OK    /Volumes/Samsung 990-2/100 Hours/Semi-conductors/MTL-ZRYH00068-088.txt -> gs://100hr-data/Semi-conductors/IMU/MTL-ZRYH00068-088.txt
OK    /Volumes/Samsung 990-2/100 Hours/Semi-conductors/MTL-ZRYH00068-037.mp4 -> gs://100hr-data/Semi-conductors/Videos/MTL-ZRYH00068-037.mp4
OK    /Volumes/Samsung 990-2/100 Hours/Semi-conductors/MTL-ZRYH00078-023.mp4 -> gs://100hr-data/Semi-conductors/Videos/MTL-ZRYH00078-023.mp4
OK    /Volumes/Samsung 990-2/100 Hours/Semi-conductors/MTL-ZRYH00073-039.txt -> gs://100hr-data/Semi-conductors/IMU/MTL-ZRYH00073-039.txt
OK    /Volumes/Samsung 990-2/100 Hours/Semi-conductors/MTL-ZRYH00084-063.aac -> gs://100hr-data/Semi-conductors/IMU/MTL-ZRYH00084-063.aac
OK    /Volumes/Samsung 990-2/100 Hours/Semi-conductors/MTL-ZRYH00078-037.mp4 -> gs://100hr-data/Semi-conductors/Videos/MTL-ZRYH00078-037.mp4
OK    /Volumes/Samsung 990-2/100 Hours/Semi-conductors/MTL-ZRYH00068-023.mp4 -> gs://100hr-data/Semi-conductors/Videos/MTL-ZRYH00068-023.mp4
OK    /Volumes/Samsung 990-2/100 Hours/Semi-conductors/MTL-ZRYH00066-048.mp4 -> gs://100hr-data/Semi-conductors/Videos/MTL-ZRYH00066-048.mp4
OK    /Volumes/Samsung 990-2/100 Hours/Semi-conductors/MTL-ZRYH00084-064.txt -> gs://100hr-data/Semi-conductors/IMU/MTL-ZRYH00084-064.txt
OK    /Volumes/Samsung 990-2/100 Hours/Semi-conductors/MTL-ZRYH00073-016.aac -> gs://100hr-data/Semi-conductors/IMU/MTL-ZRYH00073-016.aac
OK    /Volumes/Samsung 990-2/100 Hours/Semi-conductors/MTL-ZRYH00084-058.txt -> gs://100hr-data/Semi-conductors/IMU/MTL-ZRYH00084-058.txt
OK    /Volumes/Samsung 990-2/100 Hours/Semi-conductors/MTL-ZRYH00066-034.txt -> gs://100hr-data/Semi-conductors/IMU/MTL-ZRYH00066-034.txt
OK    /Volumes/Samsung 990-2/100 Hours/Semi-conductors/MTL-ZRYH00066-020.txt -> gs://100hr-data/Semi-conductors/IMU/MTL-ZRYH00066-020.txt
OK    /Volumes/Samsung 990-2/100 Hours/Semi-conductors/MTL-ZRYH00068-070.aac -> gs://100hr-data/Semi-conductors/IMU/MTL-ZRYH00068-070.aac
OK    /Volumes/Samsung 990-2/100 Hours/Semi-conductors/MTL-ZRYH00078-064.aac -> gs://100hr-data/Semi-conductors/IMU/MTL-ZRYH00078-064.aac
OK    /Volumes/Samsung 990-2/100 Hours/Semi-conductors/MTL-ZRYH00078-070.aac -> gs://100hr-data/Semi-conductors/IMU/MTL-ZRYH00078-070.aac
OK    /Volumes/Samsung 990-2/100 Hours/Semi-conductors/MTL-ZRYH00068-064.aac -> gs://100hr-data/Semi-conductors/IMU/MTL-ZRYH00068-064.aac
OK    /Volumes/Samsung 990-2/100 Hours/Semi-conductors/MTL-ZRYH00085-061.txt -> gs://100hr-data/Semi-conductors/IMU/MTL-ZRYH00085-061.txt
OK    /Volumes/Samsung 990-2/100 Hours/Semi-conductors/MTL-ZRYH00085-075.txt -> gs://100hr-data/Semi-conductors/IMU/MTL-ZRYH00085-075.txt
OK    /Volumes/Samsung 990-2/100 Hours/Semi-conductors/MTL-ZRYH00085-009.mp4 -> gs://100hr-data/Semi-conductors/Videos/MTL-ZRYH00085-009.mp4
OK    /Volumes/Samsung 990-2/100 Hours/Semi-conductors/MTL-ZRYH00085-021.mp4 -> gs://100hr-data/Semi-conductors/Videos/MTL-ZRYH00085-021.mp4
OK    /Volumes/Samsung 990-2/100 Hours/Semi-conductors/MTL-ZRYH00085-035.mp4 -> gs://100hr-data/Semi-conductors/Videos/MTL-ZRYH00085-035.mp4
OK    /Volumes/Samsung 990-2/100 Hours/Semi-conductors/MTL-ZRYH00085-034.mp4 -> gs://100hr-data/Semi-conductors/Videos/MTL-ZRYH00085-034.mp4
OK    /Volumes/Samsung 990-2/100 Hours/Semi-conductors/MTL-ZRYH00085-020.mp4 -> gs://100hr-data/Semi-conductors/Videos/MTL-ZRYH00085-020.mp4
OK    /Volumes/Samsung 990-2/100 Hours/Semi-conductors/MTL-ZRYH00085-048.txt -> gs://100hr-data/Semi-conductors/IMU/MTL-ZRYH00085-048.txt
OK    /Volumes/Samsung 990-2/100 Hours/Semi-conductors/MTL-ZRYH00078-071.aac -> gs://100hr-data/Semi-conductors/IMU/MTL-ZRYH00078-071.aac
OK    /Volumes/Samsung 990-2/100 Hours/Semi-conductors/MTL-ZRYH00068-065.aac -> gs://100hr-data/Semi-conductors/IMU/MTL-ZRYH00068-065.aac
OK    /Volumes/Samsung 990-2/100 Hours/Semi-conductors/MTL-ZRYH00068-071.aac -> gs://100hr-data/Semi-conductors/IMU/MTL-ZRYH00068-071.aac
OK    /Volumes/Samsung 990-2/100 Hours/Semi-conductors/MTL-ZRYH00078-065.aac -> gs://100hr-data/Semi-conductors/IMU/MTL-ZRYH00078-065.aac
OK    /Volumes/Samsung 990-2/100 Hours/Semi-conductors/MTL-ZRYH00066-009.txt -> gs://100hr-data/Semi-conductors/IMU/MTL-ZRYH00066-009.txt
OK    /Volumes/Samsung 990-2/100 Hours/Semi-conductors/MTL-ZRYH00084-031.mp4 -> gs://100hr-data/Semi-conductors/Videos/MTL-ZRYH00084-031.mp4
OK    /Volumes/Samsung 990-2/100 Hours/Semi-conductors/MTL-ZRYH00066-021.txt -> gs://100hr-data/Semi-conductors/IMU/MTL-ZRYH00066-021.txt
OK    /Volumes/Samsung 990-2/100 Hours/Semi-conductors/MTL-ZRYH00068-059.aac -> gs://100hr-data/Semi-conductors/IMU/MTL-ZRYH00068-059.aac
OK    /Volumes/Samsung 990-2/100 Hours/Semi-conductors/MTL-ZRYH00078-059.aac -> gs://100hr-data/Semi-conductors/IMU/MTL-ZRYH00078-059.aac
OK    /Volumes/Samsung 990-2/100 Hours/Semi-conductors/MTL-ZRYH00084-059.txt -> gs://100hr-data/Semi-conductors/IMU/MTL-ZRYH00084-059.txt
OK    /Volumes/Samsung 990-2/100 Hours/Semi-conductors/MTL-ZRYH00066-061.mp4 -> gs://100hr-data/Semi-conductors/Videos/MTL-ZRYH00066-061.mp4
OK    /Volumes/Samsung 990-2/100 Hours/Semi-conductors/MTL-ZRYH00066-075.mp4 -> gs://100hr-data/Semi-conductors/Videos/MTL-ZRYH00066-075.mp4
OK    /Volumes/Samsung 990-2/100 Hours/Semi-conductors/MTL-ZRYH00084-065.txt -> gs://100hr-data/Semi-conductors/IMU/MTL-ZRYH00084-065.txt
OK    /Volumes/Samsung 990-2/100 Hours/Semi-conductors/MTL-ZRYH00078-036.mp4 -> gs://100hr-data/Semi-conductors/Videos/MTL-ZRYH00078-036.mp4
OK    /Volumes/Samsung 990-2/100 Hours/Semi-conductors/MTL-ZRYH00084-062.aac -> gs://100hr-data/Semi-conductors/IMU/MTL-ZRYH00084-062.aac
OK    /Volumes/Samsung 990-2/100 Hours/Semi-conductors/MTL-ZRYH00068-036.mp4 -> gs://100hr-data/Semi-conductors/Videos/MTL-ZRYH00068-036.mp4
OK    /Volumes/Samsung 990-2/100 Hours/Semi-conductors/MTL-ZRYH00068-089.txt -> gs://100hr-data/Semi-conductors/IMU/MTL-ZRYH00068-089.txt
OK    /Volumes/Samsung 990-2/100 Hours/Semi-conductors/MTL-ZRYH00073-010.txt -> gs://100hr-data/Semi-conductors/IMU/MTL-ZRYH00073-010.txt
OK    /Volumes/Samsung 990-2/100 Hours/Semi-conductors/MTL-ZRYH00073-004.txt -> gs://100hr-data/Semi-conductors/IMU/MTL-ZRYH00073-004.txt
OK    /Volumes/Samsung 990-2/100 Hours/Semi-conductors/MTL-ZRYH00066-026.aac -> gs://100hr-data/Semi-conductors/IMU/MTL-ZRYH00066-026.aac
OK    /Volumes/Samsung 990-2/100 Hours/Semi-conductors/MTL-ZRYH00073-050.mp4 -> gs://100hr-data/Semi-conductors/Videos/MTL-ZRYH00073-050.mp4
OK    /Volumes/Samsung 990-2/100 Hours/Semi-conductors/MTL-ZRYH00066-032.aac -> gs://100hr-data/Semi-conductors/IMU/MTL-ZRYH00066-032.aac
OK    /Volumes/Samsung 990-2/100 Hours/Semi-conductors/MTL-ZRYH00078-076.txt -> gs://100hr-data/Semi-conductors/IMU/MTL-ZRYH00078-076.txt
OK    /Volumes/Samsung 990-2/100 Hours/Semi-conductors/MTL-ZRYH00068-062.txt -> gs://100hr-data/Semi-conductors/IMU/MTL-ZRYH00068-062.txt
OK    /Volumes/Samsung 990-2/100 Hours/Semi-conductors/MTL-ZRYH00068-076.txt -> gs://100hr-data/Semi-conductors/IMU/MTL-ZRYH00068-076.txt
OK    /Volumes/Samsung 990-2/100 Hours/Semi-conductors/MTL-ZRYH00078-062.txt -> gs://100hr-data/Semi-conductors/IMU/MTL-ZRYH00078-062.txt
OK    /Volumes/Samsung 990-2/100 Hours/Semi-conductors/MTL-ZRYH00085-073.aac -> gs://100hr-data/Semi-conductors/IMU/MTL-ZRYH00085-073.aac
OK    /Volumes/Samsung 990-2/100 Hours/Semi-conductors/MTL-ZRYH00085-067.aac -> gs://100hr-data/Semi-conductors/IMU/MTL-ZRYH00085-067.aac
OK    /Volumes/Samsung 990-2/100 Hours/Semi-conductors/MTL-ZRYH00085-100.txt -> gs://100hr-data/Semi-conductors/IMU/MTL-ZRYH00085-100.txt
OK    /Volumes/Samsung 990-2/100 Hours/Semi-conductors/MTL-ZRYH00085-098.aac -> gs://100hr-data/Semi-conductors/IMU/MTL-ZRYH00085-098.aac
OK    /Volumes/Samsung 990-2/100 Hours/Semi-conductors/MTL-ZRYH00085-059.aac -> gs://100hr-data/Semi-conductors/IMU/MTL-ZRYH00085-059.aac
OK    /Volumes/Samsung 990-2/100 Hours/Semi-conductors/MTL-ZRYH00085-071.aac -> gs://100hr-data/Semi-conductors/IMU/MTL-ZRYH00085-071.aac
OK    /Volumes/Samsung 990-2/100 Hours/Semi-conductors/MTL-ZRYH00085-065.aac -> gs://100hr-data/Semi-conductors/IMU/MTL-ZRYH00085-065.aac
OK    /Volumes/Samsung 990-2/100 Hours/Semi-conductors/MTL-ZRYH00066-018.aac -> gs://100hr-data/Semi-conductors/IMU/MTL-ZRYH00066-018.aac
OK    /Volumes/Samsung 990-2/100 Hours/Semi-conductors/MTL-ZRYH00078-048.txt -> gs://100hr-data/Semi-conductors/IMU/MTL-ZRYH00078-048.txt
OK    /Volumes/Samsung 990-2/100 Hours/Semi-conductors/MTL-ZRYH00066-024.aac -> gs://100hr-data/Semi-conductors/IMU/MTL-ZRYH00066-024.aac
OK    /Volumes/Samsung 990-2/100 Hours/Semi-conductors/MTL-ZRYH00073-046.mp4 -> gs://100hr-data/Semi-conductors/Videos/MTL-ZRYH00073-046.mp4
OK    /Volumes/Samsung 990-2/100 Hours/Semi-conductors/MTL-ZRYH00066-030.aac -> gs://100hr-data/Semi-conductors/IMU/MTL-ZRYH00066-030.aac
OK    /Volumes/Samsung 990-2/100 Hours/Semi-conductors/MTL-ZRYH00068-048.txt -> gs://100hr-data/Semi-conductors/IMU/MTL-ZRYH00068-048.txt
OK    /Volumes/Samsung 990-2/100 Hours/Semi-conductors/MTL-ZRYH00073-012.txt -> gs://100hr-data/Semi-conductors/IMU/MTL-ZRYH00073-012.txt
OK    /Volumes/Samsung 990-2/100 Hours/Semi-conductors/MTL-ZRYH00084-048.aac -> gs://100hr-data/Semi-conductors/IMU/MTL-ZRYH00084-048.aac
OK    /Volumes/Samsung 990-2/100 Hours/Semi-conductors/MTL-ZRYH00073-006.txt -> gs://100hr-data/Semi-conductors/IMU/MTL-ZRYH00073-006.txt
OK    /Volumes/Samsung 990-2/100 Hours/Semi-conductors/MTL-ZRYH00068-020.mp4 -> gs://100hr-data/Semi-conductors/Videos/MTL-ZRYH00068-020.mp4
OK    /Volumes/Samsung 990-2/100 Hours/Semi-conductors/MTL-ZRYH00084-060.aac -> gs://100hr-data/Semi-conductors/IMU/MTL-ZRYH00084-060.aac
OK    /Volumes/Samsung 990-2/100 Hours/Semi-conductors/MTL-ZRYH00078-034.mp4 -> gs://100hr-data/Semi-conductors/Videos/MTL-ZRYH00078-034.mp4
OK    /Volumes/Samsung 990-2/100 Hours/Semi-conductors/MTL-ZRYH00078-020.mp4 -> gs://100hr-data/Semi-conductors/Videos/MTL-ZRYH00078-020.mp4
OK    /Volumes/Samsung 990-2/100 Hours/Semi-conductors/MTL-ZRYH00068-034.mp4 -> gs://100hr-data/Semi-conductors/Videos/MTL-ZRYH00068-034.mp4
OK    /Volumes/Samsung 990-2/100 Hours/Semi-conductors/MTL-ZRYH00073-029.aac -> gs://100hr-data/Semi-conductors/IMU/MTL-ZRYH00073-029.aac
OK    /Volumes/Samsung 990-2/100 Hours/Semi-conductors/MTL-ZRYH00084-067.txt -> gs://100hr-data/Semi-conductors/IMU/MTL-ZRYH00084-067.txt
OK    /Volumes/Samsung 990-2/100 Hours/Semi-conductors/MTL-ZRYH00073-015.aac -> gs://100hr-data/Semi-conductors/IMU/MTL-ZRYH00073-015.aac
OK    /Volumes/Samsung 990-2/100 Hours/Semi-conductors/MTL-ZRYH00066-023.txt -> gs://100hr-data/Semi-conductors/IMU/MTL-ZRYH00066-023.txt
OK    /Volumes/Samsung 990-2/100 Hours/Semi-conductors/MTL-ZRYH00066-037.txt -> gs://100hr-data/Semi-conductors/IMU/MTL-ZRYH00066-037.txt
OK    /Volumes/Samsung 990-2/100 Hours/Semi-conductors/MTL-ZRYH00068-067.aac -> gs://100hr-data/Semi-conductors/IMU/MTL-ZRYH00068-067.aac
OK    /Volumes/Samsung 990-2/100 Hours/Semi-conductors/MTL-ZRYH00078-073.aac -> gs://100hr-data/Semi-conductors/IMU/MTL-ZRYH00078-073.aac
OK    /Volumes/Samsung 990-2/100 Hours/Semi-conductors/MTL-ZRYH00078-067.aac -> gs://100hr-data/Semi-conductors/IMU/MTL-ZRYH00078-067.aac
OK    /Volumes/Samsung 990-2/100 Hours/Semi-conductors/MTL-ZRYH00068-073.aac -> gs://100hr-data/Semi-conductors/IMU/MTL-ZRYH00068-073.aac
OK    /Volumes/Samsung 990-2/100 Hours/Semi-conductors/MTL-ZRYH00085-076.txt -> gs://100hr-data/Semi-conductors/IMU/MTL-ZRYH00085-076.txt
OK    /Volumes/Samsung 990-2/100 Hours/Semi-conductors/MTL-ZRYH00085-062.txt -> gs://100hr-data/Semi-conductors/IMU/MTL-ZRYH00085-062.txt
OK    /Volumes/Samsung 990-2/100 Hours/Semi-conductors/MTL-ZRYH00085-036.mp4 -> gs://100hr-data/Semi-conductors/Videos/MTL-ZRYH00085-036.mp4
OK    /Volumes/Samsung 990-2/100 Hours/Semi-conductors/MTL-ZRYH00085-089.txt -> gs://100hr-data/Semi-conductors/IMU/MTL-ZRYH00085-089.txt
OK    /Volumes/Samsung 990-2/100 Hours/Semi-conductors/MTL-ZRYH00085-023.mp4 -> gs://100hr-data/Semi-conductors/Videos/MTL-ZRYH00085-023.mp4
OK    /Volumes/Samsung 990-2/100 Hours/Semi-conductors/MTL-ZRYH00085-088.txt -> gs://100hr-data/Semi-conductors/IMU/MTL-ZRYH00085-088.txt
OK    /Volumes/Samsung 990-2/100 Hours/Semi-conductors/MTL-ZRYH00085-037.mp4 -> gs://100hr-data/Semi-conductors/Videos/MTL-ZRYH00085-037.mp4
OK    /Volumes/Samsung 990-2/100 Hours/Semi-conductors/MTL-ZRYH00085-077.txt -> gs://100hr-data/Semi-conductors/IMU/MTL-ZRYH00085-077.txt
OK    /Volumes/Samsung 990-2/100 Hours/Semi-conductors/MTL-ZRYH00084-032.mp4 -> gs://100hr-data/Semi-conductors/Videos/MTL-ZRYH00084-032.mp4
OK    /Volumes/Samsung 990-2/100 Hours/Semi-conductors/MTL-ZRYH00066-036.txt -> gs://100hr-data/Semi-conductors/IMU/MTL-ZRYH00066-036.txt
OK    /Volumes/Samsung 990-2/100 Hours/Semi-conductors/MTL-ZRYH00066-089.mp4 -> gs://100hr-data/Semi-conductors/Videos/MTL-ZRYH00066-089.mp4
OK    /Volumes/Samsung 990-2/100 Hours/Semi-conductors/MTL-ZRYH00066-022.txt -> gs://100hr-data/Semi-conductors/IMU/MTL-ZRYH00066-022.txt
OK    /Volumes/Samsung 990-2/100 Hours/Semi-conductors/MTL-ZRYH00066-076.mp4 -> gs://100hr-data/Semi-conductors/Videos/MTL-ZRYH00066-076.mp4
OK    /Volumes/Samsung 990-2/100 Hours/Semi-conductors/MTL-ZRYH00066-062.mp4 -> gs://100hr-data/Semi-conductors/Videos/MTL-ZRYH00066-062.mp4
OK    /Volumes/Samsung 990-2/100 Hours/Semi-conductors/MTL-ZRYH00084-066.txt -> gs://100hr-data/Semi-conductors/IMU/MTL-ZRYH00084-066.txt
OK    /Volumes/Samsung 990-2/100 Hours/Semi-conductors/MTL-ZRYH00078-021.mp4 -> gs://100hr-data/Semi-conductors/Videos/MTL-ZRYH00078-021.mp4
OK    /Volumes/Samsung 990-2/100 Hours/Semi-conductors/MTL-ZRYH00068-035.mp4 -> gs://100hr-data/Semi-conductors/Videos/MTL-ZRYH00068-035.mp4
OK    /Volumes/Samsung 990-2/100 Hours/Semi-conductors/MTL-ZRYH00068-021.mp4 -> gs://100hr-data/Semi-conductors/Videos/MTL-ZRYH00068-021.mp4
OK    /Volumes/Samsung 990-2/100 Hours/Semi-conductors/MTL-ZRYH00078-035.mp4 -> gs://100hr-data/Semi-conductors/Videos/MTL-ZRYH00078-035.mp4
OK    /Volumes/Samsung 990-2/100 Hours/Semi-conductors/MTL-ZRYH00073-007.txt -> gs://100hr-data/Semi-conductors/IMU/MTL-ZRYH00073-007.txt
OK    /Volumes/Samsung 990-2/100 Hours/Semi-conductors/MTL-ZRYH00084-049.aac -> gs://100hr-data/Semi-conductors/IMU/MTL-ZRYH00084-049.aac
OK    /Volumes/Samsung 990-2/100 Hours/Semi-conductors/MTL-ZRYH00068-009.mp4 -> gs://100hr-data/Semi-conductors/Videos/MTL-ZRYH00068-009.mp4
OK    /Volumes/Samsung 990-2/100 Hours/Semi-conductors/MTL-ZRYH00078-009.mp4 -> gs://100hr-data/Semi-conductors/Videos/MTL-ZRYH00078-009.mp4
OK    /Volumes/Samsung 990-2/100 Hours/Semi-conductors/MTL-ZRYH00066-031.aac -> gs://100hr-data/Semi-conductors/IMU/MTL-ZRYH00066-031.aac
OK    /Volumes/Samsung 990-2/100 Hours/Semi-conductors/MTL-ZRYH00073-047.mp4 -> gs://100hr-data/Semi-conductors/Videos/MTL-ZRYH00073-047.mp4
OK    /Volumes/Samsung 990-2/100 Hours/Semi-conductors/MTL-ZRYH00073-053.mp4 -> gs://100hr-data/Semi-conductors/Videos/MTL-ZRYH00073-053.mp4
OK    /Volumes/Samsung 990-2/100 Hours/Semi-conductors/MTL-ZRYH00078-061.txt -> gs://100hr-data/Semi-conductors/IMU/MTL-ZRYH00078-061.txt
OK    /Volumes/Samsung 990-2/100 Hours/Semi-conductors/MTL-ZRYH00068-075.txt -> gs://100hr-data/Semi-conductors/IMU/MTL-ZRYH00068-075.txt
OK    /Volumes/Samsung 990-2/100 Hours/Semi-conductors/MTL-ZRYH00068-061.txt -> gs://100hr-data/Semi-conductors/IMU/MTL-ZRYH00068-061.txt
OK    /Volumes/Samsung 990-2/100 Hours/Semi-conductors/MTL-ZRYH00066-019.aac -> gs://100hr-data/Semi-conductors/IMU/MTL-ZRYH00066-019.aac
OK    /Volumes/Samsung 990-2/100 Hours/Semi-conductors/MTL-ZRYH00078-075.txt -> gs://100hr-data/Semi-conductors/IMU/MTL-ZRYH00078-075.txt
OK    /Volumes/Samsung 990-2/100 Hours/Semi-conductors/MTL-ZRYH00085-064.aac -> gs://100hr-data/Semi-conductors/IMU/MTL-ZRYH00085-064.aac
OK    /Volumes/Samsung 990-2/100 Hours/Semi-conductors/MTL-ZRYH00085-070.aac -> gs://100hr-data/Semi-conductors/IMU/MTL-ZRYH00085-070.aac
OK    /Volumes/Samsung 990-2/100 Hours/Semi-conductors/MTL-ZRYH00085-074.aac -> gs://100hr-data/Semi-conductors/IMU/MTL-ZRYH00085-074.aac
OK    /Volumes/Samsung 990-2/100 Hours/Semi-conductors/MTL-ZRYH00085-060.aac -> gs://100hr-data/Semi-conductors/IMU/MTL-ZRYH00085-060.aac
OK    /Volumes/Samsung 990-2/100 Hours/Semi-conductors/MTL-ZRYH00085-048.aac -> gs://100hr-data/Semi-conductors/IMU/MTL-ZRYH00085-048.aac
OK    /Volumes/Samsung 990-2/100 Hours/Semi-conductors/MTL-ZRYH00073-057.mp4 -> gs://100hr-data/Semi-conductors/Videos/MTL-ZRYH00073-057.mp4
OK    /Volumes/Samsung 990-2/100 Hours/Semi-conductors/MTL-ZRYH00066-021.aac -> gs://100hr-data/Semi-conductors/IMU/MTL-ZRYH00066-021.aac
OK    /Volumes/Samsung 990-2/100 Hours/Semi-conductors/MTL-ZRYH00068-059.txt -> gs://100hr-data/Semi-conductors/IMU/MTL-ZRYH00068-059.txt
OK    /Volumes/Samsung 990-2/100 Hours/Semi-conductors/MTL-ZRYH00078-059.txt -> gs://100hr-data/Semi-conductors/IMU/MTL-ZRYH00078-059.txt
OK    /Volumes/Samsung 990-2/100 Hours/Semi-conductors/MTL-ZRYH00073-043.mp4 -> gs://100hr-data/Semi-conductors/Videos/MTL-ZRYH00073-043.mp4
OK    /Volumes/Samsung 990-2/100 Hours/Semi-conductors/MTL-ZRYH00066-035.aac -> gs://100hr-data/Semi-conductors/IMU/MTL-ZRYH00066-035.aac
OK    /Volumes/Samsung 990-2/100 Hours/Semi-conductors/MTL-ZRYH00068-065.txt -> gs://100hr-data/Semi-conductors/IMU/MTL-ZRYH00068-065.txt
OK    /Volumes/Samsung 990-2/100 Hours/Semi-conductors/MTL-ZRYH00078-065.txt -> gs://100hr-data/Semi-conductors/IMU/MTL-ZRYH00078-065.txt
OK    /Volumes/Samsung 990-2/100 Hours/Semi-conductors/MTL-ZRYH00066-009.aac -> gs://100hr-data/Semi-conductors/IMU/MTL-ZRYH00066-009.aac
OK    /Volumes/Samsung 990-2/100 Hours/Semi-conductors/MTL-ZRYH00084-065.aac -> gs://100hr-data/Semi-conductors/IMU/MTL-ZRYH00084-065.aac
OK    /Volumes/Samsung 990-2/100 Hours/Semi-conductors/MTL-ZRYH00078-031.mp4 -> gs://100hr-data/Semi-conductors/Videos/MTL-ZRYH00078-031.mp4
OK    /Volumes/Samsung 990-2/100 Hours/Semi-conductors/MTL-ZRYH00068-025.mp4 -> gs://100hr-data/Semi-conductors/Videos/MTL-ZRYH00068-025.mp4
OK    /Volumes/Samsung 990-2/100 Hours/Semi-conductors/MTL-ZRYH00068-031.mp4 -> gs://100hr-data/Semi-conductors/Videos/MTL-ZRYH00068-031.mp4
OK    /Volumes/Samsung 990-2/100 Hours/Semi-conductors/MTL-ZRYH00078-025.mp4 -> gs://100hr-data/Semi-conductors/Videos/MTL-ZRYH00078-025.mp4
OK    /Volumes/Samsung 990-2/100 Hours/Semi-conductors/MTL-ZRYH00084-059.aac -> gs://100hr-data/Semi-conductors/IMU/MTL-ZRYH00084-059.aac
OK    /Volumes/Samsung 990-2/100 Hours/Semi-conductors/MTL-ZRYH00073-017.txt -> gs://100hr-data/Semi-conductors/IMU/MTL-ZRYH00073-017.txt
OK    /Volumes/Samsung 990-2/100 Hours/Semi-conductors/MTL-ZRYH00073-010.aac -> gs://100hr-data/Semi-conductors/IMU/MTL-ZRYH00073-010.aac
OK    /Volumes/Samsung 990-2/100 Hours/Semi-conductors/MTL-ZRYH00073-004.aac -> gs://100hr-data/Semi-conductors/IMU/MTL-ZRYH00073-004.aac
OK    /Volumes/Samsung 990-2/100 Hours/Semi-conductors/MTL-ZRYH00066-072.mp4 -> gs://100hr-data/Semi-conductors/Videos/MTL-ZRYH00066-072.mp4
OK    /Volumes/Samsung 990-2/100 Hours/Semi-conductors/MTL-ZRYH00084-062.txt -> gs://100hr-data/Semi-conductors/IMU/MTL-ZRYH00084-062.txt
OK    /Volumes/Samsung 990-2/100 Hours/Semi-conductors/MTL-ZRYH00068-089.aac -> gs://100hr-data/Semi-conductors/IMU/MTL-ZRYH00068-089.aac
OK    /Volumes/Samsung 990-2/100 Hours/Semi-conductors/MTL-ZRYH00073-038.aac -> gs://100hr-data/Semi-conductors/IMU/MTL-ZRYH00073-038.aac
OK    /Volumes/Samsung 990-2/100 Hours/Semi-conductors/MTL-ZRYH00078-076.aac -> gs://100hr-data/Semi-conductors/IMU/MTL-ZRYH00078-076.aac
OK    /Volumes/Samsung 990-2/100 Hours/Semi-conductors/MTL-ZRYH00068-062.aac -> gs://100hr-data/Semi-conductors/IMU/MTL-ZRYH00068-062.aac
OK    /Volumes/Samsung 990-2/100 Hours/Semi-conductors/MTL-ZRYH00068-076.aac -> gs://100hr-data/Semi-conductors/IMU/MTL-ZRYH00068-076.aac
OK    /Volumes/Samsung 990-2/100 Hours/Semi-conductors/MTL-ZRYH00084-036.mp4 -> gs://100hr-data/Semi-conductors/Videos/MTL-ZRYH00084-036.mp4
OK    /Volumes/Samsung 990-2/100 Hours/Semi-conductors/MTL-ZRYH00078-062.aac -> gs://100hr-data/Semi-conductors/IMU/MTL-ZRYH00078-062.aac
OK    /Volumes/Samsung 990-2/100 Hours/Semi-conductors/MTL-ZRYH00066-026.txt -> gs://100hr-data/Semi-conductors/IMU/MTL-ZRYH00066-026.txt
OK    /Volumes/Samsung 990-2/100 Hours/Semi-conductors/MTL-ZRYH00066-032.txt -> gs://100hr-data/Semi-conductors/IMU/MTL-ZRYH00066-032.txt
OK    /Volumes/Samsung 990-2/100 Hours/Semi-conductors/MTL-ZRYH00085-073.txt -> gs://100hr-data/Semi-conductors/IMU/MTL-ZRYH00085-073.txt
OK    /Volumes/Samsung 990-2/100 Hours/Semi-conductors/MTL-ZRYH00085-067.txt -> gs://100hr-data/Semi-conductors/IMU/MTL-ZRYH00085-067.txt
OK    /Volumes/Samsung 990-2/100 Hours/Semi-conductors/MTL-ZRYH00085-100.aac -> gs://100hr-data/Semi-conductors/IMU/MTL-ZRYH00085-100.aac
OK    /Volumes/Samsung 990-2/100 Hours/Semi-conductors/MTL-ZRYH00085-098.txt -> gs://100hr-data/Semi-conductors/IMU/MTL-ZRYH00085-098.txt
OK    /Volumes/Samsung 990-2/100 Hours/Semi-conductors/MTL-ZRYH00085-026.mp4 -> gs://100hr-data/Semi-conductors/Videos/MTL-ZRYH00085-026.mp4
OK    /Volumes/Samsung 990-2/100 Hours/Semi-conductors/MTL-ZRYH00085-099.txt -> gs://100hr-data/Semi-conductors/IMU/MTL-ZRYH00085-099.txt
OK    /Volumes/Samsung 990-2/100 Hours/Semi-conductors/MTL-ZRYH00085-032.mp4 -> gs://100hr-data/Semi-conductors/Videos/MTL-ZRYH00085-032.mp4
OK    /Volumes/Samsung 990-2/100 Hours/Semi-conductors/MTL-ZRYH00085-066.txt -> gs://100hr-data/Semi-conductors/IMU/MTL-ZRYH00085-066.txt
OK    /Volumes/Samsung 990-2/100 Hours/Semi-conductors/MTL-ZRYH00085-072.txt -> gs://100hr-data/Semi-conductors/IMU/MTL-ZRYH00085-072.txt
OK    /Volumes/Samsung 990-2/100 Hours/Semi-conductors/MTL-ZRYH00066-033.txt -> gs://100hr-data/Semi-conductors/IMU/MTL-ZRYH00066-033.txt
OK    /Volumes/Samsung 990-2/100 Hours/Semi-conductors/MTL-ZRYH00078-063.aac -> gs://100hr-data/Semi-conductors/IMU/MTL-ZRYH00078-063.aac
OK    /Volumes/Samsung 990-2/100 Hours/Semi-conductors/MTL-ZRYH00084-037.mp4 -> gs://100hr-data/Semi-conductors/Videos/MTL-ZRYH00084-037.mp4
OK    /Volumes/Samsung 990-2/100 Hours/Semi-conductors/MTL-ZRYH00068-063.aac -> gs://100hr-data/Semi-conductors/IMU/MTL-ZRYH00068-063.aac
OK    /Volumes/Samsung 990-2/100 Hours/Semi-conductors/MTL-ZRYH00066-073.mp4 -> gs://100hr-data/Semi-conductors/Videos/MTL-ZRYH00066-073.mp4
OK    /Volumes/Samsung 990-2/100 Hours/Semi-conductors/MTL-ZRYH00073-005.aac -> gs://100hr-data/Semi-conductors/IMU/MTL-ZRYH00073-005.aac
OK    /Volumes/Samsung 990-2/100 Hours/Semi-conductors/MTL-ZRYH00066-067.mp4 -> gs://100hr-data/Semi-conductors/Videos/MTL-ZRYH00066-067.mp4
OK    /Volumes/Samsung 990-2/100 Hours/Semi-conductors/MTL-ZRYH00078-018.mp4 -> gs://100hr-data/Semi-conductors/Videos/MTL-ZRYH00078-018.mp4
OK    /Volumes/Samsung 990-2/100 Hours/Semi-conductors/MTL-ZRYH00068-018.mp4 -> gs://100hr-data/Semi-conductors/Videos/MTL-ZRYH00068-018.mp4
OK    /Volumes/Samsung 990-2/100 Hours/Semi-conductors/MTL-ZRYH00078-024.mp4 -> gs://100hr-data/Semi-conductors/Videos/MTL-ZRYH00078-024.mp4
OK    /Volumes/Samsung 990-2/100 Hours/Semi-conductors/MTL-ZRYH00084-064.aac -> gs://100hr-data/Semi-conductors/IMU/MTL-ZRYH00084-064.aac
OK    /Volumes/Samsung 990-2/100 Hours/Semi-conductors/MTL-ZRYH00068-024.mp4 -> gs://100hr-data/Semi-conductors/Videos/MTL-ZRYH00068-024.mp4
OK    /Volumes/Samsung 990-2/100 Hours/Semi-conductors/MTL-ZRYH00068-070.txt -> gs://100hr-data/Semi-conductors/IMU/MTL-ZRYH00068-070.txt
OK    /Volumes/Samsung 990-2/100 Hours/Semi-conductors/MTL-ZRYH00066-008.aac -> gs://100hr-data/Semi-conductors/IMU/MTL-ZRYH00066-008.aac
OK    /Volumes/Samsung 990-2/100 Hours/Semi-conductors/MTL-ZRYH00078-064.txt -> gs://100hr-data/Semi-conductors/IMU/MTL-ZRYH00078-064.txt
OK    /Volumes/Samsung 990-2/100 Hours/Semi-conductors/MTL-ZRYH00078-070.txt -> gs://100hr-data/Semi-conductors/IMU/MTL-ZRYH00078-070.txt
OK    /Volumes/Samsung 990-2/100 Hours/Semi-conductors/MTL-ZRYH00068-064.txt -> gs://100hr-data/Semi-conductors/IMU/MTL-ZRYH00068-064.txt
OK    /Volumes/Samsung 990-2/100 Hours/Semi-conductors/MTL-ZRYH00066-034.aac -> gs://100hr-data/Semi-conductors/IMU/MTL-ZRYH00066-034.aac
OK    /Volumes/Samsung 990-2/100 Hours/Semi-conductors/MTL-ZRYH00073-042.mp4 -> gs://100hr-data/Semi-conductors/Videos/MTL-ZRYH00073-042.mp4
OK    /Volumes/Samsung 990-2/100 Hours/Semi-conductors/MTL-ZRYH00078-058.txt -> gs://100hr-data/Semi-conductors/IMU/MTL-ZRYH00078-058.txt
OK    /Volumes/Samsung 990-2/100 Hours/Semi-conductors/MTL-ZRYH00066-020.aac -> gs://100hr-data/Semi-conductors/IMU/MTL-ZRYH00066-020.aac
OK    /Volumes/Samsung 990-2/100 Hours/Semi-conductors/MTL-ZRYH00073-056.mp4 -> gs://100hr-data/Semi-conductors/Videos/MTL-ZRYH00073-056.mp4
OK    /Volumes/Samsung 990-2/100 Hours/Semi-conductors/MTL-ZRYH00068-058.txt -> gs://100hr-data/Semi-conductors/IMU/MTL-ZRYH00068-058.txt
OK    /Volumes/Samsung 990-2/100 Hours/Semi-conductors/MTL-ZRYH00085-049.aac -> gs://100hr-data/Semi-conductors/IMU/MTL-ZRYH00085-049.aac
OK    /Volumes/Samsung 990-2/100 Hours/Semi-conductors/MTL-ZRYH00085-075.aac -> gs://100hr-data/Semi-conductors/IMU/MTL-ZRYH00085-075.aac
OK    /Volumes/Samsung 990-2/100 Hours/Semi-conductors/MTL-ZRYH00085-063.aac -> gs://100hr-data/Semi-conductors/IMU/MTL-ZRYH00085-063.aac
OK    /Volumes/Samsung 990-2/100 Hours/Semi-conductors/MTL-ZRYH00073-040.mp4 -> gs://100hr-data/Semi-conductors/Videos/MTL-ZRYH00073-040.mp4
OK    /Volumes/Samsung 990-2/100 Hours/Semi-conductors/MTL-ZRYH00073-054.mp4 -> gs://100hr-data/Semi-conductors/Videos/MTL-ZRYH00073-054.mp4
OK    /Volumes/Samsung 990-2/100 Hours/Semi-conductors/MTL-ZRYH00078-066.txt -> gs://100hr-data/Semi-conductors/IMU/MTL-ZRYH00078-066.txt
OK    /Volumes/Samsung 990-2/100 Hours/Semi-conductors/MTL-ZRYH00068-072.txt -> gs://100hr-data/Semi-conductors/IMU/MTL-ZRYH00068-072.txt
OK    /Volumes/Samsung 990-2/100 Hours/Semi-conductors/MTL-ZRYH00068-066.txt -> gs://100hr-data/Semi-conductors/IMU/MTL-ZRYH00068-066.txt
OK    /Volumes/Samsung 990-2/100 Hours/Semi-conductors/MTL-ZRYH00078-072.txt -> gs://100hr-data/Semi-conductors/IMU/MTL-ZRYH00078-072.txt
OK    /Volumes/Samsung 990-2/100 Hours/Semi-conductors/MTL-ZRYH00073-068.mp4 -> gs://100hr-data/Semi-conductors/Videos/MTL-ZRYH00073-068.mp4
OK    /Volumes/Samsung 990-2/100 Hours/Semi-conductors/MTL-ZRYH00078-026.mp4 -> gs://100hr-data/Semi-conductors/Videos/MTL-ZRYH00078-026.mp4
OK    /Volumes/Samsung 990-2/100 Hours/Semi-conductors/MTL-ZRYH00068-032.mp4 -> gs://100hr-data/Semi-conductors/Videos/MTL-ZRYH00068-032.mp4
OK    /Volumes/Samsung 990-2/100 Hours/Semi-conductors/MTL-ZRYH00068-026.mp4 -> gs://100hr-data/Semi-conductors/Videos/MTL-ZRYH00068-026.mp4
OK    /Volumes/Samsung 990-2/100 Hours/Semi-conductors/MTL-ZRYH00073-028.txt -> gs://100hr-data/Semi-conductors/IMU/MTL-ZRYH00073-028.txt
OK    /Volumes/Samsung 990-2/100 Hours/Semi-conductors/MTL-ZRYH00078-032.mp4 -> gs://100hr-data/Semi-conductors/Videos/MTL-ZRYH00078-032.mp4
OK    /Volumes/Samsung 990-2/100 Hours/Semi-conductors/MTL-ZRYH00073-014.txt -> gs://100hr-data/Semi-conductors/IMU/MTL-ZRYH00073-014.txt
OK    /Volumes/Samsung 990-2/100 Hours/Semi-conductors/MTL-ZRYH00073-007.aac -> gs://100hr-data/Semi-conductors/IMU/MTL-ZRYH00073-007.aac
OK    /Volumes/Samsung 990-2/100 Hours/Semi-conductors/MTL-ZRYH00073-013.aac -> gs://100hr-data/Semi-conductors/IMU/MTL-ZRYH00073-013.aac
OK    /Volumes/Samsung 990-2/100 Hours/Semi-conductors/MTL-ZRYH00066-065.mp4 -> gs://100hr-data/Semi-conductors/Videos/MTL-ZRYH00066-065.mp4
OK    /Volumes/Samsung 990-2/100 Hours/Semi-conductors/MTL-ZRYH00084-061.txt -> gs://100hr-data/Semi-conductors/IMU/MTL-ZRYH00084-061.txt
OK    /Volumes/Samsung 990-2/100 Hours/Semi-conductors/MTL-ZRYH00066-059.mp4 -> gs://100hr-data/Semi-conductors/Videos/MTL-ZRYH00066-059.mp4
OK    /Volumes/Samsung 990-2/100 Hours/Semi-conductors/MTL-ZRYH00084-035.mp4 -> gs://100hr-data/Semi-conductors/Videos/MTL-ZRYH00084-035.mp4
OK    /Volumes/Samsung 990-2/100 Hours/Semi-conductors/MTL-ZRYH00068-075.aac -> gs://100hr-data/Semi-conductors/IMU/MTL-ZRYH00068-075.aac
OK    /Volumes/Samsung 990-2/100 Hours/Semi-conductors/MTL-ZRYH00078-075.aac -> gs://100hr-data/Semi-conductors/IMU/MTL-ZRYH00078-075.aac
OK    /Volumes/Samsung 990-2/100 Hours/Semi-conductors/MTL-ZRYH00066-031.txt -> gs://100hr-data/Semi-conductors/IMU/MTL-ZRYH00066-031.txt
OK    /Volumes/Samsung 990-2/100 Hours/Semi-conductors/MTL-ZRYH00068-049.aac -> gs://100hr-data/Semi-conductors/IMU/MTL-ZRYH00068-049.aac
OK    /Volumes/Samsung 990-2/100 Hours/Semi-conductors/MTL-ZRYH00066-025.txt -> gs://100hr-data/Semi-conductors/IMU/MTL-ZRYH00066-025.txt
OK    /Volumes/Samsung 990-2/100 Hours/Semi-conductors/MTL-ZRYH00078-049.aac -> gs://100hr-data/Semi-conductors/IMU/MTL-ZRYH00078-049.aac
OK    /Volumes/Samsung 990-2/100 Hours/Semi-conductors/MTL-ZRYH00085-058.txt -> gs://100hr-data/Semi-conductors/IMU/MTL-ZRYH00085-058.txt
OK    /Volumes/Samsung 990-2/100 Hours/Semi-conductors/MTL-ZRYH00085-064.txt -> gs://100hr-data/Semi-conductors/IMU/MTL-ZRYH00085-064.txt
OK    /Volumes/Samsung 990-2/100 Hours/Semi-conductors/MTL-ZRYH00085-070.txt -> gs://100hr-data/Semi-conductors/IMU/MTL-ZRYH00085-070.txt
OK    /Volumes/Samsung 990-2/100 Hours/Semi-conductors/MTL-ZRYH00085-024.mp4 -> gs://100hr-data/Semi-conductors/Videos/MTL-ZRYH00085-024.mp4
OK    /Volumes/Samsung 990-2/100 Hours/Semi-conductors/MTL-ZRYH00085-018.mp4 -> gs://100hr-data/Semi-conductors/Videos/MTL-ZRYH00085-018.mp4
OK    /Volumes/Samsung 990-2/100 Hours/Semi-conductors/MTL-ZRYH00085-031.mp4 -> gs://100hr-data/Semi-conductors/Videos/MTL-ZRYH00085-031.mp4
OK    /Volumes/Samsung 990-2/100 Hours/Semi-conductors/MTL-ZRYH00085-025.mp4 -> gs://100hr-data/Semi-conductors/Videos/MTL-ZRYH00085-025.mp4
OK    /Volumes/Samsung 990-2/100 Hours/Semi-conductors/MTL-ZRYH00085-065.txt -> gs://100hr-data/Semi-conductors/IMU/MTL-ZRYH00085-065.txt
OK    /Volumes/Samsung 990-2/100 Hours/Semi-conductors/MTL-ZRYH00085-059.txt -> gs://100hr-data/Semi-conductors/IMU/MTL-ZRYH00085-059.txt
OK    /Volumes/Samsung 990-2/100 Hours/Semi-conductors/MTL-ZRYH00078-048.aac -> gs://100hr-data/Semi-conductors/IMU/MTL-ZRYH00078-048.aac
OK    /Volumes/Samsung 990-2/100 Hours/Semi-conductors/MTL-ZRYH00068-048.aac -> gs://100hr-data/Semi-conductors/IMU/MTL-ZRYH00068-048.aac
OK    /Volumes/Samsung 990-2/100 Hours/Semi-conductors/MTL-ZRYH00068-060.aac -> gs://100hr-data/Semi-conductors/IMU/MTL-ZRYH00068-060.aac
OK    /Volumes/Samsung 990-2/100 Hours/Semi-conductors/MTL-ZRYH00078-074.aac -> gs://100hr-data/Semi-conductors/IMU/MTL-ZRYH00078-074.aac
OK    /Volumes/Samsung 990-2/100 Hours/Semi-conductors/MTL-ZRYH00066-018.txt -> gs://100hr-data/Semi-conductors/IMU/MTL-ZRYH00066-018.txt
OK    /Volumes/Samsung 990-2/100 Hours/Semi-conductors/MTL-ZRYH00078-060.aac -> gs://100hr-data/Semi-conductors/IMU/MTL-ZRYH00078-060.aac
OK    /Volumes/Samsung 990-2/100 Hours/Semi-conductors/MTL-ZRYH00084-034.mp4 -> gs://100hr-data/Semi-conductors/Videos/MTL-ZRYH00084-034.mp4
OK    /Volumes/Samsung 990-2/100 Hours/Semi-conductors/MTL-ZRYH00068-074.aac -> gs://100hr-data/Semi-conductors/IMU/MTL-ZRYH00068-074.aac
OK    /Volumes/Samsung 990-2/100 Hours/Semi-conductors/MTL-ZRYH00066-058.mp4 -> gs://100hr-data/Semi-conductors/Videos/MTL-ZRYH00066-058.mp4
OK    /Volumes/Samsung 990-2/100 Hours/Semi-conductors/MTL-ZRYH00066-064.mp4 -> gs://100hr-data/Semi-conductors/Videos/MTL-ZRYH00066-064.mp4
OK    /Volumes/Samsung 990-2/100 Hours/Semi-conductors/MTL-ZRYH00073-012.aac -> gs://100hr-data/Semi-conductors/IMU/MTL-ZRYH00073-012.aac
OK    /Volumes/Samsung 990-2/100 Hours/Semi-conductors/MTL-ZRYH00066-070.mp4 -> gs://100hr-data/Semi-conductors/Videos/MTL-ZRYH00066-070.mp4
OK    /Volumes/Samsung 990-2/100 Hours/Semi-conductors/MTL-ZRYH00084-048.txt -> gs://100hr-data/Semi-conductors/IMU/MTL-ZRYH00084-048.txt
OK    /Volumes/Samsung 990-2/100 Hours/Semi-conductors/MTL-ZRYH00073-015.txt -> gs://100hr-data/Semi-conductors/IMU/MTL-ZRYH00073-015.txt
OK    /Volumes/Samsung 990-2/100 Hours/Semi-conductors/MTL-ZRYH00073-029.txt -> gs://100hr-data/Semi-conductors/IMU/MTL-ZRYH00073-029.txt
OK    /Volumes/Samsung 990-2/100 Hours/Semi-conductors/MTL-ZRYH00084-067.aac -> gs://100hr-data/Semi-conductors/IMU/MTL-ZRYH00084-067.aac
OK    /Volumes/Samsung 990-2/100 Hours/Semi-conductors/MTL-ZRYH00068-067.txt -> gs://100hr-data/Semi-conductors/IMU/MTL-ZRYH00068-067.txt
OK    /Volumes/Samsung 990-2/100 Hours/Semi-conductors/MTL-ZRYH00073-069.mp4 -> gs://100hr-data/Semi-conductors/Videos/MTL-ZRYH00073-069.mp4
OK    /Volumes/Samsung 990-2/100 Hours/Semi-conductors/MTL-ZRYH00078-073.txt -> gs://100hr-data/Semi-conductors/IMU/MTL-ZRYH00078-073.txt
OK    /Volumes/Samsung 990-2/100 Hours/Semi-conductors/MTL-ZRYH00078-067.txt -> gs://100hr-data/Semi-conductors/IMU/MTL-ZRYH00078-067.txt
OK    /Volumes/Samsung 990-2/100 Hours/Semi-conductors/MTL-ZRYH00068-073.txt -> gs://100hr-data/Semi-conductors/IMU/MTL-ZRYH00068-073.txt
OK    /Volumes/Samsung 990-2/100 Hours/Semi-conductors/MTL-ZRYH00066-023.aac -> gs://100hr-data/Semi-conductors/IMU/MTL-ZRYH00066-023.aac
OK    /Volumes/Samsung 990-2/100 Hours/Semi-conductors/MTL-ZRYH00066-037.aac -> gs://100hr-data/Semi-conductors/IMU/MTL-ZRYH00066-037.aac
OK    /Volumes/Samsung 990-2/100 Hours/Semi-conductors/MTL-ZRYH00085-076.aac -> gs://100hr-data/Semi-conductors/IMU/MTL-ZRYH00085-076.aac
OK    /Volumes/Samsung 990-2/100 Hours/Semi-conductors/MTL-ZRYH00085-062.aac -> gs://100hr-data/Semi-conductors/IMU/MTL-ZRYH00085-062.aac
OK    /Volumes/Samsung 990-2/100 Hours/Semi-conductors/MTL-ZRYH00085-089.aac -> gs://100hr-data/Semi-conductors/IMU/MTL-ZRYH00085-089.aac
OK    /Volumes/Samsung 990-2/100 Hours/Semi-conductors/MTL-ZRYH00068-014.txt -> gs://100hr-data/Semi-conductors/IMU/MTL-ZRYH00068-014.txt
OK    /Volumes/Samsung 990-2/100 Hours/Semi-conductors/MTL-ZRYH00078-014.txt -> gs://100hr-data/Semi-conductors/IMU/MTL-ZRYH00078-014.txt
OK    /Volumes/Samsung 990-2/100 Hours/Semi-conductors/MTL-ZRYH00066-078.aac -> gs://100hr-data/Semi-conductors/IMU/MTL-ZRYH00066-078.aac
OK    /Volumes/Samsung 990-2/100 Hours/Semi-conductors/MTL-ZRYH00073-026.mp4 -> gs://100hr-data/Semi-conductors/Videos/MTL-ZRYH00073-026.mp4
OK    /Volumes/Samsung 990-2/100 Hours/Semi-conductors/MTL-ZRYH00078-083.mp4 -> gs://100hr-data/Semi-conductors/Videos/MTL-ZRYH00078-083.mp4
OK    /Volumes/Samsung 990-2/100 Hours/Semi-conductors/MTL-ZRYH00068-028.txt -> gs://100hr-data/Semi-conductors/IMU/MTL-ZRYH00068-028.txt
OK    /Volumes/Samsung 990-2/100 Hours/Semi-conductors/MTL-ZRYH00068-083.mp4 -> gs://100hr-data/Semi-conductors/Videos/MTL-ZRYH00068-083.mp4
OK    /Volumes/Samsung 990-2/100 Hours/Semi-conductors/MTL-ZRYH00073-032.mp4 -> gs://100hr-data/Semi-conductors/Videos/MTL-ZRYH00073-032.mp4
OK    /Volumes/Samsung 990-2/100 Hours/Semi-conductors/MTL-ZRYH00078-028.txt -> gs://100hr-data/Semi-conductors/IMU/MTL-ZRYH00078-028.txt
OK    /Volumes/Samsung 990-2/100 Hours/Semi-conductors/MTL-ZRYH00073-066.txt -> gs://100hr-data/Semi-conductors/IMU/MTL-ZRYH00073-066.txt
OK    /Volumes/Samsung 990-2/100 Hours/Semi-conductors/MTL-ZRYH00068-068.mp4 -> gs://100hr-data/Semi-conductors/Videos/MTL-ZRYH00068-068.mp4
OK    /Volumes/Samsung 990-2/100 Hours/Semi-conductors/MTL-ZRYH00078-068.mp4 -> gs://100hr-data/Semi-conductors/Videos/MTL-ZRYH00078-068.mp4
OK    /Volumes/Samsung 990-2/100 Hours/Semi-conductors/MTL-ZRYH00073-072.txt -> gs://100hr-data/Semi-conductors/IMU/MTL-ZRYH00073-072.txt
OK    /Volumes/Samsung 990-2/100 Hours/Semi-conductors/MTL-ZRYH00078-040.mp4 -> gs://100hr-data/Semi-conductors/Videos/MTL-ZRYH00078-040.mp4
OK    /Volumes/Samsung 990-2/100 Hours/Semi-conductors/MTL-ZRYH00068-054.mp4 -> gs://100hr-data/Semi-conductors/Videos/MTL-ZRYH00068-054.mp4
OK    /Volumes/Samsung 990-2/100 Hours/Semi-conductors/MTL-ZRYH00068-040.mp4 -> gs://100hr-data/Semi-conductors/Videos/MTL-ZRYH00068-040.mp4
OK    /Volumes/Samsung 990-2/100 Hours/Semi-conductors/MTL-ZRYH00066-087.aac -> gs://100hr-data/Semi-conductors/IMU/MTL-ZRYH00066-087.aac
OK    /Volumes/Samsung 990-2/100 Hours/Semi-conductors/MTL-ZRYH00078-054.mp4 -> gs://100hr-data/Semi-conductors/Videos/MTL-ZRYH00078-054.mp4
OK    /Volumes/Samsung 990-2/100 Hours/Semi-conductors/MTL-ZRYH00066-080.txt -> gs://100hr-data/Semi-conductors/IMU/MTL-ZRYH00066-080.txt
OK    /Volumes/Samsung 990-2/100 Hours/Semi-conductors/MTL-ZRYH00073-049.aac -> gs://100hr-data/Semi-conductors/IMU/MTL-ZRYH00073-049.aac
OK    /Volumes/Samsung 990-2/100 Hours/Semi-conductors/MTL-ZRYH00066-017.mp4 -> gs://100hr-data/Semi-conductors/Videos/MTL-ZRYH00066-017.mp4
OK    /Volumes/Samsung 990-2/100 Hours/Semi-conductors/MTL-ZRYH00066-043.txt -> gs://100hr-data/Semi-conductors/IMU/MTL-ZRYH00066-043.txt
OK    /Volumes/Samsung 990-2/100 Hours/Semi-conductors/MTL-ZRYH00084-053.mp4 -> gs://100hr-data/Semi-conductors/Videos/MTL-ZRYH00084-053.mp4
OK    /Volumes/Samsung 990-2/100 Hours/Semi-conductors/MTL-ZRYH00078-007.aac -> gs://100hr-data/Semi-conductors/IMU/MTL-ZRYH00078-007.aac
OK    /Volumes/Samsung 990-2/100 Hours/Semi-conductors/MTL-ZRYH00068-013.aac -> gs://100hr-data/Semi-conductors/IMU/MTL-ZRYH00068-013.aac
OK    /Volumes/Samsung 990-2/100 Hours/Semi-conductors/MTL-ZRYH00068-007.aac -> gs://100hr-data/Semi-conductors/IMU/MTL-ZRYH00068-007.aac
OK    /Volumes/Samsung 990-2/100 Hours/Semi-conductors/MTL-ZRYH00084-047.mp4 -> gs://100hr-data/Semi-conductors/Videos/MTL-ZRYH00084-047.mp4
OK    /Volumes/Samsung 990-2/100 Hours/Semi-conductors/MTL-ZRYH00078-013.aac -> gs://100hr-data/Semi-conductors/IMU/MTL-ZRYH00078-013.aac
OK    /Volumes/Samsung 990-2/100 Hours/Semi-conductors/MTL-ZRYH00085-081.mp4 -> gs://100hr-data/Semi-conductors/Videos/MTL-ZRYH00085-081.mp4
OK    /Volumes/Samsung 990-2/100 Hours/Semi-conductors/MTL-ZRYH00085-095.mp4 -> gs://100hr-data/Semi-conductors/Videos/MTL-ZRYH00085-095.mp4
OK    /Volumes/Samsung 990-2/100 Hours/Semi-conductors/MTL-ZRYH00085-042.mp4 -> gs://100hr-data/Semi-conductors/Videos/MTL-ZRYH00085-042.mp4
OK    /Volumes/Samsung 990-2/100 Hours/Semi-conductors/MTL-ZRYH00085-056.mp4 -> gs://100hr-data/Semi-conductors/Videos/MTL-ZRYH00085-056.mp4
OK    /Volumes/Samsung 990-2/100 Hours/Semi-conductors/MTL-ZRYH00085-057.mp4 -> gs://100hr-data/Semi-conductors/Videos/MTL-ZRYH00085-057.mp4
OK    /Volumes/Samsung 990-2/100 Hours/Semi-conductors/MTL-ZRYH00085-043.mp4 -> gs://100hr-data/Semi-conductors/Videos/MTL-ZRYH00085-043.mp4
OK    /Volumes/Samsung 990-2/100 Hours/Semi-conductors/MTL-ZRYH00085-094.mp4 -> gs://100hr-data/Semi-conductors/Videos/MTL-ZRYH00085-094.mp4
OK    /Volumes/Samsung 990-2/100 Hours/Semi-conductors/MTL-ZRYH00085-080.mp4 -> gs://100hr-data/Semi-conductors/Videos/MTL-ZRYH00085-080.mp4
OK    /Volumes/Samsung 990-2/100 Hours/Semi-conductors/MTL-ZRYH00085-017.txt -> gs://100hr-data/Semi-conductors/IMU/MTL-ZRYH00085-017.txt
OK    /Volumes/Samsung 990-2/100 Hours/Semi-conductors/MTL-ZRYH00078-012.aac -> gs://100hr-data/Semi-conductors/IMU/MTL-ZRYH00078-012.aac
OK    /Volumes/Samsung 990-2/100 Hours/Semi-conductors/MTL-ZRYH00084-046.mp4 -> gs://100hr-data/Semi-conductors/Videos/MTL-ZRYH00084-046.mp4
OK    /Volumes/Samsung 990-2/100 Hours/Semi-conductors/MTL-ZRYH00068-012.aac -> gs://100hr-data/Semi-conductors/IMU/MTL-ZRYH00068-012.aac
OK    /Volumes/Samsung 990-2/100 Hours/Semi-conductors/MTL-ZRYH00066-042.txt -> gs://100hr-data/Semi-conductors/IMU/MTL-ZRYH00066-042.txt
OK    /Volumes/Samsung 990-2/100 Hours/Semi-conductors/MTL-ZRYH00066-056.txt -> gs://100hr-data/Semi-conductors/IMU/MTL-ZRYH00066-056.txt
OK    /Volumes/Samsung 990-2/100 Hours/Semi-conductors/MTL-ZRYH00073-060.aac -> gs://100hr-data/Semi-conductors/IMU/MTL-ZRYH00073-060.aac
OK    /Volumes/Samsung 990-2/100 Hours/Semi-conductors/MTL-ZRYH00073-048.aac -> gs://100hr-data/Semi-conductors/IMU/MTL-ZRYH00073-048.aac
OK    /Volumes/Samsung 990-2/100 Hours/Semi-conductors/MTL-ZRYH00066-081.txt -> gs://100hr-data/Semi-conductors/IMU/MTL-ZRYH00066-081.txt
OK    /Volumes/Samsung 990-2/100 Hours/Semi-conductors/MTL-ZRYH00066-086.aac -> gs://100hr-data/Semi-conductors/IMU/MTL-ZRYH00066-086.aac
OK    /Volumes/Samsung 990-2/100 Hours/Semi-conductors/MTL-ZRYH00066-092.aac -> gs://100hr-data/Semi-conductors/IMU/MTL-ZRYH00066-092.aac
OK    /Volumes/Samsung 990-2/100 Hours/Semi-conductors/MTL-ZRYH00073-073.txt -> gs://100hr-data/Semi-conductors/IMU/MTL-ZRYH00073-073.txt
OK    /Volumes/Samsung 990-2/100 Hours/Semi-conductors/MTL-ZRYH00078-069.mp4 -> gs://100hr-data/Semi-conductors/Videos/MTL-ZRYH00078-069.mp4
OK    /Volumes/Samsung 990-2/100 Hours/Semi-conductors/MTL-ZRYH00073-067.txt -> gs://100hr-data/Semi-conductors/IMU/MTL-ZRYH00073-067.txt
OK    /Volumes/Samsung 990-2/100 Hours/Semi-conductors/MTL-ZRYH00084-029.aac -> gs://100hr-data/Semi-conductors/IMU/MTL-ZRYH00084-029.aac
OK    /Volumes/Samsung 990-2/100 Hours/Semi-conductors/MTL-ZRYH00068-069.mp4 -> gs://100hr-data/Semi-conductors/Videos/MTL-ZRYH00068-069.mp4
OK    /Volumes/Samsung 990-2/100 Hours/Semi-conductors/MTL-ZRYH00066-045.aac -> gs://100hr-data/Semi-conductors/IMU/MTL-ZRYH00066-045.aac
OK    /Volumes/Samsung 990-2/100 Hours/Semi-conductors/MTL-ZRYH00078-029.txt -> gs://100hr-data/Semi-conductors/IMU/MTL-ZRYH00078-029.txt
OK    /Volumes/Samsung 990-2/100 Hours/Semi-conductors/MTL-ZRYH00066-051.aac -> gs://100hr-data/Semi-conductors/IMU/MTL-ZRYH00066-051.aac
OK    /Volumes/Samsung 990-2/100 Hours/Semi-conductors/MTL-ZRYH00068-029.txt -> gs://100hr-data/Semi-conductors/IMU/MTL-ZRYH00068-029.txt
OK    /Volumes/Samsung 990-2/100 Hours/Semi-conductors/MTL-ZRYH00066-079.aac -> gs://100hr-data/Semi-conductors/IMU/MTL-ZRYH00066-079.aac
OK    /Volumes/Samsung 990-2/100 Hours/Semi-conductors/MTL-ZRYH00078-015.txt -> gs://100hr-data/Semi-conductors/IMU/MTL-ZRYH00078-015.txt
OK    /Volumes/Samsung 990-2/100 Hours/Semi-conductors/MTL-ZRYH00068-015.txt -> gs://100hr-data/Semi-conductors/IMU/MTL-ZRYH00068-015.txt
OK    /Volumes/Samsung 990-2/100 Hours/Semi-conductors/MTL-ZRYH00085-010.aac -> gs://100hr-data/Semi-conductors/IMU/MTL-ZRYH00085-010.aac
OK    /Volumes/Samsung 990-2/100 Hours/Semi-conductors/MTL-ZRYH00085-038.aac -> gs://100hr-data/Semi-conductors/IMU/MTL-ZRYH00085-038.aac
OK    /Volumes/Samsung 990-2/100 Hours/Semi-conductors/MTL-ZRYH00085-012.aac -> gs://100hr-data/Semi-conductors/IMU/MTL-ZRYH00085-012.aac
OK    /Volumes/Samsung 990-2/100 Hours/Semi-conductors/MTL-ZRYH00078-017.txt -> gs://100hr-data/Semi-conductors/IMU/MTL-ZRYH00078-017.txt
OK    /Volumes/Samsung 990-2/100 Hours/Semi-conductors/MTL-ZRYH00068-017.txt -> gs://100hr-data/Semi-conductors/IMU/MTL-ZRYH00068-017.txt
OK    /Volumes/Samsung 990-2/100 Hours/Semi-conductors/MTL-ZRYH00073-031.mp4 -> gs://100hr-data/Semi-conductors/Videos/MTL-ZRYH00073-031.mp4
OK    /Volumes/Samsung 990-2/100 Hours/Semi-conductors/MTL-ZRYH00068-080.mp4 -> gs://100hr-data/Semi-conductors/Videos/MTL-ZRYH00068-080.mp4
OK    /Volumes/Samsung 990-2/100 Hours/Semi-conductors/MTL-ZRYH00073-025.mp4 -> gs://100hr-data/Semi-conductors/Videos/MTL-ZRYH00073-025.mp4
OK    /Volumes/Samsung 990-2/100 Hours/Semi-conductors/MTL-ZRYH00066-053.aac -> gs://100hr-data/Semi-conductors/IMU/MTL-ZRYH00066-053.aac
OK    /Volumes/Samsung 990-2/100 Hours/Semi-conductors/MTL-ZRYH00078-080.mp4 -> gs://100hr-data/Semi-conductors/Videos/MTL-ZRYH00078-080.mp4
OK    /Volumes/Samsung 990-2/100 Hours/Semi-conductors/MTL-ZRYH00073-065.txt -> gs://100hr-data/Semi-conductors/IMU/MTL-ZRYH00073-065.txt
OK    /Volumes/Samsung 990-2/100 Hours/Semi-conductors/MTL-ZRYH00066-084.aac -> gs://100hr-data/Semi-conductors/IMU/MTL-ZRYH00066-084.aac
OK    /Volumes/Samsung 990-2/100 Hours/Semi-conductors/MTL-ZRYH00078-057.mp4 -> gs://100hr-data/Semi-conductors/Videos/MTL-ZRYH00078-057.mp4
OK    /Volumes/Samsung 990-2/100 Hours/Semi-conductors/MTL-ZRYH00068-043.mp4 -> gs://100hr-data/Semi-conductors/Videos/MTL-ZRYH00068-043.mp4
OK    /Volumes/Samsung 990-2/100 Hours/Semi-conductors/MTL-ZRYH00068-057.mp4 -> gs://100hr-data/Semi-conductors/Videos/MTL-ZRYH00068-057.mp4
OK    /Volumes/Samsung 990-2/100 Hours/Semi-conductors/MTL-ZRYH00078-043.mp4 -> gs://100hr-data/Semi-conductors/Videos/MTL-ZRYH00078-043.mp4
OK    /Volumes/Samsung 990-2/100 Hours/Semi-conductors/MTL-ZRYH00073-059.txt -> gs://100hr-data/Semi-conductors/IMU/MTL-ZRYH00073-059.txt
OK    /Volumes/Samsung 990-2/100 Hours/Semi-conductors/MTL-ZRYH00066-090.aac -> gs://100hr-data/Semi-conductors/IMU/MTL-ZRYH00066-090.aac
OK    /Volumes/Samsung 990-2/100 Hours/Semi-conductors/MTL-ZRYH00066-083.txt -> gs://100hr-data/Semi-conductors/IMU/MTL-ZRYH00066-083.txt
OK    /Volumes/Samsung 990-2/100 Hours/Semi-conductors/MTL-ZRYH00066-028.mp4 -> gs://100hr-data/Semi-conductors/Videos/MTL-ZRYH00066-028.mp4
OK    /Volumes/Samsung 990-2/100 Hours/Semi-conductors/MTL-ZRYH00073-062.aac -> gs://100hr-data/Semi-conductors/IMU/MTL-ZRYH00073-062.aac
OK    /Volumes/Samsung 990-2/100 Hours/Semi-conductors/MTL-ZRYH00066-014.mp4 -> gs://100hr-data/Semi-conductors/Videos/MTL-ZRYH00066-014.mp4
OK    /Volumes/Samsung 990-2/100 Hours/Semi-conductors/MTL-ZRYH00066-040.txt -> gs://100hr-data/Semi-conductors/IMU/MTL-ZRYH00066-040.txt
OK    /Volumes/Samsung 990-2/100 Hours/Semi-conductors/MTL-ZRYH00068-038.aac -> gs://100hr-data/Semi-conductors/IMU/MTL-ZRYH00068-038.aac
OK    /Volumes/Samsung 990-2/100 Hours/Semi-conductors/MTL-ZRYH00066-054.txt -> gs://100hr-data/Semi-conductors/IMU/MTL-ZRYH00066-054.txt
OK    /Volumes/Samsung 990-2/100 Hours/Semi-conductors/MTL-ZRYH00078-038.aac -> gs://100hr-data/Semi-conductors/IMU/MTL-ZRYH00078-038.aac
OK    /Volumes/Samsung 990-2/100 Hours/Semi-conductors/MTL-ZRYH00078-010.aac -> gs://100hr-data/Semi-conductors/IMU/MTL-ZRYH00078-010.aac
OK    /Volumes/Samsung 990-2/100 Hours/Semi-conductors/MTL-ZRYH00068-004.aac -> gs://100hr-data/Semi-conductors/IMU/MTL-ZRYH00068-004.aac
OK    /Volumes/Samsung 990-2/100 Hours/Semi-conductors/MTL-ZRYH00068-010.aac -> gs://100hr-data/Semi-conductors/IMU/MTL-ZRYH00068-010.aac
OK    /Volumes/Samsung 990-2/100 Hours/Semi-conductors/MTL-ZRYH00084-050.mp4 -> gs://100hr-data/Semi-conductors/Videos/MTL-ZRYH00084-050.mp4
OK    /Volumes/Samsung 990-2/100 Hours/Semi-conductors/MTL-ZRYH00078-004.aac -> gs://100hr-data/Semi-conductors/IMU/MTL-ZRYH00078-004.aac
OK    /Volumes/Samsung 990-2/100 Hours/Semi-conductors/MTL-ZRYH00085-015.txt -> gs://100hr-data/Semi-conductors/IMU/MTL-ZRYH00085-015.txt
OK    /Volumes/Samsung 990-2/100 Hours/Semi-conductors/MTL-ZRYH00085-029.txt -> gs://100hr-data/Semi-conductors/IMU/MTL-ZRYH00085-029.txt
OK    /Volumes/Samsung 990-2/100 Hours/Semi-conductors/MTL-ZRYH00085-069.mp4 -> gs://100hr-data/Semi-conductors/Videos/MTL-ZRYH00085-069.mp4
OK    /Volumes/Samsung 990-2/100 Hours/Semi-conductors/MTL-ZRYH00085-040.mp4 -> gs://100hr-data/Semi-conductors/Videos/MTL-ZRYH00085-040.mp4
OK    /Volumes/Samsung 990-2/100 Hours/Semi-conductors/MTL-ZRYH00085-054.mp4 -> gs://100hr-data/Semi-conductors/Videos/MTL-ZRYH00085-054.mp4
OK    /Volumes/Samsung 990-2/100 Hours/Semi-conductors/MTL-ZRYH00085-068.mp4 -> gs://100hr-data/Semi-conductors/Videos/MTL-ZRYH00085-068.mp4
OK    /Volumes/Samsung 990-2/100 Hours/Semi-conductors/MTL-ZRYH00085-083.mp4 -> gs://100hr-data/Semi-conductors/Videos/MTL-ZRYH00085-083.mp4
OK    /Volumes/Samsung 990-2/100 Hours/Semi-conductors/MTL-ZRYH00085-028.txt -> gs://100hr-data/Semi-conductors/IMU/MTL-ZRYH00085-028.txt
OK    /Volumes/Samsung 990-2/100 Hours/Semi-conductors/MTL-ZRYH00085-097.mp4 -> gs://100hr-data/Semi-conductors/Videos/MTL-ZRYH00085-097.mp4
OK    /Volumes/Samsung 990-2/100 Hours/Semi-conductors/MTL-ZRYH00085-014.txt -> gs://100hr-data/Semi-conductors/IMU/MTL-ZRYH00085-014.txt
OK    /Volumes/Samsung 990-2/100 Hours/Semi-conductors/MTL-ZRYH00078-005.aac -> gs://100hr-data/Semi-conductors/IMU/MTL-ZRYH00078-005.aac
OK    /Volumes/Samsung 990-2/100 Hours/Semi-conductors/MTL-ZRYH00066-069.txt -> gs://100hr-data/Semi-conductors/IMU/MTL-ZRYH00066-069.txt
OK    /Volumes/Samsung 990-2/100 Hours/Semi-conductors/MTL-ZRYH00084-051.mp4 -> gs://100hr-data/Semi-conductors/Videos/MTL-ZRYH00084-051.mp4
OK    /Volumes/Samsung 990-2/100 Hours/Semi-conductors/MTL-ZRYH00084-045.mp4 -> gs://100hr-data/Semi-conductors/Videos/MTL-ZRYH00084-045.mp4
OK    /Volumes/Samsung 990-2/100 Hours/Semi-conductors/MTL-ZRYH00068-005.aac -> gs://100hr-data/Semi-conductors/IMU/MTL-ZRYH00068-005.aac
OK    /Volumes/Samsung 990-2/100 Hours/Semi-conductors/MTL-ZRYH00066-055.txt -> gs://100hr-data/Semi-conductors/IMU/MTL-ZRYH00066-055.txt
OK    /Volumes/Samsung 990-2/100 Hours/Semi-conductors/MTL-ZRYH00066-015.mp4 -> gs://100hr-data/Semi-conductors/Videos/MTL-ZRYH00066-015.mp4
OK    /Volumes/Samsung 990-2/100 Hours/Semi-conductors/MTL-ZRYH00073-063.aac -> gs://100hr-data/Semi-conductors/IMU/MTL-ZRYH00073-063.aac
OK    /Volumes/Samsung 990-2/100 Hours/Semi-conductors/MTL-ZRYH00084-039.txt -> gs://100hr-data/Semi-conductors/IMU/MTL-ZRYH00084-039.txt
OK    /Volumes/Samsung 990-2/100 Hours/Semi-conductors/MTL-ZRYH00066-029.mp4 -> gs://100hr-data/Semi-conductors/Videos/MTL-ZRYH00066-029.mp4
OK    /Volumes/Samsung 990-2/100 Hours/Semi-conductors/MTL-ZRYH00068-056.mp4 -> gs://100hr-data/Semi-conductors/Videos/MTL-ZRYH00068-056.mp4
OK    /Volumes/Samsung 990-2/100 Hours/Semi-conductors/MTL-ZRYH00073-058.txt -> gs://100hr-data/Semi-conductors/IMU/MTL-ZRYH00073-058.txt
OK    /Volumes/Samsung 990-2/100 Hours/Semi-conductors/MTL-ZRYH00078-042.mp4 -> gs://100hr-data/Semi-conductors/Videos/MTL-ZRYH00078-042.mp4
OK    /Volumes/Samsung 990-2/100 Hours/Semi-conductors/MTL-ZRYH00078-056.mp4 -> gs://100hr-data/Semi-conductors/Videos/MTL-ZRYH00078-056.mp4
OK    /Volumes/Samsung 990-2/100 Hours/Semi-conductors/MTL-ZRYH00066-085.aac -> gs://100hr-data/Semi-conductors/IMU/MTL-ZRYH00066-085.aac
OK    /Volumes/Samsung 990-2/100 Hours/Semi-conductors/MTL-ZRYH00068-042.mp4 -> gs://100hr-data/Semi-conductors/Videos/MTL-ZRYH00068-042.mp4
OK    /Volumes/Samsung 990-2/100 Hours/Semi-conductors/MTL-ZRYH00073-064.txt -> gs://100hr-data/Semi-conductors/IMU/MTL-ZRYH00073-064.txt
OK    /Volumes/Samsung 990-2/100 Hours/Semi-conductors/MTL-ZRYH00073-070.txt -> gs://100hr-data/Semi-conductors/IMU/MTL-ZRYH00073-070.txt
OK    /Volumes/Samsung 990-2/100 Hours/Semi-conductors/MTL-ZRYH00078-081.mp4 -> gs://100hr-data/Semi-conductors/Videos/MTL-ZRYH00078-081.mp4
OK    /Volumes/Samsung 990-2/100 Hours/Semi-conductors/MTL-ZRYH00066-052.aac -> gs://100hr-data/Semi-conductors/IMU/MTL-ZRYH00066-052.aac
OK    /Volumes/Samsung 990-2/100 Hours/Semi-conductors/MTL-ZRYH00073-024.mp4 -> gs://100hr-data/Semi-conductors/Videos/MTL-ZRYH00073-024.mp4
OK    /Volumes/Samsung 990-2/100 Hours/Semi-conductors/MTL-ZRYH00066-046.aac -> gs://100hr-data/Semi-conductors/IMU/MTL-ZRYH00066-046.aac
OK    /Volumes/Samsung 990-2/100 Hours/Semi-conductors/MTL-ZRYH00068-081.mp4 -> gs://100hr-data/Semi-conductors/Videos/MTL-ZRYH00068-081.mp4
OK    /Volumes/Samsung 990-2/100 Hours/Semi-conductors/MTL-ZRYH00073-018.mp4 -> gs://100hr-data/Semi-conductors/Videos/MTL-ZRYH00073-018.mp4
OK    /Volumes/Samsung 990-2/100 Hours/Semi-conductors/MTL-ZRYH00085-007.aac -> gs://100hr-data/Semi-conductors/IMU/MTL-ZRYH00085-007.aac
OK    /Volumes/Samsung 990-2/100 Hours/Semi-conductors/MTL-ZRYH00085-013.aac -> gs://100hr-data/Semi-conductors/IMU/MTL-ZRYH00085-013.aac
OK    /Volumes/Samsung 990-2/100 Hours/Semi-conductors/MTL-ZRYH00073-034.mp4 -> gs://100hr-data/Semi-conductors/Videos/MTL-ZRYH00073-034.mp4
OK    /Volumes/Samsung 990-2/100 Hours/Semi-conductors/MTL-ZRYH00066-042.aac -> gs://100hr-data/Semi-conductors/IMU/MTL-ZRYH00066-042.aac
OK    /Volumes/Samsung 990-2/100 Hours/Semi-conductors/MTL-ZRYH00073-020.mp4 -> gs://100hr-data/Semi-conductors/Videos/MTL-ZRYH00073-020.mp4
OK    /Volumes/Samsung 990-2/100 Hours/Semi-conductors/MTL-ZRYH00066-056.aac -> gs://100hr-data/Semi-conductors/IMU/MTL-ZRYH00066-056.aac
OK    /Volumes/Samsung 990-2/100 Hours/Semi-conductors/MTL-ZRYH00068-006.txt -> gs://100hr-data/Semi-conductors/IMU/MTL-ZRYH00068-006.txt
OK    /Volumes/Samsung 990-2/100 Hours/Semi-conductors/MTL-ZRYH00078-012.txt -> gs://100hr-data/Semi-conductors/IMU/MTL-ZRYH00078-012.txt
OK    /Volumes/Samsung 990-2/100 Hours/Semi-conductors/MTL-ZRYH00078-006.txt -> gs://100hr-data/Semi-conductors/IMU/MTL-ZRYH00078-006.txt
OK    /Volumes/Samsung 990-2/100 Hours/Semi-conductors/MTL-ZRYH00068-012.txt -> gs://100hr-data/Semi-conductors/IMU/MTL-ZRYH00068-012.txt
OK    /Volumes/Samsung 990-2/100 Hours/Semi-conductors/MTL-ZRYH00068-046.mp4 -> gs://100hr-data/Semi-conductors/Videos/MTL-ZRYH00068-046.mp4
OK    /Volumes/Samsung 990-2/100 Hours/Semi-conductors/MTL-ZRYH00066-081.aac -> gs://100hr-data/Semi-conductors/IMU/MTL-ZRYH00066-081.aac
OK    /Volumes/Samsung 990-2/100 Hours/Semi-conductors/MTL-ZRYH00073-048.txt -> gs://100hr-data/Semi-conductors/IMU/MTL-ZRYH00073-048.txt
OK    /Volumes/Samsung 990-2/100 Hours/Semi-conductors/MTL-ZRYH00078-046.mp4 -> gs://100hr-data/Semi-conductors/Videos/MTL-ZRYH00078-046.mp4
OK    /Volumes/Samsung 990-2/100 Hours/Semi-conductors/MTL-ZRYH00073-073.aac -> gs://100hr-data/Semi-conductors/IMU/MTL-ZRYH00073-073.aac
OK    /Volumes/Samsung 990-2/100 Hours/Semi-conductors/MTL-ZRYH00073-067.aac -> gs://100hr-data/Semi-conductors/IMU/MTL-ZRYH00073-067.aac
OK    /Volumes/Samsung 990-2/100 Hours/Semi-conductors/MTL-ZRYH00084-029.txt -> gs://100hr-data/Semi-conductors/IMU/MTL-ZRYH00084-029.txt
OK    /Volumes/Samsung 990-2/100 Hours/Semi-conductors/MTL-ZRYH00066-086.txt -> gs://100hr-data/Semi-conductors/IMU/MTL-ZRYH00066-086.txt
OK    /Volumes/Samsung 990-2/100 Hours/Semi-conductors/MTL-ZRYH00066-039.mp4 -> gs://100hr-data/Semi-conductors/Videos/MTL-ZRYH00066-039.mp4
OK    /Volumes/Samsung 990-2/100 Hours/Semi-conductors/MTL-ZRYH00066-092.txt -> gs://100hr-data/Semi-conductors/IMU/MTL-ZRYH00066-092.txt
OK    /Volumes/Samsung 990-2/100 Hours/Semi-conductors/MTL-ZRYH00078-015.aac -> gs://100hr-data/Semi-conductors/IMU/MTL-ZRYH00078-015.aac
OK    /Volumes/Samsung 990-2/100 Hours/Semi-conductors/MTL-ZRYH00068-015.aac -> gs://100hr-data/Semi-conductors/IMU/MTL-ZRYH00068-015.aac
OK    /Volumes/Samsung 990-2/100 Hours/Semi-conductors/MTL-ZRYH00066-045.txt -> gs://100hr-data/Semi-conductors/IMU/MTL-ZRYH00066-045.txt
OK    /Volumes/Samsung 990-2/100 Hours/Semi-conductors/MTL-ZRYH00078-029.aac -> gs://100hr-data/Semi-conductors/IMU/MTL-ZRYH00078-029.aac
OK    /Volumes/Samsung 990-2/100 Hours/Semi-conductors/MTL-ZRYH00066-051.txt -> gs://100hr-data/Semi-conductors/IMU/MTL-ZRYH00066-051.txt
OK    /Volumes/Samsung 990-2/100 Hours/Semi-conductors/MTL-ZRYH00068-029.aac -> gs://100hr-data/Semi-conductors/IMU/MTL-ZRYH00068-029.aac
OK    /Volumes/Samsung 990-2/100 Hours/Semi-conductors/MTL-ZRYH00085-087.mp4 -> gs://100hr-data/Semi-conductors/Videos/MTL-ZRYH00085-087.mp4
OK    /Volumes/Samsung 990-2/100 Hours/Semi-conductors/MTL-ZRYH00085-010.txt -> gs://100hr-data/Semi-conductors/IMU/MTL-ZRYH00085-010.txt
OK    /Volumes/Samsung 990-2/100 Hours/Semi-conductors/MTL-ZRYH00085-050.mp4 -> gs://100hr-data/Semi-conductors/Videos/MTL-ZRYH00085-050.mp4
OK    /Volumes/Samsung 990-2/100 Hours/Semi-conductors/MTL-ZRYH00085-078.mp4 -> gs://100hr-data/Semi-conductors/Videos/MTL-ZRYH00085-078.mp4
OK    /Volumes/Samsung 990-2/100 Hours/Semi-conductors/MTL-ZRYH00085-079.mp4 -> gs://100hr-data/Semi-conductors/Videos/MTL-ZRYH00085-079.mp4
OK    /Volumes/Samsung 990-2/100 Hours/Semi-conductors/MTL-ZRYH00085-045.mp4 -> gs://100hr-data/Semi-conductors/Videos/MTL-ZRYH00085-045.mp4
OK    /Volumes/Samsung 990-2/100 Hours/Semi-conductors/MTL-ZRYH00085-051.mp4 -> gs://100hr-data/Semi-conductors/Videos/MTL-ZRYH00085-051.mp4
OK    /Volumes/Samsung 990-2/100 Hours/Semi-conductors/MTL-ZRYH00085-011.txt -> gs://100hr-data/Semi-conductors/IMU/MTL-ZRYH00085-011.txt
OK    /Volumes/Samsung 990-2/100 Hours/Semi-conductors/MTL-ZRYH00085-086.mp4 -> gs://100hr-data/Semi-conductors/Videos/MTL-ZRYH00085-086.mp4
OK    /Volumes/Samsung 990-2/100 Hours/Semi-conductors/MTL-ZRYH00085-039.txt -> gs://100hr-data/Semi-conductors/IMU/MTL-ZRYH00085-039.txt
OK    /Volumes/Samsung 990-2/100 Hours/Semi-conductors/MTL-ZRYH00085-092.mp4 -> gs://100hr-data/Semi-conductors/Videos/MTL-ZRYH00085-092.mp4
OK    /Volumes/Samsung 990-2/100 Hours/Semi-conductors/MTL-ZRYH00066-050.txt -> gs://100hr-data/Semi-conductors/IMU/MTL-ZRYH00066-050.txt
OK    /Volumes/Samsung 990-2/100 Hours/Semi-conductors/MTL-ZRYH00066-044.txt -> gs://100hr-data/Semi-conductors/IMU/MTL-ZRYH00066-044.txt
OK    /Volumes/Samsung 990-2/100 Hours/Semi-conductors/MTL-ZRYH00084-054.mp4 -> gs://100hr-data/Semi-conductors/Videos/MTL-ZRYH00084-054.mp4
OK    /Volumes/Samsung 990-2/100 Hours/Semi-conductors/MTL-ZRYH00084-040.mp4 -> gs://100hr-data/Semi-conductors/Videos/MTL-ZRYH00084-040.mp4
OK    /Volumes/Samsung 990-2/100 Hours/Semi-conductors/MTL-ZRYH00066-078.txt -> gs://100hr-data/Semi-conductors/IMU/MTL-ZRYH00066-078.txt
OK    /Volumes/Samsung 990-2/100 Hours/Semi-conductors/MTL-ZRYH00066-087.txt -> gs://100hr-data/Semi-conductors/IMU/MTL-ZRYH00066-087.txt
OK    /Volumes/Samsung 990-2/100 Hours/Semi-conductors/MTL-ZRYH00066-010.mp4 -> gs://100hr-data/Semi-conductors/Videos/MTL-ZRYH00066-010.mp4
OK    /Volumes/Samsung 990-2/100 Hours/Semi-conductors/MTL-ZRYH00066-004.mp4 -> gs://100hr-data/Semi-conductors/Videos/MTL-ZRYH00066-004.mp4
OK    /Volumes/Samsung 990-2/100 Hours/Semi-conductors/MTL-ZRYH00073-061.txt -> gs://100hr-data/Semi-conductors/IMU/MTL-ZRYH00073-061.txt
OK    /Volumes/Samsung 990-2/100 Hours/Semi-conductors/MTL-ZRYH00078-047.mp4 -> gs://100hr-data/Semi-conductors/Videos/MTL-ZRYH00078-047.mp4
OK    /Volumes/Samsung 990-2/100 Hours/Semi-conductors/MTL-ZRYH00068-053.mp4 -> gs://100hr-data/Semi-conductors/Videos/MTL-ZRYH00068-053.mp4
OK    /Volumes/Samsung 990-2/100 Hours/Semi-conductors/MTL-ZRYH00068-047.mp4 -> gs://100hr-data/Semi-conductors/Videos/MTL-ZRYH00068-047.mp4
OK    /Volumes/Samsung 990-2/100 Hours/Semi-conductors/MTL-ZRYH00078-053.mp4 -> gs://100hr-data/Semi-conductors/Videos/MTL-ZRYH00078-053.mp4
OK    /Volumes/Samsung 990-2/100 Hours/Semi-conductors/MTL-ZRYH00078-007.txt -> gs://100hr-data/Semi-conductors/IMU/MTL-ZRYH00078-007.txt
OK    /Volumes/Samsung 990-2/100 Hours/Semi-conductors/MTL-ZRYH00068-007.txt -> gs://100hr-data/Semi-conductors/IMU/MTL-ZRYH00068-007.txt
OK    /Volumes/Samsung 990-2/100 Hours/Semi-conductors/MTL-ZRYH00073-009.mp4 -> gs://100hr-data/Semi-conductors/Videos/MTL-ZRYH00073-009.mp4
OK    /Volumes/Samsung 990-2/100 Hours/Semi-conductors/MTL-ZRYH00078-084.mp4 -> gs://100hr-data/Semi-conductors/Videos/MTL-ZRYH00078-084.mp4
OK    /Volumes/Samsung 990-2/100 Hours/Semi-conductors/MTL-ZRYH00066-057.aac -> gs://100hr-data/Semi-conductors/IMU/MTL-ZRYH00066-057.aac
OK    /Volumes/Samsung 990-2/100 Hours/Semi-conductors/MTL-ZRYH00073-021.mp4 -> gs://100hr-data/Semi-conductors/Videos/MTL-ZRYH00073-021.mp4
OK    /Volumes/Samsung 990-2/100 Hours/Semi-conductors/MTL-ZRYH00068-084.mp4 -> gs://100hr-data/Semi-conductors/Videos/MTL-ZRYH00068-084.mp4
OK    /Volumes/Samsung 990-2/100 Hours/Semi-conductors/MTL-ZRYH00066-043.aac -> gs://100hr-data/Semi-conductors/IMU/MTL-ZRYH00066-043.aac
OK    /Volumes/Samsung 990-2/100 Hours/Semi-conductors/MTL-ZRYH00073-035.mp4 -> gs://100hr-data/Semi-conductors/Videos/MTL-ZRYH00073-035.mp4
OK    /Volumes/Samsung 990-2/100 Hours/Semi-conductors/MTL-ZRYH00085-016.aac -> gs://100hr-data/Semi-conductors/IMU/MTL-ZRYH00085-016.aac
OK    /Volumes/Samsung 990-2/100 Hours/Semi-conductors/MTL-ZRYH00078-039.txt -> gs://100hr-data/Semi-conductors/IMU/MTL-ZRYH00078-039.txt
OK    /Volumes/Samsung 990-2/100 Hours/Semi-conductors/MTL-ZRYH00073-023.mp4 -> gs://100hr-data/Semi-conductors/Videos/MTL-ZRYH00073-023.mp4
OK    /Volumes/Samsung 990-2/100 Hours/Semi-conductors/MTL-ZRYH00078-086.mp4 -> gs://100hr-data/Semi-conductors/Videos/MTL-ZRYH00078-086.mp4
OK    /Volumes/Samsung 990-2/100 Hours/Semi-conductors/MTL-ZRYH00073-037.mp4 -> gs://100hr-data/Semi-conductors/Videos/MTL-ZRYH00073-037.mp4
OK    /Volumes/Samsung 990-2/100 Hours/Semi-conductors/MTL-ZRYH00066-041.aac -> gs://100hr-data/Semi-conductors/IMU/MTL-ZRYH00066-041.aac
OK    /Volumes/Samsung 990-2/100 Hours/Semi-conductors/MTL-ZRYH00068-086.mp4 -> gs://100hr-data/Semi-conductors/Videos/MTL-ZRYH00068-086.mp4
OK    /Volumes/Samsung 990-2/100 Hours/Semi-conductors/MTL-ZRYH00068-039.txt -> gs://100hr-data/Semi-conductors/IMU/MTL-ZRYH00068-039.txt
OK    /Volumes/Samsung 990-2/100 Hours/Semi-conductors/MTL-ZRYH00068-011.txt -> gs://100hr-data/Semi-conductors/IMU/MTL-ZRYH00068-011.txt
OK    /Volumes/Samsung 990-2/100 Hours/Semi-conductors/MTL-ZRYH00078-011.txt -> gs://100hr-data/Semi-conductors/IMU/MTL-ZRYH00078-011.txt
OK    /Volumes/Samsung 990-2/100 Hours/Semi-conductors/MTL-ZRYH00068-051.mp4 -> gs://100hr-data/Semi-conductors/Videos/MTL-ZRYH00068-051.mp4
OK    /Volumes/Samsung 990-2/100 Hours/Semi-conductors/MTL-ZRYH00078-045.mp4 -> gs://100hr-data/Semi-conductors/Videos/MTL-ZRYH00078-045.mp4
OK    /Volumes/Samsung 990-2/100 Hours/Semi-conductors/MTL-ZRYH00066-082.aac -> gs://100hr-data/Semi-conductors/IMU/MTL-ZRYH00066-082.aac
OK    /Volumes/Samsung 990-2/100 Hours/Semi-conductors/MTL-ZRYH00078-051.mp4 -> gs://100hr-data/Semi-conductors/Videos/MTL-ZRYH00078-051.mp4
OK    /Volumes/Samsung 990-2/100 Hours/Semi-conductors/MTL-ZRYH00068-045.mp4 -> gs://100hr-data/Semi-conductors/Videos/MTL-ZRYH00068-045.mp4
OK    /Volumes/Samsung 990-2/100 Hours/Semi-conductors/MTL-ZRYH00078-079.mp4 -> gs://100hr-data/Semi-conductors/Videos/MTL-ZRYH00078-079.mp4
OK    /Volumes/Samsung 990-2/100 Hours/Semi-conductors/MTL-ZRYH00068-079.mp4 -> gs://100hr-data/Semi-conductors/Videos/MTL-ZRYH00068-079.mp4
OK    /Volumes/Samsung 990-2/100 Hours/Semi-conductors/MTL-ZRYH00073-064.aac -> gs://100hr-data/Semi-conductors/IMU/MTL-ZRYH00073-064.aac
OK    /Volumes/Samsung 990-2/100 Hours/Semi-conductors/MTL-ZRYH00066-012.mp4 -> gs://100hr-data/Semi-conductors/Videos/MTL-ZRYH00066-012.mp4
OK    /Volumes/Samsung 990-2/100 Hours/Semi-conductors/MTL-ZRYH00073-070.aac -> gs://100hr-data/Semi-conductors/IMU/MTL-ZRYH00073-070.aac
OK    /Volumes/Samsung 990-2/100 Hours/Semi-conductors/MTL-ZRYH00066-006.mp4 -> gs://100hr-data/Semi-conductors/Videos/MTL-ZRYH00066-006.mp4
OK    /Volumes/Samsung 990-2/100 Hours/Semi-conductors/MTL-ZRYH00066-091.txt -> gs://100hr-data/Semi-conductors/IMU/MTL-ZRYH00066-091.txt
OK    /Volumes/Samsung 990-2/100 Hours/Semi-conductors/MTL-ZRYH00068-016.aac -> gs://100hr-data/Semi-conductors/IMU/MTL-ZRYH00068-016.aac
OK    /Volumes/Samsung 990-2/100 Hours/Semi-conductors/MTL-ZRYH00084-056.mp4 -> gs://100hr-data/Semi-conductors/Videos/MTL-ZRYH00084-056.mp4
OK    /Volumes/Samsung 990-2/100 Hours/Semi-conductors/MTL-ZRYH00084-042.mp4 -> gs://100hr-data/Semi-conductors/Videos/MTL-ZRYH00084-042.mp4
OK    /Volumes/Samsung 990-2/100 Hours/Semi-conductors/MTL-ZRYH00078-016.aac -> gs://100hr-data/Semi-conductors/IMU/MTL-ZRYH00078-016.aac
OK    /Volumes/Samsung 990-2/100 Hours/Semi-conductors/MTL-ZRYH00085-084.mp4 -> gs://100hr-data/Semi-conductors/Videos/MTL-ZRYH00085-084.mp4
OK    /Volumes/Samsung 990-2/100 Hours/Semi-conductors/MTL-ZRYH00085-090.mp4 -> gs://100hr-data/Semi-conductors/Videos/MTL-ZRYH00085-090.mp4
OK    /Volumes/Samsung 990-2/100 Hours/Semi-conductors/MTL-ZRYH00085-007.txt -> gs://100hr-data/Semi-conductors/IMU/MTL-ZRYH00085-007.txt
OK    /Volumes/Samsung 990-2/100 Hours/Semi-conductors/MTL-ZRYH00085-047.mp4 -> gs://100hr-data/Semi-conductors/Videos/MTL-ZRYH00085-047.mp4
OK    /Volumes/Samsung 990-2/100 Hours/Semi-conductors/MTL-ZRYH00085-053.mp4 -> gs://100hr-data/Semi-conductors/Videos/MTL-ZRYH00085-053.mp4
OK    /Volumes/Samsung 990-2/100 Hours/Semi-conductors/MTL-ZRYH00085-046.mp4 -> gs://100hr-data/Semi-conductors/Videos/MTL-ZRYH00085-046.mp4
OK    /Volumes/Samsung 990-2/100 Hours/Semi-conductors/MTL-ZRYH00085-012.txt -> gs://100hr-data/Semi-conductors/IMU/MTL-ZRYH00085-012.txt
OK    /Volumes/Samsung 990-2/100 Hours/Semi-conductors/MTL-ZRYH00085-091.mp4 -> gs://100hr-data/Semi-conductors/Videos/MTL-ZRYH00085-091.mp4
OK    /Volumes/Samsung 990-2/100 Hours/Semi-conductors/MTL-ZRYH00066-047.txt -> gs://100hr-data/Semi-conductors/IMU/MTL-ZRYH00066-047.txt
OK    /Volumes/Samsung 990-2/100 Hours/Semi-conductors/MTL-ZRYH00066-053.txt -> gs://100hr-data/Semi-conductors/IMU/MTL-ZRYH00066-053.txt
OK    /Volumes/Samsung 990-2/100 Hours/Semi-conductors/MTL-ZRYH00084-043.mp4 -> gs://100hr-data/Semi-conductors/Videos/MTL-ZRYH00084-043.mp4
OK    /Volumes/Samsung 990-2/100 Hours/Semi-conductors/MTL-ZRYH00084-057.mp4 -> gs://100hr-data/Semi-conductors/Videos/MTL-ZRYH00084-057.mp4
OK    /Volumes/Samsung 990-2/100 Hours/Semi-conductors/MTL-ZRYH00066-084.txt -> gs://100hr-data/Semi-conductors/IMU/MTL-ZRYH00066-084.txt
OK    /Volumes/Samsung 990-2/100 Hours/Semi-conductors/MTL-ZRYH00073-059.aac -> gs://100hr-data/Semi-conductors/IMU/MTL-ZRYH00073-059.aac
OK    /Volumes/Samsung 990-2/100 Hours/Semi-conductors/MTL-ZRYH00066-007.mp4 -> gs://100hr-data/Semi-conductors/Videos/MTL-ZRYH00066-007.mp4
OK    /Volumes/Samsung 990-2/100 Hours/Semi-conductors/MTL-ZRYH00073-071.aac -> gs://100hr-data/Semi-conductors/IMU/MTL-ZRYH00073-071.aac
OK    /Volumes/Samsung 990-2/100 Hours/Semi-conductors/MTL-ZRYH00066-013.mp4 -> gs://100hr-data/Semi-conductors/Videos/MTL-ZRYH00066-013.mp4
OK    /Volumes/Samsung 990-2/100 Hours/Semi-conductors/MTL-ZRYH00073-065.aac -> gs://100hr-data/Semi-conductors/IMU/MTL-ZRYH00073-065.aac
OK    /Volumes/Samsung 990-2/100 Hours/Semi-conductors/MTL-ZRYH00084-038.aac -> gs://100hr-data/Semi-conductors/IMU/MTL-ZRYH00084-038.aac
OK    /Volumes/Samsung 990-2/100 Hours/Semi-conductors/MTL-ZRYH00068-078.mp4 -> gs://100hr-data/Semi-conductors/Videos/MTL-ZRYH00068-078.mp4
OK    /Volumes/Samsung 990-2/100 Hours/Semi-conductors/MTL-ZRYH00078-078.mp4 -> gs://100hr-data/Semi-conductors/Videos/MTL-ZRYH00078-078.mp4
OK    /Volumes/Samsung 990-2/100 Hours/Semi-conductors/MTL-ZRYH00073-062.txt -> gs://100hr-data/Semi-conductors/IMU/MTL-ZRYH00073-062.txt
OK    /Volumes/Samsung 990-2/100 Hours/Semi-conductors/MTL-ZRYH00078-050.mp4 -> gs://100hr-data/Semi-conductors/Videos/MTL-ZRYH00078-050.mp4
OK    /Volumes/Samsung 990-2/100 Hours/Semi-conductors/MTL-ZRYH00068-050.mp4 -> gs://100hr-data/Semi-conductors/Videos/MTL-ZRYH00068-050.mp4
OK    /Volumes/Samsung 990-2/100 Hours/Semi-conductors/MTL-ZRYH00078-010.txt -> gs://100hr-data/Semi-conductors/IMU/MTL-ZRYH00078-010.txt
OK    /Volumes/Samsung 990-2/100 Hours/Semi-conductors/MTL-ZRYH00068-004.txt -> gs://100hr-data/Semi-conductors/IMU/MTL-ZRYH00068-004.txt
OK    /Volumes/Samsung 990-2/100 Hours/Semi-conductors/MTL-ZRYH00068-010.txt -> gs://100hr-data/Semi-conductors/IMU/MTL-ZRYH00068-010.txt
OK    /Volumes/Samsung 990-2/100 Hours/Semi-conductors/MTL-ZRYH00066-068.aac -> gs://100hr-data/Semi-conductors/IMU/MTL-ZRYH00066-068.aac
OK    /Volumes/Samsung 990-2/100 Hours/Semi-conductors/MTL-ZRYH00078-004.txt -> gs://100hr-data/Semi-conductors/IMU/MTL-ZRYH00078-004.txt
OK    /Volumes/Samsung 990-2/100 Hours/Semi-conductors/MTL-ZRYH00066-040.aac -> gs://100hr-data/Semi-conductors/IMU/MTL-ZRYH00066-040.aac
OK    /Volumes/Samsung 990-2/100 Hours/Semi-conductors/MTL-ZRYH00073-036.mp4 -> gs://100hr-data/Semi-conductors/Videos/MTL-ZRYH00073-036.mp4
OK    /Volumes/Samsung 990-2/100 Hours/Semi-conductors/MTL-ZRYH00068-087.mp4 -> gs://100hr-data/Semi-conductors/Videos/MTL-ZRYH00068-087.mp4
OK    /Volumes/Samsung 990-2/100 Hours/Semi-conductors/MTL-ZRYH00078-087.mp4 -> gs://100hr-data/Semi-conductors/Videos/MTL-ZRYH00078-087.mp4
OK    /Volumes/Samsung 990-2/100 Hours/Semi-conductors/MTL-ZRYH00066-054.aac -> gs://100hr-data/Semi-conductors/IMU/MTL-ZRYH00066-054.aac
OK    /Volumes/Samsung 990-2/100 Hours/Semi-conductors/MTL-ZRYH00085-029.aac -> gs://100hr-data/Semi-conductors/IMU/MTL-ZRYH00085-029.aac
OK    /Volumes/Samsung 990-2/100 Hours/Semi-conductors/MTL-ZRYH00085-015.aac -> gs://100hr-data/Semi-conductors/IMU/MTL-ZRYH00085-015.aac
Summary: success=1012 skipped=0 failed=0
