Upload started: 2026-08-26T13:03:30Z
Source: /Volumes/Samsung 990-2/100 Hours/Diamond
Destination: gs://100hr-data/Diamond/
OK    /Volumes/Samsung 990-2/100 Hours/Diamond/mytronlabs-000207-106.aac -> gs://100hr-data/Diamond/IMU/mytronlabs-000207-106.aac
OK    /Volumes/Samsung 990-2/100 Hours/Diamond/mytronlabs-000207-035.mp4 -> gs://100hr-data/Diamond/Videos/mytronlabs-000207-035.mp4
OK    /Volumes/Samsung 990-2/100 Hours/Diamond/mytronlabs-000014-042.txt -> gs://100hr-data/Diamond/IMU/mytronlabs-000014-042.txt
OK    /Volumes/Samsung 990-2/100 Hours/Diamond/mytronlabs-000007-019.aac -> gs://100hr-data/Diamond/IMU/mytronlabs-000007-019.aac
OK    /Volumes/Samsung 990-2/100 Hours/Diamond/mytronlabs-000207-021.mp4 -> gs://100hr-data/Diamond/Videos/mytronlabs-000207-021.mp4
OK    /Volumes/Samsung 990-2/100 Hours/Diamond/mytronlabs-000014-056.txt -> gs://100hr-data/Diamond/IMU/mytronlabs-000014-056.txt
OK    /Volumes/Samsung 990-2/100 Hours/Diamond/mytronlabs-000007-025.aac -> gs://100hr-data/Diamond/IMU/mytronlabs-000007-025.aac
OK    /Volumes/Samsung 990-2/100 Hours/Diamond/mytronlabs-000012-053.mp4 -> gs://100hr-data/Diamond/Videos/mytronlabs-000012-053.mp4
OK    /Volumes/Samsung 990-2/100 Hours/Diamond/mytronlabs-000007-031.aac -> gs://100hr-data/Diamond/IMU/mytronlabs-000007-031.aac
OK    /Volumes/Samsung 990-2/100 Hours/Diamond/mytronlabs-000012-047.mp4 -> gs://100hr-data/Diamond/Videos/mytronlabs-000012-047.mp4
OK    /Volumes/Samsung 990-2/100 Hours/Diamond/mytronlabs-000207-049.txt -> gs://100hr-data/Diamond/IMU/mytronlabs-000207-049.txt
OK    /Volumes/Samsung 990-2/100 Hours/Diamond/mytronlabs-000204-006.aac -> gs://100hr-data/Diamond/IMU/mytronlabs-000204-006.aac
OK    /Volumes/Samsung 990-2/100 Hours/Diamond/mytronlabs-000001-048.aac -> gs://100hr-data/Diamond/IMU/mytronlabs-000001-048.aac
OK    /Volumes/Samsung 990-2/100 Hours/Diamond/mytronlabs-000012-013.txt -> gs://100hr-data/Diamond/IMU/mytronlabs-000012-013.txt
OK    /Volumes/Samsung 990-2/100 Hours/Diamond/mytronlabs-000012-007.txt -> gs://100hr-data/Diamond/IMU/mytronlabs-000012-007.txt
OK    /Volumes/Samsung 990-2/100 Hours/Diamond/mytronlabs-000204-012.aac -> gs://100hr-data/Diamond/IMU/mytronlabs-000204-012.aac
OK    /Volumes/Samsung 990-2/100 Hours/Diamond/mytronlabs-000014-002.mp4 -> gs://100hr-data/Diamond/Videos/mytronlabs-000014-002.mp4
OK    /Volumes/Samsung 990-2/100 Hours/Diamond/mytronlabs-000207-075.txt -> gs://100hr-data/Diamond/IMU/mytronlabs-000207-075.txt
OK    /Volumes/Samsung 990-2/100 Hours/Diamond/mytronlabs-000204-109.mp4 -> gs://100hr-data/Diamond/Videos/mytronlabs-000204-109.mp4
OK    /Volumes/Samsung 990-2/100 Hours/Diamond/mytronlabs-000014-016.mp4 -> gs://100hr-data/Diamond/Videos/mytronlabs-000014-016.mp4
OK    /Volumes/Samsung 990-2/100 Hours/Diamond/mytronlabs-000207-061.txt -> gs://100hr-data/Diamond/IMU/mytronlabs-000207-061.txt
OK    /Volumes/Samsung 990-2/100 Hours/Diamond/mytronlabs-000001-060.aac -> gs://100hr-data/Diamond/IMU/mytronlabs-000001-060.aac
OK    /Volumes/Samsung 990-2/100 Hours/Diamond/mytronlabs-000006-008.aac -> gs://100hr-data/Diamond/IMU/mytronlabs-000006-008.aac
OK    /Volumes/Samsung 990-2/100 Hours/Diamond/mytronlabs-000006-034.aac -> gs://100hr-data/Diamond/IMU/mytronlabs-000006-034.aac
OK    /Volumes/Samsung 990-2/100 Hours/Diamond/mytronlabs-000006-020.aac -> gs://100hr-data/Diamond/IMU/mytronlabs-000006-020.aac
OK    /Volumes/Samsung 990-2/100 Hours/Diamond/mytronlabs-000003-016.txt -> gs://100hr-data/Diamond/IMU/mytronlabs-000003-016.txt
OK    /Volumes/Samsung 990-2/100 Hours/Diamond/mytronlabs-000003-002.txt -> gs://100hr-data/Diamond/IMU/mytronlabs-000003-002.txt
OK    /Volumes/Samsung 990-2/100 Hours/Diamond/mytronlabs-000003-011.aac -> gs://100hr-data/Diamond/IMU/mytronlabs-000003-011.aac
OK    /Volumes/Samsung 990-2/100 Hours/Diamond/mytronlabs-000003-005.aac -> gs://100hr-data/Diamond/IMU/mytronlabs-000003-005.aac
OK    /Volumes/Samsung 990-2/100 Hours/Diamond/mytronlabs-000006-033.txt -> gs://100hr-data/Diamond/IMU/mytronlabs-000006-033.txt
OK    /Volumes/Samsung 990-2/100 Hours/Diamond/mytronlabs-000006-027.txt -> gs://100hr-data/Diamond/IMU/mytronlabs-000006-027.txt
OK    /Volumes/Samsung 990-2/100 Hours/Diamond/mytronlabs-000207-072.aac -> gs://100hr-data/Diamond/IMU/mytronlabs-000207-072.aac
OK    /Volumes/Samsung 990-2/100 Hours/Diamond/mytronlabs-000204-082.mp4 -> gs://100hr-data/Diamond/Videos/mytronlabs-000204-082.mp4
OK    /Volumes/Samsung 990-2/100 Hours/Diamond/mytronlabs-000012-028.aac -> gs://100hr-data/Diamond/IMU/mytronlabs-000012-028.aac
OK    /Volumes/Samsung 990-2/100 Hours/Diamond/mytronlabs-000204-096.mp4 -> gs://100hr-data/Diamond/Videos/mytronlabs-000204-096.mp4
OK    /Volumes/Samsung 990-2/100 Hours/Diamond/mytronlabs-000204-029.txt -> gs://100hr-data/Diamond/IMU/mytronlabs-000204-029.txt
OK    /Volumes/Samsung 990-2/100 Hours/Diamond/mytronlabs-000207-066.aac -> gs://100hr-data/Diamond/IMU/mytronlabs-000207-066.aac
OK    /Volumes/Samsung 990-2/100 Hours/Diamond/mytronlabs-000012-014.aac -> gs://100hr-data/Diamond/IMU/mytronlabs-000012-014.aac
OK    /Volumes/Samsung 990-2/100 Hours/Diamond/mytronlabs-000204-015.txt -> gs://100hr-data/Diamond/IMU/mytronlabs-000204-015.txt
OK    /Volumes/Samsung 990-2/100 Hours/Diamond/mytronlabs-000204-041.mp4 -> gs://100hr-data/Diamond/Videos/mytronlabs-000204-041.mp4
OK    /Volumes/Samsung 990-2/100 Hours/Diamond/mytronlabs-000007-022.txt -> gs://100hr-data/Diamond/IMU/mytronlabs-000007-022.txt
OK    /Volumes/Samsung 990-2/100 Hours/Diamond/mytronlabs-000007-036.txt -> gs://100hr-data/Diamond/IMU/mytronlabs-000007-036.txt
OK    /Volumes/Samsung 990-2/100 Hours/Diamond/mytronlabs-000204-055.mp4 -> gs://100hr-data/Diamond/Videos/mytronlabs-000204-055.mp4
OK    /Volumes/Samsung 990-2/100 Hours/Diamond/mytronlabs-000207-101.txt -> gs://100hr-data/Diamond/IMU/mytronlabs-000207-101.txt
OK    /Volumes/Samsung 990-2/100 Hours/Diamond/mytronlabs-000014-045.aac -> gs://100hr-data/Diamond/IMU/mytronlabs-000014-045.aac
OK    /Volumes/Samsung 990-2/100 Hours/Diamond/mytronlabs-000001-033.mp4 -> gs://100hr-data/Diamond/Videos/mytronlabs-000001-033.mp4
OK    /Volumes/Samsung 990-2/100 Hours/Diamond/mytronlabs-000014-051.aac -> gs://100hr-data/Diamond/IMU/mytronlabs-000014-051.aac
OK    /Volumes/Samsung 990-2/100 Hours/Diamond/mytronlabs-000204-069.mp4 -> gs://100hr-data/Diamond/Videos/mytronlabs-000204-069.mp4
OK    /Volumes/Samsung 990-2/100 Hours/Diamond/mytronlabs-000001-027.mp4 -> gs://100hr-data/Diamond/Videos/mytronlabs-000001-027.mp4
OK    /Volumes/Samsung 990-2/100 Hours/Diamond/mytronlabs-000207-099.aac -> gs://100hr-data/Diamond/IMU/mytronlabs-000207-099.aac
OK    /Volumes/Samsung 990-2/100 Hours/Diamond/mytronlabs-000207-098.aac -> gs://100hr-data/Diamond/IMU/mytronlabs-000207-098.aac
OK    /Volumes/Samsung 990-2/100 Hours/Diamond/mytronlabs-000204-068.mp4 -> gs://100hr-data/Diamond/Videos/mytronlabs-000204-068.mp4
OK    /Volumes/Samsung 990-2/100 Hours/Diamond/mytronlabs-000001-026.mp4 -> gs://100hr-data/Diamond/Videos/mytronlabs-000001-026.mp4
OK    /Volumes/Samsung 990-2/100 Hours/Diamond/mytronlabs-000014-050.aac -> gs://100hr-data/Diamond/IMU/mytronlabs-000014-050.aac
OK    /Volumes/Samsung 990-2/100 Hours/Diamond/mytronlabs-000001-032.mp4 -> gs://100hr-data/Diamond/Videos/mytronlabs-000001-032.mp4
OK    /Volumes/Samsung 990-2/100 Hours/Diamond/mytronlabs-000014-044.aac -> gs://100hr-data/Diamond/IMU/mytronlabs-000014-044.aac
OK    /Volumes/Samsung 990-2/100 Hours/Diamond/mytronlabs-000207-100.txt -> gs://100hr-data/Diamond/IMU/mytronlabs-000207-100.txt
OK    /Volumes/Samsung 990-2/100 Hours/Diamond/mytronlabs-000007-037.txt -> gs://100hr-data/Diamond/IMU/mytronlabs-000007-037.txt
OK    /Volumes/Samsung 990-2/100 Hours/Diamond/mytronlabs-000204-054.mp4 -> gs://100hr-data/Diamond/Videos/mytronlabs-000204-054.mp4
OK    /Volumes/Samsung 990-2/100 Hours/Diamond/mytronlabs-000204-040.mp4 -> gs://100hr-data/Diamond/Videos/mytronlabs-000204-040.mp4
OK    /Volumes/Samsung 990-2/100 Hours/Diamond/mytronlabs-000007-023.txt -> gs://100hr-data/Diamond/IMU/mytronlabs-000007-023.txt
OK    /Volumes/Samsung 990-2/100 Hours/Diamond/mytronlabs-000012-001.aac -> gs://100hr-data/Diamond/IMU/mytronlabs-000012-001.aac
OK    /Volumes/Samsung 990-2/100 Hours/Diamond/mytronlabs-000204-014.txt -> gs://100hr-data/Diamond/IMU/mytronlabs-000204-014.txt
OK    /Volumes/Samsung 990-2/100 Hours/Diamond/mytronlabs-000012-015.aac -> gs://100hr-data/Diamond/IMU/mytronlabs-000012-015.aac
OK    /Volumes/Samsung 990-2/100 Hours/Diamond/mytronlabs-000207-067.aac -> gs://100hr-data/Diamond/IMU/mytronlabs-000207-067.aac
OK    /Volumes/Samsung 990-2/100 Hours/Diamond/mytronlabs-000204-028.txt -> gs://100hr-data/Diamond/IMU/mytronlabs-000204-028.txt
OK    /Volumes/Samsung 990-2/100 Hours/Diamond/mytronlabs-000001-066.txt -> gs://100hr-data/Diamond/IMU/mytronlabs-000001-066.txt
OK    /Volumes/Samsung 990-2/100 Hours/Diamond/mytronlabs-000204-097.mp4 -> gs://100hr-data/Diamond/Videos/mytronlabs-000204-097.mp4
OK    /Volumes/Samsung 990-2/100 Hours/Diamond/mytronlabs-000204-083.mp4 -> gs://100hr-data/Diamond/Videos/mytronlabs-000204-083.mp4
OK    /Volumes/Samsung 990-2/100 Hours/Diamond/mytronlabs-000207-073.aac -> gs://100hr-data/Diamond/IMU/mytronlabs-000207-073.aac
OK    /Volumes/Samsung 990-2/100 Hours/Diamond/mytronlabs-000012-029.aac -> gs://100hr-data/Diamond/IMU/mytronlabs-000012-029.aac
OK    /Volumes/Samsung 990-2/100 Hours/Diamond/mytronlabs-000006-026.txt -> gs://100hr-data/Diamond/IMU/mytronlabs-000006-026.txt
OK    /Volumes/Samsung 990-2/100 Hours/Diamond/mytronlabs-000006-032.txt -> gs://100hr-data/Diamond/IMU/mytronlabs-000006-032.txt
OK    /Volumes/Samsung 990-2/100 Hours/Diamond/mytronlabs-000003-004.aac -> gs://100hr-data/Diamond/IMU/mytronlabs-000003-004.aac
OK    /Volumes/Samsung 990-2/100 Hours/Diamond/mytronlabs-000003-010.aac -> gs://100hr-data/Diamond/IMU/mytronlabs-000003-010.aac
OK    /Volumes/Samsung 990-2/100 Hours/Diamond/mytronlabs-000003-003.txt -> gs://100hr-data/Diamond/IMU/mytronlabs-000003-003.txt
OK    /Volumes/Samsung 990-2/100 Hours/Diamond/mytronlabs-000003-017.txt -> gs://100hr-data/Diamond/IMU/mytronlabs-000003-017.txt
OK    /Volumes/Samsung 990-2/100 Hours/Diamond/mytronlabs-000006-021.aac -> gs://100hr-data/Diamond/IMU/mytronlabs-000006-021.aac
OK    /Volumes/Samsung 990-2/100 Hours/Diamond/mytronlabs-000006-035.aac -> gs://100hr-data/Diamond/IMU/mytronlabs-000006-035.aac
OK    /Volumes/Samsung 990-2/100 Hours/Diamond/mytronlabs-000006-009.aac -> gs://100hr-data/Diamond/IMU/mytronlabs-000006-009.aac
OK    /Volumes/Samsung 990-2/100 Hours/Diamond/mytronlabs-000001-061.aac -> gs://100hr-data/Diamond/IMU/mytronlabs-000001-061.aac
OK    /Volumes/Samsung 990-2/100 Hours/Diamond/mytronlabs-000207-060.txt -> gs://100hr-data/Diamond/IMU/mytronlabs-000207-060.txt
OK    /Volumes/Samsung 990-2/100 Hours/Diamond/mytronlabs-000014-017.mp4 -> gs://100hr-data/Diamond/Videos/mytronlabs-000014-017.mp4
OK    /Volumes/Samsung 990-2/100 Hours/Diamond/mytronlabs-000204-108.mp4 -> gs://100hr-data/Diamond/Videos/mytronlabs-000204-108.mp4
OK    /Volumes/Samsung 990-2/100 Hours/Diamond/mytronlabs-000207-074.txt -> gs://100hr-data/Diamond/IMU/mytronlabs-000207-074.txt
OK    /Volumes/Samsung 990-2/100 Hours/Diamond/mytronlabs-000014-003.mp4 -> gs://100hr-data/Diamond/Videos/mytronlabs-000014-003.mp4
OK    /Volumes/Samsung 990-2/100 Hours/Diamond/mytronlabs-000012-006.txt -> gs://100hr-data/Diamond/IMU/mytronlabs-000012-006.txt
OK    /Volumes/Samsung 990-2/100 Hours/Diamond/mytronlabs-000204-013.aac -> gs://100hr-data/Diamond/IMU/mytronlabs-000204-013.aac
OK    /Volumes/Samsung 990-2/100 Hours/Diamond/mytronlabs-000204-007.aac -> gs://100hr-data/Diamond/IMU/mytronlabs-000204-007.aac
OK    /Volumes/Samsung 990-2/100 Hours/Diamond/mytronlabs-000001-049.aac -> gs://100hr-data/Diamond/IMU/mytronlabs-000001-049.aac
OK    /Volumes/Samsung 990-2/100 Hours/Diamond/mytronlabs-000207-048.txt -> gs://100hr-data/Diamond/IMU/mytronlabs-000207-048.txt
OK    /Volumes/Samsung 990-2/100 Hours/Diamond/mytronlabs-000012-012.txt -> gs://100hr-data/Diamond/IMU/mytronlabs-000012-012.txt
OK    /Volumes/Samsung 990-2/100 Hours/Diamond/mytronlabs-000012-046.mp4 -> gs://100hr-data/Diamond/Videos/mytronlabs-000012-046.mp4
OK    /Volumes/Samsung 990-2/100 Hours/Diamond/mytronlabs-000007-030.aac -> gs://100hr-data/Diamond/IMU/mytronlabs-000007-030.aac
OK    /Volumes/Samsung 990-2/100 Hours/Diamond/mytronlabs-000012-052.mp4 -> gs://100hr-data/Diamond/Videos/mytronlabs-000012-052.mp4
OK    /Volumes/Samsung 990-2/100 Hours/Diamond/mytronlabs-000007-024.aac -> gs://100hr-data/Diamond/IMU/mytronlabs-000007-024.aac
OK    /Volumes/Samsung 990-2/100 Hours/Diamond/mytronlabs-000014-057.txt -> gs://100hr-data/Diamond/IMU/mytronlabs-000014-057.txt
OK    /Volumes/Samsung 990-2/100 Hours/Diamond/mytronlabs-000207-020.mp4 -> gs://100hr-data/Diamond/Videos/mytronlabs-000207-020.mp4
OK    /Volumes/Samsung 990-2/100 Hours/Diamond/mytronlabs-000014-043.txt -> gs://100hr-data/Diamond/IMU/mytronlabs-000014-043.txt
OK    /Volumes/Samsung 990-2/100 Hours/Diamond/mytronlabs-000207-034.mp4 -> gs://100hr-data/Diamond/Videos/mytronlabs-000207-034.mp4
OK    /Volumes/Samsung 990-2/100 Hours/Diamond/mytronlabs-000207-107.aac -> gs://100hr-data/Diamond/IMU/mytronlabs-000207-107.aac
OK    /Volumes/Samsung 990-2/100 Hours/Diamond/mytronlabs-000007-018.aac -> gs://100hr-data/Diamond/IMU/mytronlabs-000007-018.aac
OK    /Volumes/Samsung 990-2/100 Hours/Diamond/mytronlabs-000207-022.mp4 -> gs://100hr-data/Diamond/Videos/mytronlabs-000207-022.mp4
OK    /Volumes/Samsung 990-2/100 Hours/Diamond/mytronlabs-000014-055.txt -> gs://100hr-data/Diamond/IMU/mytronlabs-000014-055.txt
OK    /Volumes/Samsung 990-2/100 Hours/Diamond/mytronlabs-000207-105.aac -> gs://100hr-data/Diamond/IMU/mytronlabs-000207-105.aac
OK    /Volumes/Samsung 990-2/100 Hours/Diamond/mytronlabs-000207-089.txt -> gs://100hr-data/Diamond/IMU/mytronlabs-000207-089.txt
OK    /Volumes/Samsung 990-2/100 Hours/Diamond/mytronlabs-000207-036.mp4 -> gs://100hr-data/Diamond/Videos/mytronlabs-000207-036.mp4
OK    /Volumes/Samsung 990-2/100 Hours/Diamond/mytronlabs-000014-041.txt -> gs://100hr-data/Diamond/IMU/mytronlabs-000014-041.txt
OK    /Volumes/Samsung 990-2/100 Hours/Diamond/mytronlabs-000007-032.aac -> gs://100hr-data/Diamond/IMU/mytronlabs-000007-032.aac
OK    /Volumes/Samsung 990-2/100 Hours/Diamond/mytronlabs-000012-044.mp4 -> gs://100hr-data/Diamond/Videos/mytronlabs-000012-044.mp4
OK    /Volumes/Samsung 990-2/100 Hours/Diamond/mytronlabs-000007-026.aac -> gs://100hr-data/Diamond/IMU/mytronlabs-000007-026.aac
OK    /Volumes/Samsung 990-2/100 Hours/Diamond/mytronlabs-000012-050.mp4 -> gs://100hr-data/Diamond/Videos/mytronlabs-000012-050.mp4
OK    /Volumes/Samsung 990-2/100 Hours/Diamond/mytronlabs-000014-029.mp4 -> gs://100hr-data/Diamond/Videos/mytronlabs-000014-029.mp4
OK    /Volumes/Samsung 990-2/100 Hours/Diamond/mytronlabs-000204-011.aac -> gs://100hr-data/Diamond/IMU/mytronlabs-000204-011.aac
OK    /Volumes/Samsung 990-2/100 Hours/Diamond/mytronlabs-000012-004.txt -> gs://100hr-data/Diamond/IMU/mytronlabs-000012-004.txt
OK    /Volumes/Samsung 990-2/100 Hours/Diamond/mytronlabs-000012-010.txt -> gs://100hr-data/Diamond/IMU/mytronlabs-000012-010.txt
OK    /Volumes/Samsung 990-2/100 Hours/Diamond/mytronlabs-000014-015.mp4 -> gs://100hr-data/Diamond/Videos/mytronlabs-000014-015.mp4
OK    /Volumes/Samsung 990-2/100 Hours/Diamond/mytronlabs-000207-062.txt -> gs://100hr-data/Diamond/IMU/mytronlabs-000207-062.txt
OK    /Volumes/Samsung 990-2/100 Hours/Diamond/mytronlabs-000001-063.aac -> gs://100hr-data/Diamond/IMU/mytronlabs-000001-063.aac
OK    /Volumes/Samsung 990-2/100 Hours/Diamond/mytronlabs-000012-038.txt -> gs://100hr-data/Diamond/IMU/mytronlabs-000012-038.txt
OK    /Volumes/Samsung 990-2/100 Hours/Diamond/mytronlabs-000014-001.mp4 -> gs://100hr-data/Diamond/Videos/mytronlabs-000014-001.mp4
OK    /Volumes/Samsung 990-2/100 Hours/Diamond/mytronlabs-000207-076.txt -> gs://100hr-data/Diamond/IMU/mytronlabs-000207-076.txt
OK    /Volumes/Samsung 990-2/100 Hours/Diamond/mytronlabs-000204-039.aac -> gs://100hr-data/Diamond/IMU/mytronlabs-000204-039.aac
OK    /Volumes/Samsung 990-2/100 Hours/Diamond/mytronlabs-000006-023.aac -> gs://100hr-data/Diamond/IMU/mytronlabs-000006-023.aac
OK    /Volumes/Samsung 990-2/100 Hours/Diamond/mytronlabs-000006-037.aac -> gs://100hr-data/Diamond/IMU/mytronlabs-000006-037.aac
OK    /Volumes/Samsung 990-2/100 Hours/Diamond/mytronlabs-000003-001.txt -> gs://100hr-data/Diamond/IMU/mytronlabs-000003-001.txt
OK    /Volumes/Samsung 990-2/100 Hours/Diamond/mytronlabs-000003-015.txt -> gs://100hr-data/Diamond/IMU/mytronlabs-000003-015.txt
OK    /Volumes/Samsung 990-2/100 Hours/Diamond/mytronlabs-000003-029.txt -> gs://100hr-data/Diamond/IMU/mytronlabs-000003-029.txt
OK    /Volumes/Samsung 990-2/100 Hours/Diamond/mytronlabs-000003-006.aac -> gs://100hr-data/Diamond/IMU/mytronlabs-000003-006.aac
OK    /Volumes/Samsung 990-2/100 Hours/Diamond/mytronlabs-000003-012.aac -> gs://100hr-data/Diamond/IMU/mytronlabs-000003-012.aac
OK    /Volumes/Samsung 990-2/100 Hours/Diamond/mytronlabs-000006-024.txt -> gs://100hr-data/Diamond/IMU/mytronlabs-000006-024.txt
OK    /Volumes/Samsung 990-2/100 Hours/Diamond/mytronlabs-000006-030.txt -> gs://100hr-data/Diamond/IMU/mytronlabs-000006-030.txt
OK    /Volumes/Samsung 990-2/100 Hours/Diamond/mytronlabs-000006-018.txt -> gs://100hr-data/Diamond/IMU/mytronlabs-000006-018.txt
OK    /Volumes/Samsung 990-2/100 Hours/Diamond/mytronlabs-000204-095.mp4 -> gs://100hr-data/Diamond/Videos/mytronlabs-000204-095.mp4
OK    /Volumes/Samsung 990-2/100 Hours/Diamond/mytronlabs-000001-064.txt -> gs://100hr-data/Diamond/IMU/mytronlabs-000001-064.txt
OK    /Volumes/Samsung 990-2/100 Hours/Diamond/mytronlabs-000207-065.aac -> gs://100hr-data/Diamond/IMU/mytronlabs-000207-065.aac
OK    /Volumes/Samsung 990-2/100 Hours/Diamond/mytronlabs-000207-071.aac -> gs://100hr-data/Diamond/IMU/mytronlabs-000207-071.aac
OK    /Volumes/Samsung 990-2/100 Hours/Diamond/mytronlabs-000204-081.mp4 -> gs://100hr-data/Diamond/Videos/mytronlabs-000204-081.mp4
OK    /Volumes/Samsung 990-2/100 Hours/Diamond/mytronlabs-000001-058.txt -> gs://100hr-data/Diamond/IMU/mytronlabs-000001-058.txt
OK    /Volumes/Samsung 990-2/100 Hours/Diamond/mytronlabs-000204-016.txt -> gs://100hr-data/Diamond/IMU/mytronlabs-000204-016.txt
OK    /Volumes/Samsung 990-2/100 Hours/Diamond/mytronlabs-000207-059.aac -> gs://100hr-data/Diamond/IMU/mytronlabs-000207-059.aac
OK    /Volumes/Samsung 990-2/100 Hours/Diamond/mytronlabs-000012-003.aac -> gs://100hr-data/Diamond/IMU/mytronlabs-000012-003.aac
OK    /Volumes/Samsung 990-2/100 Hours/Diamond/mytronlabs-000012-017.aac -> gs://100hr-data/Diamond/IMU/mytronlabs-000012-017.aac
OK    /Volumes/Samsung 990-2/100 Hours/Diamond/mytronlabs-000001-018.mp4 -> gs://100hr-data/Diamond/Videos/mytronlabs-000001-018.mp4
OK    /Volumes/Samsung 990-2/100 Hours/Diamond/mytronlabs-000204-056.mp4 -> gs://100hr-data/Diamond/Videos/mytronlabs-000204-056.mp4
OK    /Volumes/Samsung 990-2/100 Hours/Diamond/mytronlabs-000007-035.txt -> gs://100hr-data/Diamond/IMU/mytronlabs-000007-035.txt
OK    /Volumes/Samsung 990-2/100 Hours/Diamond/mytronlabs-000007-021.txt -> gs://100hr-data/Diamond/IMU/mytronlabs-000007-021.txt
OK    /Volumes/Samsung 990-2/100 Hours/Diamond/mytronlabs-000204-042.mp4 -> gs://100hr-data/Diamond/Videos/mytronlabs-000204-042.mp4
OK    /Volumes/Samsung 990-2/100 Hours/Diamond/mytronlabs-000014-052.aac -> gs://100hr-data/Diamond/IMU/mytronlabs-000014-052.aac
OK    /Volumes/Samsung 990-2/100 Hours/Diamond/mytronlabs-000001-024.mp4 -> gs://100hr-data/Diamond/Videos/mytronlabs-000001-024.mp4
OK    /Volumes/Samsung 990-2/100 Hours/Diamond/mytronlabs-000007-009.txt -> gs://100hr-data/Diamond/IMU/mytronlabs-000007-009.txt
OK    /Volumes/Samsung 990-2/100 Hours/Diamond/mytronlabs-000207-102.txt -> gs://100hr-data/Diamond/IMU/mytronlabs-000207-102.txt
OK    /Volumes/Samsung 990-2/100 Hours/Diamond/mytronlabs-000014-046.aac -> gs://100hr-data/Diamond/IMU/mytronlabs-000014-046.aac
OK    /Volumes/Samsung 990-2/100 Hours/Diamond/mytronlabs-000001-030.mp4 -> gs://100hr-data/Diamond/Videos/mytronlabs-000001-030.mp4
OK    /Volumes/Samsung 990-2/100 Hours/Diamond/mytronlabs-000001-031.mp4 -> gs://100hr-data/Diamond/Videos/mytronlabs-000001-031.mp4
OK    /Volumes/Samsung 990-2/100 Hours/Diamond/mytronlabs-000014-047.aac -> gs://100hr-data/Diamond/IMU/mytronlabs-000014-047.aac
OK    /Volumes/Samsung 990-2/100 Hours/Diamond/mytronlabs-000207-103.txt -> gs://100hr-data/Diamond/IMU/mytronlabs-000207-103.txt
OK    /Volumes/Samsung 990-2/100 Hours/Diamond/mytronlabs-000001-025.mp4 -> gs://100hr-data/Diamond/Videos/mytronlabs-000001-025.mp4
OK    /Volumes/Samsung 990-2/100 Hours/Diamond/mytronlabs-000014-053.aac -> gs://100hr-data/Diamond/IMU/mytronlabs-000014-053.aac
OK    /Volumes/Samsung 990-2/100 Hours/Diamond/mytronlabs-000007-008.txt -> gs://100hr-data/Diamond/IMU/mytronlabs-000007-008.txt
OK    /Volumes/Samsung 990-2/100 Hours/Diamond/mytronlabs-000007-020.txt -> gs://100hr-data/Diamond/IMU/mytronlabs-000007-020.txt
OK    /Volumes/Samsung 990-2/100 Hours/Diamond/mytronlabs-000204-043.mp4 -> gs://100hr-data/Diamond/Videos/mytronlabs-000204-043.mp4
OK    /Volumes/Samsung 990-2/100 Hours/Diamond/mytronlabs-000001-019.mp4 -> gs://100hr-data/Diamond/Videos/mytronlabs-000001-019.mp4
OK    /Volumes/Samsung 990-2/100 Hours/Diamond/mytronlabs-000204-057.mp4 -> gs://100hr-data/Diamond/Videos/mytronlabs-000204-057.mp4
OK    /Volumes/Samsung 990-2/100 Hours/Diamond/mytronlabs-000007-034.txt -> gs://100hr-data/Diamond/IMU/mytronlabs-000007-034.txt
OK    /Volumes/Samsung 990-2/100 Hours/Diamond/mytronlabs-000012-016.aac -> gs://100hr-data/Diamond/IMU/mytronlabs-000012-016.aac
OK    /Volumes/Samsung 990-2/100 Hours/Diamond/mytronlabs-000207-058.aac -> gs://100hr-data/Diamond/IMU/mytronlabs-000207-058.aac
OK    /Volumes/Samsung 990-2/100 Hours/Diamond/mytronlabs-000001-059.txt -> gs://100hr-data/Diamond/IMU/mytronlabs-000001-059.txt
OK    /Volumes/Samsung 990-2/100 Hours/Diamond/mytronlabs-000204-017.txt -> gs://100hr-data/Diamond/IMU/mytronlabs-000204-017.txt
OK    /Volumes/Samsung 990-2/100 Hours/Diamond/mytronlabs-000012-002.aac -> gs://100hr-data/Diamond/IMU/mytronlabs-000012-002.aac
OK    /Volumes/Samsung 990-2/100 Hours/Diamond/mytronlabs-000204-080.mp4 -> gs://100hr-data/Diamond/Videos/mytronlabs-000204-080.mp4
OK    /Volumes/Samsung 990-2/100 Hours/Diamond/mytronlabs-000207-070.aac -> gs://100hr-data/Diamond/IMU/mytronlabs-000207-070.aac
OK    /Volumes/Samsung 990-2/100 Hours/Diamond/mytronlabs-000207-064.aac -> gs://100hr-data/Diamond/IMU/mytronlabs-000207-064.aac
OK    /Volumes/Samsung 990-2/100 Hours/Diamond/mytronlabs-000001-065.txt -> gs://100hr-data/Diamond/IMU/mytronlabs-000001-065.txt
OK    /Volumes/Samsung 990-2/100 Hours/Diamond/mytronlabs-000204-094.mp4 -> gs://100hr-data/Diamond/Videos/mytronlabs-000204-094.mp4
OK    /Volumes/Samsung 990-2/100 Hours/Diamond/mytronlabs-000006-019.txt -> gs://100hr-data/Diamond/IMU/mytronlabs-000006-019.txt
OK    /Volumes/Samsung 990-2/100 Hours/Diamond/mytronlabs-000006-031.txt -> gs://100hr-data/Diamond/IMU/mytronlabs-000006-031.txt
OK    /Volumes/Samsung 990-2/100 Hours/Diamond/mytronlabs-000006-025.txt -> gs://100hr-data/Diamond/IMU/mytronlabs-000006-025.txt
OK    /Volumes/Samsung 990-2/100 Hours/Diamond/mytronlabs-000003-013.aac -> gs://100hr-data/Diamond/IMU/mytronlabs-000003-013.aac
OK    /Volumes/Samsung 990-2/100 Hours/Diamond/mytronlabs-000003-007.aac -> gs://100hr-data/Diamond/IMU/mytronlabs-000003-007.aac
OK    /Volumes/Samsung 990-2/100 Hours/Diamond/mytronlabs-000003-028.txt -> gs://100hr-data/Diamond/IMU/mytronlabs-000003-028.txt
OK    /Volumes/Samsung 990-2/100 Hours/Diamond/mytronlabs-000003-014.txt -> gs://100hr-data/Diamond/IMU/mytronlabs-000003-014.txt
OK    /Volumes/Samsung 990-2/100 Hours/Diamond/mytronlabs-000006-036.aac -> gs://100hr-data/Diamond/IMU/mytronlabs-000006-036.aac
OK    /Volumes/Samsung 990-2/100 Hours/Diamond/mytronlabs-000006-022.aac -> gs://100hr-data/Diamond/IMU/mytronlabs-000006-022.aac
OK    /Volumes/Samsung 990-2/100 Hours/Diamond/mytronlabs-000204-038.aac -> gs://100hr-data/Diamond/IMU/mytronlabs-000204-038.aac
OK    /Volumes/Samsung 990-2/100 Hours/Diamond/mytronlabs-000207-077.txt -> gs://100hr-data/Diamond/IMU/mytronlabs-000207-077.txt
OK    /Volumes/Samsung 990-2/100 Hours/Diamond/mytronlabs-000001-062.aac -> gs://100hr-data/Diamond/IMU/mytronlabs-000001-062.aac
OK    /Volumes/Samsung 990-2/100 Hours/Diamond/mytronlabs-000207-063.txt -> gs://100hr-data/Diamond/IMU/mytronlabs-000207-063.txt
OK    /Volumes/Samsung 990-2/100 Hours/Diamond/mytronlabs-000014-014.mp4 -> gs://100hr-data/Diamond/Videos/mytronlabs-000014-014.mp4
OK    /Volumes/Samsung 990-2/100 Hours/Diamond/mytronlabs-000012-039.txt -> gs://100hr-data/Diamond/IMU/mytronlabs-000012-039.txt
OK    /Volumes/Samsung 990-2/100 Hours/Diamond/mytronlabs-000012-011.txt -> gs://100hr-data/Diamond/IMU/mytronlabs-000012-011.txt
OK    /Volumes/Samsung 990-2/100 Hours/Diamond/mytronlabs-000204-010.aac -> gs://100hr-data/Diamond/IMU/mytronlabs-000204-010.aac
OK    /Volumes/Samsung 990-2/100 Hours/Diamond/mytronlabs-000014-028.mp4 -> gs://100hr-data/Diamond/Videos/mytronlabs-000014-028.mp4
OK    /Volumes/Samsung 990-2/100 Hours/Diamond/mytronlabs-000012-005.txt -> gs://100hr-data/Diamond/IMU/mytronlabs-000012-005.txt
OK    /Volumes/Samsung 990-2/100 Hours/Diamond/mytronlabs-000012-051.mp4 -> gs://100hr-data/Diamond/Videos/mytronlabs-000012-051.mp4
OK    /Volumes/Samsung 990-2/100 Hours/Diamond/mytronlabs-000007-027.aac -> gs://100hr-data/Diamond/IMU/mytronlabs-000007-027.aac
OK    /Volumes/Samsung 990-2/100 Hours/Diamond/mytronlabs-000012-045.mp4 -> gs://100hr-data/Diamond/Videos/mytronlabs-000012-045.mp4
OK    /Volumes/Samsung 990-2/100 Hours/Diamond/mytronlabs-000007-033.aac -> gs://100hr-data/Diamond/IMU/mytronlabs-000007-033.aac
OK    /Volumes/Samsung 990-2/100 Hours/Diamond/mytronlabs-000014-040.txt -> gs://100hr-data/Diamond/IMU/mytronlabs-000014-040.txt
OK    /Volumes/Samsung 990-2/100 Hours/Diamond/mytronlabs-000207-037.mp4 -> gs://100hr-data/Diamond/Videos/mytronlabs-000207-037.mp4
OK    /Volumes/Samsung 990-2/100 Hours/Diamond/mytronlabs-000207-088.txt -> gs://100hr-data/Diamond/IMU/mytronlabs-000207-088.txt
OK    /Volumes/Samsung 990-2/100 Hours/Diamond/mytronlabs-000207-104.aac -> gs://100hr-data/Diamond/IMU/mytronlabs-000207-104.aac
OK    /Volumes/Samsung 990-2/100 Hours/Diamond/mytronlabs-000014-054.txt -> gs://100hr-data/Diamond/IMU/mytronlabs-000014-054.txt
OK    /Volumes/Samsung 990-2/100 Hours/Diamond/mytronlabs-000207-023.mp4 -> gs://100hr-data/Diamond/Videos/mytronlabs-000207-023.mp4
OK    /Volumes/Samsung 990-2/100 Hours/Diamond/mytronlabs-000007-037.aac -> gs://100hr-data/Diamond/IMU/mytronlabs-000007-037.aac
OK    /Volumes/Samsung 990-2/100 Hours/Diamond/mytronlabs-000012-041.mp4 -> gs://100hr-data/Diamond/Videos/mytronlabs-000012-041.mp4
OK    /Volumes/Samsung 990-2/100 Hours/Diamond/mytronlabs-000007-023.aac -> gs://100hr-data/Diamond/IMU/mytronlabs-000007-023.aac
OK    /Volumes/Samsung 990-2/100 Hours/Diamond/mytronlabs-000012-055.mp4 -> gs://100hr-data/Diamond/Videos/mytronlabs-000012-055.mp4
OK    /Volumes/Samsung 990-2/100 Hours/Diamond/mytronlabs-000014-050.txt -> gs://100hr-data/Diamond/IMU/mytronlabs-000014-050.txt
OK    /Volumes/Samsung 990-2/100 Hours/Diamond/mytronlabs-000207-027.mp4 -> gs://100hr-data/Diamond/Videos/mytronlabs-000207-027.mp4
OK    /Volumes/Samsung 990-2/100 Hours/Diamond/mytronlabs-000207-098.txt -> gs://100hr-data/Diamond/IMU/mytronlabs-000207-098.txt
OK    /Volumes/Samsung 990-2/100 Hours/Diamond/mytronlabs-000207-100.aac -> gs://100hr-data/Diamond/IMU/mytronlabs-000207-100.aac
OK    /Volumes/Samsung 990-2/100 Hours/Diamond/mytronlabs-000014-044.txt -> gs://100hr-data/Diamond/IMU/mytronlabs-000014-044.txt
OK    /Volumes/Samsung 990-2/100 Hours/Diamond/mytronlabs-000207-033.mp4 -> gs://100hr-data/Diamond/Videos/mytronlabs-000207-033.mp4
OK    /Volumes/Samsung 990-2/100 Hours/Diamond/mytronlabs-000207-067.txt -> gs://100hr-data/Diamond/IMU/mytronlabs-000207-067.txt
OK    /Volumes/Samsung 990-2/100 Hours/Diamond/mytronlabs-000014-010.mp4 -> gs://100hr-data/Diamond/Videos/mytronlabs-000014-010.mp4
OK    /Volumes/Samsung 990-2/100 Hours/Diamond/mytronlabs-000001-066.aac -> gs://100hr-data/Diamond/IMU/mytronlabs-000001-066.aac
OK    /Volumes/Samsung 990-2/100 Hours/Diamond/mytronlabs-000204-028.aac -> gs://100hr-data/Diamond/IMU/mytronlabs-000204-028.aac
OK    /Volumes/Samsung 990-2/100 Hours/Diamond/mytronlabs-000207-073.txt -> gs://100hr-data/Diamond/IMU/mytronlabs-000207-073.txt
OK    /Volumes/Samsung 990-2/100 Hours/Diamond/mytronlabs-000014-004.mp4 -> gs://100hr-data/Diamond/Videos/mytronlabs-000014-004.mp4
OK    /Volumes/Samsung 990-2/100 Hours/Diamond/mytronlabs-000012-029.txt -> gs://100hr-data/Diamond/IMU/mytronlabs-000012-029.txt
OK    /Volumes/Samsung 990-2/100 Hours/Diamond/mytronlabs-000012-001.txt -> gs://100hr-data/Diamond/IMU/mytronlabs-000012-001.txt
OK    /Volumes/Samsung 990-2/100 Hours/Diamond/mytronlabs-000204-014.aac -> gs://100hr-data/Diamond/IMU/mytronlabs-000204-014.aac
OK    /Volumes/Samsung 990-2/100 Hours/Diamond/mytronlabs-000014-038.mp4 -> gs://100hr-data/Diamond/Videos/mytronlabs-000014-038.mp4
OK    /Volumes/Samsung 990-2/100 Hours/Diamond/mytronlabs-000012-015.txt -> gs://100hr-data/Diamond/IMU/mytronlabs-000012-015.txt
OK    /Volumes/Samsung 990-2/100 Hours/Diamond/mytronlabs-000006-026.aac -> gs://100hr-data/Diamond/IMU/mytronlabs-000006-026.aac
OK    /Volumes/Samsung 990-2/100 Hours/Diamond/mytronlabs-000006-032.aac -> gs://100hr-data/Diamond/IMU/mytronlabs-000006-032.aac
OK    /Volumes/Samsung 990-2/100 Hours/Diamond/mytronlabs-000003-004.txt -> gs://100hr-data/Diamond/IMU/mytronlabs-000003-004.txt
OK    /Volumes/Samsung 990-2/100 Hours/Diamond/mytronlabs-000003-010.txt -> gs://100hr-data/Diamond/IMU/mytronlabs-000003-010.txt
OK    /Volumes/Samsung 990-2/100 Hours/Diamond/mytronlabs-000003-003.aac -> gs://100hr-data/Diamond/IMU/mytronlabs-000003-003.aac
OK    /Volumes/Samsung 990-2/100 Hours/Diamond/mytronlabs-000003-017.aac -> gs://100hr-data/Diamond/IMU/mytronlabs-000003-017.aac
OK    /Volumes/Samsung 990-2/100 Hours/Diamond/mytronlabs-000006-049.mp4 -> gs://100hr-data/Diamond/Videos/mytronlabs-000006-049.mp4
OK    /Volumes/Samsung 990-2/100 Hours/Diamond/mytronlabs-000006-009.txt -> gs://100hr-data/Diamond/IMU/mytronlabs-000006-009.txt
OK    /Volumes/Samsung 990-2/100 Hours/Diamond/mytronlabs-000006-021.txt -> gs://100hr-data/Diamond/IMU/mytronlabs-000006-021.txt
OK    /Volumes/Samsung 990-2/100 Hours/Diamond/mytronlabs-000006-035.txt -> gs://100hr-data/Diamond/IMU/mytronlabs-000006-035.txt
OK    /Volumes/Samsung 990-2/100 Hours/Diamond/mytronlabs-000012-006.aac -> gs://100hr-data/Diamond/IMU/mytronlabs-000012-006.aac
OK    /Volumes/Samsung 990-2/100 Hours/Diamond/mytronlabs-000204-013.txt -> gs://100hr-data/Diamond/IMU/mytronlabs-000204-013.txt
OK    /Volumes/Samsung 990-2/100 Hours/Diamond/mytronlabs-000001-049.txt -> gs://100hr-data/Diamond/IMU/mytronlabs-000001-049.txt
OK    /Volumes/Samsung 990-2/100 Hours/Diamond/mytronlabs-000204-007.txt -> gs://100hr-data/Diamond/IMU/mytronlabs-000204-007.txt
OK    /Volumes/Samsung 990-2/100 Hours/Diamond/mytronlabs-000207-048.aac -> gs://100hr-data/Diamond/IMU/mytronlabs-000207-048.aac
OK    /Volumes/Samsung 990-2/100 Hours/Diamond/mytronlabs-000012-012.aac -> gs://100hr-data/Diamond/IMU/mytronlabs-000012-012.aac
OK    /Volumes/Samsung 990-2/100 Hours/Diamond/mytronlabs-000204-090.mp4 -> gs://100hr-data/Diamond/Videos/mytronlabs-000204-090.mp4
OK    /Volumes/Samsung 990-2/100 Hours/Diamond/mytronlabs-000001-061.txt -> gs://100hr-data/Diamond/IMU/mytronlabs-000001-061.txt
OK    /Volumes/Samsung 990-2/100 Hours/Diamond/mytronlabs-000207-060.aac -> gs://100hr-data/Diamond/IMU/mytronlabs-000207-060.aac
OK    /Volumes/Samsung 990-2/100 Hours/Diamond/mytronlabs-000207-074.aac -> gs://100hr-data/Diamond/IMU/mytronlabs-000207-074.aac
OK    /Volumes/Samsung 990-2/100 Hours/Diamond/mytronlabs-000204-084.mp4 -> gs://100hr-data/Diamond/Videos/mytronlabs-000204-084.mp4
OK    /Volumes/Samsung 990-2/100 Hours/Diamond/mytronlabs-000014-057.aac -> gs://100hr-data/Diamond/IMU/mytronlabs-000014-057.aac
OK    /Volumes/Samsung 990-2/100 Hours/Diamond/mytronlabs-000001-021.mp4 -> gs://100hr-data/Diamond/Videos/mytronlabs-000001-021.mp4
OK    /Volumes/Samsung 990-2/100 Hours/Diamond/mytronlabs-000207-107.txt -> gs://100hr-data/Diamond/IMU/mytronlabs-000207-107.txt
OK    /Volumes/Samsung 990-2/100 Hours/Diamond/mytronlabs-000014-043.aac -> gs://100hr-data/Diamond/IMU/mytronlabs-000014-043.aac
OK    /Volumes/Samsung 990-2/100 Hours/Diamond/mytronlabs-000001-035.mp4 -> gs://100hr-data/Diamond/Videos/mytronlabs-000001-035.mp4
OK    /Volumes/Samsung 990-2/100 Hours/Diamond/mytronlabs-000007-018.txt -> gs://100hr-data/Diamond/IMU/mytronlabs-000007-018.txt
OK    /Volumes/Samsung 990-2/100 Hours/Diamond/mytronlabs-000007-030.txt -> gs://100hr-data/Diamond/IMU/mytronlabs-000007-030.txt
OK    /Volumes/Samsung 990-2/100 Hours/Diamond/mytronlabs-000204-053.mp4 -> gs://100hr-data/Diamond/Videos/mytronlabs-000204-053.mp4
OK    /Volumes/Samsung 990-2/100 Hours/Diamond/mytronlabs-000001-009.mp4 -> gs://100hr-data/Diamond/Videos/mytronlabs-000001-009.mp4
OK    /Volumes/Samsung 990-2/100 Hours/Diamond/mytronlabs-000204-047.mp4 -> gs://100hr-data/Diamond/Videos/mytronlabs-000204-047.mp4
OK    /Volumes/Samsung 990-2/100 Hours/Diamond/mytronlabs-000007-024.txt -> gs://100hr-data/Diamond/IMU/mytronlabs-000007-024.txt
OK    /Volumes/Samsung 990-2/100 Hours/Diamond/mytronlabs-000001-008.mp4 -> gs://100hr-data/Diamond/Videos/mytronlabs-000001-008.mp4
OK    /Volumes/Samsung 990-2/100 Hours/Diamond/mytronlabs-000204-046.mp4 -> gs://100hr-data/Diamond/Videos/mytronlabs-000204-046.mp4
OK    /Volumes/Samsung 990-2/100 Hours/Diamond/mytronlabs-000007-025.txt -> gs://100hr-data/Diamond/IMU/mytronlabs-000007-025.txt
OK    /Volumes/Samsung 990-2/100 Hours/Diamond/mytronlabs-000007-031.txt -> gs://100hr-data/Diamond/IMU/mytronlabs-000007-031.txt
OK    /Volumes/Samsung 990-2/100 Hours/Diamond/mytronlabs-000204-052.mp4 -> gs://100hr-data/Diamond/Videos/mytronlabs-000204-052.mp4
OK    /Volumes/Samsung 990-2/100 Hours/Diamond/mytronlabs-000001-034.mp4 -> gs://100hr-data/Diamond/Videos/mytronlabs-000001-034.mp4
OK    /Volumes/Samsung 990-2/100 Hours/Diamond/mytronlabs-000014-042.aac -> gs://100hr-data/Diamond/IMU/mytronlabs-000014-042.aac
OK    /Volumes/Samsung 990-2/100 Hours/Diamond/mytronlabs-000207-106.txt -> gs://100hr-data/Diamond/IMU/mytronlabs-000207-106.txt
OK    /Volumes/Samsung 990-2/100 Hours/Diamond/mytronlabs-000007-019.txt -> gs://100hr-data/Diamond/IMU/mytronlabs-000007-019.txt
OK    /Volumes/Samsung 990-2/100 Hours/Diamond/mytronlabs-000001-020.mp4 -> gs://100hr-data/Diamond/Videos/mytronlabs-000001-020.mp4
OK    /Volumes/Samsung 990-2/100 Hours/Diamond/mytronlabs-000014-056.aac -> gs://100hr-data/Diamond/IMU/mytronlabs-000014-056.aac
OK    /Volumes/Samsung 990-2/100 Hours/Diamond/mytronlabs-000204-085.mp4 -> gs://100hr-data/Diamond/Videos/mytronlabs-000204-085.mp4
OK    /Volumes/Samsung 990-2/100 Hours/Diamond/mytronlabs-000207-075.aac -> gs://100hr-data/Diamond/IMU/mytronlabs-000207-075.aac
OK    /Volumes/Samsung 990-2/100 Hours/Diamond/mytronlabs-000207-061.aac -> gs://100hr-data/Diamond/IMU/mytronlabs-000207-061.aac
OK    /Volumes/Samsung 990-2/100 Hours/Diamond/mytronlabs-000001-060.txt -> gs://100hr-data/Diamond/IMU/mytronlabs-000001-060.txt
OK    /Volumes/Samsung 990-2/100 Hours/Diamond/mytronlabs-000204-091.mp4 -> gs://100hr-data/Diamond/Videos/mytronlabs-000204-091.mp4
OK    /Volumes/Samsung 990-2/100 Hours/Diamond/mytronlabs-000207-049.aac -> gs://100hr-data/Diamond/IMU/mytronlabs-000207-049.aac
OK    /Volumes/Samsung 990-2/100 Hours/Diamond/mytronlabs-000001-048.txt -> gs://100hr-data/Diamond/IMU/mytronlabs-000001-048.txt
OK    /Volumes/Samsung 990-2/100 Hours/Diamond/mytronlabs-000204-006.txt -> gs://100hr-data/Diamond/IMU/mytronlabs-000204-006.txt
OK    /Volumes/Samsung 990-2/100 Hours/Diamond/mytronlabs-000012-013.aac -> gs://100hr-data/Diamond/IMU/mytronlabs-000012-013.aac
OK    /Volumes/Samsung 990-2/100 Hours/Diamond/mytronlabs-000012-007.aac -> gs://100hr-data/Diamond/IMU/mytronlabs-000012-007.aac
OK    /Volumes/Samsung 990-2/100 Hours/Diamond/mytronlabs-000204-012.txt -> gs://100hr-data/Diamond/IMU/mytronlabs-000204-012.txt
OK    /Volumes/Samsung 990-2/100 Hours/Diamond/mytronlabs-000006-034.txt -> gs://100hr-data/Diamond/IMU/mytronlabs-000006-034.txt
OK    /Volumes/Samsung 990-2/100 Hours/Diamond/mytronlabs-000006-020.txt -> gs://100hr-data/Diamond/IMU/mytronlabs-000006-020.txt
OK    /Volumes/Samsung 990-2/100 Hours/Diamond/mytronlabs-000006-008.txt -> gs://100hr-data/Diamond/IMU/mytronlabs-000006-008.txt
OK    /Volumes/Samsung 990-2/100 Hours/Diamond/mytronlabs-000006-048.mp4 -> gs://100hr-data/Diamond/Videos/mytronlabs-000006-048.mp4
OK    /Volumes/Samsung 990-2/100 Hours/Diamond/mytronlabs-000003-016.aac -> gs://100hr-data/Diamond/IMU/mytronlabs-000003-016.aac
OK    /Volumes/Samsung 990-2/100 Hours/Diamond/mytronlabs-000003-002.aac -> gs://100hr-data/Diamond/IMU/mytronlabs-000003-002.aac
OK    /Volumes/Samsung 990-2/100 Hours/Diamond/mytronlabs-000003-011.txt -> gs://100hr-data/Diamond/IMU/mytronlabs-000003-011.txt
OK    /Volumes/Samsung 990-2/100 Hours/Diamond/mytronlabs-000003-005.txt -> gs://100hr-data/Diamond/IMU/mytronlabs-000003-005.txt
OK    /Volumes/Samsung 990-2/100 Hours/Diamond/mytronlabs-000006-033.aac -> gs://100hr-data/Diamond/IMU/mytronlabs-000006-033.aac
OK    /Volumes/Samsung 990-2/100 Hours/Diamond/mytronlabs-000006-027.aac -> gs://100hr-data/Diamond/IMU/mytronlabs-000006-027.aac
OK    /Volumes/Samsung 990-2/100 Hours/Diamond/mytronlabs-000014-039.mp4 -> gs://100hr-data/Diamond/Videos/mytronlabs-000014-039.mp4
OK    /Volumes/Samsung 990-2/100 Hours/Diamond/mytronlabs-000012-014.txt -> gs://100hr-data/Diamond/IMU/mytronlabs-000012-014.txt
OK    /Volumes/Samsung 990-2/100 Hours/Diamond/mytronlabs-000204-015.aac -> gs://100hr-data/Diamond/IMU/mytronlabs-000204-015.aac
OK    /Volumes/Samsung 990-2/100 Hours/Diamond/mytronlabs-000014-005.mp4 -> gs://100hr-data/Diamond/Videos/mytronlabs-000014-005.mp4
OK    /Volumes/Samsung 990-2/100 Hours/Diamond/mytronlabs-000207-072.txt -> gs://100hr-data/Diamond/IMU/mytronlabs-000207-072.txt
OK    /Volumes/Samsung 990-2/100 Hours/Diamond/mytronlabs-000012-028.txt -> gs://100hr-data/Diamond/IMU/mytronlabs-000012-028.txt
OK    /Volumes/Samsung 990-2/100 Hours/Diamond/mytronlabs-000204-029.aac -> gs://100hr-data/Diamond/IMU/mytronlabs-000204-029.aac
OK    /Volumes/Samsung 990-2/100 Hours/Diamond/mytronlabs-000014-011.mp4 -> gs://100hr-data/Diamond/Videos/mytronlabs-000014-011.mp4
OK    /Volumes/Samsung 990-2/100 Hours/Diamond/mytronlabs-000207-066.txt -> gs://100hr-data/Diamond/IMU/mytronlabs-000207-066.txt
OK    /Volumes/Samsung 990-2/100 Hours/Diamond/mytronlabs-000207-032.mp4 -> gs://100hr-data/Diamond/Videos/mytronlabs-000207-032.mp4
OK    /Volumes/Samsung 990-2/100 Hours/Diamond/mytronlabs-000014-045.txt -> gs://100hr-data/Diamond/IMU/mytronlabs-000014-045.txt
OK    /Volumes/Samsung 990-2/100 Hours/Diamond/mytronlabs-000207-101.aac -> gs://100hr-data/Diamond/IMU/mytronlabs-000207-101.aac
OK    /Volumes/Samsung 990-2/100 Hours/Diamond/mytronlabs-000207-099.txt -> gs://100hr-data/Diamond/IMU/mytronlabs-000207-099.txt
OK    /Volumes/Samsung 990-2/100 Hours/Diamond/mytronlabs-000207-026.mp4 -> gs://100hr-data/Diamond/Videos/mytronlabs-000207-026.mp4
OK    /Volumes/Samsung 990-2/100 Hours/Diamond/mytronlabs-000014-051.txt -> gs://100hr-data/Diamond/IMU/mytronlabs-000014-051.txt
OK    /Volumes/Samsung 990-2/100 Hours/Diamond/mytronlabs-000012-054.mp4 -> gs://100hr-data/Diamond/Videos/mytronlabs-000012-054.mp4
OK    /Volumes/Samsung 990-2/100 Hours/Diamond/mytronlabs-000007-022.aac -> gs://100hr-data/Diamond/IMU/mytronlabs-000007-022.aac
OK    /Volumes/Samsung 990-2/100 Hours/Diamond/mytronlabs-000012-040.mp4 -> gs://100hr-data/Diamond/Videos/mytronlabs-000012-040.mp4
OK    /Volumes/Samsung 990-2/100 Hours/Diamond/mytronlabs-000007-036.aac -> gs://100hr-data/Diamond/IMU/mytronlabs-000007-036.aac
OK    /Volumes/Samsung 990-2/100 Hours/Diamond/mytronlabs-000007-020.aac -> gs://100hr-data/Diamond/IMU/mytronlabs-000007-020.aac
OK    /Volumes/Samsung 990-2/100 Hours/Diamond/mytronlabs-000012-056.mp4 -> gs://100hr-data/Diamond/Videos/mytronlabs-000012-056.mp4
OK    /Volumes/Samsung 990-2/100 Hours/Diamond/mytronlabs-000207-018.mp4 -> gs://100hr-data/Diamond/Videos/mytronlabs-000207-018.mp4
OK    /Volumes/Samsung 990-2/100 Hours/Diamond/mytronlabs-000007-034.aac -> gs://100hr-data/Diamond/IMU/mytronlabs-000007-034.aac
OK    /Volumes/Samsung 990-2/100 Hours/Diamond/mytronlabs-000012-042.mp4 -> gs://100hr-data/Diamond/Videos/mytronlabs-000012-042.mp4
OK    /Volumes/Samsung 990-2/100 Hours/Diamond/mytronlabs-000207-103.aac -> gs://100hr-data/Diamond/IMU/mytronlabs-000207-103.aac
OK    /Volumes/Samsung 990-2/100 Hours/Diamond/mytronlabs-000014-047.txt -> gs://100hr-data/Diamond/IMU/mytronlabs-000014-047.txt
OK    /Volumes/Samsung 990-2/100 Hours/Diamond/mytronlabs-000207-030.mp4 -> gs://100hr-data/Diamond/Videos/mytronlabs-000207-030.mp4
OK    /Volumes/Samsung 990-2/100 Hours/Diamond/mytronlabs-000014-053.txt -> gs://100hr-data/Diamond/IMU/mytronlabs-000014-053.txt
OK    /Volumes/Samsung 990-2/100 Hours/Diamond/mytronlabs-000207-024.mp4 -> gs://100hr-data/Diamond/Videos/mytronlabs-000207-024.mp4
OK    /Volumes/Samsung 990-2/100 Hours/Diamond/mytronlabs-000007-008.aac -> gs://100hr-data/Diamond/IMU/mytronlabs-000007-008.aac
OK    /Volumes/Samsung 990-2/100 Hours/Diamond/mytronlabs-000207-070.txt -> gs://100hr-data/Diamond/IMU/mytronlabs-000207-070.txt
OK    /Volumes/Samsung 990-2/100 Hours/Diamond/mytronlabs-000014-007.mp4 -> gs://100hr-data/Diamond/Videos/mytronlabs-000014-007.mp4
OK    /Volumes/Samsung 990-2/100 Hours/Diamond/mytronlabs-000207-064.txt -> gs://100hr-data/Diamond/IMU/mytronlabs-000207-064.txt
OK    /Volumes/Samsung 990-2/100 Hours/Diamond/mytronlabs-000014-013.mp4 -> gs://100hr-data/Diamond/Videos/mytronlabs-000014-013.mp4
OK    /Volumes/Samsung 990-2/100 Hours/Diamond/mytronlabs-000001-065.aac -> gs://100hr-data/Diamond/IMU/mytronlabs-000001-065.aac
OK    /Volumes/Samsung 990-2/100 Hours/Diamond/mytronlabs-000012-016.txt -> gs://100hr-data/Diamond/IMU/mytronlabs-000012-016.txt
OK    /Volumes/Samsung 990-2/100 Hours/Diamond/mytronlabs-000207-058.txt -> gs://100hr-data/Diamond/IMU/mytronlabs-000207-058.txt
OK    /Volumes/Samsung 990-2/100 Hours/Diamond/mytronlabs-000204-017.aac -> gs://100hr-data/Diamond/IMU/mytronlabs-000204-017.aac
OK    /Volumes/Samsung 990-2/100 Hours/Diamond/mytronlabs-000001-059.aac -> gs://100hr-data/Diamond/IMU/mytronlabs-000001-059.aac
OK    /Volumes/Samsung 990-2/100 Hours/Diamond/mytronlabs-000012-002.txt -> gs://100hr-data/Diamond/IMU/mytronlabs-000012-002.txt
OK    /Volumes/Samsung 990-2/100 Hours/Diamond/mytronlabs-000006-031.aac -> gs://100hr-data/Diamond/IMU/mytronlabs-000006-031.aac
OK    /Volumes/Samsung 990-2/100 Hours/Diamond/mytronlabs-000006-025.aac -> gs://100hr-data/Diamond/IMU/mytronlabs-000006-025.aac
OK    /Volumes/Samsung 990-2/100 Hours/Diamond/mytronlabs-000006-019.aac -> gs://100hr-data/Diamond/IMU/mytronlabs-000006-019.aac
OK    /Volumes/Samsung 990-2/100 Hours/Diamond/mytronlabs-000003-013.txt -> gs://100hr-data/Diamond/IMU/mytronlabs-000003-013.txt
OK    /Volumes/Samsung 990-2/100 Hours/Diamond/mytronlabs-000003-007.txt -> gs://100hr-data/Diamond/IMU/mytronlabs-000003-007.txt
OK    /Volumes/Samsung 990-2/100 Hours/Diamond/mytronlabs-000003-014.aac -> gs://100hr-data/Diamond/IMU/mytronlabs-000003-014.aac
OK    /Volumes/Samsung 990-2/100 Hours/Diamond/mytronlabs-000003-028.aac -> gs://100hr-data/Diamond/IMU/mytronlabs-000003-028.aac
OK    /Volumes/Samsung 990-2/100 Hours/Diamond/mytronlabs-000006-036.txt -> gs://100hr-data/Diamond/IMU/mytronlabs-000006-036.txt
OK    /Volumes/Samsung 990-2/100 Hours/Diamond/mytronlabs-000006-022.txt -> gs://100hr-data/Diamond/IMU/mytronlabs-000006-022.txt
OK    /Volumes/Samsung 990-2/100 Hours/Diamond/mytronlabs-000012-011.aac -> gs://100hr-data/Diamond/IMU/mytronlabs-000012-011.aac
OK    /Volumes/Samsung 990-2/100 Hours/Diamond/mytronlabs-000204-010.txt -> gs://100hr-data/Diamond/IMU/mytronlabs-000204-010.txt
OK    /Volumes/Samsung 990-2/100 Hours/Diamond/mytronlabs-000012-005.aac -> gs://100hr-data/Diamond/IMU/mytronlabs-000012-005.aac
OK    /Volumes/Samsung 990-2/100 Hours/Diamond/mytronlabs-000204-038.txt -> gs://100hr-data/Diamond/IMU/mytronlabs-000204-038.txt
OK    /Volumes/Samsung 990-2/100 Hours/Diamond/mytronlabs-000207-077.aac -> gs://100hr-data/Diamond/IMU/mytronlabs-000207-077.aac
OK    /Volumes/Samsung 990-2/100 Hours/Diamond/mytronlabs-000204-087.mp4 -> gs://100hr-data/Diamond/Videos/mytronlabs-000204-087.mp4
OK    /Volumes/Samsung 990-2/100 Hours/Diamond/mytronlabs-000204-093.mp4 -> gs://100hr-data/Diamond/Videos/mytronlabs-000204-093.mp4
OK    /Volumes/Samsung 990-2/100 Hours/Diamond/mytronlabs-000001-062.txt -> gs://100hr-data/Diamond/IMU/mytronlabs-000001-062.txt
OK    /Volumes/Samsung 990-2/100 Hours/Diamond/mytronlabs-000207-063.aac -> gs://100hr-data/Diamond/IMU/mytronlabs-000207-063.aac
OK    /Volumes/Samsung 990-2/100 Hours/Diamond/mytronlabs-000012-039.aac -> gs://100hr-data/Diamond/IMU/mytronlabs-000012-039.aac
OK    /Volumes/Samsung 990-2/100 Hours/Diamond/mytronlabs-000207-088.aac -> gs://100hr-data/Diamond/IMU/mytronlabs-000207-088.aac
OK    /Volumes/Samsung 990-2/100 Hours/Diamond/mytronlabs-000207-104.txt -> gs://100hr-data/Diamond/IMU/mytronlabs-000207-104.txt
OK    /Volumes/Samsung 990-2/100 Hours/Diamond/mytronlabs-000014-040.aac -> gs://100hr-data/Diamond/IMU/mytronlabs-000014-040.aac
OK    /Volumes/Samsung 990-2/100 Hours/Diamond/mytronlabs-000204-078.mp4 -> gs://100hr-data/Diamond/Videos/mytronlabs-000204-078.mp4
OK    /Volumes/Samsung 990-2/100 Hours/Diamond/mytronlabs-000001-036.mp4 -> gs://100hr-data/Diamond/Videos/mytronlabs-000001-036.mp4
OK    /Volumes/Samsung 990-2/100 Hours/Diamond/mytronlabs-000014-054.aac -> gs://100hr-data/Diamond/IMU/mytronlabs-000014-054.aac
OK    /Volumes/Samsung 990-2/100 Hours/Diamond/mytronlabs-000001-022.mp4 -> gs://100hr-data/Diamond/Videos/mytronlabs-000001-022.mp4
OK    /Volumes/Samsung 990-2/100 Hours/Diamond/mytronlabs-000007-027.txt -> gs://100hr-data/Diamond/IMU/mytronlabs-000007-027.txt
OK    /Volumes/Samsung 990-2/100 Hours/Diamond/mytronlabs-000204-044.mp4 -> gs://100hr-data/Diamond/Videos/mytronlabs-000204-044.mp4
OK    /Volumes/Samsung 990-2/100 Hours/Diamond/mytronlabs-000204-050.mp4 -> gs://100hr-data/Diamond/Videos/mytronlabs-000204-050.mp4
OK    /Volumes/Samsung 990-2/100 Hours/Diamond/mytronlabs-000007-033.txt -> gs://100hr-data/Diamond/IMU/mytronlabs-000007-033.txt
OK    /Volumes/Samsung 990-2/100 Hours/Diamond/mytronlabs-000204-051.mp4 -> gs://100hr-data/Diamond/Videos/mytronlabs-000204-051.mp4
OK    /Volumes/Samsung 990-2/100 Hours/Diamond/mytronlabs-000007-032.txt -> gs://100hr-data/Diamond/IMU/mytronlabs-000007-032.txt
OK    /Volumes/Samsung 990-2/100 Hours/Diamond/mytronlabs-000007-026.txt -> gs://100hr-data/Diamond/IMU/mytronlabs-000007-026.txt
OK    /Volumes/Samsung 990-2/100 Hours/Diamond/mytronlabs-000204-045.mp4 -> gs://100hr-data/Diamond/Videos/mytronlabs-000204-045.mp4
OK    /Volumes/Samsung 990-2/100 Hours/Diamond/mytronlabs-000001-023.mp4 -> gs://100hr-data/Diamond/Videos/mytronlabs-000001-023.mp4
OK    /Volumes/Samsung 990-2/100 Hours/Diamond/mytronlabs-000014-055.aac -> gs://100hr-data/Diamond/IMU/mytronlabs-000014-055.aac
OK    /Volumes/Samsung 990-2/100 Hours/Diamond/mytronlabs-000204-079.mp4 -> gs://100hr-data/Diamond/Videos/mytronlabs-000204-079.mp4
OK    /Volumes/Samsung 990-2/100 Hours/Diamond/mytronlabs-000001-037.mp4 -> gs://100hr-data/Diamond/Videos/mytronlabs-000001-037.mp4
OK    /Volumes/Samsung 990-2/100 Hours/Diamond/mytronlabs-000014-041.aac -> gs://100hr-data/Diamond/IMU/mytronlabs-000014-041.aac
OK    /Volumes/Samsung 990-2/100 Hours/Diamond/mytronlabs-000207-105.txt -> gs://100hr-data/Diamond/IMU/mytronlabs-000207-105.txt
OK    /Volumes/Samsung 990-2/100 Hours/Diamond/mytronlabs-000207-089.aac -> gs://100hr-data/Diamond/IMU/mytronlabs-000207-089.aac
OK    /Volumes/Samsung 990-2/100 Hours/Diamond/mytronlabs-000207-062.aac -> gs://100hr-data/Diamond/IMU/mytronlabs-000207-062.aac
OK    /Volumes/Samsung 990-2/100 Hours/Diamond/mytronlabs-000001-063.txt -> gs://100hr-data/Diamond/IMU/mytronlabs-000001-063.txt
OK    /Volumes/Samsung 990-2/100 Hours/Diamond/mytronlabs-000204-092.mp4 -> gs://100hr-data/Diamond/Videos/mytronlabs-000204-092.mp4
OK    /Volumes/Samsung 990-2/100 Hours/Diamond/mytronlabs-000012-038.aac -> gs://100hr-data/Diamond/IMU/mytronlabs-000012-038.aac
OK    /Volumes/Samsung 990-2/100 Hours/Diamond/mytronlabs-000204-086.mp4 -> gs://100hr-data/Diamond/Videos/mytronlabs-000204-086.mp4
OK    /Volumes/Samsung 990-2/100 Hours/Diamond/mytronlabs-000207-076.aac -> gs://100hr-data/Diamond/IMU/mytronlabs-000207-076.aac
OK    /Volumes/Samsung 990-2/100 Hours/Diamond/mytronlabs-000204-039.txt -> gs://100hr-data/Diamond/IMU/mytronlabs-000204-039.txt
OK    /Volumes/Samsung 990-2/100 Hours/Diamond/mytronlabs-000204-011.txt -> gs://100hr-data/Diamond/IMU/mytronlabs-000204-011.txt
OK    /Volumes/Samsung 990-2/100 Hours/Diamond/mytronlabs-000012-004.aac -> gs://100hr-data/Diamond/IMU/mytronlabs-000012-004.aac
OK    /Volumes/Samsung 990-2/100 Hours/Diamond/mytronlabs-000012-010.aac -> gs://100hr-data/Diamond/IMU/mytronlabs-000012-010.aac
OK    /Volumes/Samsung 990-2/100 Hours/Diamond/mytronlabs-000006-023.txt -> gs://100hr-data/Diamond/IMU/mytronlabs-000006-023.txt
OK    /Volumes/Samsung 990-2/100 Hours/Diamond/mytronlabs-000006-037.txt -> gs://100hr-data/Diamond/IMU/mytronlabs-000006-037.txt
OK    /Volumes/Samsung 990-2/100 Hours/Diamond/mytronlabs-000003-029.aac -> gs://100hr-data/Diamond/IMU/mytronlabs-000003-029.aac
OK    /Volumes/Samsung 990-2/100 Hours/Diamond/mytronlabs-000003-001.aac -> gs://100hr-data/Diamond/IMU/mytronlabs-000003-001.aac
OK    /Volumes/Samsung 990-2/100 Hours/Diamond/mytronlabs-000003-015.aac -> gs://100hr-data/Diamond/IMU/mytronlabs-000003-015.aac
OK    /Volumes/Samsung 990-2/100 Hours/Diamond/mytronlabs-000003-006.txt -> gs://100hr-data/Diamond/IMU/mytronlabs-000003-006.txt
OK    /Volumes/Samsung 990-2/100 Hours/Diamond/mytronlabs-000003-012.txt -> gs://100hr-data/Diamond/IMU/mytronlabs-000003-012.txt
OK    /Volumes/Samsung 990-2/100 Hours/Diamond/mytronlabs-000006-018.aac -> gs://100hr-data/Diamond/IMU/mytronlabs-000006-018.aac
OK    /Volumes/Samsung 990-2/100 Hours/Diamond/mytronlabs-000006-024.aac -> gs://100hr-data/Diamond/IMU/mytronlabs-000006-024.aac
OK    /Volumes/Samsung 990-2/100 Hours/Diamond/mytronlabs-000006-030.aac -> gs://100hr-data/Diamond/IMU/mytronlabs-000006-030.aac
OK    /Volumes/Samsung 990-2/100 Hours/Diamond/mytronlabs-000204-016.aac -> gs://100hr-data/Diamond/IMU/mytronlabs-000204-016.aac
OK    /Volumes/Samsung 990-2/100 Hours/Diamond/mytronlabs-000001-058.aac -> gs://100hr-data/Diamond/IMU/mytronlabs-000001-058.aac
OK    /Volumes/Samsung 990-2/100 Hours/Diamond/mytronlabs-000207-059.txt -> gs://100hr-data/Diamond/IMU/mytronlabs-000207-059.txt
OK    /Volumes/Samsung 990-2/100 Hours/Diamond/mytronlabs-000012-003.txt -> gs://100hr-data/Diamond/IMU/mytronlabs-000012-003.txt
OK    /Volumes/Samsung 990-2/100 Hours/Diamond/mytronlabs-000012-017.txt -> gs://100hr-data/Diamond/IMU/mytronlabs-000012-017.txt
OK    /Volumes/Samsung 990-2/100 Hours/Diamond/mytronlabs-000001-064.aac -> gs://100hr-data/Diamond/IMU/mytronlabs-000001-064.aac
OK    /Volumes/Samsung 990-2/100 Hours/Diamond/mytronlabs-000014-012.mp4 -> gs://100hr-data/Diamond/Videos/mytronlabs-000014-012.mp4
OK    /Volumes/Samsung 990-2/100 Hours/Diamond/mytronlabs-000207-065.txt -> gs://100hr-data/Diamond/IMU/mytronlabs-000207-065.txt
OK    /Volumes/Samsung 990-2/100 Hours/Diamond/mytronlabs-000014-006.mp4 -> gs://100hr-data/Diamond/Videos/mytronlabs-000014-006.mp4
OK    /Volumes/Samsung 990-2/100 Hours/Diamond/mytronlabs-000207-071.txt -> gs://100hr-data/Diamond/IMU/mytronlabs-000207-071.txt
OK    /Volumes/Samsung 990-2/100 Hours/Diamond/mytronlabs-000207-025.mp4 -> gs://100hr-data/Diamond/Videos/mytronlabs-000207-025.mp4
OK    /Volumes/Samsung 990-2/100 Hours/Diamond/mytronlabs-000014-052.txt -> gs://100hr-data/Diamond/IMU/mytronlabs-000014-052.txt
OK    /Volumes/Samsung 990-2/100 Hours/Diamond/mytronlabs-000007-009.aac -> gs://100hr-data/Diamond/IMU/mytronlabs-000007-009.aac
OK    /Volumes/Samsung 990-2/100 Hours/Diamond/mytronlabs-000207-031.mp4 -> gs://100hr-data/Diamond/Videos/mytronlabs-000207-031.mp4
OK    /Volumes/Samsung 990-2/100 Hours/Diamond/mytronlabs-000014-046.txt -> gs://100hr-data/Diamond/IMU/mytronlabs-000014-046.txt
OK    /Volumes/Samsung 990-2/100 Hours/Diamond/mytronlabs-000207-102.aac -> gs://100hr-data/Diamond/IMU/mytronlabs-000207-102.aac
OK    /Volumes/Samsung 990-2/100 Hours/Diamond/mytronlabs-000207-019.mp4 -> gs://100hr-data/Diamond/Videos/mytronlabs-000207-019.mp4
OK    /Volumes/Samsung 990-2/100 Hours/Diamond/mytronlabs-000012-043.mp4 -> gs://100hr-data/Diamond/Videos/mytronlabs-000012-043.mp4
OK    /Volumes/Samsung 990-2/100 Hours/Diamond/mytronlabs-000007-035.aac -> gs://100hr-data/Diamond/IMU/mytronlabs-000007-035.aac
OK    /Volumes/Samsung 990-2/100 Hours/Diamond/mytronlabs-000012-057.mp4 -> gs://100hr-data/Diamond/Videos/mytronlabs-000012-057.mp4
OK    /Volumes/Samsung 990-2/100 Hours/Diamond/mytronlabs-000007-021.aac -> gs://100hr-data/Diamond/IMU/mytronlabs-000007-021.aac
OK    /Volumes/Samsung 990-2/100 Hours/Diamond/mytronlabs-000207-056.mp4 -> gs://100hr-data/Diamond/Videos/mytronlabs-000207-056.mp4
OK    /Volumes/Samsung 990-2/100 Hours/Diamond/mytronlabs-000014-021.txt -> gs://100hr-data/Diamond/IMU/mytronlabs-000014-021.txt
OK    /Volumes/Samsung 990-2/100 Hours/Diamond/mytronlabs-000207-042.mp4 -> gs://100hr-data/Diamond/Videos/mytronlabs-000207-042.mp4
OK    /Volumes/Samsung 990-2/100 Hours/Diamond/mytronlabs-000014-035.txt -> gs://100hr-data/Diamond/IMU/mytronlabs-000014-035.txt
OK    /Volumes/Samsung 990-2/100 Hours/Diamond/mytronlabs-000012-018.mp4 -> gs://100hr-data/Diamond/Videos/mytronlabs-000012-018.mp4
OK    /Volumes/Samsung 990-2/100 Hours/Diamond/mytronlabs-000007-046.aac -> gs://100hr-data/Diamond/IMU/mytronlabs-000007-046.aac
OK    /Volumes/Samsung 990-2/100 Hours/Diamond/mytronlabs-000012-030.mp4 -> gs://100hr-data/Diamond/Videos/mytronlabs-000012-030.mp4
OK    /Volumes/Samsung 990-2/100 Hours/Diamond/mytronlabs-000204-116.txt -> gs://100hr-data/Diamond/IMU/mytronlabs-000204-116.txt
OK    /Volumes/Samsung 990-2/100 Hours/Diamond/mytronlabs-000014-009.txt -> gs://100hr-data/Diamond/IMU/mytronlabs-000014-009.txt
OK    /Volumes/Samsung 990-2/100 Hours/Diamond/mytronlabs-000204-102.txt -> gs://100hr-data/Diamond/IMU/mytronlabs-000204-102.txt
OK    /Volumes/Samsung 990-2/100 Hours/Diamond/mytronlabs-000012-024.mp4 -> gs://100hr-data/Diamond/Videos/mytronlabs-000012-024.mp4
OK    /Volumes/Samsung 990-2/100 Hours/Diamond/mytronlabs-000204-065.aac -> gs://100hr-data/Diamond/IMU/mytronlabs-000204-065.aac
OK    /Volumes/Samsung 990-2/100 Hours/Diamond/mytronlabs-000207-095.mp4 -> gs://100hr-data/Diamond/Videos/mytronlabs-000207-095.mp4
OK    /Volumes/Samsung 990-2/100 Hours/Diamond/mytronlabs-000207-081.mp4 -> gs://100hr-data/Diamond/Videos/mytronlabs-000207-081.mp4
OK    /Volumes/Samsung 990-2/100 Hours/Diamond/mytronlabs-000014-049.mp4 -> gs://100hr-data/Diamond/Videos/mytronlabs-000014-049.mp4
OK    /Volumes/Samsung 990-2/100 Hours/Diamond/mytronlabs-000204-071.aac -> gs://100hr-data/Diamond/IMU/mytronlabs-000204-071.aac
OK    /Volumes/Samsung 990-2/100 Hours/Diamond/mytronlabs-000014-061.mp4 -> gs://100hr-data/Diamond/Videos/mytronlabs-000014-061.mp4
OK    /Volumes/Samsung 990-2/100 Hours/Diamond/mytronlabs-000207-016.txt -> gs://100hr-data/Diamond/IMU/mytronlabs-000207-016.txt
OK    /Volumes/Samsung 990-2/100 Hours/Diamond/mytronlabs-000001-017.aac -> gs://100hr-data/Diamond/IMU/mytronlabs-000001-017.aac
OK    /Volumes/Samsung 990-2/100 Hours/Diamond/mytronlabs-000204-059.aac -> gs://100hr-data/Diamond/IMU/mytronlabs-000204-059.aac
OK    /Volumes/Samsung 990-2/100 Hours/Diamond/mytronlabs-000001-003.aac -> gs://100hr-data/Diamond/IMU/mytronlabs-000001-003.aac
OK    /Volumes/Samsung 990-2/100 Hours/Diamond/mytronlabs-000012-058.txt -> gs://100hr-data/Diamond/IMU/mytronlabs-000012-058.txt
OK    /Volumes/Samsung 990-2/100 Hours/Diamond/mytronlabs-000003-009.mp4 -> gs://100hr-data/Diamond/Videos/mytronlabs-000003-009.mp4
OK    /Volumes/Samsung 990-2/100 Hours/Diamond/mytronlabs-000006-043.aac -> gs://100hr-data/Diamond/IMU/mytronlabs-000006-043.aac
OK    /Volumes/Samsung 990-2/100 Hours/Diamond/mytronlabs-000003-021.mp4 -> gs://100hr-data/Diamond/Videos/mytronlabs-000003-021.mp4
OK    /Volumes/Samsung 990-2/100 Hours/Diamond/mytronlabs-000006-038.mp4 -> gs://100hr-data/Diamond/Videos/mytronlabs-000006-038.mp4
OK    /Volumes/Samsung 990-2/100 Hours/Diamond/mytronlabs-000006-010.mp4 -> gs://100hr-data/Diamond/Videos/mytronlabs-000006-010.mp4
OK    /Volumes/Samsung 990-2/100 Hours/Diamond/mytronlabs-000006-004.mp4 -> gs://100hr-data/Diamond/Videos/mytronlabs-000006-004.mp4
OK    /Volumes/Samsung 990-2/100 Hours/Diamond/mytronlabs-000006-050.txt -> gs://100hr-data/Diamond/IMU/mytronlabs-000006-050.txt
OK    /Volumes/Samsung 990-2/100 Hours/Diamond/mytronlabs-000006-044.txt -> gs://100hr-data/Diamond/IMU/mytronlabs-000006-044.txt
OK    /Volumes/Samsung 990-2/100 Hours/Diamond/mytronlabs-000001-010.txt -> gs://100hr-data/Diamond/IMU/mytronlabs-000001-010.txt
OK    /Volumes/Samsung 990-2/100 Hours/Diamond/mytronlabs-000001-004.txt -> gs://100hr-data/Diamond/IMU/mytronlabs-000001-004.txt
OK    /Volumes/Samsung 990-2/100 Hours/Diamond/mytronlabs-000007-029.mp4 -> gs://100hr-data/Diamond/Videos/mytronlabs-000007-029.mp4
OK    /Volumes/Samsung 990-2/100 Hours/Diamond/mytronlabs-000204-062.txt -> gs://100hr-data/Diamond/IMU/mytronlabs-000204-062.txt
OK    /Volumes/Samsung 990-2/100 Hours/Diamond/mytronlabs-000001-038.txt -> gs://100hr-data/Diamond/IMU/mytronlabs-000001-038.txt
OK    /Volumes/Samsung 990-2/100 Hours/Diamond/mytronlabs-000204-076.txt -> gs://100hr-data/Diamond/IMU/mytronlabs-000204-076.txt
OK    /Volumes/Samsung 990-2/100 Hours/Diamond/mytronlabs-000207-039.aac -> gs://100hr-data/Diamond/IMU/mytronlabs-000207-039.aac
OK    /Volumes/Samsung 990-2/100 Hours/Diamond/mytronlabs-000007-015.mp4 -> gs://100hr-data/Diamond/Videos/mytronlabs-000007-015.mp4
OK    /Volumes/Samsung 990-2/100 Hours/Diamond/mytronlabs-000007-041.txt -> gs://100hr-data/Diamond/IMU/mytronlabs-000007-041.txt
OK    /Volumes/Samsung 990-2/100 Hours/Diamond/mytronlabs-000204-111.aac -> gs://100hr-data/Diamond/IMU/mytronlabs-000204-111.aac
OK    /Volumes/Samsung 990-2/100 Hours/Diamond/mytronlabs-000204-022.mp4 -> gs://100hr-data/Diamond/Videos/mytronlabs-000204-022.mp4
OK    /Volumes/Samsung 990-2/100 Hours/Diamond/mytronlabs-000204-036.mp4 -> gs://100hr-data/Diamond/Videos/mytronlabs-000204-036.mp4
OK    /Volumes/Samsung 990-2/100 Hours/Diamond/mytronlabs-000204-105.aac -> gs://100hr-data/Diamond/IMU/mytronlabs-000204-105.aac
OK    /Volumes/Samsung 990-2/100 Hours/Diamond/mytronlabs-000204-089.txt -> gs://100hr-data/Diamond/IMU/mytronlabs-000204-089.txt
OK    /Volumes/Samsung 990-2/100 Hours/Diamond/mytronlabs-000014-026.aac -> gs://100hr-data/Diamond/IMU/mytronlabs-000014-026.aac
OK    /Volumes/Samsung 990-2/100 Hours/Diamond/mytronlabs-000001-050.mp4 -> gs://100hr-data/Diamond/Videos/mytronlabs-000001-050.mp4
OK    /Volumes/Samsung 990-2/100 Hours/Diamond/mytronlabs-000014-032.aac -> gs://100hr-data/Diamond/IMU/mytronlabs-000014-032.aac
OK    /Volumes/Samsung 990-2/100 Hours/Diamond/mytronlabs-000001-044.mp4 -> gs://100hr-data/Diamond/Videos/mytronlabs-000001-044.mp4
OK    /Volumes/Samsung 990-2/100 Hours/Diamond/mytronlabs-000001-045.mp4 -> gs://100hr-data/Diamond/Videos/mytronlabs-000001-045.mp4
OK    /Volumes/Samsung 990-2/100 Hours/Diamond/mytronlabs-000014-033.aac -> gs://100hr-data/Diamond/IMU/mytronlabs-000014-033.aac
OK    /Volumes/Samsung 990-2/100 Hours/Diamond/mytronlabs-000001-051.mp4 -> gs://100hr-data/Diamond/Videos/mytronlabs-000001-051.mp4
OK    /Volumes/Samsung 990-2/100 Hours/Diamond/mytronlabs-000014-027.aac -> gs://100hr-data/Diamond/IMU/mytronlabs-000014-027.aac
OK    /Volumes/Samsung 990-2/100 Hours/Diamond/mytronlabs-000204-088.txt -> gs://100hr-data/Diamond/IMU/mytronlabs-000204-088.txt
OK    /Volumes/Samsung 990-2/100 Hours/Diamond/mytronlabs-000204-104.aac -> gs://100hr-data/Diamond/IMU/mytronlabs-000204-104.aac
OK    /Volumes/Samsung 990-2/100 Hours/Diamond/mytronlabs-000204-037.mp4 -> gs://100hr-data/Diamond/Videos/mytronlabs-000204-037.mp4
OK    /Volumes/Samsung 990-2/100 Hours/Diamond/mytronlabs-000007-040.txt -> gs://100hr-data/Diamond/IMU/mytronlabs-000007-040.txt
OK    /Volumes/Samsung 990-2/100 Hours/Diamond/mytronlabs-000204-023.mp4 -> gs://100hr-data/Diamond/Videos/mytronlabs-000204-023.mp4
OK    /Volumes/Samsung 990-2/100 Hours/Diamond/mytronlabs-000204-110.aac -> gs://100hr-data/Diamond/IMU/mytronlabs-000204-110.aac
OK    /Volumes/Samsung 990-2/100 Hours/Diamond/mytronlabs-000207-038.aac -> gs://100hr-data/Diamond/IMU/mytronlabs-000207-038.aac
OK    /Volumes/Samsung 990-2/100 Hours/Diamond/mytronlabs-000001-039.txt -> gs://100hr-data/Diamond/IMU/mytronlabs-000001-039.txt
OK    /Volumes/Samsung 990-2/100 Hours/Diamond/mytronlabs-000204-077.txt -> gs://100hr-data/Diamond/IMU/mytronlabs-000204-077.txt
OK    /Volumes/Samsung 990-2/100 Hours/Diamond/mytronlabs-000012-062.aac -> gs://100hr-data/Diamond/IMU/mytronlabs-000012-062.aac
OK    /Volumes/Samsung 990-2/100 Hours/Diamond/mytronlabs-000007-014.mp4 -> gs://100hr-data/Diamond/Videos/mytronlabs-000007-014.mp4
OK    /Volumes/Samsung 990-2/100 Hours/Diamond/mytronlabs-000204-063.txt -> gs://100hr-data/Diamond/IMU/mytronlabs-000204-063.txt
OK    /Volumes/Samsung 990-2/100 Hours/Diamond/mytronlabs-000001-005.txt -> gs://100hr-data/Diamond/IMU/mytronlabs-000001-005.txt
OK    /Volumes/Samsung 990-2/100 Hours/Diamond/mytronlabs-000007-028.mp4 -> gs://100hr-data/Diamond/Videos/mytronlabs-000007-028.mp4
OK    /Volumes/Samsung 990-2/100 Hours/Diamond/mytronlabs-000001-011.txt -> gs://100hr-data/Diamond/IMU/mytronlabs-000001-011.txt
OK    /Volumes/Samsung 990-2/100 Hours/Diamond/mytronlabs-000006-045.txt -> gs://100hr-data/Diamond/IMU/mytronlabs-000006-045.txt
OK    /Volumes/Samsung 990-2/100 Hours/Diamond/mytronlabs-000006-051.txt -> gs://100hr-data/Diamond/IMU/mytronlabs-000006-051.txt
OK    /Volumes/Samsung 990-2/100 Hours/Diamond/mytronlabs-000006-005.mp4 -> gs://100hr-data/Diamond/Videos/mytronlabs-000006-005.mp4
OK    /Volumes/Samsung 990-2/100 Hours/Diamond/mytronlabs-000006-011.mp4 -> gs://100hr-data/Diamond/Videos/mytronlabs-000006-011.mp4
OK    /Volumes/Samsung 990-2/100 Hours/Diamond/mytronlabs-000006-039.mp4 -> gs://100hr-data/Diamond/Videos/mytronlabs-000006-039.mp4
OK    /Volumes/Samsung 990-2/100 Hours/Diamond/mytronlabs-000006-042.aac -> gs://100hr-data/Diamond/IMU/mytronlabs-000006-042.aac
OK    /Volumes/Samsung 990-2/100 Hours/Diamond/mytronlabs-000003-020.mp4 -> gs://100hr-data/Diamond/Videos/mytronlabs-000003-020.mp4
OK    /Volumes/Samsung 990-2/100 Hours/Diamond/mytronlabs-000003-008.mp4 -> gs://100hr-data/Diamond/Videos/mytronlabs-000003-008.mp4
OK    /Volumes/Samsung 990-2/100 Hours/Diamond/mytronlabs-000001-002.aac -> gs://100hr-data/Diamond/IMU/mytronlabs-000001-002.aac
OK    /Volumes/Samsung 990-2/100 Hours/Diamond/mytronlabs-000012-059.txt -> gs://100hr-data/Diamond/IMU/mytronlabs-000012-059.txt
OK    /Volumes/Samsung 990-2/100 Hours/Diamond/mytronlabs-000001-016.aac -> gs://100hr-data/Diamond/IMU/mytronlabs-000001-016.aac
OK    /Volumes/Samsung 990-2/100 Hours/Diamond/mytronlabs-000204-058.aac -> gs://100hr-data/Diamond/IMU/mytronlabs-000204-058.aac
OK    /Volumes/Samsung 990-2/100 Hours/Diamond/mytronlabs-000207-017.txt -> gs://100hr-data/Diamond/IMU/mytronlabs-000207-017.txt
OK    /Volumes/Samsung 990-2/100 Hours/Diamond/mytronlabs-000014-060.mp4 -> gs://100hr-data/Diamond/Videos/mytronlabs-000014-060.mp4
OK    /Volumes/Samsung 990-2/100 Hours/Diamond/mytronlabs-000204-070.aac -> gs://100hr-data/Diamond/IMU/mytronlabs-000204-070.aac
OK    /Volumes/Samsung 990-2/100 Hours/Diamond/mytronlabs-000014-048.mp4 -> gs://100hr-data/Diamond/Videos/mytronlabs-000014-048.mp4
OK    /Volumes/Samsung 990-2/100 Hours/Diamond/mytronlabs-000207-080.mp4 -> gs://100hr-data/Diamond/Videos/mytronlabs-000207-080.mp4
OK    /Volumes/Samsung 990-2/100 Hours/Diamond/mytronlabs-000207-094.mp4 -> gs://100hr-data/Diamond/Videos/mytronlabs-000207-094.mp4
OK    /Volumes/Samsung 990-2/100 Hours/Diamond/mytronlabs-000204-064.aac -> gs://100hr-data/Diamond/IMU/mytronlabs-000204-064.aac
OK    /Volumes/Samsung 990-2/100 Hours/Diamond/mytronlabs-000204-103.txt -> gs://100hr-data/Diamond/IMU/mytronlabs-000204-103.txt
OK    /Volumes/Samsung 990-2/100 Hours/Diamond/mytronlabs-000014-008.txt -> gs://100hr-data/Diamond/IMU/mytronlabs-000014-008.txt
OK    /Volumes/Samsung 990-2/100 Hours/Diamond/mytronlabs-000012-025.mp4 -> gs://100hr-data/Diamond/Videos/mytronlabs-000012-025.mp4
OK    /Volumes/Samsung 990-2/100 Hours/Diamond/mytronlabs-000012-031.mp4 -> gs://100hr-data/Diamond/Videos/mytronlabs-000012-031.mp4
OK    /Volumes/Samsung 990-2/100 Hours/Diamond/mytronlabs-000204-117.txt -> gs://100hr-data/Diamond/IMU/mytronlabs-000204-117.txt
OK    /Volumes/Samsung 990-2/100 Hours/Diamond/mytronlabs-000014-034.txt -> gs://100hr-data/Diamond/IMU/mytronlabs-000014-034.txt
OK    /Volumes/Samsung 990-2/100 Hours/Diamond/mytronlabs-000207-043.mp4 -> gs://100hr-data/Diamond/Videos/mytronlabs-000207-043.mp4
OK    /Volumes/Samsung 990-2/100 Hours/Diamond/mytronlabs-000012-019.mp4 -> gs://100hr-data/Diamond/Videos/mytronlabs-000012-019.mp4
OK    /Volumes/Samsung 990-2/100 Hours/Diamond/mytronlabs-000014-020.txt -> gs://100hr-data/Diamond/IMU/mytronlabs-000014-020.txt
OK    /Volumes/Samsung 990-2/100 Hours/Diamond/mytronlabs-000207-057.mp4 -> gs://100hr-data/Diamond/Videos/mytronlabs-000207-057.mp4
OK    /Volumes/Samsung 990-2/100 Hours/Diamond/mytronlabs-000207-041.mp4 -> gs://100hr-data/Diamond/Videos/mytronlabs-000207-041.mp4
OK    /Volumes/Samsung 990-2/100 Hours/Diamond/mytronlabs-000014-036.txt -> gs://100hr-data/Diamond/IMU/mytronlabs-000014-036.txt
OK    /Volumes/Samsung 990-2/100 Hours/Diamond/mytronlabs-000207-055.mp4 -> gs://100hr-data/Diamond/Videos/mytronlabs-000207-055.mp4
OK    /Volumes/Samsung 990-2/100 Hours/Diamond/mytronlabs-000014-022.txt -> gs://100hr-data/Diamond/IMU/mytronlabs-000014-022.txt
OK    /Volumes/Samsung 990-2/100 Hours/Diamond/mytronlabs-000012-027.mp4 -> gs://100hr-data/Diamond/Videos/mytronlabs-000012-027.mp4
OK    /Volumes/Samsung 990-2/100 Hours/Diamond/mytronlabs-000204-101.txt -> gs://100hr-data/Diamond/IMU/mytronlabs-000204-101.txt
OK    /Volumes/Samsung 990-2/100 Hours/Diamond/mytronlabs-000204-099.aac -> gs://100hr-data/Diamond/IMU/mytronlabs-000204-099.aac
OK    /Volumes/Samsung 990-2/100 Hours/Diamond/mytronlabs-000204-115.txt -> gs://100hr-data/Diamond/IMU/mytronlabs-000204-115.txt
OK    /Volumes/Samsung 990-2/100 Hours/Diamond/mytronlabs-000207-069.mp4 -> gs://100hr-data/Diamond/Videos/mytronlabs-000207-069.mp4
OK    /Volumes/Samsung 990-2/100 Hours/Diamond/mytronlabs-000007-045.aac -> gs://100hr-data/Diamond/IMU/mytronlabs-000007-045.aac
OK    /Volumes/Samsung 990-2/100 Hours/Diamond/mytronlabs-000012-033.mp4 -> gs://100hr-data/Diamond/Videos/mytronlabs-000012-033.mp4
OK    /Volumes/Samsung 990-2/100 Hours/Diamond/mytronlabs-000207-082.mp4 -> gs://100hr-data/Diamond/Videos/mytronlabs-000207-082.mp4
OK    /Volumes/Samsung 990-2/100 Hours/Diamond/mytronlabs-000204-072.aac -> gs://100hr-data/Diamond/IMU/mytronlabs-000204-072.aac
OK    /Volumes/Samsung 990-2/100 Hours/Diamond/mytronlabs-000207-029.txt -> gs://100hr-data/Diamond/IMU/mytronlabs-000207-029.txt
OK    /Volumes/Samsung 990-2/100 Hours/Diamond/mytronlabs-000204-066.aac -> gs://100hr-data/Diamond/IMU/mytronlabs-000204-066.aac
OK    /Volumes/Samsung 990-2/100 Hours/Diamond/mytronlabs-000001-028.aac -> gs://100hr-data/Diamond/IMU/mytronlabs-000001-028.aac
OK    /Volumes/Samsung 990-2/100 Hours/Diamond/mytronlabs-000207-096.mp4 -> gs://100hr-data/Diamond/Videos/mytronlabs-000207-096.mp4
OK    /Volumes/Samsung 990-2/100 Hours/Diamond/mytronlabs-000014-062.mp4 -> gs://100hr-data/Diamond/Videos/mytronlabs-000014-062.mp4
OK    /Volumes/Samsung 990-2/100 Hours/Diamond/mytronlabs-000207-015.txt -> gs://100hr-data/Diamond/IMU/mytronlabs-000207-015.txt
OK    /Volumes/Samsung 990-2/100 Hours/Diamond/mytronlabs-000001-014.aac -> gs://100hr-data/Diamond/IMU/mytronlabs-000001-014.aac
OK    /Volumes/Samsung 990-2/100 Hours/Diamond/mytronlabs-000003-022.mp4 -> gs://100hr-data/Diamond/Videos/mytronlabs-000003-022.mp4
OK    /Volumes/Samsung 990-2/100 Hours/Diamond/mytronlabs-000006-040.aac -> gs://100hr-data/Diamond/IMU/mytronlabs-000006-040.aac
OK    /Volumes/Samsung 990-2/100 Hours/Diamond/mytronlabs-000006-054.aac -> gs://100hr-data/Diamond/IMU/mytronlabs-000006-054.aac
OK    /Volumes/Samsung 990-2/100 Hours/Diamond/mytronlabs-000006-007.mp4 -> gs://100hr-data/Diamond/Videos/mytronlabs-000006-007.mp4
OK    /Volumes/Samsung 990-2/100 Hours/Diamond/mytronlabs-000006-013.mp4 -> gs://100hr-data/Diamond/Videos/mytronlabs-000006-013.mp4
OK    /Volumes/Samsung 990-2/100 Hours/Diamond/mytronlabs-000006-047.txt -> gs://100hr-data/Diamond/IMU/mytronlabs-000006-047.txt
OK    /Volumes/Samsung 990-2/100 Hours/Diamond/mytronlabs-000006-053.txt -> gs://100hr-data/Diamond/IMU/mytronlabs-000006-053.txt
OK    /Volumes/Samsung 990-2/100 Hours/Diamond/mytronlabs-000204-049.txt -> gs://100hr-data/Diamond/IMU/mytronlabs-000204-049.txt
OK    /Volumes/Samsung 990-2/100 Hours/Diamond/mytronlabs-000001-007.txt -> gs://100hr-data/Diamond/IMU/mytronlabs-000001-007.txt
OK    /Volumes/Samsung 990-2/100 Hours/Diamond/mytronlabs-000001-013.txt -> gs://100hr-data/Diamond/IMU/mytronlabs-000001-013.txt
OK    /Volumes/Samsung 990-2/100 Hours/Diamond/mytronlabs-000012-048.aac -> gs://100hr-data/Diamond/IMU/mytronlabs-000012-048.aac
OK    /Volumes/Samsung 990-2/100 Hours/Diamond/mytronlabs-000007-016.mp4 -> gs://100hr-data/Diamond/Videos/mytronlabs-000007-016.mp4
OK    /Volumes/Samsung 990-2/100 Hours/Diamond/mytronlabs-000012-060.aac -> gs://100hr-data/Diamond/IMU/mytronlabs-000012-060.aac
OK    /Volumes/Samsung 990-2/100 Hours/Diamond/mytronlabs-000207-109.mp4 -> gs://100hr-data/Diamond/Videos/mytronlabs-000207-109.mp4
OK    /Volumes/Samsung 990-2/100 Hours/Diamond/mytronlabs-000204-075.txt -> gs://100hr-data/Diamond/IMU/mytronlabs-000204-075.txt
OK    /Volumes/Samsung 990-2/100 Hours/Diamond/mytronlabs-000204-061.txt -> gs://100hr-data/Diamond/IMU/mytronlabs-000204-061.txt
OK    /Volumes/Samsung 990-2/100 Hours/Diamond/mytronlabs-000204-035.mp4 -> gs://100hr-data/Diamond/Videos/mytronlabs-000204-035.mp4
OK    /Volumes/Samsung 990-2/100 Hours/Diamond/mytronlabs-000204-106.aac -> gs://100hr-data/Diamond/IMU/mytronlabs-000204-106.aac
OK    /Volumes/Samsung 990-2/100 Hours/Diamond/mytronlabs-000204-112.aac -> gs://100hr-data/Diamond/IMU/mytronlabs-000204-112.aac
OK    /Volumes/Samsung 990-2/100 Hours/Diamond/mytronlabs-000014-019.aac -> gs://100hr-data/Diamond/IMU/mytronlabs-000014-019.aac
OK    /Volumes/Samsung 990-2/100 Hours/Diamond/mytronlabs-000204-021.mp4 -> gs://100hr-data/Diamond/Videos/mytronlabs-000204-021.mp4
OK    /Volumes/Samsung 990-2/100 Hours/Diamond/mytronlabs-000007-042.txt -> gs://100hr-data/Diamond/IMU/mytronlabs-000007-042.txt
OK    /Volumes/Samsung 990-2/100 Hours/Diamond/mytronlabs-000014-031.aac -> gs://100hr-data/Diamond/IMU/mytronlabs-000014-031.aac
OK    /Volumes/Samsung 990-2/100 Hours/Diamond/mytronlabs-000204-009.mp4 -> gs://100hr-data/Diamond/Videos/mytronlabs-000204-009.mp4
OK    /Volumes/Samsung 990-2/100 Hours/Diamond/mytronlabs-000001-047.mp4 -> gs://100hr-data/Diamond/Videos/mytronlabs-000001-047.mp4
OK    /Volumes/Samsung 990-2/100 Hours/Diamond/mytronlabs-000014-025.aac -> gs://100hr-data/Diamond/IMU/mytronlabs-000014-025.aac
OK    /Volumes/Samsung 990-2/100 Hours/Diamond/mytronlabs-000001-053.mp4 -> gs://100hr-data/Diamond/Videos/mytronlabs-000001-053.mp4
OK    /Volumes/Samsung 990-2/100 Hours/Diamond/mytronlabs-000001-052.mp4 -> gs://100hr-data/Diamond/Videos/mytronlabs-000001-052.mp4
OK    /Volumes/Samsung 990-2/100 Hours/Diamond/mytronlabs-000014-024.aac -> gs://100hr-data/Diamond/IMU/mytronlabs-000014-024.aac
OK    /Volumes/Samsung 990-2/100 Hours/Diamond/mytronlabs-000204-008.mp4 -> gs://100hr-data/Diamond/Videos/mytronlabs-000204-008.mp4
OK    /Volumes/Samsung 990-2/100 Hours/Diamond/mytronlabs-000001-046.mp4 -> gs://100hr-data/Diamond/Videos/mytronlabs-000001-046.mp4
OK    /Volumes/Samsung 990-2/100 Hours/Diamond/mytronlabs-000014-030.aac -> gs://100hr-data/Diamond/IMU/mytronlabs-000014-030.aac
OK    /Volumes/Samsung 990-2/100 Hours/Diamond/mytronlabs-000204-020.mp4 -> gs://100hr-data/Diamond/Videos/mytronlabs-000204-020.mp4
OK    /Volumes/Samsung 990-2/100 Hours/Diamond/mytronlabs-000014-018.aac -> gs://100hr-data/Diamond/IMU/mytronlabs-000014-018.aac
OK    /Volumes/Samsung 990-2/100 Hours/Diamond/mytronlabs-000204-113.aac -> gs://100hr-data/Diamond/IMU/mytronlabs-000204-113.aac
OK    /Volumes/Samsung 990-2/100 Hours/Diamond/mytronlabs-000007-043.txt -> gs://100hr-data/Diamond/IMU/mytronlabs-000007-043.txt
OK    /Volumes/Samsung 990-2/100 Hours/Diamond/mytronlabs-000204-107.aac -> gs://100hr-data/Diamond/IMU/mytronlabs-000204-107.aac
OK    /Volumes/Samsung 990-2/100 Hours/Diamond/mytronlabs-000204-034.mp4 -> gs://100hr-data/Diamond/Videos/mytronlabs-000204-034.mp4
OK    /Volumes/Samsung 990-2/100 Hours/Diamond/mytronlabs-000204-060.txt -> gs://100hr-data/Diamond/IMU/mytronlabs-000204-060.txt
OK    /Volumes/Samsung 990-2/100 Hours/Diamond/mytronlabs-000007-003.mp4 -> gs://100hr-data/Diamond/Videos/mytronlabs-000007-003.mp4
OK    /Volumes/Samsung 990-2/100 Hours/Diamond/mytronlabs-000012-061.aac -> gs://100hr-data/Diamond/IMU/mytronlabs-000012-061.aac
OK    /Volumes/Samsung 990-2/100 Hours/Diamond/mytronlabs-000007-017.mp4 -> gs://100hr-data/Diamond/Videos/mytronlabs-000007-017.mp4
OK    /Volumes/Samsung 990-2/100 Hours/Diamond/mytronlabs-000204-074.txt -> gs://100hr-data/Diamond/IMU/mytronlabs-000204-074.txt
OK    /Volumes/Samsung 990-2/100 Hours/Diamond/mytronlabs-000207-108.mp4 -> gs://100hr-data/Diamond/Videos/mytronlabs-000207-108.mp4
OK    /Volumes/Samsung 990-2/100 Hours/Diamond/mytronlabs-000207-013.aac -> gs://100hr-data/Diamond/IMU/mytronlabs-000207-013.aac
OK    /Volumes/Samsung 990-2/100 Hours/Diamond/mytronlabs-000001-012.txt -> gs://100hr-data/Diamond/IMU/mytronlabs-000001-012.txt
OK    /Volumes/Samsung 990-2/100 Hours/Diamond/mytronlabs-000012-049.aac -> gs://100hr-data/Diamond/IMU/mytronlabs-000012-049.aac
OK    /Volumes/Samsung 990-2/100 Hours/Diamond/mytronlabs-000204-048.txt -> gs://100hr-data/Diamond/IMU/mytronlabs-000204-048.txt
OK    /Volumes/Samsung 990-2/100 Hours/Diamond/mytronlabs-000001-006.txt -> gs://100hr-data/Diamond/IMU/mytronlabs-000001-006.txt
OK    /Volumes/Samsung 990-2/100 Hours/Diamond/mytronlabs-000006-052.txt -> gs://100hr-data/Diamond/IMU/mytronlabs-000006-052.txt
OK    /Volumes/Samsung 990-2/100 Hours/Diamond/mytronlabs-000006-046.txt -> gs://100hr-data/Diamond/IMU/mytronlabs-000006-046.txt
OK    /Volumes/Samsung 990-2/100 Hours/Diamond/mytronlabs-000006-012.mp4 -> gs://100hr-data/Diamond/Videos/mytronlabs-000006-012.mp4
OK    /Volumes/Samsung 990-2/100 Hours/Diamond/mytronlabs-000006-006.mp4 -> gs://100hr-data/Diamond/Videos/mytronlabs-000006-006.mp4
OK    /Volumes/Samsung 990-2/100 Hours/Diamond/mytronlabs-000006-055.aac -> gs://100hr-data/Diamond/IMU/mytronlabs-000006-055.aac
OK    /Volumes/Samsung 990-2/100 Hours/Diamond/mytronlabs-000003-023.mp4 -> gs://100hr-data/Diamond/Videos/mytronlabs-000003-023.mp4
OK    /Volumes/Samsung 990-2/100 Hours/Diamond/mytronlabs-000006-041.aac -> gs://100hr-data/Diamond/IMU/mytronlabs-000006-041.aac
OK    /Volumes/Samsung 990-2/100 Hours/Diamond/mytronlabs-000001-015.aac -> gs://100hr-data/Diamond/IMU/mytronlabs-000001-015.aac
OK    /Volumes/Samsung 990-2/100 Hours/Diamond/mytronlabs-000207-014.txt -> gs://100hr-data/Diamond/IMU/mytronlabs-000207-014.txt
OK    /Volumes/Samsung 990-2/100 Hours/Diamond/mytronlabs-000014-063.mp4 -> gs://100hr-data/Diamond/Videos/mytronlabs-000014-063.mp4
OK    /Volumes/Samsung 990-2/100 Hours/Diamond/mytronlabs-000001-001.aac -> gs://100hr-data/Diamond/IMU/mytronlabs-000001-001.aac
OK    /Volumes/Samsung 990-2/100 Hours/Diamond/mytronlabs-000207-097.mp4 -> gs://100hr-data/Diamond/Videos/mytronlabs-000207-097.mp4
OK    /Volumes/Samsung 990-2/100 Hours/Diamond/mytronlabs-000204-067.aac -> gs://100hr-data/Diamond/IMU/mytronlabs-000204-067.aac
OK    /Volumes/Samsung 990-2/100 Hours/Diamond/mytronlabs-000001-029.aac -> gs://100hr-data/Diamond/IMU/mytronlabs-000001-029.aac
OK    /Volumes/Samsung 990-2/100 Hours/Diamond/mytronlabs-000207-028.txt -> gs://100hr-data/Diamond/IMU/mytronlabs-000207-028.txt
OK    /Volumes/Samsung 990-2/100 Hours/Diamond/mytronlabs-000204-073.aac -> gs://100hr-data/Diamond/IMU/mytronlabs-000204-073.aac
OK    /Volumes/Samsung 990-2/100 Hours/Diamond/mytronlabs-000207-083.mp4 -> gs://100hr-data/Diamond/Videos/mytronlabs-000207-083.mp4
OK    /Volumes/Samsung 990-2/100 Hours/Diamond/mytronlabs-000207-068.mp4 -> gs://100hr-data/Diamond/Videos/mytronlabs-000207-068.mp4
OK    /Volumes/Samsung 990-2/100 Hours/Diamond/mytronlabs-000204-114.txt -> gs://100hr-data/Diamond/IMU/mytronlabs-000204-114.txt
OK    /Volumes/Samsung 990-2/100 Hours/Diamond/mytronlabs-000204-098.aac -> gs://100hr-data/Diamond/IMU/mytronlabs-000204-098.aac
OK    /Volumes/Samsung 990-2/100 Hours/Diamond/mytronlabs-000012-032.mp4 -> gs://100hr-data/Diamond/Videos/mytronlabs-000012-032.mp4
OK    /Volumes/Samsung 990-2/100 Hours/Diamond/mytronlabs-000007-044.aac -> gs://100hr-data/Diamond/IMU/mytronlabs-000007-044.aac
OK    /Volumes/Samsung 990-2/100 Hours/Diamond/mytronlabs-000012-026.mp4 -> gs://100hr-data/Diamond/Videos/mytronlabs-000012-026.mp4
OK    /Volumes/Samsung 990-2/100 Hours/Diamond/mytronlabs-000204-100.txt -> gs://100hr-data/Diamond/IMU/mytronlabs-000204-100.txt
OK    /Volumes/Samsung 990-2/100 Hours/Diamond/mytronlabs-000014-023.txt -> gs://100hr-data/Diamond/IMU/mytronlabs-000014-023.txt
OK    /Volumes/Samsung 990-2/100 Hours/Diamond/mytronlabs-000207-054.mp4 -> gs://100hr-data/Diamond/Videos/mytronlabs-000207-054.mp4
OK    /Volumes/Samsung 990-2/100 Hours/Diamond/mytronlabs-000014-037.txt -> gs://100hr-data/Diamond/IMU/mytronlabs-000014-037.txt
OK    /Volumes/Samsung 990-2/100 Hours/Diamond/mytronlabs-000207-040.mp4 -> gs://100hr-data/Diamond/Videos/mytronlabs-000207-040.mp4
OK    /Volumes/Samsung 990-2/100 Hours/Diamond/mytronlabs-000207-078.mp4 -> gs://100hr-data/Diamond/Videos/mytronlabs-000207-078.mp4
OK    /Volumes/Samsung 990-2/100 Hours/Diamond/mytronlabs-000204-088.aac -> gs://100hr-data/Diamond/IMU/mytronlabs-000204-088.aac
OK    /Volumes/Samsung 990-2/100 Hours/Diamond/mytronlabs-000204-104.txt -> gs://100hr-data/Diamond/IMU/mytronlabs-000204-104.txt
OK    /Volumes/Samsung 990-2/100 Hours/Diamond/mytronlabs-000012-022.mp4 -> gs://100hr-data/Diamond/Videos/mytronlabs-000012-022.mp4
OK    /Volumes/Samsung 990-2/100 Hours/Diamond/mytronlabs-000007-040.aac -> gs://100hr-data/Diamond/IMU/mytronlabs-000007-040.aac
OK    /Volumes/Samsung 990-2/100 Hours/Diamond/mytronlabs-000012-036.mp4 -> gs://100hr-data/Diamond/Videos/mytronlabs-000012-036.mp4
OK    /Volumes/Samsung 990-2/100 Hours/Diamond/mytronlabs-000204-110.txt -> gs://100hr-data/Diamond/IMU/mytronlabs-000204-110.txt
OK    /Volumes/Samsung 990-2/100 Hours/Diamond/mytronlabs-000014-033.txt -> gs://100hr-data/Diamond/IMU/mytronlabs-000014-033.txt
OK    /Volumes/Samsung 990-2/100 Hours/Diamond/mytronlabs-000207-044.mp4 -> gs://100hr-data/Diamond/Videos/mytronlabs-000207-044.mp4
OK    /Volumes/Samsung 990-2/100 Hours/Diamond/mytronlabs-000014-027.txt -> gs://100hr-data/Diamond/IMU/mytronlabs-000014-027.txt
OK    /Volumes/Samsung 990-2/100 Hours/Diamond/mytronlabs-000207-050.mp4 -> gs://100hr-data/Diamond/Videos/mytronlabs-000207-050.mp4
OK    /Volumes/Samsung 990-2/100 Hours/Diamond/mytronlabs-000001-005.aac -> gs://100hr-data/Diamond/IMU/mytronlabs-000001-005.aac
OK    /Volumes/Samsung 990-2/100 Hours/Diamond/mytronlabs-000001-011.aac -> gs://100hr-data/Diamond/IMU/mytronlabs-000001-011.aac
OK    /Volumes/Samsung 990-2/100 Hours/Diamond/mytronlabs-000207-087.mp4 -> gs://100hr-data/Diamond/Videos/mytronlabs-000207-087.mp4
OK    /Volumes/Samsung 990-2/100 Hours/Diamond/mytronlabs-000207-038.txt -> gs://100hr-data/Diamond/IMU/mytronlabs-000207-038.txt
OK    /Volumes/Samsung 990-2/100 Hours/Diamond/mytronlabs-000204-077.aac -> gs://100hr-data/Diamond/IMU/mytronlabs-000204-077.aac
OK    /Volumes/Samsung 990-2/100 Hours/Diamond/mytronlabs-000001-039.aac -> gs://100hr-data/Diamond/IMU/mytronlabs-000001-039.aac
OK    /Volumes/Samsung 990-2/100 Hours/Diamond/mytronlabs-000012-062.txt -> gs://100hr-data/Diamond/IMU/mytronlabs-000012-062.txt
OK    /Volumes/Samsung 990-2/100 Hours/Diamond/mytronlabs-000204-063.aac -> gs://100hr-data/Diamond/IMU/mytronlabs-000204-063.aac
OK    /Volumes/Samsung 990-2/100 Hours/Diamond/mytronlabs-000207-093.mp4 -> gs://100hr-data/Diamond/Videos/mytronlabs-000207-093.mp4
OK    /Volumes/Samsung 990-2/100 Hours/Diamond/mytronlabs-000006-045.aac -> gs://100hr-data/Diamond/IMU/mytronlabs-000006-045.aac
OK    /Volumes/Samsung 990-2/100 Hours/Diamond/mytronlabs-000003-027.mp4 -> gs://100hr-data/Diamond/Videos/mytronlabs-000003-027.mp4
OK    /Volumes/Samsung 990-2/100 Hours/Diamond/mytronlabs-000006-051.aac -> gs://100hr-data/Diamond/IMU/mytronlabs-000006-051.aac
OK    /Volumes/Samsung 990-2/100 Hours/Diamond/mytronlabs-000006-016.mp4 -> gs://100hr-data/Diamond/Videos/mytronlabs-000006-016.mp4
OK    /Volumes/Samsung 990-2/100 Hours/Diamond/mytronlabs-000006-042.txt -> gs://100hr-data/Diamond/IMU/mytronlabs-000006-042.txt
OK    /Volumes/Samsung 990-2/100 Hours/Diamond/mytronlabs-000204-070.txt -> gs://100hr-data/Diamond/IMU/mytronlabs-000204-070.txt
OK    /Volumes/Samsung 990-2/100 Hours/Diamond/mytronlabs-000007-013.mp4 -> gs://100hr-data/Diamond/Videos/mytronlabs-000007-013.mp4
OK    /Volumes/Samsung 990-2/100 Hours/Diamond/mytronlabs-000007-007.mp4 -> gs://100hr-data/Diamond/Videos/mytronlabs-000007-007.mp4
OK    /Volumes/Samsung 990-2/100 Hours/Diamond/mytronlabs-000204-064.txt -> gs://100hr-data/Diamond/IMU/mytronlabs-000204-064.txt
OK    /Volumes/Samsung 990-2/100 Hours/Diamond/mytronlabs-000001-002.txt -> gs://100hr-data/Diamond/IMU/mytronlabs-000001-002.txt
OK    /Volumes/Samsung 990-2/100 Hours/Diamond/mytronlabs-000012-059.aac -> gs://100hr-data/Diamond/IMU/mytronlabs-000012-059.aac
OK    /Volumes/Samsung 990-2/100 Hours/Diamond/mytronlabs-000204-058.txt -> gs://100hr-data/Diamond/IMU/mytronlabs-000204-058.txt
OK    /Volumes/Samsung 990-2/100 Hours/Diamond/mytronlabs-000001-016.txt -> gs://100hr-data/Diamond/IMU/mytronlabs-000001-016.txt
OK    /Volumes/Samsung 990-2/100 Hours/Diamond/mytronlabs-000207-017.aac -> gs://100hr-data/Diamond/IMU/mytronlabs-000207-017.aac
OK    /Volumes/Samsung 990-2/100 Hours/Diamond/mytronlabs-000014-034.aac -> gs://100hr-data/Diamond/IMU/mytronlabs-000014-034.aac
OK    /Volumes/Samsung 990-2/100 Hours/Diamond/mytronlabs-000001-042.mp4 -> gs://100hr-data/Diamond/Videos/mytronlabs-000001-042.mp4
OK    /Volumes/Samsung 990-2/100 Hours/Diamond/mytronlabs-000014-020.aac -> gs://100hr-data/Diamond/IMU/mytronlabs-000014-020.aac
OK    /Volumes/Samsung 990-2/100 Hours/Diamond/mytronlabs-000204-018.mp4 -> gs://100hr-data/Diamond/Videos/mytronlabs-000204-018.mp4
OK    /Volumes/Samsung 990-2/100 Hours/Diamond/mytronlabs-000001-056.mp4 -> gs://100hr-data/Diamond/Videos/mytronlabs-000001-056.mp4
OK    /Volumes/Samsung 990-2/100 Hours/Diamond/mytronlabs-000014-008.aac -> gs://100hr-data/Diamond/IMU/mytronlabs-000014-008.aac
OK    /Volumes/Samsung 990-2/100 Hours/Diamond/mytronlabs-000204-030.mp4 -> gs://100hr-data/Diamond/Videos/mytronlabs-000204-030.mp4
OK    /Volumes/Samsung 990-2/100 Hours/Diamond/mytronlabs-000204-103.aac -> gs://100hr-data/Diamond/IMU/mytronlabs-000204-103.aac
OK    /Volumes/Samsung 990-2/100 Hours/Diamond/mytronlabs-000204-117.aac -> gs://100hr-data/Diamond/IMU/mytronlabs-000204-117.aac
OK    /Volumes/Samsung 990-2/100 Hours/Diamond/mytronlabs-000204-024.mp4 -> gs://100hr-data/Diamond/Videos/mytronlabs-000204-024.mp4
OK    /Volumes/Samsung 990-2/100 Hours/Diamond/mytronlabs-000007-046.txt -> gs://100hr-data/Diamond/IMU/mytronlabs-000007-046.txt
OK    /Volumes/Samsung 990-2/100 Hours/Diamond/mytronlabs-000204-025.mp4 -> gs://100hr-data/Diamond/Videos/mytronlabs-000204-025.mp4
OK    /Volumes/Samsung 990-2/100 Hours/Diamond/mytronlabs-000204-116.aac -> gs://100hr-data/Diamond/IMU/mytronlabs-000204-116.aac
OK    /Volumes/Samsung 990-2/100 Hours/Diamond/mytronlabs-000204-102.aac -> gs://100hr-data/Diamond/IMU/mytronlabs-000204-102.aac
OK    /Volumes/Samsung 990-2/100 Hours/Diamond/mytronlabs-000204-031.mp4 -> gs://100hr-data/Diamond/Videos/mytronlabs-000204-031.mp4
OK    /Volumes/Samsung 990-2/100 Hours/Diamond/mytronlabs-000014-009.aac -> gs://100hr-data/Diamond/IMU/mytronlabs-000014-009.aac
OK    /Volumes/Samsung 990-2/100 Hours/Diamond/mytronlabs-000204-019.mp4 -> gs://100hr-data/Diamond/Videos/mytronlabs-000204-019.mp4
OK    /Volumes/Samsung 990-2/100 Hours/Diamond/mytronlabs-000001-057.mp4 -> gs://100hr-data/Diamond/Videos/mytronlabs-000001-057.mp4
OK    /Volumes/Samsung 990-2/100 Hours/Diamond/mytronlabs-000014-021.aac -> gs://100hr-data/Diamond/IMU/mytronlabs-000014-021.aac
OK    /Volumes/Samsung 990-2/100 Hours/Diamond/mytronlabs-000001-043.mp4 -> gs://100hr-data/Diamond/Videos/mytronlabs-000001-043.mp4
OK    /Volumes/Samsung 990-2/100 Hours/Diamond/mytronlabs-000014-035.aac -> gs://100hr-data/Diamond/IMU/mytronlabs-000014-035.aac
OK    /Volumes/Samsung 990-2/100 Hours/Diamond/mytronlabs-000207-016.aac -> gs://100hr-data/Diamond/IMU/mytronlabs-000207-016.aac
OK    /Volumes/Samsung 990-2/100 Hours/Diamond/mytronlabs-000204-059.txt -> gs://100hr-data/Diamond/IMU/mytronlabs-000204-059.txt
OK    /Volumes/Samsung 990-2/100 Hours/Diamond/mytronlabs-000001-017.txt -> gs://100hr-data/Diamond/IMU/mytronlabs-000001-017.txt
OK    /Volumes/Samsung 990-2/100 Hours/Diamond/mytronlabs-000001-003.txt -> gs://100hr-data/Diamond/IMU/mytronlabs-000001-003.txt
OK    /Volumes/Samsung 990-2/100 Hours/Diamond/mytronlabs-000012-058.aac -> gs://100hr-data/Diamond/IMU/mytronlabs-000012-058.aac
OK    /Volumes/Samsung 990-2/100 Hours/Diamond/mytronlabs-000007-006.mp4 -> gs://100hr-data/Diamond/Videos/mytronlabs-000007-006.mp4
OK    /Volumes/Samsung 990-2/100 Hours/Diamond/mytronlabs-000204-065.txt -> gs://100hr-data/Diamond/IMU/mytronlabs-000204-065.txt
OK    /Volumes/Samsung 990-2/100 Hours/Diamond/mytronlabs-000204-071.txt -> gs://100hr-data/Diamond/IMU/mytronlabs-000204-071.txt
OK    /Volumes/Samsung 990-2/100 Hours/Diamond/mytronlabs-000007-012.mp4 -> gs://100hr-data/Diamond/Videos/mytronlabs-000007-012.mp4
OK    /Volumes/Samsung 990-2/100 Hours/Diamond/mytronlabs-000006-043.txt -> gs://100hr-data/Diamond/IMU/mytronlabs-000006-043.txt
OK    /Volumes/Samsung 990-2/100 Hours/Diamond/mytronlabs-000006-017.mp4 -> gs://100hr-data/Diamond/Videos/mytronlabs-000006-017.mp4
OK    /Volumes/Samsung 990-2/100 Hours/Diamond/mytronlabs-000006-003.mp4 -> gs://100hr-data/Diamond/Videos/mytronlabs-000006-003.mp4
OK    /Volumes/Samsung 990-2/100 Hours/Diamond/mytronlabs-000003-032.mp4 -> gs://100hr-data/Diamond/Videos/mytronlabs-000003-032.mp4
OK    /Volumes/Samsung 990-2/100 Hours/Diamond/mytronlabs-000006-050.aac -> gs://100hr-data/Diamond/IMU/mytronlabs-000006-050.aac
OK    /Volumes/Samsung 990-2/100 Hours/Diamond/mytronlabs-000006-044.aac -> gs://100hr-data/Diamond/IMU/mytronlabs-000006-044.aac
OK    /Volumes/Samsung 990-2/100 Hours/Diamond/mytronlabs-000003-026.mp4 -> gs://100hr-data/Diamond/Videos/mytronlabs-000003-026.mp4
OK    /Volumes/Samsung 990-2/100 Hours/Diamond/mytronlabs-000207-092.mp4 -> gs://100hr-data/Diamond/Videos/mytronlabs-000207-092.mp4
OK    /Volumes/Samsung 990-2/100 Hours/Diamond/mytronlabs-000204-062.aac -> gs://100hr-data/Diamond/IMU/mytronlabs-000204-062.aac
OK    /Volumes/Samsung 990-2/100 Hours/Diamond/mytronlabs-000204-076.aac -> gs://100hr-data/Diamond/IMU/mytronlabs-000204-076.aac
OK    /Volumes/Samsung 990-2/100 Hours/Diamond/mytronlabs-000001-038.aac -> gs://100hr-data/Diamond/IMU/mytronlabs-000001-038.aac
OK    /Volumes/Samsung 990-2/100 Hours/Diamond/mytronlabs-000207-039.txt -> gs://100hr-data/Diamond/IMU/mytronlabs-000207-039.txt
OK    /Volumes/Samsung 990-2/100 Hours/Diamond/mytronlabs-000207-086.mp4 -> gs://100hr-data/Diamond/Videos/mytronlabs-000207-086.mp4
OK    /Volumes/Samsung 990-2/100 Hours/Diamond/mytronlabs-000001-010.aac -> gs://100hr-data/Diamond/IMU/mytronlabs-000001-010.aac
OK    /Volumes/Samsung 990-2/100 Hours/Diamond/mytronlabs-000001-004.aac -> gs://100hr-data/Diamond/IMU/mytronlabs-000001-004.aac
OK    /Volumes/Samsung 990-2/100 Hours/Diamond/mytronlabs-000207-051.mp4 -> gs://100hr-data/Diamond/Videos/mytronlabs-000207-051.mp4
OK    /Volumes/Samsung 990-2/100 Hours/Diamond/mytronlabs-000014-026.txt -> gs://100hr-data/Diamond/IMU/mytronlabs-000014-026.txt
OK    /Volumes/Samsung 990-2/100 Hours/Diamond/mytronlabs-000207-045.mp4 -> gs://100hr-data/Diamond/Videos/mytronlabs-000207-045.mp4
OK    /Volumes/Samsung 990-2/100 Hours/Diamond/mytronlabs-000014-032.txt -> gs://100hr-data/Diamond/IMU/mytronlabs-000014-032.txt
OK    /Volumes/Samsung 990-2/100 Hours/Diamond/mytronlabs-000012-037.mp4 -> gs://100hr-data/Diamond/Videos/mytronlabs-000012-037.mp4
OK    /Volumes/Samsung 990-2/100 Hours/Diamond/mytronlabs-000007-041.aac -> gs://100hr-data/Diamond/IMU/mytronlabs-000007-041.aac
OK    /Volumes/Samsung 990-2/100 Hours/Diamond/mytronlabs-000204-111.txt -> gs://100hr-data/Diamond/IMU/mytronlabs-000204-111.txt
OK    /Volumes/Samsung 990-2/100 Hours/Diamond/mytronlabs-000204-105.txt -> gs://100hr-data/Diamond/IMU/mytronlabs-000204-105.txt
OK    /Volumes/Samsung 990-2/100 Hours/Diamond/mytronlabs-000204-089.aac -> gs://100hr-data/Diamond/IMU/mytronlabs-000204-089.aac
OK    /Volumes/Samsung 990-2/100 Hours/Diamond/mytronlabs-000207-079.mp4 -> gs://100hr-data/Diamond/Videos/mytronlabs-000207-079.mp4
OK    /Volumes/Samsung 990-2/100 Hours/Diamond/mytronlabs-000012-023.mp4 -> gs://100hr-data/Diamond/Videos/mytronlabs-000012-023.mp4
OK    /Volumes/Samsung 990-2/100 Hours/Diamond/mytronlabs-000204-113.txt -> gs://100hr-data/Diamond/IMU/mytronlabs-000204-113.txt
OK    /Volumes/Samsung 990-2/100 Hours/Diamond/mytronlabs-000014-018.txt -> gs://100hr-data/Diamond/IMU/mytronlabs-000014-018.txt
OK    /Volumes/Samsung 990-2/100 Hours/Diamond/mytronlabs-000007-043.aac -> gs://100hr-data/Diamond/IMU/mytronlabs-000007-043.aac
OK    /Volumes/Samsung 990-2/100 Hours/Diamond/mytronlabs-000012-035.mp4 -> gs://100hr-data/Diamond/Videos/mytronlabs-000012-035.mp4
OK    /Volumes/Samsung 990-2/100 Hours/Diamond/mytronlabs-000012-021.mp4 -> gs://100hr-data/Diamond/Videos/mytronlabs-000012-021.mp4
OK    /Volumes/Samsung 990-2/100 Hours/Diamond/mytronlabs-000204-107.txt -> gs://100hr-data/Diamond/IMU/mytronlabs-000204-107.txt
OK    /Volumes/Samsung 990-2/100 Hours/Diamond/mytronlabs-000014-024.txt -> gs://100hr-data/Diamond/IMU/mytronlabs-000014-024.txt
OK    /Volumes/Samsung 990-2/100 Hours/Diamond/mytronlabs-000207-053.mp4 -> gs://100hr-data/Diamond/Videos/mytronlabs-000207-053.mp4
OK    /Volumes/Samsung 990-2/100 Hours/Diamond/mytronlabs-000012-009.mp4 -> gs://100hr-data/Diamond/Videos/mytronlabs-000012-009.mp4
OK    /Volumes/Samsung 990-2/100 Hours/Diamond/mytronlabs-000014-030.txt -> gs://100hr-data/Diamond/IMU/mytronlabs-000014-030.txt
OK    /Volumes/Samsung 990-2/100 Hours/Diamond/mytronlabs-000207-047.mp4 -> gs://100hr-data/Diamond/Videos/mytronlabs-000207-047.mp4
OK    /Volumes/Samsung 990-2/100 Hours/Diamond/mytronlabs-000207-013.txt -> gs://100hr-data/Diamond/IMU/mytronlabs-000207-013.txt
OK    /Volumes/Samsung 990-2/100 Hours/Diamond/mytronlabs-000001-012.aac -> gs://100hr-data/Diamond/IMU/mytronlabs-000001-012.aac
OK    /Volumes/Samsung 990-2/100 Hours/Diamond/mytronlabs-000012-049.txt -> gs://100hr-data/Diamond/IMU/mytronlabs-000012-049.txt
OK    /Volumes/Samsung 990-2/100 Hours/Diamond/mytronlabs-000001-006.aac -> gs://100hr-data/Diamond/IMU/mytronlabs-000001-006.aac
OK    /Volumes/Samsung 990-2/100 Hours/Diamond/mytronlabs-000204-048.aac -> gs://100hr-data/Diamond/IMU/mytronlabs-000204-048.aac
OK    /Volumes/Samsung 990-2/100 Hours/Diamond/mytronlabs-000014-058.mp4 -> gs://100hr-data/Diamond/Videos/mytronlabs-000014-058.mp4
OK    /Volumes/Samsung 990-2/100 Hours/Diamond/mytronlabs-000204-060.aac -> gs://100hr-data/Diamond/IMU/mytronlabs-000204-060.aac
OK    /Volumes/Samsung 990-2/100 Hours/Diamond/mytronlabs-000207-090.mp4 -> gs://100hr-data/Diamond/Videos/mytronlabs-000207-090.mp4
OK    /Volumes/Samsung 990-2/100 Hours/Diamond/mytronlabs-000012-061.txt -> gs://100hr-data/Diamond/IMU/mytronlabs-000012-061.txt
OK    /Volumes/Samsung 990-2/100 Hours/Diamond/mytronlabs-000207-084.mp4 -> gs://100hr-data/Diamond/Videos/mytronlabs-000207-084.mp4
OK    /Volumes/Samsung 990-2/100 Hours/Diamond/mytronlabs-000204-074.aac -> gs://100hr-data/Diamond/IMU/mytronlabs-000204-074.aac
OK    /Volumes/Samsung 990-2/100 Hours/Diamond/mytronlabs-000006-052.aac -> gs://100hr-data/Diamond/IMU/mytronlabs-000006-052.aac
OK    /Volumes/Samsung 990-2/100 Hours/Diamond/mytronlabs-000003-030.mp4 -> gs://100hr-data/Diamond/Videos/mytronlabs-000003-030.mp4
OK    /Volumes/Samsung 990-2/100 Hours/Diamond/mytronlabs-000003-024.mp4 -> gs://100hr-data/Diamond/Videos/mytronlabs-000003-024.mp4
OK    /Volumes/Samsung 990-2/100 Hours/Diamond/mytronlabs-000006-046.aac -> gs://100hr-data/Diamond/IMU/mytronlabs-000006-046.aac
OK    /Volumes/Samsung 990-2/100 Hours/Diamond/mytronlabs-000003-018.mp4 -> gs://100hr-data/Diamond/Videos/mytronlabs-000003-018.mp4
OK    /Volumes/Samsung 990-2/100 Hours/Diamond/mytronlabs-000006-015.mp4 -> gs://100hr-data/Diamond/Videos/mytronlabs-000006-015.mp4
OK    /Volumes/Samsung 990-2/100 Hours/Diamond/mytronlabs-000006-029.mp4 -> gs://100hr-data/Diamond/Videos/mytronlabs-000006-029.mp4
OK    /Volumes/Samsung 990-2/100 Hours/Diamond/mytronlabs-000006-055.txt -> gs://100hr-data/Diamond/IMU/mytronlabs-000006-055.txt
OK    /Volumes/Samsung 990-2/100 Hours/Diamond/mytronlabs-000006-041.txt -> gs://100hr-data/Diamond/IMU/mytronlabs-000006-041.txt
OK    /Volumes/Samsung 990-2/100 Hours/Diamond/mytronlabs-000001-029.txt -> gs://100hr-data/Diamond/IMU/mytronlabs-000001-029.txt
OK    /Volumes/Samsung 990-2/100 Hours/Diamond/mytronlabs-000204-067.txt -> gs://100hr-data/Diamond/IMU/mytronlabs-000204-067.txt
OK    /Volumes/Samsung 990-2/100 Hours/Diamond/mytronlabs-000207-028.aac -> gs://100hr-data/Diamond/IMU/mytronlabs-000207-028.aac
OK    /Volumes/Samsung 990-2/100 Hours/Diamond/mytronlabs-000007-004.mp4 -> gs://100hr-data/Diamond/Videos/mytronlabs-000007-004.mp4
OK    /Volumes/Samsung 990-2/100 Hours/Diamond/mytronlabs-000007-010.mp4 -> gs://100hr-data/Diamond/Videos/mytronlabs-000007-010.mp4
OK    /Volumes/Samsung 990-2/100 Hours/Diamond/mytronlabs-000204-073.txt -> gs://100hr-data/Diamond/IMU/mytronlabs-000204-073.txt
OK    /Volumes/Samsung 990-2/100 Hours/Diamond/mytronlabs-000001-015.txt -> gs://100hr-data/Diamond/IMU/mytronlabs-000001-015.txt
OK    /Volumes/Samsung 990-2/100 Hours/Diamond/mytronlabs-000207-014.aac -> gs://100hr-data/Diamond/IMU/mytronlabs-000207-014.aac
OK    /Volumes/Samsung 990-2/100 Hours/Diamond/mytronlabs-000007-038.mp4 -> gs://100hr-data/Diamond/Videos/mytronlabs-000007-038.mp4
OK    /Volumes/Samsung 990-2/100 Hours/Diamond/mytronlabs-000001-001.txt -> gs://100hr-data/Diamond/IMU/mytronlabs-000001-001.txt
OK    /Volumes/Samsung 990-2/100 Hours/Diamond/mytronlabs-000014-023.aac -> gs://100hr-data/Diamond/IMU/mytronlabs-000014-023.aac
OK    /Volumes/Samsung 990-2/100 Hours/Diamond/mytronlabs-000001-055.mp4 -> gs://100hr-data/Diamond/Videos/mytronlabs-000001-055.mp4
OK    /Volumes/Samsung 990-2/100 Hours/Diamond/mytronlabs-000014-037.aac -> gs://100hr-data/Diamond/IMU/mytronlabs-000014-037.aac
OK    /Volumes/Samsung 990-2/100 Hours/Diamond/mytronlabs-000001-041.mp4 -> gs://100hr-data/Diamond/Videos/mytronlabs-000001-041.mp4
OK    /Volumes/Samsung 990-2/100 Hours/Diamond/mytronlabs-000204-114.aac -> gs://100hr-data/Diamond/IMU/mytronlabs-000204-114.aac
OK    /Volumes/Samsung 990-2/100 Hours/Diamond/mytronlabs-000204-098.txt -> gs://100hr-data/Diamond/IMU/mytronlabs-000204-098.txt
OK    /Volumes/Samsung 990-2/100 Hours/Diamond/mytronlabs-000204-027.mp4 -> gs://100hr-data/Diamond/Videos/mytronlabs-000204-027.mp4
OK    /Volumes/Samsung 990-2/100 Hours/Diamond/mytronlabs-000007-044.txt -> gs://100hr-data/Diamond/IMU/mytronlabs-000007-044.txt
OK    /Volumes/Samsung 990-2/100 Hours/Diamond/mytronlabs-000204-033.mp4 -> gs://100hr-data/Diamond/Videos/mytronlabs-000204-033.mp4
OK    /Volumes/Samsung 990-2/100 Hours/Diamond/mytronlabs-000204-100.aac -> gs://100hr-data/Diamond/IMU/mytronlabs-000204-100.aac
OK    /Volumes/Samsung 990-2/100 Hours/Diamond/mytronlabs-000204-101.aac -> gs://100hr-data/Diamond/IMU/mytronlabs-000204-101.aac
OK    /Volumes/Samsung 990-2/100 Hours/Diamond/mytronlabs-000204-032.mp4 -> gs://100hr-data/Diamond/Videos/mytronlabs-000204-032.mp4
OK    /Volumes/Samsung 990-2/100 Hours/Diamond/mytronlabs-000204-026.mp4 -> gs://100hr-data/Diamond/Videos/mytronlabs-000204-026.mp4
OK    /Volumes/Samsung 990-2/100 Hours/Diamond/mytronlabs-000204-099.txt -> gs://100hr-data/Diamond/IMU/mytronlabs-000204-099.txt
OK    /Volumes/Samsung 990-2/100 Hours/Diamond/mytronlabs-000204-115.aac -> gs://100hr-data/Diamond/IMU/mytronlabs-000204-115.aac
OK    /Volumes/Samsung 990-2/100 Hours/Diamond/mytronlabs-000007-045.txt -> gs://100hr-data/Diamond/IMU/mytronlabs-000007-045.txt
OK    /Volumes/Samsung 990-2/100 Hours/Diamond/mytronlabs-000001-040.mp4 -> gs://100hr-data/Diamond/Videos/mytronlabs-000001-040.mp4
OK    /Volumes/Samsung 990-2/100 Hours/Diamond/mytronlabs-000014-036.aac -> gs://100hr-data/Diamond/IMU/mytronlabs-000014-036.aac
OK    /Volumes/Samsung 990-2/100 Hours/Diamond/mytronlabs-000001-054.mp4 -> gs://100hr-data/Diamond/Videos/mytronlabs-000001-054.mp4
OK    /Volumes/Samsung 990-2/100 Hours/Diamond/mytronlabs-000014-022.aac -> gs://100hr-data/Diamond/IMU/mytronlabs-000014-022.aac
OK    /Volumes/Samsung 990-2/100 Hours/Diamond/mytronlabs-000207-015.aac -> gs://100hr-data/Diamond/IMU/mytronlabs-000207-015.aac
OK    /Volumes/Samsung 990-2/100 Hours/Diamond/mytronlabs-000001-014.txt -> gs://100hr-data/Diamond/IMU/mytronlabs-000001-014.txt
OK    /Volumes/Samsung 990-2/100 Hours/Diamond/mytronlabs-000007-039.mp4 -> gs://100hr-data/Diamond/Videos/mytronlabs-000007-039.mp4
OK    /Volumes/Samsung 990-2/100 Hours/Diamond/mytronlabs-000007-011.mp4 -> gs://100hr-data/Diamond/Videos/mytronlabs-000007-011.mp4
OK    /Volumes/Samsung 990-2/100 Hours/Diamond/mytronlabs-000204-072.txt -> gs://100hr-data/Diamond/IMU/mytronlabs-000204-072.txt
OK    /Volumes/Samsung 990-2/100 Hours/Diamond/mytronlabs-000207-029.aac -> gs://100hr-data/Diamond/IMU/mytronlabs-000207-029.aac
OK    /Volumes/Samsung 990-2/100 Hours/Diamond/mytronlabs-000001-028.txt -> gs://100hr-data/Diamond/IMU/mytronlabs-000001-028.txt
OK    /Volumes/Samsung 990-2/100 Hours/Diamond/mytronlabs-000204-066.txt -> gs://100hr-data/Diamond/IMU/mytronlabs-000204-066.txt
OK    /Volumes/Samsung 990-2/100 Hours/Diamond/mytronlabs-000007-005.mp4 -> gs://100hr-data/Diamond/Videos/mytronlabs-000007-005.mp4
OK    /Volumes/Samsung 990-2/100 Hours/Diamond/mytronlabs-000006-040.txt -> gs://100hr-data/Diamond/IMU/mytronlabs-000006-040.txt
OK    /Volumes/Samsung 990-2/100 Hours/Diamond/mytronlabs-000006-054.txt -> gs://100hr-data/Diamond/IMU/mytronlabs-000006-054.txt
OK    /Volumes/Samsung 990-2/100 Hours/Diamond/mytronlabs-000006-028.mp4 -> gs://100hr-data/Diamond/Videos/mytronlabs-000006-028.mp4
OK    /Volumes/Samsung 990-2/100 Hours/Diamond/mytronlabs-000006-014.mp4 -> gs://100hr-data/Diamond/Videos/mytronlabs-000006-014.mp4
OK    /Volumes/Samsung 990-2/100 Hours/Diamond/mytronlabs-000003-019.mp4 -> gs://100hr-data/Diamond/Videos/mytronlabs-000003-019.mp4
OK    /Volumes/Samsung 990-2/100 Hours/Diamond/mytronlabs-000003-025.mp4 -> gs://100hr-data/Diamond/Videos/mytronlabs-000003-025.mp4
OK    /Volumes/Samsung 990-2/100 Hours/Diamond/mytronlabs-000006-047.aac -> gs://100hr-data/Diamond/IMU/mytronlabs-000006-047.aac
OK    /Volumes/Samsung 990-2/100 Hours/Diamond/mytronlabs-000006-053.aac -> gs://100hr-data/Diamond/IMU/mytronlabs-000006-053.aac
OK    /Volumes/Samsung 990-2/100 Hours/Diamond/mytronlabs-000003-031.mp4 -> gs://100hr-data/Diamond/Videos/mytronlabs-000003-031.mp4
OK    /Volumes/Samsung 990-2/100 Hours/Diamond/mytronlabs-000012-060.txt -> gs://100hr-data/Diamond/IMU/mytronlabs-000012-060.txt
OK    /Volumes/Samsung 990-2/100 Hours/Diamond/mytronlabs-000204-075.aac -> gs://100hr-data/Diamond/IMU/mytronlabs-000204-075.aac
OK    /Volumes/Samsung 990-2/100 Hours/Diamond/mytronlabs-000207-085.mp4 -> gs://100hr-data/Diamond/Videos/mytronlabs-000207-085.mp4
OK    /Volumes/Samsung 990-2/100 Hours/Diamond/mytronlabs-000207-091.mp4 -> gs://100hr-data/Diamond/Videos/mytronlabs-000207-091.mp4
OK    /Volumes/Samsung 990-2/100 Hours/Diamond/mytronlabs-000204-061.aac -> gs://100hr-data/Diamond/IMU/mytronlabs-000204-061.aac
OK    /Volumes/Samsung 990-2/100 Hours/Diamond/mytronlabs-000014-059.mp4 -> gs://100hr-data/Diamond/Videos/mytronlabs-000014-059.mp4
OK    /Volumes/Samsung 990-2/100 Hours/Diamond/mytronlabs-000001-007.aac -> gs://100hr-data/Diamond/IMU/mytronlabs-000001-007.aac
OK    /Volumes/Samsung 990-2/100 Hours/Diamond/mytronlabs-000204-049.aac -> gs://100hr-data/Diamond/IMU/mytronlabs-000204-049.aac
OK    /Volumes/Samsung 990-2/100 Hours/Diamond/mytronlabs-000001-013.aac -> gs://100hr-data/Diamond/IMU/mytronlabs-000001-013.aac
OK    /Volumes/Samsung 990-2/100 Hours/Diamond/mytronlabs-000012-048.txt -> gs://100hr-data/Diamond/IMU/mytronlabs-000012-048.txt
OK    /Volumes/Samsung 990-2/100 Hours/Diamond/mytronlabs-000207-046.mp4 -> gs://100hr-data/Diamond/Videos/mytronlabs-000207-046.mp4
OK    /Volumes/Samsung 990-2/100 Hours/Diamond/mytronlabs-000014-031.txt -> gs://100hr-data/Diamond/IMU/mytronlabs-000014-031.txt
OK    /Volumes/Samsung 990-2/100 Hours/Diamond/mytronlabs-000207-052.mp4 -> gs://100hr-data/Diamond/Videos/mytronlabs-000207-052.mp4
OK    /Volumes/Samsung 990-2/100 Hours/Diamond/mytronlabs-000014-025.txt -> gs://100hr-data/Diamond/IMU/mytronlabs-000014-025.txt
OK    /Volumes/Samsung 990-2/100 Hours/Diamond/mytronlabs-000012-008.mp4 -> gs://100hr-data/Diamond/Videos/mytronlabs-000012-008.mp4
OK    /Volumes/Samsung 990-2/100 Hours/Diamond/mytronlabs-000012-020.mp4 -> gs://100hr-data/Diamond/Videos/mytronlabs-000012-020.mp4
OK    /Volumes/Samsung 990-2/100 Hours/Diamond/mytronlabs-000204-106.txt -> gs://100hr-data/Diamond/IMU/mytronlabs-000204-106.txt
OK    /Volumes/Samsung 990-2/100 Hours/Diamond/mytronlabs-000014-019.txt -> gs://100hr-data/Diamond/IMU/mytronlabs-000014-019.txt
OK    /Volumes/Samsung 990-2/100 Hours/Diamond/mytronlabs-000204-112.txt -> gs://100hr-data/Diamond/IMU/mytronlabs-000204-112.txt
OK    /Volumes/Samsung 990-2/100 Hours/Diamond/mytronlabs-000012-034.mp4 -> gs://100hr-data/Diamond/Videos/mytronlabs-000012-034.mp4
OK    /Volumes/Samsung 990-2/100 Hours/Diamond/mytronlabs-000007-042.aac -> gs://100hr-data/Diamond/IMU/mytronlabs-000007-042.aac
OK    /Volumes/Samsung 990-2/100 Hours/Diamond/mytronlabs-000204-087.aac -> gs://100hr-data/Diamond/IMU/mytronlabs-000204-087.aac
OK    /Volumes/Samsung 990-2/100 Hours/Diamond/mytronlabs-000207-077.mp4 -> gs://100hr-data/Diamond/Videos/mytronlabs-000207-077.mp4
OK    /Volumes/Samsung 990-2/100 Hours/Diamond/mytronlabs-000207-063.mp4 -> gs://100hr-data/Diamond/Videos/mytronlabs-000207-063.mp4
OK    /Volumes/Samsung 990-2/100 Hours/Diamond/mytronlabs-000014-014.txt -> gs://100hr-data/Diamond/IMU/mytronlabs-000014-014.txt
OK    /Volumes/Samsung 990-2/100 Hours/Diamond/mytronlabs-000204-093.aac -> gs://100hr-data/Diamond/IMU/mytronlabs-000204-093.aac
OK    /Volumes/Samsung 990-2/100 Hours/Diamond/mytronlabs-000012-039.mp4 -> gs://100hr-data/Diamond/Videos/mytronlabs-000012-039.mp4
OK    /Volumes/Samsung 990-2/100 Hours/Diamond/mytronlabs-000012-011.mp4 -> gs://100hr-data/Diamond/Videos/mytronlabs-000012-011.mp4
OK    /Volumes/Samsung 990-2/100 Hours/Diamond/mytronlabs-000014-028.txt -> gs://100hr-data/Diamond/IMU/mytronlabs-000014-028.txt
OK    /Volumes/Samsung 990-2/100 Hours/Diamond/mytronlabs-000012-005.mp4 -> gs://100hr-data/Diamond/Videos/mytronlabs-000012-005.mp4
OK    /Volumes/Samsung 990-2/100 Hours/Diamond/mytronlabs-000012-051.txt -> gs://100hr-data/Diamond/IMU/mytronlabs-000012-051.txt
OK    /Volumes/Samsung 990-2/100 Hours/Diamond/mytronlabs-000204-044.aac -> gs://100hr-data/Diamond/IMU/mytronlabs-000204-044.aac
OK    /Volumes/Samsung 990-2/100 Hours/Diamond/mytronlabs-000204-050.aac -> gs://100hr-data/Diamond/IMU/mytronlabs-000204-050.aac
OK    /Volumes/Samsung 990-2/100 Hours/Diamond/mytronlabs-000012-045.txt -> gs://100hr-data/Diamond/IMU/mytronlabs-000012-045.txt
OK    /Volumes/Samsung 990-2/100 Hours/Diamond/mytronlabs-000014-040.mp4 -> gs://100hr-data/Diamond/Videos/mytronlabs-000014-040.mp4
OK    /Volumes/Samsung 990-2/100 Hours/Diamond/mytronlabs-000207-037.txt -> gs://100hr-data/Diamond/IMU/mytronlabs-000207-037.txt
OK    /Volumes/Samsung 990-2/100 Hours/Diamond/mytronlabs-000204-078.aac -> gs://100hr-data/Diamond/IMU/mytronlabs-000204-078.aac
OK    /Volumes/Samsung 990-2/100 Hours/Diamond/mytronlabs-000001-036.aac -> gs://100hr-data/Diamond/IMU/mytronlabs-000001-036.aac
OK    /Volumes/Samsung 990-2/100 Hours/Diamond/mytronlabs-000207-088.mp4 -> gs://100hr-data/Diamond/Videos/mytronlabs-000207-088.mp4
OK    /Volumes/Samsung 990-2/100 Hours/Diamond/mytronlabs-000014-054.mp4 -> gs://100hr-data/Diamond/Videos/mytronlabs-000014-054.mp4
OK    /Volumes/Samsung 990-2/100 Hours/Diamond/mytronlabs-000207-023.txt -> gs://100hr-data/Diamond/IMU/mytronlabs-000207-023.txt
OK    /Volumes/Samsung 990-2/100 Hours/Diamond/mytronlabs-000001-022.aac -> gs://100hr-data/Diamond/IMU/mytronlabs-000001-022.aac
OK    /Volumes/Samsung 990-2/100 Hours/Diamond/mytronlabs-000003-028.mp4 -> gs://100hr-data/Diamond/Videos/mytronlabs-000003-028.mp4
OK    /Volumes/Samsung 990-2/100 Hours/Diamond/mytronlabs-000003-014.mp4 -> gs://100hr-data/Diamond/Videos/mytronlabs-000003-014.mp4
OK    /Volumes/Samsung 990-2/100 Hours/Diamond/mytronlabs-000006-019.mp4 -> gs://100hr-data/Diamond/Videos/mytronlabs-000006-019.mp4
OK    /Volumes/Samsung 990-2/100 Hours/Diamond/mytronlabs-000006-031.mp4 -> gs://100hr-data/Diamond/Videos/mytronlabs-000006-031.mp4
OK    /Volumes/Samsung 990-2/100 Hours/Diamond/mytronlabs-000006-025.mp4 -> gs://100hr-data/Diamond/Videos/mytronlabs-000006-025.mp4
OK    /Volumes/Samsung 990-2/100 Hours/Diamond/mytronlabs-000001-031.txt -> gs://100hr-data/Diamond/IMU/mytronlabs-000001-031.txt
OK    /Volumes/Samsung 990-2/100 Hours/Diamond/mytronlabs-000207-030.aac -> gs://100hr-data/Diamond/IMU/mytronlabs-000207-030.aac
OK    /Volumes/Samsung 990-2/100 Hours/Diamond/mytronlabs-000207-103.mp4 -> gs://100hr-data/Diamond/Videos/mytronlabs-000207-103.mp4
OK    /Volumes/Samsung 990-2/100 Hours/Diamond/mytronlabs-000001-025.txt -> gs://100hr-data/Diamond/IMU/mytronlabs-000001-025.txt
OK    /Volumes/Samsung 990-2/100 Hours/Diamond/mytronlabs-000207-024.aac -> gs://100hr-data/Diamond/IMU/mytronlabs-000207-024.aac
OK    /Volumes/Samsung 990-2/100 Hours/Diamond/mytronlabs-000007-008.mp4 -> gs://100hr-data/Diamond/Videos/mytronlabs-000007-008.mp4
OK    /Volumes/Samsung 990-2/100 Hours/Diamond/mytronlabs-000007-020.mp4 -> gs://100hr-data/Diamond/Videos/mytronlabs-000007-020.mp4
OK    /Volumes/Samsung 990-2/100 Hours/Diamond/mytronlabs-000012-056.aac -> gs://100hr-data/Diamond/IMU/mytronlabs-000012-056.aac
OK    /Volumes/Samsung 990-2/100 Hours/Diamond/mytronlabs-000204-043.txt -> gs://100hr-data/Diamond/IMU/mytronlabs-000204-043.txt
OK    /Volumes/Samsung 990-2/100 Hours/Diamond/mytronlabs-000204-057.txt -> gs://100hr-data/Diamond/IMU/mytronlabs-000204-057.txt
OK    /Volumes/Samsung 990-2/100 Hours/Diamond/mytronlabs-000001-019.txt -> gs://100hr-data/Diamond/IMU/mytronlabs-000001-019.txt
OK    /Volumes/Samsung 990-2/100 Hours/Diamond/mytronlabs-000207-018.aac -> gs://100hr-data/Diamond/IMU/mytronlabs-000207-018.aac
OK    /Volumes/Samsung 990-2/100 Hours/Diamond/mytronlabs-000007-034.mp4 -> gs://100hr-data/Diamond/Videos/mytronlabs-000007-034.mp4
OK    /Volumes/Samsung 990-2/100 Hours/Diamond/mytronlabs-000012-042.aac -> gs://100hr-data/Diamond/IMU/mytronlabs-000012-042.aac
OK    /Volumes/Samsung 990-2/100 Hours/Diamond/mytronlabs-000204-017.mp4 -> gs://100hr-data/Diamond/Videos/mytronlabs-000204-017.mp4
OK    /Volumes/Samsung 990-2/100 Hours/Diamond/mytronlabs-000001-059.mp4 -> gs://100hr-data/Diamond/Videos/mytronlabs-000001-059.mp4
OK    /Volumes/Samsung 990-2/100 Hours/Diamond/mytronlabs-000204-080.txt -> gs://100hr-data/Diamond/IMU/mytronlabs-000204-080.txt
OK    /Volumes/Samsung 990-2/100 Hours/Diamond/mytronlabs-000014-007.aac -> gs://100hr-data/Diamond/IMU/mytronlabs-000014-007.aac
OK    /Volumes/Samsung 990-2/100 Hours/Diamond/mytronlabs-000014-013.aac -> gs://100hr-data/Diamond/IMU/mytronlabs-000014-013.aac
OK    /Volumes/Samsung 990-2/100 Hours/Diamond/mytronlabs-000001-065.mp4 -> gs://100hr-data/Diamond/Videos/mytronlabs-000001-065.mp4
OK    /Volumes/Samsung 990-2/100 Hours/Diamond/mytronlabs-000204-094.txt -> gs://100hr-data/Diamond/IMU/mytronlabs-000204-094.txt
OK    /Volumes/Samsung 990-2/100 Hours/Diamond/mytronlabs-000204-095.txt -> gs://100hr-data/Diamond/IMU/mytronlabs-000204-095.txt
OK    /Volumes/Samsung 990-2/100 Hours/Diamond/mytronlabs-000001-064.mp4 -> gs://100hr-data/Diamond/Videos/mytronlabs-000001-064.mp4
OK    /Volumes/Samsung 990-2/100 Hours/Diamond/mytronlabs-000014-012.aac -> gs://100hr-data/Diamond/IMU/mytronlabs-000014-012.aac
OK    /Volumes/Samsung 990-2/100 Hours/Diamond/mytronlabs-000014-006.aac -> gs://100hr-data/Diamond/IMU/mytronlabs-000014-006.aac
OK    /Volumes/Samsung 990-2/100 Hours/Diamond/mytronlabs-000204-081.txt -> gs://100hr-data/Diamond/IMU/mytronlabs-000204-081.txt
OK    /Volumes/Samsung 990-2/100 Hours/Diamond/mytronlabs-000204-016.mp4 -> gs://100hr-data/Diamond/Videos/mytronlabs-000204-016.mp4
OK    /Volumes/Samsung 990-2/100 Hours/Diamond/mytronlabs-000001-058.mp4 -> gs://100hr-data/Diamond/Videos/mytronlabs-000001-058.mp4
OK    /Volumes/Samsung 990-2/100 Hours/Diamond/mytronlabs-000207-019.aac -> gs://100hr-data/Diamond/IMU/mytronlabs-000207-019.aac
OK    /Volumes/Samsung 990-2/100 Hours/Diamond/mytronlabs-000204-056.txt -> gs://100hr-data/Diamond/IMU/mytronlabs-000204-056.txt
OK    /Volumes/Samsung 990-2/100 Hours/Diamond/mytronlabs-000001-018.txt -> gs://100hr-data/Diamond/IMU/mytronlabs-000001-018.txt
OK    /Volumes/Samsung 990-2/100 Hours/Diamond/mytronlabs-000012-043.aac -> gs://100hr-data/Diamond/IMU/mytronlabs-000012-043.aac
OK    /Volumes/Samsung 990-2/100 Hours/Diamond/mytronlabs-000007-035.mp4 -> gs://100hr-data/Diamond/Videos/mytronlabs-000007-035.mp4
OK    /Volumes/Samsung 990-2/100 Hours/Diamond/mytronlabs-000012-057.aac -> gs://100hr-data/Diamond/IMU/mytronlabs-000012-057.aac
OK    /Volumes/Samsung 990-2/100 Hours/Diamond/mytronlabs-000007-021.mp4 -> gs://100hr-data/Diamond/Videos/mytronlabs-000007-021.mp4
OK    /Volumes/Samsung 990-2/100 Hours/Diamond/mytronlabs-000204-042.txt -> gs://100hr-data/Diamond/IMU/mytronlabs-000204-042.txt
OK    /Volumes/Samsung 990-2/100 Hours/Diamond/mytronlabs-000207-025.aac -> gs://100hr-data/Diamond/IMU/mytronlabs-000207-025.aac
OK    /Volumes/Samsung 990-2/100 Hours/Diamond/mytronlabs-000001-024.txt -> gs://100hr-data/Diamond/IMU/mytronlabs-000001-024.txt
OK    /Volumes/Samsung 990-2/100 Hours/Diamond/mytronlabs-000007-009.mp4 -> gs://100hr-data/Diamond/Videos/mytronlabs-000007-009.mp4
OK    /Volumes/Samsung 990-2/100 Hours/Diamond/mytronlabs-000207-102.mp4 -> gs://100hr-data/Diamond/Videos/mytronlabs-000207-102.mp4
OK    /Volumes/Samsung 990-2/100 Hours/Diamond/mytronlabs-000207-031.aac -> gs://100hr-data/Diamond/IMU/mytronlabs-000207-031.aac
OK    /Volumes/Samsung 990-2/100 Hours/Diamond/mytronlabs-000001-030.txt -> gs://100hr-data/Diamond/IMU/mytronlabs-000001-030.txt
OK    /Volumes/Samsung 990-2/100 Hours/Diamond/mytronlabs-000006-024.mp4 -> gs://100hr-data/Diamond/Videos/mytronlabs-000006-024.mp4
OK    /Volumes/Samsung 990-2/100 Hours/Diamond/mytronlabs-000006-030.mp4 -> gs://100hr-data/Diamond/Videos/mytronlabs-000006-030.mp4
OK    /Volumes/Samsung 990-2/100 Hours/Diamond/mytronlabs-000006-018.mp4 -> gs://100hr-data/Diamond/Videos/mytronlabs-000006-018.mp4
OK    /Volumes/Samsung 990-2/100 Hours/Diamond/mytronlabs-000003-001.mp4 -> gs://100hr-data/Diamond/Videos/mytronlabs-000003-001.mp4
OK    /Volumes/Samsung 990-2/100 Hours/Diamond/mytronlabs-000003-015.mp4 -> gs://100hr-data/Diamond/Videos/mytronlabs-000003-015.mp4
OK    /Volumes/Samsung 990-2/100 Hours/Diamond/mytronlabs-000003-029.mp4 -> gs://100hr-data/Diamond/Videos/mytronlabs-000003-029.mp4
OK    /Volumes/Samsung 990-2/100 Hours/Diamond/mytronlabs-000001-023.aac -> gs://100hr-data/Diamond/IMU/mytronlabs-000001-023.aac
OK    /Volumes/Samsung 990-2/100 Hours/Diamond/mytronlabs-000207-022.txt -> gs://100hr-data/Diamond/IMU/mytronlabs-000207-022.txt
OK    /Volumes/Samsung 990-2/100 Hours/Diamond/mytronlabs-000014-055.mp4 -> gs://100hr-data/Diamond/Videos/mytronlabs-000014-055.mp4
OK    /Volumes/Samsung 990-2/100 Hours/Diamond/mytronlabs-000207-089.mp4 -> gs://100hr-data/Diamond/Videos/mytronlabs-000207-089.mp4
OK    /Volumes/Samsung 990-2/100 Hours/Diamond/mytronlabs-000204-079.aac -> gs://100hr-data/Diamond/IMU/mytronlabs-000204-079.aac
OK    /Volumes/Samsung 990-2/100 Hours/Diamond/mytronlabs-000001-037.aac -> gs://100hr-data/Diamond/IMU/mytronlabs-000001-037.aac
OK    /Volumes/Samsung 990-2/100 Hours/Diamond/mytronlabs-000207-036.txt -> gs://100hr-data/Diamond/IMU/mytronlabs-000207-036.txt
OK    /Volumes/Samsung 990-2/100 Hours/Diamond/mytronlabs-000014-041.mp4 -> gs://100hr-data/Diamond/Videos/mytronlabs-000014-041.mp4
OK    /Volumes/Samsung 990-2/100 Hours/Diamond/mytronlabs-000204-051.aac -> gs://100hr-data/Diamond/IMU/mytronlabs-000204-051.aac
OK    /Volumes/Samsung 990-2/100 Hours/Diamond/mytronlabs-000012-044.txt -> gs://100hr-data/Diamond/IMU/mytronlabs-000012-044.txt
OK    /Volumes/Samsung 990-2/100 Hours/Diamond/mytronlabs-000012-050.txt -> gs://100hr-data/Diamond/IMU/mytronlabs-000012-050.txt
OK    /Volumes/Samsung 990-2/100 Hours/Diamond/mytronlabs-000204-045.aac -> gs://100hr-data/Diamond/IMU/mytronlabs-000204-045.aac
OK    /Volumes/Samsung 990-2/100 Hours/Diamond/mytronlabs-000014-029.txt -> gs://100hr-data/Diamond/IMU/mytronlabs-000014-029.txt
OK    /Volumes/Samsung 990-2/100 Hours/Diamond/mytronlabs-000012-004.mp4 -> gs://100hr-data/Diamond/Videos/mytronlabs-000012-004.mp4
OK    /Volumes/Samsung 990-2/100 Hours/Diamond/mytronlabs-000012-010.mp4 -> gs://100hr-data/Diamond/Videos/mytronlabs-000012-010.mp4
OK    /Volumes/Samsung 990-2/100 Hours/Diamond/mytronlabs-000204-092.aac -> gs://100hr-data/Diamond/IMU/mytronlabs-000204-092.aac
OK    /Volumes/Samsung 990-2/100 Hours/Diamond/mytronlabs-000014-015.txt -> gs://100hr-data/Diamond/IMU/mytronlabs-000014-015.txt
OK    /Volumes/Samsung 990-2/100 Hours/Diamond/mytronlabs-000207-062.mp4 -> gs://100hr-data/Diamond/Videos/mytronlabs-000207-062.mp4
OK    /Volumes/Samsung 990-2/100 Hours/Diamond/mytronlabs-000012-038.mp4 -> gs://100hr-data/Diamond/Videos/mytronlabs-000012-038.mp4
OK    /Volumes/Samsung 990-2/100 Hours/Diamond/mytronlabs-000014-001.txt -> gs://100hr-data/Diamond/IMU/mytronlabs-000014-001.txt
OK    /Volumes/Samsung 990-2/100 Hours/Diamond/mytronlabs-000207-076.mp4 -> gs://100hr-data/Diamond/Videos/mytronlabs-000207-076.mp4
OK    /Volumes/Samsung 990-2/100 Hours/Diamond/mytronlabs-000204-086.aac -> gs://100hr-data/Diamond/IMU/mytronlabs-000204-086.aac
OK    /Volumes/Samsung 990-2/100 Hours/Diamond/mytronlabs-000207-060.mp4 -> gs://100hr-data/Diamond/Videos/mytronlabs-000207-060.mp4
OK    /Volumes/Samsung 990-2/100 Hours/Diamond/mytronlabs-000014-017.txt -> gs://100hr-data/Diamond/IMU/mytronlabs-000014-017.txt
OK    /Volumes/Samsung 990-2/100 Hours/Diamond/mytronlabs-000204-090.aac -> gs://100hr-data/Diamond/IMU/mytronlabs-000204-090.aac
OK    /Volumes/Samsung 990-2/100 Hours/Diamond/mytronlabs-000204-084.aac -> gs://100hr-data/Diamond/IMU/mytronlabs-000204-084.aac
OK    /Volumes/Samsung 990-2/100 Hours/Diamond/mytronlabs-000204-108.txt -> gs://100hr-data/Diamond/IMU/mytronlabs-000204-108.txt
OK    /Volumes/Samsung 990-2/100 Hours/Diamond/mytronlabs-000207-074.mp4 -> gs://100hr-data/Diamond/Videos/mytronlabs-000207-074.mp4
OK    /Volumes/Samsung 990-2/100 Hours/Diamond/mytronlabs-000014-003.txt -> gs://100hr-data/Diamond/IMU/mytronlabs-000014-003.txt
OK    /Volumes/Samsung 990-2/100 Hours/Diamond/mytronlabs-000012-006.mp4 -> gs://100hr-data/Diamond/Videos/mytronlabs-000012-006.mp4
OK    /Volumes/Samsung 990-2/100 Hours/Diamond/mytronlabs-000207-048.mp4 -> gs://100hr-data/Diamond/Videos/mytronlabs-000207-048.mp4
OK    /Volumes/Samsung 990-2/100 Hours/Diamond/mytronlabs-000012-012.mp4 -> gs://100hr-data/Diamond/Videos/mytronlabs-000012-012.mp4
OK    /Volumes/Samsung 990-2/100 Hours/Diamond/mytronlabs-000012-046.txt -> gs://100hr-data/Diamond/IMU/mytronlabs-000012-046.txt
OK    /Volumes/Samsung 990-2/100 Hours/Diamond/mytronlabs-000204-053.aac -> gs://100hr-data/Diamond/IMU/mytronlabs-000204-053.aac
OK    /Volumes/Samsung 990-2/100 Hours/Diamond/mytronlabs-000001-009.aac -> gs://100hr-data/Diamond/IMU/mytronlabs-000001-009.aac
OK    /Volumes/Samsung 990-2/100 Hours/Diamond/mytronlabs-000204-047.aac -> gs://100hr-data/Diamond/IMU/mytronlabs-000204-047.aac
OK    /Volumes/Samsung 990-2/100 Hours/Diamond/mytronlabs-000012-052.txt -> gs://100hr-data/Diamond/IMU/mytronlabs-000012-052.txt
OK    /Volumes/Samsung 990-2/100 Hours/Diamond/mytronlabs-000014-057.mp4 -> gs://100hr-data/Diamond/Videos/mytronlabs-000014-057.mp4
OK    /Volumes/Samsung 990-2/100 Hours/Diamond/mytronlabs-000207-020.txt -> gs://100hr-data/Diamond/IMU/mytronlabs-000207-020.txt
OK    /Volumes/Samsung 990-2/100 Hours/Diamond/mytronlabs-000001-021.aac -> gs://100hr-data/Diamond/IMU/mytronlabs-000001-021.aac
OK    /Volumes/Samsung 990-2/100 Hours/Diamond/mytronlabs-000014-043.mp4 -> gs://100hr-data/Diamond/Videos/mytronlabs-000014-043.mp4
OK    /Volumes/Samsung 990-2/100 Hours/Diamond/mytronlabs-000207-034.txt -> gs://100hr-data/Diamond/IMU/mytronlabs-000207-034.txt
OK    /Volumes/Samsung 990-2/100 Hours/Diamond/mytronlabs-000001-035.aac -> gs://100hr-data/Diamond/IMU/mytronlabs-000001-035.aac
OK    /Volumes/Samsung 990-2/100 Hours/Diamond/mytronlabs-000006-049.aac -> gs://100hr-data/Diamond/IMU/mytronlabs-000006-049.aac
OK    /Volumes/Samsung 990-2/100 Hours/Diamond/mytronlabs-000003-003.mp4 -> gs://100hr-data/Diamond/Videos/mytronlabs-000003-003.mp4
OK    /Volumes/Samsung 990-2/100 Hours/Diamond/mytronlabs-000003-017.mp4 -> gs://100hr-data/Diamond/Videos/mytronlabs-000003-017.mp4
OK    /Volumes/Samsung 990-2/100 Hours/Diamond/mytronlabs-000006-026.mp4 -> gs://100hr-data/Diamond/Videos/mytronlabs-000006-026.mp4
OK    /Volumes/Samsung 990-2/100 Hours/Diamond/mytronlabs-000006-032.mp4 -> gs://100hr-data/Diamond/Videos/mytronlabs-000006-032.mp4
OK    /Volumes/Samsung 990-2/100 Hours/Diamond/mytronlabs-000001-026.txt -> gs://100hr-data/Diamond/IMU/mytronlabs-000001-026.txt
OK    /Volumes/Samsung 990-2/100 Hours/Diamond/mytronlabs-000204-068.txt -> gs://100hr-data/Diamond/IMU/mytronlabs-000204-068.txt
OK    /Volumes/Samsung 990-2/100 Hours/Diamond/mytronlabs-000207-027.aac -> gs://100hr-data/Diamond/IMU/mytronlabs-000207-027.aac
OK    /Volumes/Samsung 990-2/100 Hours/Diamond/mytronlabs-000001-032.txt -> gs://100hr-data/Diamond/IMU/mytronlabs-000001-032.txt
OK    /Volumes/Samsung 990-2/100 Hours/Diamond/mytronlabs-000207-033.aac -> gs://100hr-data/Diamond/IMU/mytronlabs-000207-033.aac
OK    /Volumes/Samsung 990-2/100 Hours/Diamond/mytronlabs-000207-100.mp4 -> gs://100hr-data/Diamond/Videos/mytronlabs-000207-100.mp4
OK    /Volumes/Samsung 990-2/100 Hours/Diamond/mytronlabs-000007-037.mp4 -> gs://100hr-data/Diamond/Videos/mytronlabs-000007-037.mp4
OK    /Volumes/Samsung 990-2/100 Hours/Diamond/mytronlabs-000012-041.aac -> gs://100hr-data/Diamond/IMU/mytronlabs-000012-041.aac
OK    /Volumes/Samsung 990-2/100 Hours/Diamond/mytronlabs-000204-054.txt -> gs://100hr-data/Diamond/IMU/mytronlabs-000204-054.txt
OK    /Volumes/Samsung 990-2/100 Hours/Diamond/mytronlabs-000204-040.txt -> gs://100hr-data/Diamond/IMU/mytronlabs-000204-040.txt
OK    /Volumes/Samsung 990-2/100 Hours/Diamond/mytronlabs-000007-023.mp4 -> gs://100hr-data/Diamond/Videos/mytronlabs-000007-023.mp4
OK    /Volumes/Samsung 990-2/100 Hours/Diamond/mytronlabs-000012-055.aac -> gs://100hr-data/Diamond/IMU/mytronlabs-000012-055.aac
OK    /Volumes/Samsung 990-2/100 Hours/Diamond/mytronlabs-000204-014.mp4 -> gs://100hr-data/Diamond/Videos/mytronlabs-000204-014.mp4
OK    /Volumes/Samsung 990-2/100 Hours/Diamond/mytronlabs-000014-038.aac -> gs://100hr-data/Diamond/IMU/mytronlabs-000014-038.aac
OK    /Volumes/Samsung 990-2/100 Hours/Diamond/mytronlabs-000014-010.aac -> gs://100hr-data/Diamond/IMU/mytronlabs-000014-010.aac
OK    /Volumes/Samsung 990-2/100 Hours/Diamond/mytronlabs-000001-066.mp4 -> gs://100hr-data/Diamond/Videos/mytronlabs-000001-066.mp4
OK    /Volumes/Samsung 990-2/100 Hours/Diamond/mytronlabs-000204-028.mp4 -> gs://100hr-data/Diamond/Videos/mytronlabs-000204-028.mp4
OK    /Volumes/Samsung 990-2/100 Hours/Diamond/mytronlabs-000204-097.txt -> gs://100hr-data/Diamond/IMU/mytronlabs-000204-097.txt
OK    /Volumes/Samsung 990-2/100 Hours/Diamond/mytronlabs-000204-083.txt -> gs://100hr-data/Diamond/IMU/mytronlabs-000204-083.txt
OK    /Volumes/Samsung 990-2/100 Hours/Diamond/mytronlabs-000014-004.aac -> gs://100hr-data/Diamond/IMU/mytronlabs-000014-004.aac
OK    /Volumes/Samsung 990-2/100 Hours/Diamond/mytronlabs-000014-005.aac -> gs://100hr-data/Diamond/IMU/mytronlabs-000014-005.aac
OK    /Volumes/Samsung 990-2/100 Hours/Diamond/mytronlabs-000204-082.txt -> gs://100hr-data/Diamond/IMU/mytronlabs-000204-082.txt
OK    /Volumes/Samsung 990-2/100 Hours/Diamond/mytronlabs-000204-096.txt -> gs://100hr-data/Diamond/IMU/mytronlabs-000204-096.txt
OK    /Volumes/Samsung 990-2/100 Hours/Diamond/mytronlabs-000204-029.mp4 -> gs://100hr-data/Diamond/Videos/mytronlabs-000204-029.mp4
OK    /Volumes/Samsung 990-2/100 Hours/Diamond/mytronlabs-000014-011.aac -> gs://100hr-data/Diamond/IMU/mytronlabs-000014-011.aac
OK    /Volumes/Samsung 990-2/100 Hours/Diamond/mytronlabs-000014-039.aac -> gs://100hr-data/Diamond/IMU/mytronlabs-000014-039.aac
OK    /Volumes/Samsung 990-2/100 Hours/Diamond/mytronlabs-000204-015.mp4 -> gs://100hr-data/Diamond/Videos/mytronlabs-000204-015.mp4
OK    /Volumes/Samsung 990-2/100 Hours/Diamond/mytronlabs-000204-041.txt -> gs://100hr-data/Diamond/IMU/mytronlabs-000204-041.txt
OK    /Volumes/Samsung 990-2/100 Hours/Diamond/mytronlabs-000012-054.aac -> gs://100hr-data/Diamond/IMU/mytronlabs-000012-054.aac
OK    /Volumes/Samsung 990-2/100 Hours/Diamond/mytronlabs-000007-022.mp4 -> gs://100hr-data/Diamond/Videos/mytronlabs-000007-022.mp4
OK    /Volumes/Samsung 990-2/100 Hours/Diamond/mytronlabs-000012-040.aac -> gs://100hr-data/Diamond/IMU/mytronlabs-000012-040.aac
OK    /Volumes/Samsung 990-2/100 Hours/Diamond/mytronlabs-000007-036.mp4 -> gs://100hr-data/Diamond/Videos/mytronlabs-000007-036.mp4
OK    /Volumes/Samsung 990-2/100 Hours/Diamond/mytronlabs-000204-055.txt -> gs://100hr-data/Diamond/IMU/mytronlabs-000204-055.txt
OK    /Volumes/Samsung 990-2/100 Hours/Diamond/mytronlabs-000207-101.mp4 -> gs://100hr-data/Diamond/Videos/mytronlabs-000207-101.mp4
OK    /Volumes/Samsung 990-2/100 Hours/Diamond/mytronlabs-000207-032.aac -> gs://100hr-data/Diamond/IMU/mytronlabs-000207-032.aac
OK    /Volumes/Samsung 990-2/100 Hours/Diamond/mytronlabs-000001-033.txt -> gs://100hr-data/Diamond/IMU/mytronlabs-000001-033.txt
OK    /Volumes/Samsung 990-2/100 Hours/Diamond/mytronlabs-000207-026.aac -> gs://100hr-data/Diamond/IMU/mytronlabs-000207-026.aac
OK    /Volumes/Samsung 990-2/100 Hours/Diamond/mytronlabs-000001-027.txt -> gs://100hr-data/Diamond/IMU/mytronlabs-000001-027.txt
OK    /Volumes/Samsung 990-2/100 Hours/Diamond/mytronlabs-000204-069.txt -> gs://100hr-data/Diamond/IMU/mytronlabs-000204-069.txt
OK    /Volumes/Samsung 990-2/100 Hours/Diamond/mytronlabs-000006-033.mp4 -> gs://100hr-data/Diamond/Videos/mytronlabs-000006-033.mp4
OK    /Volumes/Samsung 990-2/100 Hours/Diamond/mytronlabs-000006-027.mp4 -> gs://100hr-data/Diamond/Videos/mytronlabs-000006-027.mp4
OK    /Volumes/Samsung 990-2/100 Hours/Diamond/mytronlabs-000003-016.mp4 -> gs://100hr-data/Diamond/Videos/mytronlabs-000003-016.mp4
OK    /Volumes/Samsung 990-2/100 Hours/Diamond/mytronlabs-000003-002.mp4 -> gs://100hr-data/Diamond/Videos/mytronlabs-000003-002.mp4
OK    /Volumes/Samsung 990-2/100 Hours/Diamond/mytronlabs-000006-048.aac -> gs://100hr-data/Diamond/IMU/mytronlabs-000006-048.aac
OK    /Volumes/Samsung 990-2/100 Hours/Diamond/mytronlabs-000001-034.aac -> gs://100hr-data/Diamond/IMU/mytronlabs-000001-034.aac
OK    /Volumes/Samsung 990-2/100 Hours/Diamond/mytronlabs-000207-035.txt -> gs://100hr-data/Diamond/IMU/mytronlabs-000207-035.txt
OK    /Volumes/Samsung 990-2/100 Hours/Diamond/mytronlabs-000014-042.mp4 -> gs://100hr-data/Diamond/Videos/mytronlabs-000014-042.mp4
OK    /Volumes/Samsung 990-2/100 Hours/Diamond/mytronlabs-000001-020.aac -> gs://100hr-data/Diamond/IMU/mytronlabs-000001-020.aac
OK    /Volumes/Samsung 990-2/100 Hours/Diamond/mytronlabs-000207-021.txt -> gs://100hr-data/Diamond/IMU/mytronlabs-000207-021.txt
OK    /Volumes/Samsung 990-2/100 Hours/Diamond/mytronlabs-000014-056.mp4 -> gs://100hr-data/Diamond/Videos/mytronlabs-000014-056.mp4
OK    /Volumes/Samsung 990-2/100 Hours/Diamond/mytronlabs-000001-008.aac -> gs://100hr-data/Diamond/IMU/mytronlabs-000001-008.aac
OK    /Volumes/Samsung 990-2/100 Hours/Diamond/mytronlabs-000204-046.aac -> gs://100hr-data/Diamond/IMU/mytronlabs-000204-046.aac
OK    /Volumes/Samsung 990-2/100 Hours/Diamond/mytronlabs-000012-053.txt -> gs://100hr-data/Diamond/IMU/mytronlabs-000012-053.txt
OK    /Volumes/Samsung 990-2/100 Hours/Diamond/mytronlabs-000012-047.txt -> gs://100hr-data/Diamond/IMU/mytronlabs-000012-047.txt
OK    /Volumes/Samsung 990-2/100 Hours/Diamond/mytronlabs-000204-052.aac -> gs://100hr-data/Diamond/IMU/mytronlabs-000204-052.aac
OK    /Volumes/Samsung 990-2/100 Hours/Diamond/mytronlabs-000207-049.mp4 -> gs://100hr-data/Diamond/Videos/mytronlabs-000207-049.mp4
OK    /Volumes/Samsung 990-2/100 Hours/Diamond/mytronlabs-000012-013.mp4 -> gs://100hr-data/Diamond/Videos/mytronlabs-000012-013.mp4
OK    /Volumes/Samsung 990-2/100 Hours/Diamond/mytronlabs-000012-007.mp4 -> gs://100hr-data/Diamond/Videos/mytronlabs-000012-007.mp4
OK    /Volumes/Samsung 990-2/100 Hours/Diamond/mytronlabs-000014-002.txt -> gs://100hr-data/Diamond/IMU/mytronlabs-000014-002.txt
OK    /Volumes/Samsung 990-2/100 Hours/Diamond/mytronlabs-000207-075.mp4 -> gs://100hr-data/Diamond/Videos/mytronlabs-000207-075.mp4
OK    /Volumes/Samsung 990-2/100 Hours/Diamond/mytronlabs-000204-109.txt -> gs://100hr-data/Diamond/IMU/mytronlabs-000204-109.txt
OK    /Volumes/Samsung 990-2/100 Hours/Diamond/mytronlabs-000204-085.aac -> gs://100hr-data/Diamond/IMU/mytronlabs-000204-085.aac
OK    /Volumes/Samsung 990-2/100 Hours/Diamond/mytronlabs-000204-091.aac -> gs://100hr-data/Diamond/IMU/mytronlabs-000204-091.aac
OK    /Volumes/Samsung 990-2/100 Hours/Diamond/mytronlabs-000014-016.txt -> gs://100hr-data/Diamond/IMU/mytronlabs-000014-016.txt
OK    /Volumes/Samsung 990-2/100 Hours/Diamond/mytronlabs-000207-061.mp4 -> gs://100hr-data/Diamond/Videos/mytronlabs-000207-061.mp4
OK    /Volumes/Samsung 990-2/100 Hours/Diamond/mytronlabs-000207-059.mp4 -> gs://100hr-data/Diamond/Videos/mytronlabs-000207-059.mp4
OK    /Volumes/Samsung 990-2/100 Hours/Diamond/mytronlabs-000012-003.mp4 -> gs://100hr-data/Diamond/Videos/mytronlabs-000012-003.mp4
OK    /Volumes/Samsung 990-2/100 Hours/Diamond/mytronlabs-000012-017.mp4 -> gs://100hr-data/Diamond/Videos/mytronlabs-000012-017.mp4
OK    /Volumes/Samsung 990-2/100 Hours/Diamond/mytronlabs-000014-012.txt -> gs://100hr-data/Diamond/IMU/mytronlabs-000014-012.txt
OK    /Volumes/Samsung 990-2/100 Hours/Diamond/mytronlabs-000207-065.mp4 -> gs://100hr-data/Diamond/Videos/mytronlabs-000207-065.mp4
OK    /Volumes/Samsung 990-2/100 Hours/Diamond/mytronlabs-000204-095.aac -> gs://100hr-data/Diamond/IMU/mytronlabs-000204-095.aac
OK    /Volumes/Samsung 990-2/100 Hours/Diamond/mytronlabs-000204-081.aac -> gs://100hr-data/Diamond/IMU/mytronlabs-000204-081.aac
OK    /Volumes/Samsung 990-2/100 Hours/Diamond/mytronlabs-000014-006.txt -> gs://100hr-data/Diamond/IMU/mytronlabs-000014-006.txt
OK    /Volumes/Samsung 990-2/100 Hours/Diamond/mytronlabs-000207-071.mp4 -> gs://100hr-data/Diamond/Videos/mytronlabs-000207-071.mp4
OK    /Volumes/Samsung 990-2/100 Hours/Diamond/mytronlabs-000207-025.txt -> gs://100hr-data/Diamond/IMU/mytronlabs-000207-025.txt
OK    /Volumes/Samsung 990-2/100 Hours/Diamond/mytronlabs-000014-052.mp4 -> gs://100hr-data/Diamond/Videos/mytronlabs-000014-052.mp4
OK    /Volumes/Samsung 990-2/100 Hours/Diamond/mytronlabs-000001-024.aac -> gs://100hr-data/Diamond/IMU/mytronlabs-000001-024.aac
OK    /Volumes/Samsung 990-2/100 Hours/Diamond/mytronlabs-000207-031.txt -> gs://100hr-data/Diamond/IMU/mytronlabs-000207-031.txt
OK    /Volumes/Samsung 990-2/100 Hours/Diamond/mytronlabs-000014-046.mp4 -> gs://100hr-data/Diamond/Videos/mytronlabs-000014-046.mp4
OK    /Volumes/Samsung 990-2/100 Hours/Diamond/mytronlabs-000001-030.aac -> gs://100hr-data/Diamond/IMU/mytronlabs-000001-030.aac
OK    /Volumes/Samsung 990-2/100 Hours/Diamond/mytronlabs-000207-019.txt -> gs://100hr-data/Diamond/IMU/mytronlabs-000207-019.txt
OK    /Volumes/Samsung 990-2/100 Hours/Diamond/mytronlabs-000001-018.aac -> gs://100hr-data/Diamond/IMU/mytronlabs-000001-018.aac
OK    /Volumes/Samsung 990-2/100 Hours/Diamond/mytronlabs-000204-056.aac -> gs://100hr-data/Diamond/IMU/mytronlabs-000204-056.aac
OK    /Volumes/Samsung 990-2/100 Hours/Diamond/mytronlabs-000012-043.txt -> gs://100hr-data/Diamond/IMU/mytronlabs-000012-043.txt
OK    /Volumes/Samsung 990-2/100 Hours/Diamond/mytronlabs-000012-057.txt -> gs://100hr-data/Diamond/IMU/mytronlabs-000012-057.txt
OK    /Volumes/Samsung 990-2/100 Hours/Diamond/mytronlabs-000204-042.aac -> gs://100hr-data/Diamond/IMU/mytronlabs-000204-042.aac
OK    /Volumes/Samsung 990-2/100 Hours/Diamond/mytronlabs-000003-006.mp4 -> gs://100hr-data/Diamond/Videos/mytronlabs-000003-006.mp4
OK    /Volumes/Samsung 990-2/100 Hours/Diamond/mytronlabs-000003-012.mp4 -> gs://100hr-data/Diamond/Videos/mytronlabs-000003-012.mp4
OK    /Volumes/Samsung 990-2/100 Hours/Diamond/mytronlabs-000006-023.mp4 -> gs://100hr-data/Diamond/Videos/mytronlabs-000006-023.mp4
OK    /Volumes/Samsung 990-2/100 Hours/Diamond/mytronlabs-000006-037.mp4 -> gs://100hr-data/Diamond/Videos/mytronlabs-000006-037.mp4
OK    /Volumes/Samsung 990-2/100 Hours/Diamond/mytronlabs-000204-051.txt -> gs://100hr-data/Diamond/IMU/mytronlabs-000204-051.txt
OK    /Volumes/Samsung 990-2/100 Hours/Diamond/mytronlabs-000007-032.mp4 -> gs://100hr-data/Diamond/Videos/mytronlabs-000007-032.mp4
OK    /Volumes/Samsung 990-2/100 Hours/Diamond/mytronlabs-000012-044.aac -> gs://100hr-data/Diamond/IMU/mytronlabs-000012-044.aac
OK    /Volumes/Samsung 990-2/100 Hours/Diamond/mytronlabs-000007-026.mp4 -> gs://100hr-data/Diamond/Videos/mytronlabs-000007-026.mp4
OK    /Volumes/Samsung 990-2/100 Hours/Diamond/mytronlabs-000012-050.aac -> gs://100hr-data/Diamond/IMU/mytronlabs-000012-050.aac
OK    /Volumes/Samsung 990-2/100 Hours/Diamond/mytronlabs-000204-045.txt -> gs://100hr-data/Diamond/IMU/mytronlabs-000204-045.txt
OK    /Volumes/Samsung 990-2/100 Hours/Diamond/mytronlabs-000001-023.txt -> gs://100hr-data/Diamond/IMU/mytronlabs-000001-023.txt
OK    /Volumes/Samsung 990-2/100 Hours/Diamond/mytronlabs-000207-022.aac -> gs://100hr-data/Diamond/IMU/mytronlabs-000207-022.aac
OK    /Volumes/Samsung 990-2/100 Hours/Diamond/mytronlabs-000001-037.txt -> gs://100hr-data/Diamond/IMU/mytronlabs-000001-037.txt
OK    /Volumes/Samsung 990-2/100 Hours/Diamond/mytronlabs-000204-079.txt -> gs://100hr-data/Diamond/IMU/mytronlabs-000204-079.txt
OK    /Volumes/Samsung 990-2/100 Hours/Diamond/mytronlabs-000207-036.aac -> gs://100hr-data/Diamond/IMU/mytronlabs-000207-036.aac
OK    /Volumes/Samsung 990-2/100 Hours/Diamond/mytronlabs-000207-105.mp4 -> gs://100hr-data/Diamond/Videos/mytronlabs-000207-105.mp4
OK    /Volumes/Samsung 990-2/100 Hours/Diamond/mytronlabs-000014-015.aac -> gs://100hr-data/Diamond/IMU/mytronlabs-000014-015.aac
OK    /Volumes/Samsung 990-2/100 Hours/Diamond/mytronlabs-000001-063.mp4 -> gs://100hr-data/Diamond/Videos/mytronlabs-000001-063.mp4
OK    /Volumes/Samsung 990-2/100 Hours/Diamond/mytronlabs-000204-092.txt -> gs://100hr-data/Diamond/IMU/mytronlabs-000204-092.txt
OK    /Volumes/Samsung 990-2/100 Hours/Diamond/mytronlabs-000204-086.txt -> gs://100hr-data/Diamond/IMU/mytronlabs-000204-086.txt
OK    /Volumes/Samsung 990-2/100 Hours/Diamond/mytronlabs-000014-001.aac -> gs://100hr-data/Diamond/IMU/mytronlabs-000014-001.aac
OK    /Volumes/Samsung 990-2/100 Hours/Diamond/mytronlabs-000204-039.mp4 -> gs://100hr-data/Diamond/Videos/mytronlabs-000204-039.mp4
OK    /Volumes/Samsung 990-2/100 Hours/Diamond/mytronlabs-000014-029.aac -> gs://100hr-data/Diamond/IMU/mytronlabs-000014-029.aac
OK    /Volumes/Samsung 990-2/100 Hours/Diamond/mytronlabs-000204-011.mp4 -> gs://100hr-data/Diamond/Videos/mytronlabs-000204-011.mp4
OK    /Volumes/Samsung 990-2/100 Hours/Diamond/mytronlabs-000204-010.mp4 -> gs://100hr-data/Diamond/Videos/mytronlabs-000204-010.mp4
OK    /Volumes/Samsung 990-2/100 Hours/Diamond/mytronlabs-000014-028.aac -> gs://100hr-data/Diamond/IMU/mytronlabs-000014-028.aac
OK    /Volumes/Samsung 990-2/100 Hours/Diamond/mytronlabs-000204-038.mp4 -> gs://100hr-data/Diamond/Videos/mytronlabs-000204-038.mp4
OK    /Volumes/Samsung 990-2/100 Hours/Diamond/mytronlabs-000204-087.txt -> gs://100hr-data/Diamond/IMU/mytronlabs-000204-087.txt
OK    /Volumes/Samsung 990-2/100 Hours/Diamond/mytronlabs-000204-093.txt -> gs://100hr-data/Diamond/IMU/mytronlabs-000204-093.txt
OK    /Volumes/Samsung 990-2/100 Hours/Diamond/mytronlabs-000001-062.mp4 -> gs://100hr-data/Diamond/Videos/mytronlabs-000001-062.mp4
OK    /Volumes/Samsung 990-2/100 Hours/Diamond/mytronlabs-000014-014.aac -> gs://100hr-data/Diamond/IMU/mytronlabs-000014-014.aac
OK    /Volumes/Samsung 990-2/100 Hours/Diamond/mytronlabs-000207-104.mp4 -> gs://100hr-data/Diamond/Videos/mytronlabs-000207-104.mp4
OK    /Volumes/Samsung 990-2/100 Hours/Diamond/mytronlabs-000207-037.aac -> gs://100hr-data/Diamond/IMU/mytronlabs-000207-037.aac
OK    /Volumes/Samsung 990-2/100 Hours/Diamond/mytronlabs-000001-036.txt -> gs://100hr-data/Diamond/IMU/mytronlabs-000001-036.txt
OK    /Volumes/Samsung 990-2/100 Hours/Diamond/mytronlabs-000204-078.txt -> gs://100hr-data/Diamond/IMU/mytronlabs-000204-078.txt
OK    /Volumes/Samsung 990-2/100 Hours/Diamond/mytronlabs-000207-023.aac -> gs://100hr-data/Diamond/IMU/mytronlabs-000207-023.aac
OK    /Volumes/Samsung 990-2/100 Hours/Diamond/mytronlabs-000001-022.txt -> gs://100hr-data/Diamond/IMU/mytronlabs-000001-022.txt
OK    /Volumes/Samsung 990-2/100 Hours/Diamond/mytronlabs-000012-051.aac -> gs://100hr-data/Diamond/IMU/mytronlabs-000012-051.aac
OK    /Volumes/Samsung 990-2/100 Hours/Diamond/mytronlabs-000007-027.mp4 -> gs://100hr-data/Diamond/Videos/mytronlabs-000007-027.mp4
OK    /Volumes/Samsung 990-2/100 Hours/Diamond/mytronlabs-000204-044.txt -> gs://100hr-data/Diamond/IMU/mytronlabs-000204-044.txt
OK    /Volumes/Samsung 990-2/100 Hours/Diamond/mytronlabs-000204-050.txt -> gs://100hr-data/Diamond/IMU/mytronlabs-000204-050.txt
OK    /Volumes/Samsung 990-2/100 Hours/Diamond/mytronlabs-000012-045.aac -> gs://100hr-data/Diamond/IMU/mytronlabs-000012-045.aac
OK    /Volumes/Samsung 990-2/100 Hours/Diamond/mytronlabs-000007-033.mp4 -> gs://100hr-data/Diamond/Videos/mytronlabs-000007-033.mp4
OK    /Volumes/Samsung 990-2/100 Hours/Diamond/mytronlabs-000006-036.mp4 -> gs://100hr-data/Diamond/Videos/mytronlabs-000006-036.mp4
OK    /Volumes/Samsung 990-2/100 Hours/Diamond/mytronlabs-000006-022.mp4 -> gs://100hr-data/Diamond/Videos/mytronlabs-000006-022.mp4
OK    /Volumes/Samsung 990-2/100 Hours/Diamond/mytronlabs-000003-013.mp4 -> gs://100hr-data/Diamond/Videos/mytronlabs-000003-013.mp4
OK    /Volumes/Samsung 990-2/100 Hours/Diamond/mytronlabs-000003-007.mp4 -> gs://100hr-data/Diamond/Videos/mytronlabs-000003-007.mp4
OK    /Volumes/Samsung 990-2/100 Hours/Diamond/mytronlabs-000012-056.txt -> gs://100hr-data/Diamond/IMU/mytronlabs-000012-056.txt
OK    /Volumes/Samsung 990-2/100 Hours/Diamond/mytronlabs-000204-043.aac -> gs://100hr-data/Diamond/IMU/mytronlabs-000204-043.aac
OK    /Volumes/Samsung 990-2/100 Hours/Diamond/mytronlabs-000001-019.aac -> gs://100hr-data/Diamond/IMU/mytronlabs-000001-019.aac
OK    /Volumes/Samsung 990-2/100 Hours/Diamond/mytronlabs-000204-057.aac -> gs://100hr-data/Diamond/IMU/mytronlabs-000204-057.aac
OK    /Volumes/Samsung 990-2/100 Hours/Diamond/mytronlabs-000207-018.txt -> gs://100hr-data/Diamond/IMU/mytronlabs-000207-018.txt
OK    /Volumes/Samsung 990-2/100 Hours/Diamond/mytronlabs-000012-042.txt -> gs://100hr-data/Diamond/IMU/mytronlabs-000012-042.txt
OK    /Volumes/Samsung 990-2/100 Hours/Diamond/mytronlabs-000001-031.aac -> gs://100hr-data/Diamond/IMU/mytronlabs-000001-031.aac
OK    /Volumes/Samsung 990-2/100 Hours/Diamond/mytronlabs-000014-047.mp4 -> gs://100hr-data/Diamond/Videos/mytronlabs-000014-047.mp4
OK    /Volumes/Samsung 990-2/100 Hours/Diamond/mytronlabs-000207-030.txt -> gs://100hr-data/Diamond/IMU/mytronlabs-000207-030.txt
OK    /Volumes/Samsung 990-2/100 Hours/Diamond/mytronlabs-000001-025.aac -> gs://100hr-data/Diamond/IMU/mytronlabs-000001-025.aac
OK    /Volumes/Samsung 990-2/100 Hours/Diamond/mytronlabs-000014-053.mp4 -> gs://100hr-data/Diamond/Videos/mytronlabs-000014-053.mp4
OK    /Volumes/Samsung 990-2/100 Hours/Diamond/mytronlabs-000207-024.txt -> gs://100hr-data/Diamond/IMU/mytronlabs-000207-024.txt
OK    /Volumes/Samsung 990-2/100 Hours/Diamond/mytronlabs-000207-070.mp4 -> gs://100hr-data/Diamond/Videos/mytronlabs-000207-070.mp4
OK    /Volumes/Samsung 990-2/100 Hours/Diamond/mytronlabs-000014-007.txt -> gs://100hr-data/Diamond/IMU/mytronlabs-000014-007.txt
OK    /Volumes/Samsung 990-2/100 Hours/Diamond/mytronlabs-000204-080.aac -> gs://100hr-data/Diamond/IMU/mytronlabs-000204-080.aac
OK    /Volumes/Samsung 990-2/100 Hours/Diamond/mytronlabs-000204-094.aac -> gs://100hr-data/Diamond/IMU/mytronlabs-000204-094.aac
OK    /Volumes/Samsung 990-2/100 Hours/Diamond/mytronlabs-000207-064.mp4 -> gs://100hr-data/Diamond/Videos/mytronlabs-000207-064.mp4
OK    /Volumes/Samsung 990-2/100 Hours/Diamond/mytronlabs-000014-013.txt -> gs://100hr-data/Diamond/IMU/mytronlabs-000014-013.txt
OK    /Volumes/Samsung 990-2/100 Hours/Diamond/mytronlabs-000012-016.mp4 -> gs://100hr-data/Diamond/Videos/mytronlabs-000012-016.mp4
OK    /Volumes/Samsung 990-2/100 Hours/Diamond/mytronlabs-000207-058.mp4 -> gs://100hr-data/Diamond/Videos/mytronlabs-000207-058.mp4
OK    /Volumes/Samsung 990-2/100 Hours/Diamond/mytronlabs-000012-002.mp4 -> gs://100hr-data/Diamond/Videos/mytronlabs-000012-002.mp4
OK    /Volumes/Samsung 990-2/100 Hours/Diamond/mytronlabs-000014-039.txt -> gs://100hr-data/Diamond/IMU/mytronlabs-000014-039.txt
OK    /Volumes/Samsung 990-2/100 Hours/Diamond/mytronlabs-000012-014.mp4 -> gs://100hr-data/Diamond/Videos/mytronlabs-000012-014.mp4
OK    /Volumes/Samsung 990-2/100 Hours/Diamond/mytronlabs-000204-082.aac -> gs://100hr-data/Diamond/IMU/mytronlabs-000204-082.aac
OK    /Volumes/Samsung 990-2/100 Hours/Diamond/mytronlabs-000014-005.txt -> gs://100hr-data/Diamond/IMU/mytronlabs-000014-005.txt
OK    /Volumes/Samsung 990-2/100 Hours/Diamond/mytronlabs-000207-072.mp4 -> gs://100hr-data/Diamond/Videos/mytronlabs-000207-072.mp4
OK    /Volumes/Samsung 990-2/100 Hours/Diamond/mytronlabs-000012-028.mp4 -> gs://100hr-data/Diamond/Videos/mytronlabs-000012-028.mp4
OK    /Volumes/Samsung 990-2/100 Hours/Diamond/mytronlabs-000014-011.txt -> gs://100hr-data/Diamond/IMU/mytronlabs-000014-011.txt
OK    /Volumes/Samsung 990-2/100 Hours/Diamond/mytronlabs-000207-066.mp4 -> gs://100hr-data/Diamond/Videos/mytronlabs-000207-066.mp4
OK    /Volumes/Samsung 990-2/100 Hours/Diamond/mytronlabs-000204-096.aac -> gs://100hr-data/Diamond/IMU/mytronlabs-000204-096.aac
OK    /Volumes/Samsung 990-2/100 Hours/Diamond/mytronlabs-000207-032.txt -> gs://100hr-data/Diamond/IMU/mytronlabs-000207-032.txt
OK    /Volumes/Samsung 990-2/100 Hours/Diamond/mytronlabs-000014-045.mp4 -> gs://100hr-data/Diamond/Videos/mytronlabs-000014-045.mp4
OK    /Volumes/Samsung 990-2/100 Hours/Diamond/mytronlabs-000001-033.aac -> gs://100hr-data/Diamond/IMU/mytronlabs-000001-033.aac
OK    /Volumes/Samsung 990-2/100 Hours/Diamond/mytronlabs-000207-099.mp4 -> gs://100hr-data/Diamond/Videos/mytronlabs-000207-099.mp4
OK    /Volumes/Samsung 990-2/100 Hours/Diamond/mytronlabs-000207-026.txt -> gs://100hr-data/Diamond/IMU/mytronlabs-000207-026.txt
OK    /Volumes/Samsung 990-2/100 Hours/Diamond/mytronlabs-000014-051.mp4 -> gs://100hr-data/Diamond/Videos/mytronlabs-000014-051.mp4
OK    /Volumes/Samsung 990-2/100 Hours/Diamond/mytronlabs-000204-069.aac -> gs://100hr-data/Diamond/IMU/mytronlabs-000204-069.aac
OK    /Volumes/Samsung 990-2/100 Hours/Diamond/mytronlabs-000001-027.aac -> gs://100hr-data/Diamond/IMU/mytronlabs-000001-027.aac
OK    /Volumes/Samsung 990-2/100 Hours/Diamond/mytronlabs-000204-041.aac -> gs://100hr-data/Diamond/IMU/mytronlabs-000204-041.aac
OK    /Volumes/Samsung 990-2/100 Hours/Diamond/mytronlabs-000012-054.txt -> gs://100hr-data/Diamond/IMU/mytronlabs-000012-054.txt
OK    /Volumes/Samsung 990-2/100 Hours/Diamond/mytronlabs-000012-040.txt -> gs://100hr-data/Diamond/IMU/mytronlabs-000012-040.txt
OK    /Volumes/Samsung 990-2/100 Hours/Diamond/mytronlabs-000204-055.aac -> gs://100hr-data/Diamond/IMU/mytronlabs-000204-055.aac
OK    /Volumes/Samsung 990-2/100 Hours/Diamond/mytronlabs-000003-011.mp4 -> gs://100hr-data/Diamond/Videos/mytronlabs-000003-011.mp4
OK    /Volumes/Samsung 990-2/100 Hours/Diamond/mytronlabs-000003-005.mp4 -> gs://100hr-data/Diamond/Videos/mytronlabs-000003-005.mp4
OK    /Volumes/Samsung 990-2/100 Hours/Diamond/mytronlabs-000006-034.mp4 -> gs://100hr-data/Diamond/Videos/mytronlabs-000006-034.mp4
OK    /Volumes/Samsung 990-2/100 Hours/Diamond/mytronlabs-000006-020.mp4 -> gs://100hr-data/Diamond/Videos/mytronlabs-000006-020.mp4
OK    /Volumes/Samsung 990-2/100 Hours/Diamond/mytronlabs-000006-008.mp4 -> gs://100hr-data/Diamond/Videos/mytronlabs-000006-008.mp4
OK    /Volumes/Samsung 990-2/100 Hours/Diamond/mytronlabs-000006-048.txt -> gs://100hr-data/Diamond/IMU/mytronlabs-000006-048.txt
OK    /Volumes/Samsung 990-2/100 Hours/Diamond/mytronlabs-000204-046.txt -> gs://100hr-data/Diamond/IMU/mytronlabs-000204-046.txt
OK    /Volumes/Samsung 990-2/100 Hours/Diamond/mytronlabs-000001-008.txt -> gs://100hr-data/Diamond/IMU/mytronlabs-000001-008.txt
OK    /Volumes/Samsung 990-2/100 Hours/Diamond/mytronlabs-000007-025.mp4 -> gs://100hr-data/Diamond/Videos/mytronlabs-000007-025.mp4
OK    /Volumes/Samsung 990-2/100 Hours/Diamond/mytronlabs-000012-053.aac -> gs://100hr-data/Diamond/IMU/mytronlabs-000012-053.aac
OK    /Volumes/Samsung 990-2/100 Hours/Diamond/mytronlabs-000007-031.mp4 -> gs://100hr-data/Diamond/Videos/mytronlabs-000007-031.mp4
OK    /Volumes/Samsung 990-2/100 Hours/Diamond/mytronlabs-000012-047.aac -> gs://100hr-data/Diamond/IMU/mytronlabs-000012-047.aac
OK    /Volumes/Samsung 990-2/100 Hours/Diamond/mytronlabs-000204-052.txt -> gs://100hr-data/Diamond/IMU/mytronlabs-000204-052.txt
OK    /Volumes/Samsung 990-2/100 Hours/Diamond/mytronlabs-000001-034.txt -> gs://100hr-data/Diamond/IMU/mytronlabs-000001-034.txt
OK    /Volumes/Samsung 990-2/100 Hours/Diamond/mytronlabs-000207-035.aac -> gs://100hr-data/Diamond/IMU/mytronlabs-000207-035.aac
OK    /Volumes/Samsung 990-2/100 Hours/Diamond/mytronlabs-000207-106.mp4 -> gs://100hr-data/Diamond/Videos/mytronlabs-000207-106.mp4
OK    /Volumes/Samsung 990-2/100 Hours/Diamond/mytronlabs-000007-019.mp4 -> gs://100hr-data/Diamond/Videos/mytronlabs-000007-019.mp4
OK    /Volumes/Samsung 990-2/100 Hours/Diamond/mytronlabs-000001-020.txt -> gs://100hr-data/Diamond/IMU/mytronlabs-000001-020.txt
OK    /Volumes/Samsung 990-2/100 Hours/Diamond/mytronlabs-000207-021.aac -> gs://100hr-data/Diamond/IMU/mytronlabs-000207-021.aac
OK    /Volumes/Samsung 990-2/100 Hours/Diamond/mytronlabs-000204-109.aac -> gs://100hr-data/Diamond/IMU/mytronlabs-000204-109.aac
OK    /Volumes/Samsung 990-2/100 Hours/Diamond/mytronlabs-000204-085.txt -> gs://100hr-data/Diamond/IMU/mytronlabs-000204-085.txt
OK    /Volumes/Samsung 990-2/100 Hours/Diamond/mytronlabs-000014-002.aac -> gs://100hr-data/Diamond/IMU/mytronlabs-000014-002.aac
OK    /Volumes/Samsung 990-2/100 Hours/Diamond/mytronlabs-000014-016.aac -> gs://100hr-data/Diamond/IMU/mytronlabs-000014-016.aac
OK    /Volumes/Samsung 990-2/100 Hours/Diamond/mytronlabs-000001-060.mp4 -> gs://100hr-data/Diamond/Videos/mytronlabs-000001-060.mp4
OK    /Volumes/Samsung 990-2/100 Hours/Diamond/mytronlabs-000204-091.txt -> gs://100hr-data/Diamond/IMU/mytronlabs-000204-091.txt
OK    /Volumes/Samsung 990-2/100 Hours/Diamond/mytronlabs-000204-006.mp4 -> gs://100hr-data/Diamond/Videos/mytronlabs-000204-006.mp4
OK    /Volumes/Samsung 990-2/100 Hours/Diamond/mytronlabs-000001-048.mp4 -> gs://100hr-data/Diamond/Videos/mytronlabs-000001-048.mp4
OK    /Volumes/Samsung 990-2/100 Hours/Diamond/mytronlabs-000204-012.mp4 -> gs://100hr-data/Diamond/Videos/mytronlabs-000204-012.mp4
OK    /Volumes/Samsung 990-2/100 Hours/Diamond/mytronlabs-000204-013.mp4 -> gs://100hr-data/Diamond/Videos/mytronlabs-000204-013.mp4
OK    /Volumes/Samsung 990-2/100 Hours/Diamond/mytronlabs-000204-007.mp4 -> gs://100hr-data/Diamond/Videos/mytronlabs-000204-007.mp4
OK    /Volumes/Samsung 990-2/100 Hours/Diamond/mytronlabs-000001-049.mp4 -> gs://100hr-data/Diamond/Videos/mytronlabs-000001-049.mp4
OK    /Volumes/Samsung 990-2/100 Hours/Diamond/mytronlabs-000204-090.txt -> gs://100hr-data/Diamond/IMU/mytronlabs-000204-090.txt
OK    /Volumes/Samsung 990-2/100 Hours/Diamond/mytronlabs-000001-061.mp4 -> gs://100hr-data/Diamond/Videos/mytronlabs-000001-061.mp4
OK    /Volumes/Samsung 990-2/100 Hours/Diamond/mytronlabs-000014-017.aac -> gs://100hr-data/Diamond/IMU/mytronlabs-000014-017.aac
OK    /Volumes/Samsung 990-2/100 Hours/Diamond/mytronlabs-000014-003.aac -> gs://100hr-data/Diamond/IMU/mytronlabs-000014-003.aac
OK    /Volumes/Samsung 990-2/100 Hours/Diamond/mytronlabs-000204-084.txt -> gs://100hr-data/Diamond/IMU/mytronlabs-000204-084.txt
OK    /Volumes/Samsung 990-2/100 Hours/Diamond/mytronlabs-000204-108.aac -> gs://100hr-data/Diamond/IMU/mytronlabs-000204-108.aac
OK    /Volumes/Samsung 990-2/100 Hours/Diamond/mytronlabs-000207-020.aac -> gs://100hr-data/Diamond/IMU/mytronlabs-000207-020.aac
OK    /Volumes/Samsung 990-2/100 Hours/Diamond/mytronlabs-000001-021.txt -> gs://100hr-data/Diamond/IMU/mytronlabs-000001-021.txt
OK    /Volumes/Samsung 990-2/100 Hours/Diamond/mytronlabs-000207-107.mp4 -> gs://100hr-data/Diamond/Videos/mytronlabs-000207-107.mp4
OK    /Volumes/Samsung 990-2/100 Hours/Diamond/mytronlabs-000207-034.aac -> gs://100hr-data/Diamond/IMU/mytronlabs-000207-034.aac
OK    /Volumes/Samsung 990-2/100 Hours/Diamond/mytronlabs-000001-035.txt -> gs://100hr-data/Diamond/IMU/mytronlabs-000001-035.txt
OK    /Volumes/Samsung 990-2/100 Hours/Diamond/mytronlabs-000007-018.mp4 -> gs://100hr-data/Diamond/Videos/mytronlabs-000007-018.mp4
OK    /Volumes/Samsung 990-2/100 Hours/Diamond/mytronlabs-000012-046.aac -> gs://100hr-data/Diamond/IMU/mytronlabs-000012-046.aac
OK    /Volumes/Samsung 990-2/100 Hours/Diamond/mytronlabs-000007-030.mp4 -> gs://100hr-data/Diamond/Videos/mytronlabs-000007-030.mp4
OK    /Volumes/Samsung 990-2/100 Hours/Diamond/mytronlabs-000204-053.txt -> gs://100hr-data/Diamond/IMU/mytronlabs-000204-053.txt
OK    /Volumes/Samsung 990-2/100 Hours/Diamond/mytronlabs-000204-047.txt -> gs://100hr-data/Diamond/IMU/mytronlabs-000204-047.txt
OK    /Volumes/Samsung 990-2/100 Hours/Diamond/mytronlabs-000001-009.txt -> gs://100hr-data/Diamond/IMU/mytronlabs-000001-009.txt
OK    /Volumes/Samsung 990-2/100 Hours/Diamond/mytronlabs-000012-052.aac -> gs://100hr-data/Diamond/IMU/mytronlabs-000012-052.aac
OK    /Volumes/Samsung 990-2/100 Hours/Diamond/mytronlabs-000007-024.mp4 -> gs://100hr-data/Diamond/Videos/mytronlabs-000007-024.mp4
OK    /Volumes/Samsung 990-2/100 Hours/Diamond/mytronlabs-000006-049.txt -> gs://100hr-data/Diamond/IMU/mytronlabs-000006-049.txt
OK    /Volumes/Samsung 990-2/100 Hours/Diamond/mytronlabs-000006-009.mp4 -> gs://100hr-data/Diamond/Videos/mytronlabs-000006-009.mp4
OK    /Volumes/Samsung 990-2/100 Hours/Diamond/mytronlabs-000006-021.mp4 -> gs://100hr-data/Diamond/Videos/mytronlabs-000006-021.mp4
OK    /Volumes/Samsung 990-2/100 Hours/Diamond/mytronlabs-000006-035.mp4 -> gs://100hr-data/Diamond/Videos/mytronlabs-000006-035.mp4
OK    /Volumes/Samsung 990-2/100 Hours/Diamond/mytronlabs-000003-004.mp4 -> gs://100hr-data/Diamond/Videos/mytronlabs-000003-004.mp4
OK    /Volumes/Samsung 990-2/100 Hours/Diamond/mytronlabs-000003-010.mp4 -> gs://100hr-data/Diamond/Videos/mytronlabs-000003-010.mp4
OK    /Volumes/Samsung 990-2/100 Hours/Diamond/mytronlabs-000012-041.txt -> gs://100hr-data/Diamond/IMU/mytronlabs-000012-041.txt
OK    /Volumes/Samsung 990-2/100 Hours/Diamond/mytronlabs-000204-054.aac -> gs://100hr-data/Diamond/IMU/mytronlabs-000204-054.aac
OK    /Volumes/Samsung 990-2/100 Hours/Diamond/mytronlabs-000204-040.aac -> gs://100hr-data/Diamond/IMU/mytronlabs-000204-040.aac
OK    /Volumes/Samsung 990-2/100 Hours/Diamond/mytronlabs-000012-055.txt -> gs://100hr-data/Diamond/IMU/mytronlabs-000012-055.txt
OK    /Volumes/Samsung 990-2/100 Hours/Diamond/mytronlabs-000204-068.aac -> gs://100hr-data/Diamond/IMU/mytronlabs-000204-068.aac
OK    /Volumes/Samsung 990-2/100 Hours/Diamond/mytronlabs-000001-026.aac -> gs://100hr-data/Diamond/IMU/mytronlabs-000001-026.aac
OK    /Volumes/Samsung 990-2/100 Hours/Diamond/mytronlabs-000014-050.mp4 -> gs://100hr-data/Diamond/Videos/mytronlabs-000014-050.mp4
OK    /Volumes/Samsung 990-2/100 Hours/Diamond/mytronlabs-000207-027.txt -> gs://100hr-data/Diamond/IMU/mytronlabs-000207-027.txt
OK    /Volumes/Samsung 990-2/100 Hours/Diamond/mytronlabs-000207-098.mp4 -> gs://100hr-data/Diamond/Videos/mytronlabs-000207-098.mp4
OK    /Volumes/Samsung 990-2/100 Hours/Diamond/mytronlabs-000001-032.aac -> gs://100hr-data/Diamond/IMU/mytronlabs-000001-032.aac
OK    /Volumes/Samsung 990-2/100 Hours/Diamond/mytronlabs-000014-044.mp4 -> gs://100hr-data/Diamond/Videos/mytronlabs-000014-044.mp4
OK    /Volumes/Samsung 990-2/100 Hours/Diamond/mytronlabs-000207-033.txt -> gs://100hr-data/Diamond/IMU/mytronlabs-000207-033.txt
OK    /Volumes/Samsung 990-2/100 Hours/Diamond/mytronlabs-000204-097.aac -> gs://100hr-data/Diamond/IMU/mytronlabs-000204-097.aac
OK    /Volumes/Samsung 990-2/100 Hours/Diamond/mytronlabs-000207-067.mp4 -> gs://100hr-data/Diamond/Videos/mytronlabs-000207-067.mp4
OK    /Volumes/Samsung 990-2/100 Hours/Diamond/mytronlabs-000014-010.txt -> gs://100hr-data/Diamond/IMU/mytronlabs-000014-010.txt
OK    /Volumes/Samsung 990-2/100 Hours/Diamond/mytronlabs-000207-073.mp4 -> gs://100hr-data/Diamond/Videos/mytronlabs-000207-073.mp4
OK    /Volumes/Samsung 990-2/100 Hours/Diamond/mytronlabs-000014-004.txt -> gs://100hr-data/Diamond/IMU/mytronlabs-000014-004.txt
OK    /Volumes/Samsung 990-2/100 Hours/Diamond/mytronlabs-000204-083.aac -> gs://100hr-data/Diamond/IMU/mytronlabs-000204-083.aac
OK    /Volumes/Samsung 990-2/100 Hours/Diamond/mytronlabs-000012-029.mp4 -> gs://100hr-data/Diamond/Videos/mytronlabs-000012-029.mp4
OK    /Volumes/Samsung 990-2/100 Hours/Diamond/mytronlabs-000012-001.mp4 -> gs://100hr-data/Diamond/Videos/mytronlabs-000012-001.mp4
OK    /Volumes/Samsung 990-2/100 Hours/Diamond/mytronlabs-000014-038.txt -> gs://100hr-data/Diamond/IMU/mytronlabs-000014-038.txt
OK    /Volumes/Samsung 990-2/100 Hours/Diamond/mytronlabs-000012-015.mp4 -> gs://100hr-data/Diamond/Videos/mytronlabs-000012-015.mp4
OK    /Volumes/Samsung 990-2/100 Hours/Diamond/mytronlabs-000207-014.mp4 -> gs://100hr-data/Diamond/Videos/mytronlabs-000207-014.mp4
OK    /Volumes/Samsung 990-2/100 Hours/Diamond/mytronlabs-000014-063.txt -> gs://100hr-data/Diamond/IMU/mytronlabs-000014-063.txt
OK    /Volumes/Samsung 990-2/100 Hours/Diamond/mytronlabs-000007-038.aac -> gs://100hr-data/Diamond/IMU/mytronlabs-000007-038.aac
OK    /Volumes/Samsung 990-2/100 Hours/Diamond/mytronlabs-000207-097.txt -> gs://100hr-data/Diamond/IMU/mytronlabs-000207-097.txt
OK    /Volumes/Samsung 990-2/100 Hours/Diamond/mytronlabs-000207-028.mp4 -> gs://100hr-data/Diamond/Videos/mytronlabs-000207-028.mp4
OK    /Volumes/Samsung 990-2/100 Hours/Diamond/mytronlabs-000007-004.aac -> gs://100hr-data/Diamond/IMU/mytronlabs-000007-004.aac
OK    /Volumes/Samsung 990-2/100 Hours/Diamond/mytronlabs-000007-010.aac -> gs://100hr-data/Diamond/IMU/mytronlabs-000007-010.aac
OK    /Volumes/Samsung 990-2/100 Hours/Diamond/mytronlabs-000207-083.txt -> gs://100hr-data/Diamond/IMU/mytronlabs-000207-083.txt
OK    /Volumes/Samsung 990-2/100 Hours/Diamond/mytronlabs-000207-068.txt -> gs://100hr-data/Diamond/IMU/mytronlabs-000207-068.txt
OK    /Volumes/Samsung 990-2/100 Hours/Diamond/mytronlabs-000204-027.aac -> gs://100hr-data/Diamond/IMU/mytronlabs-000204-027.aac
OK    /Volumes/Samsung 990-2/100 Hours/Diamond/mytronlabs-000204-114.mp4 -> gs://100hr-data/Diamond/Videos/mytronlabs-000204-114.mp4
OK    /Volumes/Samsung 990-2/100 Hours/Diamond/mytronlabs-000012-032.txt -> gs://100hr-data/Diamond/IMU/mytronlabs-000012-032.txt
OK    /Volumes/Samsung 990-2/100 Hours/Diamond/mytronlabs-000012-026.txt -> gs://100hr-data/Diamond/IMU/mytronlabs-000012-026.txt
OK    /Volumes/Samsung 990-2/100 Hours/Diamond/mytronlabs-000204-100.mp4 -> gs://100hr-data/Diamond/Videos/mytronlabs-000204-100.mp4
OK    /Volumes/Samsung 990-2/100 Hours/Diamond/mytronlabs-000204-033.aac -> gs://100hr-data/Diamond/IMU/mytronlabs-000204-033.aac
OK    /Volumes/Samsung 990-2/100 Hours/Diamond/mytronlabs-000014-023.mp4 -> gs://100hr-data/Diamond/Videos/mytronlabs-000014-023.mp4
OK    /Volumes/Samsung 990-2/100 Hours/Diamond/mytronlabs-000207-054.txt -> gs://100hr-data/Diamond/IMU/mytronlabs-000207-054.txt
OK    /Volumes/Samsung 990-2/100 Hours/Diamond/mytronlabs-000001-055.aac -> gs://100hr-data/Diamond/IMU/mytronlabs-000001-055.aac
OK    /Volumes/Samsung 990-2/100 Hours/Diamond/mytronlabs-000014-037.mp4 -> gs://100hr-data/Diamond/Videos/mytronlabs-000014-037.mp4
OK    /Volumes/Samsung 990-2/100 Hours/Diamond/mytronlabs-000207-040.txt -> gs://100hr-data/Diamond/IMU/mytronlabs-000207-040.txt
OK    /Volumes/Samsung 990-2/100 Hours/Diamond/mytronlabs-000001-041.aac -> gs://100hr-data/Diamond/IMU/mytronlabs-000001-041.aac
OK    /Volumes/Samsung 990-2/100 Hours/Diamond/mytronlabs-000006-029.aac -> gs://100hr-data/Diamond/IMU/mytronlabs-000006-029.aac
OK    /Volumes/Samsung 990-2/100 Hours/Diamond/mytronlabs-000006-015.aac -> gs://100hr-data/Diamond/IMU/mytronlabs-000006-015.aac
OK    /Volumes/Samsung 990-2/100 Hours/Diamond/mytronlabs-000003-023.txt -> gs://100hr-data/Diamond/IMU/mytronlabs-000003-023.txt
OK    /Volumes/Samsung 990-2/100 Hours/Diamond/mytronlabs-000003-018.aac -> gs://100hr-data/Diamond/IMU/mytronlabs-000003-018.aac
OK    /Volumes/Samsung 990-2/100 Hours/Diamond/mytronlabs-000006-052.mp4 -> gs://100hr-data/Diamond/Videos/mytronlabs-000006-052.mp4
OK    /Volumes/Samsung 990-2/100 Hours/Diamond/mytronlabs-000003-030.aac -> gs://100hr-data/Diamond/IMU/mytronlabs-000003-030.aac
OK    /Volumes/Samsung 990-2/100 Hours/Diamond/mytronlabs-000003-024.aac -> gs://100hr-data/Diamond/IMU/mytronlabs-000003-024.aac
OK    /Volumes/Samsung 990-2/100 Hours/Diamond/mytronlabs-000006-046.mp4 -> gs://100hr-data/Diamond/Videos/mytronlabs-000006-046.mp4
OK    /Volumes/Samsung 990-2/100 Hours/Diamond/mytronlabs-000006-012.txt -> gs://100hr-data/Diamond/IMU/mytronlabs-000006-012.txt
OK    /Volumes/Samsung 990-2/100 Hours/Diamond/mytronlabs-000006-006.txt -> gs://100hr-data/Diamond/IMU/mytronlabs-000006-006.txt
OK    /Volumes/Samsung 990-2/100 Hours/Diamond/mytronlabs-000001-052.txt -> gs://100hr-data/Diamond/IMU/mytronlabs-000001-052.txt
OK    /Volumes/Samsung 990-2/100 Hours/Diamond/mytronlabs-000207-053.aac -> gs://100hr-data/Diamond/IMU/mytronlabs-000207-053.aac
OK    /Volumes/Samsung 990-2/100 Hours/Diamond/mytronlabs-000012-009.aac -> gs://100hr-data/Diamond/IMU/mytronlabs-000012-009.aac
OK    /Volumes/Samsung 990-2/100 Hours/Diamond/mytronlabs-000001-046.txt -> gs://100hr-data/Diamond/IMU/mytronlabs-000001-046.txt
OK    /Volumes/Samsung 990-2/100 Hours/Diamond/mytronlabs-000204-008.txt -> gs://100hr-data/Diamond/IMU/mytronlabs-000204-008.txt
OK    /Volumes/Samsung 990-2/100 Hours/Diamond/mytronlabs-000207-047.aac -> gs://100hr-data/Diamond/IMU/mytronlabs-000207-047.aac
OK    /Volumes/Samsung 990-2/100 Hours/Diamond/mytronlabs-000204-020.txt -> gs://100hr-data/Diamond/IMU/mytronlabs-000204-020.txt
OK    /Volumes/Samsung 990-2/100 Hours/Diamond/mytronlabs-000007-043.mp4 -> gs://100hr-data/Diamond/Videos/mytronlabs-000007-043.mp4
OK    /Volumes/Samsung 990-2/100 Hours/Diamond/mytronlabs-000012-035.aac -> gs://100hr-data/Diamond/IMU/mytronlabs-000012-035.aac
OK    /Volumes/Samsung 990-2/100 Hours/Diamond/mytronlabs-000012-021.aac -> gs://100hr-data/Diamond/IMU/mytronlabs-000012-021.aac
OK    /Volumes/Samsung 990-2/100 Hours/Diamond/mytronlabs-000204-034.txt -> gs://100hr-data/Diamond/IMU/mytronlabs-000204-034.txt
OK    /Volumes/Samsung 990-2/100 Hours/Diamond/mytronlabs-000207-090.aac -> gs://100hr-data/Diamond/IMU/mytronlabs-000207-090.aac
OK    /Volumes/Samsung 990-2/100 Hours/Diamond/mytronlabs-000014-058.aac -> gs://100hr-data/Diamond/IMU/mytronlabs-000014-058.aac
OK    /Volumes/Samsung 990-2/100 Hours/Diamond/mytronlabs-000204-060.mp4 -> gs://100hr-data/Diamond/Videos/mytronlabs-000204-060.mp4
OK    /Volumes/Samsung 990-2/100 Hours/Diamond/mytronlabs-000007-003.txt -> gs://100hr-data/Diamond/IMU/mytronlabs-000007-003.txt
OK    /Volumes/Samsung 990-2/100 Hours/Diamond/mytronlabs-000007-017.txt -> gs://100hr-data/Diamond/IMU/mytronlabs-000007-017.txt
OK    /Volumes/Samsung 990-2/100 Hours/Diamond/mytronlabs-000204-074.mp4 -> gs://100hr-data/Diamond/Videos/mytronlabs-000204-074.mp4
OK    /Volumes/Samsung 990-2/100 Hours/Diamond/mytronlabs-000207-084.aac -> gs://100hr-data/Diamond/IMU/mytronlabs-000207-084.aac
OK    /Volumes/Samsung 990-2/100 Hours/Diamond/mytronlabs-000207-108.txt -> gs://100hr-data/Diamond/IMU/mytronlabs-000207-108.txt
OK    /Volumes/Samsung 990-2/100 Hours/Diamond/mytronlabs-000001-012.mp4 -> gs://100hr-data/Diamond/Videos/mytronlabs-000001-012.mp4
OK    /Volumes/Samsung 990-2/100 Hours/Diamond/mytronlabs-000001-006.mp4 -> gs://100hr-data/Diamond/Videos/mytronlabs-000001-006.mp4
OK    /Volumes/Samsung 990-2/100 Hours/Diamond/mytronlabs-000204-048.mp4 -> gs://100hr-data/Diamond/Videos/mytronlabs-000204-048.mp4
OK    /Volumes/Samsung 990-2/100 Hours/Diamond/mytronlabs-000001-007.mp4 -> gs://100hr-data/Diamond/Videos/mytronlabs-000001-007.mp4
OK    /Volumes/Samsung 990-2/100 Hours/Diamond/mytronlabs-000204-049.mp4 -> gs://100hr-data/Diamond/Videos/mytronlabs-000204-049.mp4
OK    /Volumes/Samsung 990-2/100 Hours/Diamond/mytronlabs-000001-013.mp4 -> gs://100hr-data/Diamond/Videos/mytronlabs-000001-013.mp4
OK    /Volumes/Samsung 990-2/100 Hours/Diamond/mytronlabs-000007-016.txt -> gs://100hr-data/Diamond/IMU/mytronlabs-000007-016.txt
OK    /Volumes/Samsung 990-2/100 Hours/Diamond/mytronlabs-000207-109.txt -> gs://100hr-data/Diamond/IMU/mytronlabs-000207-109.txt
OK    /Volumes/Samsung 990-2/100 Hours/Diamond/mytronlabs-000207-085.aac -> gs://100hr-data/Diamond/IMU/mytronlabs-000207-085.aac
OK    /Volumes/Samsung 990-2/100 Hours/Diamond/mytronlabs-000204-075.mp4 -> gs://100hr-data/Diamond/Videos/mytronlabs-000204-075.mp4
OK    /Volumes/Samsung 990-2/100 Hours/Diamond/mytronlabs-000204-061.mp4 -> gs://100hr-data/Diamond/Videos/mytronlabs-000204-061.mp4
OK    /Volumes/Samsung 990-2/100 Hours/Diamond/mytronlabs-000014-059.aac -> gs://100hr-data/Diamond/IMU/mytronlabs-000014-059.aac
OK    /Volumes/Samsung 990-2/100 Hours/Diamond/mytronlabs-000207-091.aac -> gs://100hr-data/Diamond/IMU/mytronlabs-000207-091.aac
OK    /Volumes/Samsung 990-2/100 Hours/Diamond/mytronlabs-000012-020.aac -> gs://100hr-data/Diamond/IMU/mytronlabs-000012-020.aac
OK    /Volumes/Samsung 990-2/100 Hours/Diamond/mytronlabs-000204-035.txt -> gs://100hr-data/Diamond/IMU/mytronlabs-000204-035.txt
OK    /Volumes/Samsung 990-2/100 Hours/Diamond/mytronlabs-000204-021.txt -> gs://100hr-data/Diamond/IMU/mytronlabs-000204-021.txt
OK    /Volumes/Samsung 990-2/100 Hours/Diamond/mytronlabs-000012-034.aac -> gs://100hr-data/Diamond/IMU/mytronlabs-000012-034.aac
OK    /Volumes/Samsung 990-2/100 Hours/Diamond/mytronlabs-000007-042.mp4 -> gs://100hr-data/Diamond/Videos/mytronlabs-000007-042.mp4
OK    /Volumes/Samsung 990-2/100 Hours/Diamond/mytronlabs-000207-046.aac -> gs://100hr-data/Diamond/IMU/mytronlabs-000207-046.aac
OK    /Volumes/Samsung 990-2/100 Hours/Diamond/mytronlabs-000001-047.txt -> gs://100hr-data/Diamond/IMU/mytronlabs-000001-047.txt
OK    /Volumes/Samsung 990-2/100 Hours/Diamond/mytronlabs-000204-009.txt -> gs://100hr-data/Diamond/IMU/mytronlabs-000204-009.txt
OK    /Volumes/Samsung 990-2/100 Hours/Diamond/mytronlabs-000207-052.aac -> gs://100hr-data/Diamond/IMU/mytronlabs-000207-052.aac
OK    /Volumes/Samsung 990-2/100 Hours/Diamond/mytronlabs-000001-053.txt -> gs://100hr-data/Diamond/IMU/mytronlabs-000001-053.txt
OK    /Volumes/Samsung 990-2/100 Hours/Diamond/mytronlabs-000012-008.aac -> gs://100hr-data/Diamond/IMU/mytronlabs-000012-008.aac
OK    /Volumes/Samsung 990-2/100 Hours/Diamond/mytronlabs-000006-007.txt -> gs://100hr-data/Diamond/IMU/mytronlabs-000006-007.txt
OK    /Volumes/Samsung 990-2/100 Hours/Diamond/mytronlabs-000006-013.txt -> gs://100hr-data/Diamond/IMU/mytronlabs-000006-013.txt
OK    /Volumes/Samsung 990-2/100 Hours/Diamond/mytronlabs-000003-025.aac -> gs://100hr-data/Diamond/IMU/mytronlabs-000003-025.aac
OK    /Volumes/Samsung 990-2/100 Hours/Diamond/mytronlabs-000006-047.mp4 -> gs://100hr-data/Diamond/Videos/mytronlabs-000006-047.mp4
OK    /Volumes/Samsung 990-2/100 Hours/Diamond/mytronlabs-000006-053.mp4 -> gs://100hr-data/Diamond/Videos/mytronlabs-000006-053.mp4
OK    /Volumes/Samsung 990-2/100 Hours/Diamond/mytronlabs-000003-031.aac -> gs://100hr-data/Diamond/IMU/mytronlabs-000003-031.aac
OK    /Volumes/Samsung 990-2/100 Hours/Diamond/mytronlabs-000003-019.aac -> gs://100hr-data/Diamond/IMU/mytronlabs-000003-019.aac
OK    /Volumes/Samsung 990-2/100 Hours/Diamond/mytronlabs-000003-022.txt -> gs://100hr-data/Diamond/IMU/mytronlabs-000003-022.txt
OK    /Volumes/Samsung 990-2/100 Hours/Diamond/mytronlabs-000006-014.aac -> gs://100hr-data/Diamond/IMU/mytronlabs-000006-014.aac
OK    /Volumes/Samsung 990-2/100 Hours/Diamond/mytronlabs-000006-028.aac -> gs://100hr-data/Diamond/IMU/mytronlabs-000006-028.aac
OK    /Volumes/Samsung 990-2/100 Hours/Diamond/mytronlabs-000001-040.aac -> gs://100hr-data/Diamond/IMU/mytronlabs-000001-040.aac
OK    /Volumes/Samsung 990-2/100 Hours/Diamond/mytronlabs-000207-041.txt -> gs://100hr-data/Diamond/IMU/mytronlabs-000207-041.txt
OK    /Volumes/Samsung 990-2/100 Hours/Diamond/mytronlabs-000014-036.mp4 -> gs://100hr-data/Diamond/Videos/mytronlabs-000014-036.mp4
OK    /Volumes/Samsung 990-2/100 Hours/Diamond/mytronlabs-000001-054.aac -> gs://100hr-data/Diamond/IMU/mytronlabs-000001-054.aac
OK    /Volumes/Samsung 990-2/100 Hours/Diamond/mytronlabs-000207-055.txt -> gs://100hr-data/Diamond/IMU/mytronlabs-000207-055.txt
OK    /Volumes/Samsung 990-2/100 Hours/Diamond/mytronlabs-000014-022.mp4 -> gs://100hr-data/Diamond/Videos/mytronlabs-000014-022.mp4
OK    /Volumes/Samsung 990-2/100 Hours/Diamond/mytronlabs-000012-027.txt -> gs://100hr-data/Diamond/IMU/mytronlabs-000012-027.txt
OK    /Volumes/Samsung 990-2/100 Hours/Diamond/mytronlabs-000204-032.aac -> gs://100hr-data/Diamond/IMU/mytronlabs-000204-032.aac
OK    /Volumes/Samsung 990-2/100 Hours/Diamond/mytronlabs-000204-101.mp4 -> gs://100hr-data/Diamond/Videos/mytronlabs-000204-101.mp4
OK    /Volumes/Samsung 990-2/100 Hours/Diamond/mytronlabs-000204-115.mp4 -> gs://100hr-data/Diamond/Videos/mytronlabs-000204-115.mp4
OK    /Volumes/Samsung 990-2/100 Hours/Diamond/mytronlabs-000204-026.aac -> gs://100hr-data/Diamond/IMU/mytronlabs-000204-026.aac
OK    /Volumes/Samsung 990-2/100 Hours/Diamond/mytronlabs-000207-069.txt -> gs://100hr-data/Diamond/IMU/mytronlabs-000207-069.txt
OK    /Volumes/Samsung 990-2/100 Hours/Diamond/mytronlabs-000012-033.txt -> gs://100hr-data/Diamond/IMU/mytronlabs-000012-033.txt
OK    /Volumes/Samsung 990-2/100 Hours/Diamond/mytronlabs-000007-011.aac -> gs://100hr-data/Diamond/IMU/mytronlabs-000007-011.aac
OK    /Volumes/Samsung 990-2/100 Hours/Diamond/mytronlabs-000207-082.txt -> gs://100hr-data/Diamond/IMU/mytronlabs-000207-082.txt
OK    /Volumes/Samsung 990-2/100 Hours/Diamond/mytronlabs-000207-029.mp4 -> gs://100hr-data/Diamond/Videos/mytronlabs-000207-029.mp4
OK    /Volumes/Samsung 990-2/100 Hours/Diamond/mytronlabs-000207-096.txt -> gs://100hr-data/Diamond/IMU/mytronlabs-000207-096.txt
OK    /Volumes/Samsung 990-2/100 Hours/Diamond/mytronlabs-000007-005.aac -> gs://100hr-data/Diamond/IMU/mytronlabs-000007-005.aac
OK    /Volumes/Samsung 990-2/100 Hours/Diamond/mytronlabs-000014-062.txt -> gs://100hr-data/Diamond/IMU/mytronlabs-000014-062.txt
OK    /Volumes/Samsung 990-2/100 Hours/Diamond/mytronlabs-000207-015.mp4 -> gs://100hr-data/Diamond/Videos/mytronlabs-000207-015.mp4
OK    /Volumes/Samsung 990-2/100 Hours/Diamond/mytronlabs-000007-039.aac -> gs://100hr-data/Diamond/IMU/mytronlabs-000007-039.aac
OK    /Volumes/Samsung 990-2/100 Hours/Diamond/mytronlabs-000012-059.mp4 -> gs://100hr-data/Diamond/Videos/mytronlabs-000012-059.mp4
OK    /Volumes/Samsung 990-2/100 Hours/Diamond/mytronlabs-000207-017.mp4 -> gs://100hr-data/Diamond/Videos/mytronlabs-000207-017.mp4
OK    /Volumes/Samsung 990-2/100 Hours/Diamond/mytronlabs-000014-060.txt -> gs://100hr-data/Diamond/IMU/mytronlabs-000014-060.txt
OK    /Volumes/Samsung 990-2/100 Hours/Diamond/mytronlabs-000014-048.txt -> gs://100hr-data/Diamond/IMU/mytronlabs-000014-048.txt
OK    /Volumes/Samsung 990-2/100 Hours/Diamond/mytronlabs-000207-080.txt -> gs://100hr-data/Diamond/IMU/mytronlabs-000207-080.txt
OK    /Volumes/Samsung 990-2/100 Hours/Diamond/mytronlabs-000007-013.aac -> gs://100hr-data/Diamond/IMU/mytronlabs-000007-013.aac
OK    /Volumes/Samsung 990-2/100 Hours/Diamond/mytronlabs-000007-007.aac -> gs://100hr-data/Diamond/IMU/mytronlabs-000007-007.aac
OK    /Volumes/Samsung 990-2/100 Hours/Diamond/mytronlabs-000207-094.txt -> gs://100hr-data/Diamond/IMU/mytronlabs-000207-094.txt
OK    /Volumes/Samsung 990-2/100 Hours/Diamond/mytronlabs-000204-103.mp4 -> gs://100hr-data/Diamond/Videos/mytronlabs-000204-103.mp4
OK    /Volumes/Samsung 990-2/100 Hours/Diamond/mytronlabs-000014-008.mp4 -> gs://100hr-data/Diamond/Videos/mytronlabs-000014-008.mp4
OK    /Volumes/Samsung 990-2/100 Hours/Diamond/mytronlabs-000204-030.aac -> gs://100hr-data/Diamond/IMU/mytronlabs-000204-030.aac
OK    /Volumes/Samsung 990-2/100 Hours/Diamond/mytronlabs-000012-025.txt -> gs://100hr-data/Diamond/IMU/mytronlabs-000012-025.txt
OK    /Volumes/Samsung 990-2/100 Hours/Diamond/mytronlabs-000012-031.txt -> gs://100hr-data/Diamond/IMU/mytronlabs-000012-031.txt
OK    /Volumes/Samsung 990-2/100 Hours/Diamond/mytronlabs-000204-024.aac -> gs://100hr-data/Diamond/IMU/mytronlabs-000204-024.aac
OK    /Volumes/Samsung 990-2/100 Hours/Diamond/mytronlabs-000204-117.mp4 -> gs://100hr-data/Diamond/Videos/mytronlabs-000204-117.mp4
OK    /Volumes/Samsung 990-2/100 Hours/Diamond/mytronlabs-000014-034.mp4 -> gs://100hr-data/Diamond/Videos/mytronlabs-000014-034.mp4
OK    /Volumes/Samsung 990-2/100 Hours/Diamond/mytronlabs-000207-043.txt -> gs://100hr-data/Diamond/IMU/mytronlabs-000207-043.txt
OK    /Volumes/Samsung 990-2/100 Hours/Diamond/mytronlabs-000001-042.aac -> gs://100hr-data/Diamond/IMU/mytronlabs-000001-042.aac
OK    /Volumes/Samsung 990-2/100 Hours/Diamond/mytronlabs-000012-019.txt -> gs://100hr-data/Diamond/IMU/mytronlabs-000012-019.txt
OK    /Volumes/Samsung 990-2/100 Hours/Diamond/mytronlabs-000014-020.mp4 -> gs://100hr-data/Diamond/Videos/mytronlabs-000014-020.mp4
OK    /Volumes/Samsung 990-2/100 Hours/Diamond/mytronlabs-000207-057.txt -> gs://100hr-data/Diamond/IMU/mytronlabs-000207-057.txt
OK    /Volumes/Samsung 990-2/100 Hours/Diamond/mytronlabs-000204-018.aac -> gs://100hr-data/Diamond/IMU/mytronlabs-000204-018.aac
OK    /Volumes/Samsung 990-2/100 Hours/Diamond/mytronlabs-000001-056.aac -> gs://100hr-data/Diamond/IMU/mytronlabs-000001-056.aac
OK    /Volumes/Samsung 990-2/100 Hours/Diamond/mytronlabs-000006-016.aac -> gs://100hr-data/Diamond/IMU/mytronlabs-000006-016.aac
OK    /Volumes/Samsung 990-2/100 Hours/Diamond/mytronlabs-000003-020.txt -> gs://100hr-data/Diamond/IMU/mytronlabs-000003-020.txt
OK    /Volumes/Samsung 990-2/100 Hours/Diamond/mytronlabs-000003-008.txt -> gs://100hr-data/Diamond/IMU/mytronlabs-000003-008.txt
OK    /Volumes/Samsung 990-2/100 Hours/Diamond/mytronlabs-000006-045.mp4 -> gs://100hr-data/Diamond/Videos/mytronlabs-000006-045.mp4
OK    /Volumes/Samsung 990-2/100 Hours/Diamond/mytronlabs-000003-027.aac -> gs://100hr-data/Diamond/IMU/mytronlabs-000003-027.aac
OK    /Volumes/Samsung 990-2/100 Hours/Diamond/mytronlabs-000006-051.mp4 -> gs://100hr-data/Diamond/Videos/mytronlabs-000006-051.mp4
OK    /Volumes/Samsung 990-2/100 Hours/Diamond/mytronlabs-000006-005.txt -> gs://100hr-data/Diamond/IMU/mytronlabs-000006-005.txt
OK    /Volumes/Samsung 990-2/100 Hours/Diamond/mytronlabs-000006-011.txt -> gs://100hr-data/Diamond/IMU/mytronlabs-000006-011.txt
OK    /Volumes/Samsung 990-2/100 Hours/Diamond/mytronlabs-000006-039.txt -> gs://100hr-data/Diamond/IMU/mytronlabs-000006-039.txt
OK    /Volumes/Samsung 990-2/100 Hours/Diamond/mytronlabs-000001-045.txt -> gs://100hr-data/Diamond/IMU/mytronlabs-000001-045.txt
OK    /Volumes/Samsung 990-2/100 Hours/Diamond/mytronlabs-000207-044.aac -> gs://100hr-data/Diamond/IMU/mytronlabs-000207-044.aac
OK    /Volumes/Samsung 990-2/100 Hours/Diamond/mytronlabs-000001-051.txt -> gs://100hr-data/Diamond/IMU/mytronlabs-000001-051.txt
OK    /Volumes/Samsung 990-2/100 Hours/Diamond/mytronlabs-000207-050.aac -> gs://100hr-data/Diamond/IMU/mytronlabs-000207-050.aac
OK    /Volumes/Samsung 990-2/100 Hours/Diamond/mytronlabs-000204-088.mp4 -> gs://100hr-data/Diamond/Videos/mytronlabs-000204-088.mp4
OK    /Volumes/Samsung 990-2/100 Hours/Diamond/mytronlabs-000204-037.txt -> gs://100hr-data/Diamond/IMU/mytronlabs-000204-037.txt
OK    /Volumes/Samsung 990-2/100 Hours/Diamond/mytronlabs-000207-078.aac -> gs://100hr-data/Diamond/IMU/mytronlabs-000207-078.aac
OK    /Volumes/Samsung 990-2/100 Hours/Diamond/mytronlabs-000012-022.aac -> gs://100hr-data/Diamond/IMU/mytronlabs-000012-022.aac
OK    /Volumes/Samsung 990-2/100 Hours/Diamond/mytronlabs-000007-040.mp4 -> gs://100hr-data/Diamond/Videos/mytronlabs-000007-040.mp4
OK    /Volumes/Samsung 990-2/100 Hours/Diamond/mytronlabs-000012-036.aac -> gs://100hr-data/Diamond/IMU/mytronlabs-000012-036.aac
OK    /Volumes/Samsung 990-2/100 Hours/Diamond/mytronlabs-000204-023.txt -> gs://100hr-data/Diamond/IMU/mytronlabs-000204-023.txt
OK    /Volumes/Samsung 990-2/100 Hours/Diamond/mytronlabs-000204-077.mp4 -> gs://100hr-data/Diamond/Videos/mytronlabs-000204-077.mp4
OK    /Volumes/Samsung 990-2/100 Hours/Diamond/mytronlabs-000001-039.mp4 -> gs://100hr-data/Diamond/Videos/mytronlabs-000001-039.mp4
OK    /Volumes/Samsung 990-2/100 Hours/Diamond/mytronlabs-000207-087.aac -> gs://100hr-data/Diamond/IMU/mytronlabs-000207-087.aac
OK    /Volumes/Samsung 990-2/100 Hours/Diamond/mytronlabs-000007-014.txt -> gs://100hr-data/Diamond/IMU/mytronlabs-000007-014.txt
OK    /Volumes/Samsung 990-2/100 Hours/Diamond/mytronlabs-000207-093.aac -> gs://100hr-data/Diamond/IMU/mytronlabs-000207-093.aac
OK    /Volumes/Samsung 990-2/100 Hours/Diamond/mytronlabs-000204-063.mp4 -> gs://100hr-data/Diamond/Videos/mytronlabs-000204-063.mp4
OK    /Volumes/Samsung 990-2/100 Hours/Diamond/mytronlabs-000001-005.mp4 -> gs://100hr-data/Diamond/Videos/mytronlabs-000001-005.mp4
OK    /Volumes/Samsung 990-2/100 Hours/Diamond/mytronlabs-000007-028.txt -> gs://100hr-data/Diamond/IMU/mytronlabs-000007-028.txt
OK    /Volumes/Samsung 990-2/100 Hours/Diamond/mytronlabs-000001-011.mp4 -> gs://100hr-data/Diamond/Videos/mytronlabs-000001-011.mp4
OK    /Volumes/Samsung 990-2/100 Hours/Diamond/mytronlabs-000001-010.mp4 -> gs://100hr-data/Diamond/Videos/mytronlabs-000001-010.mp4
OK    /Volumes/Samsung 990-2/100 Hours/Diamond/mytronlabs-000001-004.mp4 -> gs://100hr-data/Diamond/Videos/mytronlabs-000001-004.mp4
OK    /Volumes/Samsung 990-2/100 Hours/Diamond/mytronlabs-000007-029.txt -> gs://100hr-data/Diamond/IMU/mytronlabs-000007-029.txt
OK    /Volumes/Samsung 990-2/100 Hours/Diamond/mytronlabs-000204-062.mp4 -> gs://100hr-data/Diamond/Videos/mytronlabs-000204-062.mp4
OK    /Volumes/Samsung 990-2/100 Hours/Diamond/mytronlabs-000207-092.aac -> gs://100hr-data/Diamond/IMU/mytronlabs-000207-092.aac
OK    /Volumes/Samsung 990-2/100 Hours/Diamond/mytronlabs-000207-086.aac -> gs://100hr-data/Diamond/IMU/mytronlabs-000207-086.aac
OK    /Volumes/Samsung 990-2/100 Hours/Diamond/mytronlabs-000204-076.mp4 -> gs://100hr-data/Diamond/Videos/mytronlabs-000204-076.mp4
OK    /Volumes/Samsung 990-2/100 Hours/Diamond/mytronlabs-000001-038.mp4 -> gs://100hr-data/Diamond/Videos/mytronlabs-000001-038.mp4
OK    /Volumes/Samsung 990-2/100 Hours/Diamond/mytronlabs-000007-015.txt -> gs://100hr-data/Diamond/IMU/mytronlabs-000007-015.txt
OK    /Volumes/Samsung 990-2/100 Hours/Diamond/mytronlabs-000012-037.aac -> gs://100hr-data/Diamond/IMU/mytronlabs-000012-037.aac
OK    /Volumes/Samsung 990-2/100 Hours/Diamond/mytronlabs-000007-041.mp4 -> gs://100hr-data/Diamond/Videos/mytronlabs-000007-041.mp4
OK    /Volumes/Samsung 990-2/100 Hours/Diamond/mytronlabs-000204-022.txt -> gs://100hr-data/Diamond/IMU/mytronlabs-000204-022.txt
OK    /Volumes/Samsung 990-2/100 Hours/Diamond/mytronlabs-000207-079.aac -> gs://100hr-data/Diamond/IMU/mytronlabs-000207-079.aac
OK    /Volumes/Samsung 990-2/100 Hours/Diamond/mytronlabs-000204-036.txt -> gs://100hr-data/Diamond/IMU/mytronlabs-000204-036.txt
OK    /Volumes/Samsung 990-2/100 Hours/Diamond/mytronlabs-000204-089.mp4 -> gs://100hr-data/Diamond/Videos/mytronlabs-000204-089.mp4
OK    /Volumes/Samsung 990-2/100 Hours/Diamond/mytronlabs-000012-023.aac -> gs://100hr-data/Diamond/IMU/mytronlabs-000012-023.aac
OK    /Volumes/Samsung 990-2/100 Hours/Diamond/mytronlabs-000207-051.aac -> gs://100hr-data/Diamond/IMU/mytronlabs-000207-051.aac
OK    /Volumes/Samsung 990-2/100 Hours/Diamond/mytronlabs-000001-050.txt -> gs://100hr-data/Diamond/IMU/mytronlabs-000001-050.txt
OK    /Volumes/Samsung 990-2/100 Hours/Diamond/mytronlabs-000207-045.aac -> gs://100hr-data/Diamond/IMU/mytronlabs-000207-045.aac
OK    /Volumes/Samsung 990-2/100 Hours/Diamond/mytronlabs-000001-044.txt -> gs://100hr-data/Diamond/IMU/mytronlabs-000001-044.txt
OK    /Volumes/Samsung 990-2/100 Hours/Diamond/mytronlabs-000006-038.txt -> gs://100hr-data/Diamond/IMU/mytronlabs-000006-038.txt
OK    /Volumes/Samsung 990-2/100 Hours/Diamond/mytronlabs-000006-010.txt -> gs://100hr-data/Diamond/IMU/mytronlabs-000006-010.txt
OK    /Volumes/Samsung 990-2/100 Hours/Diamond/mytronlabs-000006-004.txt -> gs://100hr-data/Diamond/IMU/mytronlabs-000006-004.txt
OK    /Volumes/Samsung 990-2/100 Hours/Diamond/mytronlabs-000003-032.aac -> gs://100hr-data/Diamond/IMU/mytronlabs-000003-032.aac
OK    /Volumes/Samsung 990-2/100 Hours/Diamond/mytronlabs-000006-050.mp4 -> gs://100hr-data/Diamond/Videos/mytronlabs-000006-050.mp4
OK    /Volumes/Samsung 990-2/100 Hours/Diamond/mytronlabs-000006-044.mp4 -> gs://100hr-data/Diamond/Videos/mytronlabs-000006-044.mp4
OK    /Volumes/Samsung 990-2/100 Hours/Diamond/mytronlabs-000003-026.aac -> gs://100hr-data/Diamond/IMU/mytronlabs-000003-026.aac
OK    /Volumes/Samsung 990-2/100 Hours/Diamond/mytronlabs-000003-009.txt -> gs://100hr-data/Diamond/IMU/mytronlabs-000003-009.txt
OK    /Volumes/Samsung 990-2/100 Hours/Diamond/mytronlabs-000003-021.txt -> gs://100hr-data/Diamond/IMU/mytronlabs-000003-021.txt
OK    /Volumes/Samsung 990-2/100 Hours/Diamond/mytronlabs-000006-017.aac -> gs://100hr-data/Diamond/IMU/mytronlabs-000006-017.aac
OK    /Volumes/Samsung 990-2/100 Hours/Diamond/mytronlabs-000006-003.aac -> gs://100hr-data/Diamond/IMU/mytronlabs-000006-003.aac
OK    /Volumes/Samsung 990-2/100 Hours/Diamond/mytronlabs-000204-019.aac -> gs://100hr-data/Diamond/IMU/mytronlabs-000204-019.aac
OK    /Volumes/Samsung 990-2/100 Hours/Diamond/mytronlabs-000001-057.aac -> gs://100hr-data/Diamond/IMU/mytronlabs-000001-057.aac
OK    /Volumes/Samsung 990-2/100 Hours/Diamond/mytronlabs-000207-056.txt -> gs://100hr-data/Diamond/IMU/mytronlabs-000207-056.txt
OK    /Volumes/Samsung 990-2/100 Hours/Diamond/mytronlabs-000014-021.mp4 -> gs://100hr-data/Diamond/Videos/mytronlabs-000014-021.mp4
OK    /Volumes/Samsung 990-2/100 Hours/Diamond/mytronlabs-000001-043.aac -> gs://100hr-data/Diamond/IMU/mytronlabs-000001-043.aac
OK    /Volumes/Samsung 990-2/100 Hours/Diamond/mytronlabs-000207-042.txt -> gs://100hr-data/Diamond/IMU/mytronlabs-000207-042.txt
OK    /Volumes/Samsung 990-2/100 Hours/Diamond/mytronlabs-000014-035.mp4 -> gs://100hr-data/Diamond/Videos/mytronlabs-000014-035.mp4
OK    /Volumes/Samsung 990-2/100 Hours/Diamond/mytronlabs-000012-018.txt -> gs://100hr-data/Diamond/IMU/mytronlabs-000012-018.txt
OK    /Volumes/Samsung 990-2/100 Hours/Diamond/mytronlabs-000012-030.txt -> gs://100hr-data/Diamond/IMU/mytronlabs-000012-030.txt
OK    /Volumes/Samsung 990-2/100 Hours/Diamond/mytronlabs-000204-116.mp4 -> gs://100hr-data/Diamond/Videos/mytronlabs-000204-116.mp4
OK    /Volumes/Samsung 990-2/100 Hours/Diamond/mytronlabs-000204-025.aac -> gs://100hr-data/Diamond/IMU/mytronlabs-000204-025.aac
OK    /Volumes/Samsung 990-2/100 Hours/Diamond/mytronlabs-000204-031.aac -> gs://100hr-data/Diamond/IMU/mytronlabs-000204-031.aac
OK    /Volumes/Samsung 990-2/100 Hours/Diamond/mytronlabs-000014-009.mp4 -> gs://100hr-data/Diamond/Videos/mytronlabs-000014-009.mp4
OK    /Volumes/Samsung 990-2/100 Hours/Diamond/mytronlabs-000204-102.mp4 -> gs://100hr-data/Diamond/Videos/mytronlabs-000204-102.mp4
OK    /Volumes/Samsung 990-2/100 Hours/Diamond/mytronlabs-000012-024.txt -> gs://100hr-data/Diamond/IMU/mytronlabs-000012-024.txt
OK    /Volumes/Samsung 990-2/100 Hours/Diamond/mytronlabs-000007-006.aac -> gs://100hr-data/Diamond/IMU/mytronlabs-000007-006.aac
OK    /Volumes/Samsung 990-2/100 Hours/Diamond/mytronlabs-000207-095.txt -> gs://100hr-data/Diamond/IMU/mytronlabs-000207-095.txt
OK    /Volumes/Samsung 990-2/100 Hours/Diamond/mytronlabs-000207-081.txt -> gs://100hr-data/Diamond/IMU/mytronlabs-000207-081.txt
OK    /Volumes/Samsung 990-2/100 Hours/Diamond/mytronlabs-000014-049.txt -> gs://100hr-data/Diamond/IMU/mytronlabs-000014-049.txt
OK    /Volumes/Samsung 990-2/100 Hours/Diamond/mytronlabs-000007-012.aac -> gs://100hr-data/Diamond/IMU/mytronlabs-000007-012.aac
OK    /Volumes/Samsung 990-2/100 Hours/Diamond/mytronlabs-000014-061.txt -> gs://100hr-data/Diamond/IMU/mytronlabs-000014-061.txt
OK    /Volumes/Samsung 990-2/100 Hours/Diamond/mytronlabs-000207-016.mp4 -> gs://100hr-data/Diamond/Videos/mytronlabs-000207-016.mp4
OK    /Volumes/Samsung 990-2/100 Hours/Diamond/mytronlabs-000012-058.mp4 -> gs://100hr-data/Diamond/Videos/mytronlabs-000012-058.mp4
OK    /Volumes/Samsung 990-2/100 Hours/Diamond/mytronlabs-000007-016.aac -> gs://100hr-data/Diamond/IMU/mytronlabs-000007-016.aac
OK    /Volumes/Samsung 990-2/100 Hours/Diamond/mytronlabs-000012-060.mp4 -> gs://100hr-data/Diamond/Videos/mytronlabs-000012-060.mp4
OK    /Volumes/Samsung 990-2/100 Hours/Diamond/mytronlabs-000207-109.aac -> gs://100hr-data/Diamond/IMU/mytronlabs-000207-109.aac
OK    /Volumes/Samsung 990-2/100 Hours/Diamond/mytronlabs-000207-085.txt -> gs://100hr-data/Diamond/IMU/mytronlabs-000207-085.txt
OK    /Volumes/Samsung 990-2/100 Hours/Diamond/mytronlabs-000207-091.txt -> gs://100hr-data/Diamond/IMU/mytronlabs-000207-091.txt
OK    /Volumes/Samsung 990-2/100 Hours/Diamond/mytronlabs-000014-059.txt -> gs://100hr-data/Diamond/IMU/mytronlabs-000014-059.txt
OK    /Volumes/Samsung 990-2/100 Hours/Diamond/mytronlabs-000012-048.mp4 -> gs://100hr-data/Diamond/Videos/mytronlabs-000012-048.mp4
OK    /Volumes/Samsung 990-2/100 Hours/Diamond/mytronlabs-000207-046.txt -> gs://100hr-data/Diamond/IMU/mytronlabs-000207-046.txt
OK    /Volumes/Samsung 990-2/100 Hours/Diamond/mytronlabs-000014-031.mp4 -> gs://100hr-data/Diamond/Videos/mytronlabs-000014-031.mp4
OK    /Volumes/Samsung 990-2/100 Hours/Diamond/mytronlabs-000204-009.aac -> gs://100hr-data/Diamond/IMU/mytronlabs-000204-009.aac
OK    /Volumes/Samsung 990-2/100 Hours/Diamond/mytronlabs-000001-047.aac -> gs://100hr-data/Diamond/IMU/mytronlabs-000001-047.aac
OK    /Volumes/Samsung 990-2/100 Hours/Diamond/mytronlabs-000207-052.txt -> gs://100hr-data/Diamond/IMU/mytronlabs-000207-052.txt
OK    /Volumes/Samsung 990-2/100 Hours/Diamond/mytronlabs-000014-025.mp4 -> gs://100hr-data/Diamond/Videos/mytronlabs-000014-025.mp4
OK    /Volumes/Samsung 990-2/100 Hours/Diamond/mytronlabs-000001-053.aac -> gs://100hr-data/Diamond/IMU/mytronlabs-000001-053.aac
OK    /Volumes/Samsung 990-2/100 Hours/Diamond/mytronlabs-000012-008.txt -> gs://100hr-data/Diamond/IMU/mytronlabs-000012-008.txt
OK    /Volumes/Samsung 990-2/100 Hours/Diamond/mytronlabs-000012-020.txt -> gs://100hr-data/Diamond/IMU/mytronlabs-000012-020.txt
OK    /Volumes/Samsung 990-2/100 Hours/Diamond/mytronlabs-000204-106.mp4 -> gs://100hr-data/Diamond/Videos/mytronlabs-000204-106.mp4
OK    /Volumes/Samsung 990-2/100 Hours/Diamond/mytronlabs-000204-035.aac -> gs://100hr-data/Diamond/IMU/mytronlabs-000204-035.aac
OK    /Volumes/Samsung 990-2/100 Hours/Diamond/mytronlabs-000014-019.mp4 -> gs://100hr-data/Diamond/Videos/mytronlabs-000014-019.mp4
OK    /Volumes/Samsung 990-2/100 Hours/Diamond/mytronlabs-000204-021.aac -> gs://100hr-data/Diamond/IMU/mytronlabs-000204-021.aac
OK    /Volumes/Samsung 990-2/100 Hours/Diamond/mytronlabs-000204-112.mp4 -> gs://100hr-data/Diamond/Videos/mytronlabs-000204-112.mp4
OK    /Volumes/Samsung 990-2/100 Hours/Diamond/mytronlabs-000012-034.txt -> gs://100hr-data/Diamond/IMU/mytronlabs-000012-034.txt
OK    /Volumes/Samsung 990-2/100 Hours/Diamond/mytronlabs-000006-007.aac -> gs://100hr-data/Diamond/IMU/mytronlabs-000006-007.aac
OK    /Volumes/Samsung 990-2/100 Hours/Diamond/mytronlabs-000006-013.aac -> gs://100hr-data/Diamond/IMU/mytronlabs-000006-013.aac
OK    /Volumes/Samsung 990-2/100 Hours/Diamond/mytronlabs-000003-019.txt -> gs://100hr-data/Diamond/IMU/mytronlabs-000003-019.txt
OK    /Volumes/Samsung 990-2/100 Hours/Diamond/mytronlabs-000003-025.txt -> gs://100hr-data/Diamond/IMU/mytronlabs-000003-025.txt
OK    /Volumes/Samsung 990-2/100 Hours/Diamond/mytronlabs-000003-031.txt -> gs://100hr-data/Diamond/IMU/mytronlabs-000003-031.txt
OK    /Volumes/Samsung 990-2/100 Hours/Diamond/mytronlabs-000003-022.aac -> gs://100hr-data/Diamond/IMU/mytronlabs-000003-022.aac
OK    /Volumes/Samsung 990-2/100 Hours/Diamond/mytronlabs-000006-040.mp4 -> gs://100hr-data/Diamond/Videos/mytronlabs-000006-040.mp4
OK    /Volumes/Samsung 990-2/100 Hours/Diamond/mytronlabs-000006-054.mp4 -> gs://100hr-data/Diamond/Videos/mytronlabs-000006-054.mp4
OK    /Volumes/Samsung 990-2/100 Hours/Diamond/mytronlabs-000006-028.txt -> gs://100hr-data/Diamond/IMU/mytronlabs-000006-028.txt
OK    /Volumes/Samsung 990-2/100 Hours/Diamond/mytronlabs-000006-014.txt -> gs://100hr-data/Diamond/IMU/mytronlabs-000006-014.txt
OK    /Volumes/Samsung 990-2/100 Hours/Diamond/mytronlabs-000012-027.aac -> gs://100hr-data/Diamond/IMU/mytronlabs-000012-027.aac
OK    /Volumes/Samsung 990-2/100 Hours/Diamond/mytronlabs-000204-032.txt -> gs://100hr-data/Diamond/IMU/mytronlabs-000204-032.txt
OK    /Volumes/Samsung 990-2/100 Hours/Diamond/mytronlabs-000204-026.txt -> gs://100hr-data/Diamond/IMU/mytronlabs-000204-026.txt
OK    /Volumes/Samsung 990-2/100 Hours/Diamond/mytronlabs-000207-069.aac -> gs://100hr-data/Diamond/IMU/mytronlabs-000207-069.aac
OK    /Volumes/Samsung 990-2/100 Hours/Diamond/mytronlabs-000204-099.mp4 -> gs://100hr-data/Diamond/Videos/mytronlabs-000204-099.mp4
OK    /Volumes/Samsung 990-2/100 Hours/Diamond/mytronlabs-000007-045.mp4 -> gs://100hr-data/Diamond/Videos/mytronlabs-000007-045.mp4
OK    /Volumes/Samsung 990-2/100 Hours/Diamond/mytronlabs-000012-033.aac -> gs://100hr-data/Diamond/IMU/mytronlabs-000012-033.aac
OK    /Volumes/Samsung 990-2/100 Hours/Diamond/mytronlabs-000001-040.txt -> gs://100hr-data/Diamond/IMU/mytronlabs-000001-040.txt
OK    /Volumes/Samsung 990-2/100 Hours/Diamond/mytronlabs-000207-041.aac -> gs://100hr-data/Diamond/IMU/mytronlabs-000207-041.aac
OK    /Volumes/Samsung 990-2/100 Hours/Diamond/mytronlabs-000001-054.txt -> gs://100hr-data/Diamond/IMU/mytronlabs-000001-054.txt
OK    /Volumes/Samsung 990-2/100 Hours/Diamond/mytronlabs-000207-055.aac -> gs://100hr-data/Diamond/IMU/mytronlabs-000207-055.aac
OK    /Volumes/Samsung 990-2/100 Hours/Diamond/mytronlabs-000014-062.aac -> gs://100hr-data/Diamond/IMU/mytronlabs-000014-062.aac
OK    /Volumes/Samsung 990-2/100 Hours/Diamond/mytronlabs-000001-014.mp4 -> gs://100hr-data/Diamond/Videos/mytronlabs-000001-014.mp4
OK    /Volumes/Samsung 990-2/100 Hours/Diamond/mytronlabs-000007-039.txt -> gs://100hr-data/Diamond/IMU/mytronlabs-000007-039.txt
OK    /Volumes/Samsung 990-2/100 Hours/Diamond/mytronlabs-000007-011.txt -> gs://100hr-data/Diamond/IMU/mytronlabs-000007-011.txt
OK    /Volumes/Samsung 990-2/100 Hours/Diamond/mytronlabs-000204-072.mp4 -> gs://100hr-data/Diamond/Videos/mytronlabs-000204-072.mp4
OK    /Volumes/Samsung 990-2/100 Hours/Diamond/mytronlabs-000207-082.aac -> gs://100hr-data/Diamond/IMU/mytronlabs-000207-082.aac
OK    /Volumes/Samsung 990-2/100 Hours/Diamond/mytronlabs-000207-096.aac -> gs://100hr-data/Diamond/IMU/mytronlabs-000207-096.aac
OK    /Volumes/Samsung 990-2/100 Hours/Diamond/mytronlabs-000204-066.mp4 -> gs://100hr-data/Diamond/Videos/mytronlabs-000204-066.mp4
OK    /Volumes/Samsung 990-2/100 Hours/Diamond/mytronlabs-000001-028.mp4 -> gs://100hr-data/Diamond/Videos/mytronlabs-000001-028.mp4
OK    /Volumes/Samsung 990-2/100 Hours/Diamond/mytronlabs-000007-005.txt -> gs://100hr-data/Diamond/IMU/mytronlabs-000007-005.txt
OK    /Volumes/Samsung 990-2/100 Hours/Diamond/mytronlabs-000204-067.mp4 -> gs://100hr-data/Diamond/Videos/mytronlabs-000204-067.mp4
OK    /Volumes/Samsung 990-2/100 Hours/Diamond/mytronlabs-000001-029.mp4 -> gs://100hr-data/Diamond/Videos/mytronlabs-000001-029.mp4
OK    /Volumes/Samsung 990-2/100 Hours/Diamond/mytronlabs-000207-097.aac -> gs://100hr-data/Diamond/IMU/mytronlabs-000207-097.aac
OK    /Volumes/Samsung 990-2/100 Hours/Diamond/mytronlabs-000007-004.txt -> gs://100hr-data/Diamond/IMU/mytronlabs-000007-004.txt
OK    /Volumes/Samsung 990-2/100 Hours/Diamond/mytronlabs-000007-010.txt -> gs://100hr-data/Diamond/IMU/mytronlabs-000007-010.txt
OK    /Volumes/Samsung 990-2/100 Hours/Diamond/mytronlabs-000207-083.aac -> gs://100hr-data/Diamond/IMU/mytronlabs-000207-083.aac
OK    /Volumes/Samsung 990-2/100 Hours/Diamond/mytronlabs-000204-073.mp4 -> gs://100hr-data/Diamond/Videos/mytronlabs-000204-073.mp4
OK    /Volumes/Samsung 990-2/100 Hours/Diamond/mytronlabs-000001-015.mp4 -> gs://100hr-data/Diamond/Videos/mytronlabs-000001-015.mp4
OK    /Volumes/Samsung 990-2/100 Hours/Diamond/mytronlabs-000014-063.aac -> gs://100hr-data/Diamond/IMU/mytronlabs-000014-063.aac
OK    /Volumes/Samsung 990-2/100 Hours/Diamond/mytronlabs-000007-038.txt -> gs://100hr-data/Diamond/IMU/mytronlabs-000007-038.txt
OK    /Volumes/Samsung 990-2/100 Hours/Diamond/mytronlabs-000001-001.mp4 -> gs://100hr-data/Diamond/Videos/mytronlabs-000001-001.mp4
OK    /Volumes/Samsung 990-2/100 Hours/Diamond/mytronlabs-000207-054.aac -> gs://100hr-data/Diamond/IMU/mytronlabs-000207-054.aac
OK    /Volumes/Samsung 990-2/100 Hours/Diamond/mytronlabs-000001-055.txt -> gs://100hr-data/Diamond/IMU/mytronlabs-000001-055.txt
OK    /Volumes/Samsung 990-2/100 Hours/Diamond/mytronlabs-000207-040.aac -> gs://100hr-data/Diamond/IMU/mytronlabs-000207-040.aac
OK    /Volumes/Samsung 990-2/100 Hours/Diamond/mytronlabs-000001-041.txt -> gs://100hr-data/Diamond/IMU/mytronlabs-000001-041.txt
OK    /Volumes/Samsung 990-2/100 Hours/Diamond/mytronlabs-000204-098.mp4 -> gs://100hr-data/Diamond/Videos/mytronlabs-000204-098.mp4
OK    /Volumes/Samsung 990-2/100 Hours/Diamond/mytronlabs-000207-068.aac -> gs://100hr-data/Diamond/IMU/mytronlabs-000207-068.aac
OK    /Volumes/Samsung 990-2/100 Hours/Diamond/mytronlabs-000204-027.txt -> gs://100hr-data/Diamond/IMU/mytronlabs-000204-027.txt
OK    /Volumes/Samsung 990-2/100 Hours/Diamond/mytronlabs-000012-032.aac -> gs://100hr-data/Diamond/IMU/mytronlabs-000012-032.aac
OK    /Volumes/Samsung 990-2/100 Hours/Diamond/mytronlabs-000007-044.mp4 -> gs://100hr-data/Diamond/Videos/mytronlabs-000007-044.mp4
OK    /Volumes/Samsung 990-2/100 Hours/Diamond/mytronlabs-000012-026.aac -> gs://100hr-data/Diamond/IMU/mytronlabs-000012-026.aac
OK    /Volumes/Samsung 990-2/100 Hours/Diamond/mytronlabs-000204-033.txt -> gs://100hr-data/Diamond/IMU/mytronlabs-000204-033.txt
OK    /Volumes/Samsung 990-2/100 Hours/Diamond/mytronlabs-000006-015.txt -> gs://100hr-data/Diamond/IMU/mytronlabs-000006-015.txt
OK    /Volumes/Samsung 990-2/100 Hours/Diamond/mytronlabs-000006-029.txt -> gs://100hr-data/Diamond/IMU/mytronlabs-000006-029.txt
OK    /Volumes/Samsung 990-2/100 Hours/Diamond/mytronlabs-000006-055.mp4 -> gs://100hr-data/Diamond/Videos/mytronlabs-000006-055.mp4
OK    /Volumes/Samsung 990-2/100 Hours/Diamond/mytronlabs-000003-023.aac -> gs://100hr-data/Diamond/IMU/mytronlabs-000003-023.aac
OK    /Volumes/Samsung 990-2/100 Hours/Diamond/mytronlabs-000006-041.mp4 -> gs://100hr-data/Diamond/Videos/mytronlabs-000006-041.mp4
OK    /Volumes/Samsung 990-2/100 Hours/Diamond/mytronlabs-000003-030.txt -> gs://100hr-data/Diamond/IMU/mytronlabs-000003-030.txt
OK    /Volumes/Samsung 990-2/100 Hours/Diamond/mytronlabs-000003-024.txt -> gs://100hr-data/Diamond/IMU/mytronlabs-000003-024.txt
OK    /Volumes/Samsung 990-2/100 Hours/Diamond/mytronlabs-000003-018.txt -> gs://100hr-data/Diamond/IMU/mytronlabs-000003-018.txt
OK    /Volumes/Samsung 990-2/100 Hours/Diamond/mytronlabs-000006-012.aac -> gs://100hr-data/Diamond/IMU/mytronlabs-000006-012.aac
OK    /Volumes/Samsung 990-2/100 Hours/Diamond/mytronlabs-000006-006.aac -> gs://100hr-data/Diamond/IMU/mytronlabs-000006-006.aac
OK    /Volumes/Samsung 990-2/100 Hours/Diamond/mytronlabs-000204-113.mp4 -> gs://100hr-data/Diamond/Videos/mytronlabs-000204-113.mp4
OK    /Volumes/Samsung 990-2/100 Hours/Diamond/mytronlabs-000204-020.aac -> gs://100hr-data/Diamond/IMU/mytronlabs-000204-020.aac
OK    /Volumes/Samsung 990-2/100 Hours/Diamond/mytronlabs-000014-018.mp4 -> gs://100hr-data/Diamond/Videos/mytronlabs-000014-018.mp4
OK    /Volumes/Samsung 990-2/100 Hours/Diamond/mytronlabs-000012-035.txt -> gs://100hr-data/Diamond/IMU/mytronlabs-000012-035.txt
OK    /Volumes/Samsung 990-2/100 Hours/Diamond/mytronlabs-000012-021.txt -> gs://100hr-data/Diamond/IMU/mytronlabs-000012-021.txt
OK    /Volumes/Samsung 990-2/100 Hours/Diamond/mytronlabs-000204-034.aac -> gs://100hr-data/Diamond/IMU/mytronlabs-000204-034.aac
OK    /Volumes/Samsung 990-2/100 Hours/Diamond/mytronlabs-000204-107.mp4 -> gs://100hr-data/Diamond/Videos/mytronlabs-000204-107.mp4
OK    /Volumes/Samsung 990-2/100 Hours/Diamond/mytronlabs-000001-052.aac -> gs://100hr-data/Diamond/IMU/mytronlabs-000001-052.aac
OK    /Volumes/Samsung 990-2/100 Hours/Diamond/mytronlabs-000014-024.mp4 -> gs://100hr-data/Diamond/Videos/mytronlabs-000014-024.mp4
OK    /Volumes/Samsung 990-2/100 Hours/Diamond/mytronlabs-000207-053.txt -> gs://100hr-data/Diamond/IMU/mytronlabs-000207-053.txt
OK    /Volumes/Samsung 990-2/100 Hours/Diamond/mytronlabs-000012-009.txt -> gs://100hr-data/Diamond/IMU/mytronlabs-000012-009.txt
OK    /Volumes/Samsung 990-2/100 Hours/Diamond/mytronlabs-000204-008.aac -> gs://100hr-data/Diamond/IMU/mytronlabs-000204-008.aac
OK    /Volumes/Samsung 990-2/100 Hours/Diamond/mytronlabs-000001-046.aac -> gs://100hr-data/Diamond/IMU/mytronlabs-000001-046.aac
OK    /Volumes/Samsung 990-2/100 Hours/Diamond/mytronlabs-000014-030.mp4 -> gs://100hr-data/Diamond/Videos/mytronlabs-000014-030.mp4
OK    /Volumes/Samsung 990-2/100 Hours/Diamond/mytronlabs-000207-047.txt -> gs://100hr-data/Diamond/IMU/mytronlabs-000207-047.txt
OK    /Volumes/Samsung 990-2/100 Hours/Diamond/mytronlabs-000207-013.mp4 -> gs://100hr-data/Diamond/Videos/mytronlabs-000207-013.mp4
OK    /Volumes/Samsung 990-2/100 Hours/Diamond/mytronlabs-000012-049.mp4 -> gs://100hr-data/Diamond/Videos/mytronlabs-000012-049.mp4
OK    /Volumes/Samsung 990-2/100 Hours/Diamond/mytronlabs-000014-058.txt -> gs://100hr-data/Diamond/IMU/mytronlabs-000014-058.txt
OK    /Volumes/Samsung 990-2/100 Hours/Diamond/mytronlabs-000207-090.txt -> gs://100hr-data/Diamond/IMU/mytronlabs-000207-090.txt
OK    /Volumes/Samsung 990-2/100 Hours/Diamond/mytronlabs-000007-003.aac -> gs://100hr-data/Diamond/IMU/mytronlabs-000007-003.aac
OK    /Volumes/Samsung 990-2/100 Hours/Diamond/mytronlabs-000012-061.mp4 -> gs://100hr-data/Diamond/Videos/mytronlabs-000012-061.mp4
OK    /Volumes/Samsung 990-2/100 Hours/Diamond/mytronlabs-000007-017.aac -> gs://100hr-data/Diamond/IMU/mytronlabs-000007-017.aac
OK    /Volumes/Samsung 990-2/100 Hours/Diamond/mytronlabs-000207-084.txt -> gs://100hr-data/Diamond/IMU/mytronlabs-000207-084.txt
OK    /Volumes/Samsung 990-2/100 Hours/Diamond/mytronlabs-000207-108.aac -> gs://100hr-data/Diamond/IMU/mytronlabs-000207-108.aac
OK    /Volumes/Samsung 990-2/100 Hours/Diamond/mytronlabs-000207-092.txt -> gs://100hr-data/Diamond/IMU/mytronlabs-000207-092.txt
OK    /Volumes/Samsung 990-2/100 Hours/Diamond/mytronlabs-000207-039.mp4 -> gs://100hr-data/Diamond/Videos/mytronlabs-000207-039.mp4
OK    /Volumes/Samsung 990-2/100 Hours/Diamond/mytronlabs-000207-086.txt -> gs://100hr-data/Diamond/IMU/mytronlabs-000207-086.txt
OK    /Volumes/Samsung 990-2/100 Hours/Diamond/mytronlabs-000007-015.aac -> gs://100hr-data/Diamond/IMU/mytronlabs-000007-015.aac
OK    /Volumes/Samsung 990-2/100 Hours/Diamond/mytronlabs-000007-029.aac -> gs://100hr-data/Diamond/IMU/mytronlabs-000007-029.aac
OK    /Volumes/Samsung 990-2/100 Hours/Diamond/mytronlabs-000207-051.txt -> gs://100hr-data/Diamond/IMU/mytronlabs-000207-051.txt
OK    /Volumes/Samsung 990-2/100 Hours/Diamond/mytronlabs-000014-026.mp4 -> gs://100hr-data/Diamond/Videos/mytronlabs-000014-026.mp4
OK    /Volumes/Samsung 990-2/100 Hours/Diamond/mytronlabs-000001-050.aac -> gs://100hr-data/Diamond/IMU/mytronlabs-000001-050.aac
OK    /Volumes/Samsung 990-2/100 Hours/Diamond/mytronlabs-000207-045.txt -> gs://100hr-data/Diamond/IMU/mytronlabs-000207-045.txt
OK    /Volumes/Samsung 990-2/100 Hours/Diamond/mytronlabs-000014-032.mp4 -> gs://100hr-data/Diamond/Videos/mytronlabs-000014-032.mp4
OK    /Volumes/Samsung 990-2/100 Hours/Diamond/mytronlabs-000001-044.aac -> gs://100hr-data/Diamond/IMU/mytronlabs-000001-044.aac
OK    /Volumes/Samsung 990-2/100 Hours/Diamond/mytronlabs-000012-037.txt -> gs://100hr-data/Diamond/IMU/mytronlabs-000012-037.txt
OK    /Volumes/Samsung 990-2/100 Hours/Diamond/mytronlabs-000204-022.aac -> gs://100hr-data/Diamond/IMU/mytronlabs-000204-022.aac
OK    /Volumes/Samsung 990-2/100 Hours/Diamond/mytronlabs-000204-111.mp4 -> gs://100hr-data/Diamond/Videos/mytronlabs-000204-111.mp4
OK    /Volumes/Samsung 990-2/100 Hours/Diamond/mytronlabs-000204-105.mp4 -> gs://100hr-data/Diamond/Videos/mytronlabs-000204-105.mp4
OK    /Volumes/Samsung 990-2/100 Hours/Diamond/mytronlabs-000207-079.txt -> gs://100hr-data/Diamond/IMU/mytronlabs-000207-079.txt
OK    /Volumes/Samsung 990-2/100 Hours/Diamond/mytronlabs-000204-036.aac -> gs://100hr-data/Diamond/IMU/mytronlabs-000204-036.aac
OK    /Volumes/Samsung 990-2/100 Hours/Diamond/mytronlabs-000012-023.txt -> gs://100hr-data/Diamond/IMU/mytronlabs-000012-023.txt
OK    /Volumes/Samsung 990-2/100 Hours/Diamond/mytronlabs-000006-010.aac -> gs://100hr-data/Diamond/IMU/mytronlabs-000006-010.aac
OK    /Volumes/Samsung 990-2/100 Hours/Diamond/mytronlabs-000006-004.aac -> gs://100hr-data/Diamond/IMU/mytronlabs-000006-004.aac
OK    /Volumes/Samsung 990-2/100 Hours/Diamond/mytronlabs-000006-038.aac -> gs://100hr-data/Diamond/IMU/mytronlabs-000006-038.aac
OK    /Volumes/Samsung 990-2/100 Hours/Diamond/mytronlabs-000003-032.txt -> gs://100hr-data/Diamond/IMU/mytronlabs-000003-032.txt
OK    /Volumes/Samsung 990-2/100 Hours/Diamond/mytronlabs-000003-026.txt -> gs://100hr-data/Diamond/IMU/mytronlabs-000003-026.txt
OK    /Volumes/Samsung 990-2/100 Hours/Diamond/mytronlabs-000006-043.mp4 -> gs://100hr-data/Diamond/Videos/mytronlabs-000006-043.mp4
OK    /Volumes/Samsung 990-2/100 Hours/Diamond/mytronlabs-000003-021.aac -> gs://100hr-data/Diamond/IMU/mytronlabs-000003-021.aac
OK    /Volumes/Samsung 990-2/100 Hours/Diamond/mytronlabs-000003-009.aac -> gs://100hr-data/Diamond/IMU/mytronlabs-000003-009.aac
OK    /Volumes/Samsung 990-2/100 Hours/Diamond/mytronlabs-000006-017.txt -> gs://100hr-data/Diamond/IMU/mytronlabs-000006-017.txt
OK    /Volumes/Samsung 990-2/100 Hours/Diamond/mytronlabs-000006-003.txt -> gs://100hr-data/Diamond/IMU/mytronlabs-000006-003.txt
OK    /Volumes/Samsung 990-2/100 Hours/Diamond/mytronlabs-000007-046.mp4 -> gs://100hr-data/Diamond/Videos/mytronlabs-000007-046.mp4
OK    /Volumes/Samsung 990-2/100 Hours/Diamond/mytronlabs-000012-030.aac -> gs://100hr-data/Diamond/IMU/mytronlabs-000012-030.aac
OK    /Volumes/Samsung 990-2/100 Hours/Diamond/mytronlabs-000204-025.txt -> gs://100hr-data/Diamond/IMU/mytronlabs-000204-025.txt
OK    /Volumes/Samsung 990-2/100 Hours/Diamond/mytronlabs-000204-031.txt -> gs://100hr-data/Diamond/IMU/mytronlabs-000204-031.txt
OK    /Volumes/Samsung 990-2/100 Hours/Diamond/mytronlabs-000012-024.aac -> gs://100hr-data/Diamond/IMU/mytronlabs-000012-024.aac
OK    /Volumes/Samsung 990-2/100 Hours/Diamond/mytronlabs-000001-057.txt -> gs://100hr-data/Diamond/IMU/mytronlabs-000001-057.txt
OK    /Volumes/Samsung 990-2/100 Hours/Diamond/mytronlabs-000204-019.txt -> gs://100hr-data/Diamond/IMU/mytronlabs-000204-019.txt
OK    /Volumes/Samsung 990-2/100 Hours/Diamond/mytronlabs-000207-056.aac -> gs://100hr-data/Diamond/IMU/mytronlabs-000207-056.aac
OK    /Volumes/Samsung 990-2/100 Hours/Diamond/mytronlabs-000001-043.txt -> gs://100hr-data/Diamond/IMU/mytronlabs-000001-043.txt
OK    /Volumes/Samsung 990-2/100 Hours/Diamond/mytronlabs-000207-042.aac -> gs://100hr-data/Diamond/IMU/mytronlabs-000207-042.aac
OK    /Volumes/Samsung 990-2/100 Hours/Diamond/mytronlabs-000012-018.aac -> gs://100hr-data/Diamond/IMU/mytronlabs-000012-018.aac
OK    /Volumes/Samsung 990-2/100 Hours/Diamond/mytronlabs-000014-061.aac -> gs://100hr-data/Diamond/IMU/mytronlabs-000014-061.aac
OK    /Volumes/Samsung 990-2/100 Hours/Diamond/mytronlabs-000001-017.mp4 -> gs://100hr-data/Diamond/Videos/mytronlabs-000001-017.mp4
OK    /Volumes/Samsung 990-2/100 Hours/Diamond/mytronlabs-000204-059.mp4 -> gs://100hr-data/Diamond/Videos/mytronlabs-000204-059.mp4
OK    /Volumes/Samsung 990-2/100 Hours/Diamond/mytronlabs-000001-003.mp4 -> gs://100hr-data/Diamond/Videos/mytronlabs-000001-003.mp4
OK    /Volumes/Samsung 990-2/100 Hours/Diamond/mytronlabs-000007-006.txt -> gs://100hr-data/Diamond/IMU/mytronlabs-000007-006.txt
OK    /Volumes/Samsung 990-2/100 Hours/Diamond/mytronlabs-000207-095.aac -> gs://100hr-data/Diamond/IMU/mytronlabs-000207-095.aac
OK    /Volumes/Samsung 990-2/100 Hours/Diamond/mytronlabs-000204-065.mp4 -> gs://100hr-data/Diamond/Videos/mytronlabs-000204-065.mp4
OK    /Volumes/Samsung 990-2/100 Hours/Diamond/mytronlabs-000014-049.aac -> gs://100hr-data/Diamond/IMU/mytronlabs-000014-049.aac
OK    /Volumes/Samsung 990-2/100 Hours/Diamond/mytronlabs-000204-071.mp4 -> gs://100hr-data/Diamond/Videos/mytronlabs-000204-071.mp4
OK    /Volumes/Samsung 990-2/100 Hours/Diamond/mytronlabs-000207-081.aac -> gs://100hr-data/Diamond/IMU/mytronlabs-000207-081.aac
OK    /Volumes/Samsung 990-2/100 Hours/Diamond/mytronlabs-000007-012.txt -> gs://100hr-data/Diamond/IMU/mytronlabs-000007-012.txt
OK    /Volumes/Samsung 990-2/100 Hours/Diamond/mytronlabs-000207-080.aac -> gs://100hr-data/Diamond/IMU/mytronlabs-000207-080.aac
OK    /Volumes/Samsung 990-2/100 Hours/Diamond/mytronlabs-000204-070.mp4 -> gs://100hr-data/Diamond/Videos/mytronlabs-000204-070.mp4
OK    /Volumes/Samsung 990-2/100 Hours/Diamond/mytronlabs-000014-048.aac -> gs://100hr-data/Diamond/IMU/mytronlabs-000014-048.aac
OK    /Volumes/Samsung 990-2/100 Hours/Diamond/mytronlabs-000007-013.txt -> gs://100hr-data/Diamond/IMU/mytronlabs-000007-013.txt
OK    /Volumes/Samsung 990-2/100 Hours/Diamond/mytronlabs-000007-007.txt -> gs://100hr-data/Diamond/IMU/mytronlabs-000007-007.txt
OK    /Volumes/Samsung 990-2/100 Hours/Diamond/mytronlabs-000204-064.mp4 -> gs://100hr-data/Diamond/Videos/mytronlabs-000204-064.mp4
OK    /Volumes/Samsung 990-2/100 Hours/Diamond/mytronlabs-000207-094.aac -> gs://100hr-data/Diamond/IMU/mytronlabs-000207-094.aac
OK    /Volumes/Samsung 990-2/100 Hours/Diamond/mytronlabs-000001-002.mp4 -> gs://100hr-data/Diamond/Videos/mytronlabs-000001-002.mp4
OK    /Volumes/Samsung 990-2/100 Hours/Diamond/mytronlabs-000001-016.mp4 -> gs://100hr-data/Diamond/Videos/mytronlabs-000001-016.mp4
OK    /Volumes/Samsung 990-2/100 Hours/Diamond/mytronlabs-000204-058.mp4 -> gs://100hr-data/Diamond/Videos/mytronlabs-000204-058.mp4
OK    /Volumes/Samsung 990-2/100 Hours/Diamond/mytronlabs-000014-060.aac -> gs://100hr-data/Diamond/IMU/mytronlabs-000014-060.aac
OK    /Volumes/Samsung 990-2/100 Hours/Diamond/mytronlabs-000207-043.aac -> gs://100hr-data/Diamond/IMU/mytronlabs-000207-043.aac
OK    /Volumes/Samsung 990-2/100 Hours/Diamond/mytronlabs-000001-042.txt -> gs://100hr-data/Diamond/IMU/mytronlabs-000001-042.txt
OK    /Volumes/Samsung 990-2/100 Hours/Diamond/mytronlabs-000012-019.aac -> gs://100hr-data/Diamond/IMU/mytronlabs-000012-019.aac
OK    /Volumes/Samsung 990-2/100 Hours/Diamond/mytronlabs-000207-057.aac -> gs://100hr-data/Diamond/IMU/mytronlabs-000207-057.aac
OK    /Volumes/Samsung 990-2/100 Hours/Diamond/mytronlabs-000001-056.txt -> gs://100hr-data/Diamond/IMU/mytronlabs-000001-056.txt
OK    /Volumes/Samsung 990-2/100 Hours/Diamond/mytronlabs-000204-018.txt -> gs://100hr-data/Diamond/IMU/mytronlabs-000204-018.txt
OK    /Volumes/Samsung 990-2/100 Hours/Diamond/mytronlabs-000204-030.txt -> gs://100hr-data/Diamond/IMU/mytronlabs-000204-030.txt
OK    /Volumes/Samsung 990-2/100 Hours/Diamond/mytronlabs-000012-025.aac -> gs://100hr-data/Diamond/IMU/mytronlabs-000012-025.aac
OK    /Volumes/Samsung 990-2/100 Hours/Diamond/mytronlabs-000012-031.aac -> gs://100hr-data/Diamond/IMU/mytronlabs-000012-031.aac
OK    /Volumes/Samsung 990-2/100 Hours/Diamond/mytronlabs-000204-024.txt -> gs://100hr-data/Diamond/IMU/mytronlabs-000204-024.txt
OK    /Volumes/Samsung 990-2/100 Hours/Diamond/mytronlabs-000006-016.txt -> gs://100hr-data/Diamond/IMU/mytronlabs-000006-016.txt
OK    /Volumes/Samsung 990-2/100 Hours/Diamond/mytronlabs-000003-008.aac -> gs://100hr-data/Diamond/IMU/mytronlabs-000003-008.aac
OK    /Volumes/Samsung 990-2/100 Hours/Diamond/mytronlabs-000006-042.mp4 -> gs://100hr-data/Diamond/Videos/mytronlabs-000006-042.mp4
OK    /Volumes/Samsung 990-2/100 Hours/Diamond/mytronlabs-000003-020.aac -> gs://100hr-data/Diamond/IMU/mytronlabs-000003-020.aac
OK    /Volumes/Samsung 990-2/100 Hours/Diamond/mytronlabs-000003-027.txt -> gs://100hr-data/Diamond/IMU/mytronlabs-000003-027.txt
OK    /Volumes/Samsung 990-2/100 Hours/Diamond/mytronlabs-000006-039.aac -> gs://100hr-data/Diamond/IMU/mytronlabs-000006-039.aac
OK    /Volumes/Samsung 990-2/100 Hours/Diamond/mytronlabs-000006-005.aac -> gs://100hr-data/Diamond/IMU/mytronlabs-000006-005.aac
OK    /Volumes/Samsung 990-2/100 Hours/Diamond/mytronlabs-000006-011.aac -> gs://100hr-data/Diamond/IMU/mytronlabs-000006-011.aac
OK    /Volumes/Samsung 990-2/100 Hours/Diamond/mytronlabs-000204-037.aac -> gs://100hr-data/Diamond/IMU/mytronlabs-000204-037.aac
OK    /Volumes/Samsung 990-2/100 Hours/Diamond/mytronlabs-000207-078.txt -> gs://100hr-data/Diamond/IMU/mytronlabs-000207-078.txt
OK    /Volumes/Samsung 990-2/100 Hours/Diamond/mytronlabs-000204-104.mp4 -> gs://100hr-data/Diamond/Videos/mytronlabs-000204-104.mp4
OK    /Volumes/Samsung 990-2/100 Hours/Diamond/mytronlabs-000012-022.txt -> gs://100hr-data/Diamond/IMU/mytronlabs-000012-022.txt
OK    /Volumes/Samsung 990-2/100 Hours/Diamond/mytronlabs-000012-036.txt -> gs://100hr-data/Diamond/IMU/mytronlabs-000012-036.txt
OK    /Volumes/Samsung 990-2/100 Hours/Diamond/mytronlabs-000204-110.mp4 -> gs://100hr-data/Diamond/Videos/mytronlabs-000204-110.mp4
OK    /Volumes/Samsung 990-2/100 Hours/Diamond/mytronlabs-000204-023.aac -> gs://100hr-data/Diamond/IMU/mytronlabs-000204-023.aac
OK    /Volumes/Samsung 990-2/100 Hours/Diamond/mytronlabs-000001-045.aac -> gs://100hr-data/Diamond/IMU/mytronlabs-000001-045.aac
OK    /Volumes/Samsung 990-2/100 Hours/Diamond/mytronlabs-000014-033.mp4 -> gs://100hr-data/Diamond/Videos/mytronlabs-000014-033.mp4
OK    /Volumes/Samsung 990-2/100 Hours/Diamond/mytronlabs-000207-044.txt -> gs://100hr-data/Diamond/IMU/mytronlabs-000207-044.txt
OK    /Volumes/Samsung 990-2/100 Hours/Diamond/mytronlabs-000001-051.aac -> gs://100hr-data/Diamond/IMU/mytronlabs-000001-051.aac
OK    /Volumes/Samsung 990-2/100 Hours/Diamond/mytronlabs-000014-027.mp4 -> gs://100hr-data/Diamond/Videos/mytronlabs-000014-027.mp4
OK    /Volumes/Samsung 990-2/100 Hours/Diamond/mytronlabs-000207-050.txt -> gs://100hr-data/Diamond/IMU/mytronlabs-000207-050.txt
OK    /Volumes/Samsung 990-2/100 Hours/Diamond/mytronlabs-000007-028.aac -> gs://100hr-data/Diamond/IMU/mytronlabs-000007-028.aac
OK    /Volumes/Samsung 990-2/100 Hours/Diamond/mytronlabs-000207-087.txt -> gs://100hr-data/Diamond/IMU/mytronlabs-000207-087.txt
OK    /Volumes/Samsung 990-2/100 Hours/Diamond/mytronlabs-000207-038.mp4 -> gs://100hr-data/Diamond/Videos/mytronlabs-000207-038.mp4
OK    /Volumes/Samsung 990-2/100 Hours/Diamond/mytronlabs-000012-062.mp4 -> gs://100hr-data/Diamond/Videos/mytronlabs-000012-062.mp4
OK    /Volumes/Samsung 990-2/100 Hours/Diamond/mytronlabs-000007-014.aac -> gs://100hr-data/Diamond/IMU/mytronlabs-000007-014.aac
OK    /Volumes/Samsung 990-2/100 Hours/Diamond/mytronlabs-000207-093.txt -> gs://100hr-data/Diamond/IMU/mytronlabs-000207-093.txt
Summary: success=1587 skipped=0 failed=0
