Upload started: 2026-08-26T13:04:15Z
Source: /Volumes/Samsung 990-2/100 Hours/Household
Destination: gs://100hr-data/Household/
OK    /Volumes/Samsung 990-2/100 Hours/Household/MTL-MT00062-079.aac -> gs://100hr-data/Household/IMU/MTL-MT00062-079.aac
OK    /Volumes/Samsung 990-2/100 Hours/Household/MTL-MT00058-277.aac -> gs://100hr-data/Household/IMU/MTL-MT00058-277.aac
OK    /Volumes/Samsung 990-2/100 Hours/Household/MTL-MT00072-079.aac -> gs://100hr-data/Household/IMU/MTL-MT00072-079.aac
OK    /Volumes/Samsung 990-2/100 Hours/Household/MTL-MT00058-263.aac -> gs://100hr-data/Household/IMU/MTL-MT00058-263.aac
OK    /Volumes/Samsung 990-2/100 Hours/Household/MTL-MT00062-045.aac -> gs://100hr-data/Household/IMU/MTL-MT00062-045.aac
OK    /Volumes/Samsung 990-2/100 Hours/Household/MTL-MT00072-051.aac -> gs://100hr-data/Household/IMU/MTL-MT00072-051.aac
OK    /Volumes/Samsung 990-2/100 Hours/Household/MTL-MT00072-162.mp4 -> gs://100hr-data/Household/Videos/MTL-MT00072-162.mp4
OK    /Volumes/Samsung 990-2/100 Hours/Household/MTL-MT00072-176.mp4 -> gs://100hr-data/Household/Videos/MTL-MT00072-176.mp4
OK    /Volumes/Samsung 990-2/100 Hours/Household/MTL-MT00072-045.aac -> gs://100hr-data/Household/IMU/MTL-MT00072-045.aac
OK    /Volumes/Samsung 990-2/100 Hours/Household/MTL-MT00062-051.aac -> gs://100hr-data/Household/IMU/MTL-MT00062-051.aac
OK    /Volumes/Samsung 990-2/100 Hours/Household/MTL-MT00072-122.txt -> gs://100hr-data/Household/IMU/MTL-MT00072-122.txt
OK    /Volumes/Samsung 990-2/100 Hours/Household/MTL-MT00072-189.mp4 -> gs://100hr-data/Household/Videos/MTL-MT00072-189.mp4
OK    /Volumes/Samsung 990-2/100 Hours/Household/MTL-MT00072-136.txt -> gs://100hr-data/Household/IMU/MTL-MT00072-136.txt
OK    /Volumes/Samsung 990-2/100 Hours/Household/MTL-MT00062-086.aac -> gs://100hr-data/Household/IMU/MTL-MT00062-086.aac
OK    /Volumes/Samsung 990-2/100 Hours/Household/MTL-MT00072-092.aac -> gs://100hr-data/Household/IMU/MTL-MT00072-092.aac
OK    /Volumes/Samsung 990-2/100 Hours/Household/MTL-MT00072-086.aac -> gs://100hr-data/Household/IMU/MTL-MT00072-086.aac
OK    /Volumes/Samsung 990-2/100 Hours/Household/MTL-MT00062-092.aac -> gs://100hr-data/Household/IMU/MTL-MT00062-092.aac
OK    /Volumes/Samsung 990-2/100 Hours/Household/MTL-MT00058-146.mp4 -> gs://100hr-data/Household/Videos/MTL-MT00058-146.mp4
OK    /Volumes/Samsung 990-2/100 Hours/Household/MTL-MT00058-075.aac -> gs://100hr-data/Household/IMU/MTL-MT00058-075.aac
OK    /Volumes/Samsung 990-2/100 Hours/Household/MTL-MT00058-061.aac -> gs://100hr-data/Household/IMU/MTL-MT00058-061.aac
OK    /Volumes/Samsung 990-2/100 Hours/Household/MTL-MT00058-152.mp4 -> gs://100hr-data/Household/Videos/MTL-MT00058-152.mp4
OK    /Volumes/Samsung 990-2/100 Hours/Household/MTL-MT00058-049.aac -> gs://100hr-data/Household/IMU/MTL-MT00058-049.aac
OK    /Volumes/Samsung 990-2/100 Hours/Household/MTL-MT00058-185.mp4 -> gs://100hr-data/Household/Videos/MTL-MT00058-185.mp4
OK    /Volumes/Samsung 990-2/100 Hours/Household/MTL-MT00058-191.mp4 -> gs://100hr-data/Household/Videos/MTL-MT00058-191.mp4
OK    /Volumes/Samsung 990-2/100 Hours/Household/MTL-MT00058-106.txt -> gs://100hr-data/Household/IMU/MTL-MT00058-106.txt
OK    /Volumes/Samsung 990-2/100 Hours/Household/MTL-MT00058-112.txt -> gs://100hr-data/Household/IMU/MTL-MT00058-112.txt
OK    /Volumes/Samsung 990-2/100 Hours/Household/MTL-MT00058-032.mp4 -> gs://100hr-data/Household/Videos/MTL-MT00058-032.mp4
OK    /Volumes/Samsung 990-2/100 Hours/Household/MTL-MT00072-228.mp4 -> gs://100hr-data/Household/Videos/MTL-MT00072-228.mp4
OK    /Volumes/Samsung 990-2/100 Hours/Household/MTL-MT00058-101.aac -> gs://100hr-data/Household/IMU/MTL-MT00058-101.aac
OK    /Volumes/Samsung 990-2/100 Hours/Household/MTL-MT00058-099.txt -> gs://100hr-data/Household/IMU/MTL-MT00058-099.txt
OK    /Volumes/Samsung 990-2/100 Hours/Household/MTL-MT00058-115.aac -> gs://100hr-data/Household/IMU/MTL-MT00058-115.aac
OK    /Volumes/Samsung 990-2/100 Hours/Household/MTL-MT00058-026.mp4 -> gs://100hr-data/Household/Videos/MTL-MT00058-026.mp4
OK    /Volumes/Samsung 990-2/100 Hours/Household/MTL-MT00072-214.mp4 -> gs://100hr-data/Household/Videos/MTL-MT00072-214.mp4
OK    /Volumes/Samsung 990-2/100 Hours/Household/MTL-MT00072-200.mp4 -> gs://100hr-data/Household/Videos/MTL-MT00072-200.mp4
OK    /Volumes/Samsung 990-2/100 Hours/Household/MTL-MT00058-129.aac -> gs://100hr-data/Household/IMU/MTL-MT00058-129.aac
OK    /Volumes/Samsung 990-2/100 Hours/Household/MTL-MT00072-240.txt -> gs://100hr-data/Household/IMU/MTL-MT00072-240.txt
OK    /Volumes/Samsung 990-2/100 Hours/Household/MTL-MT00058-072.txt -> gs://100hr-data/Household/IMU/MTL-MT00058-072.txt
OK    /Volumes/Samsung 990-2/100 Hours/Household/MTL-MT00058-066.txt -> gs://100hr-data/Household/IMU/MTL-MT00058-066.txt
OK    /Volumes/Samsung 990-2/100 Hours/Household/MTL-MT00062-081.txt -> gs://100hr-data/Household/IMU/MTL-MT00062-081.txt
OK    /Volumes/Samsung 990-2/100 Hours/Household/MTL-MT00072-095.txt -> gs://100hr-data/Household/IMU/MTL-MT00072-095.txt
OK    /Volumes/Samsung 990-2/100 Hours/Household/MTL-MT00072-119.aac -> gs://100hr-data/Household/IMU/MTL-MT00072-119.aac
OK    /Volumes/Samsung 990-2/100 Hours/Household/MTL-MT00058-230.mp4 -> gs://100hr-data/Household/Videos/MTL-MT00058-230.mp4
OK    /Volumes/Samsung 990-2/100 Hours/Household/MTL-MT00072-081.txt -> gs://100hr-data/Household/IMU/MTL-MT00072-081.txt
OK    /Volumes/Samsung 990-2/100 Hours/Household/MTL-MT00058-224.mp4 -> gs://100hr-data/Household/Videos/MTL-MT00058-224.mp4
OK    /Volumes/Samsung 990-2/100 Hours/Household/MTL-MT00062-095.txt -> gs://100hr-data/Household/IMU/MTL-MT00062-095.txt
OK    /Volumes/Samsung 990-2/100 Hours/Household/MTL-MT00072-125.aac -> gs://100hr-data/Household/IMU/MTL-MT00072-125.aac
OK    /Volumes/Samsung 990-2/100 Hours/Household/MTL-MT00072-016.mp4 -> gs://100hr-data/Household/Videos/MTL-MT00072-016.mp4
OK    /Volumes/Samsung 990-2/100 Hours/Household/MTL-MT00072-131.aac -> gs://100hr-data/Household/IMU/MTL-MT00072-131.aac
OK    /Volumes/Samsung 990-2/100 Hours/Household/MTL-MT00058-218.mp4 -> gs://100hr-data/Household/Videos/MTL-MT00058-218.mp4
OK    /Volumes/Samsung 990-2/100 Hours/Household/MTL-MT00062-016.mp4 -> gs://100hr-data/Household/Videos/MTL-MT00062-016.mp4
OK    /Volumes/Samsung 990-2/100 Hours/Household/MTL-MT00062-042.txt -> gs://100hr-data/Household/IMU/MTL-MT00062-042.txt
OK    /Volumes/Samsung 990-2/100 Hours/Household/MTL-MT00072-056.txt -> gs://100hr-data/Household/IMU/MTL-MT00072-056.txt
OK    /Volumes/Samsung 990-2/100 Hours/Household/MTL-MT00058-258.txt -> gs://100hr-data/Household/IMU/MTL-MT00058-258.txt
OK    /Volumes/Samsung 990-2/100 Hours/Household/MTL-MT00072-042.txt -> gs://100hr-data/Household/IMU/MTL-MT00072-042.txt
OK    /Volumes/Samsung 990-2/100 Hours/Household/MTL-MT00062-056.txt -> gs://100hr-data/Household/IMU/MTL-MT00062-056.txt
OK    /Volumes/Samsung 990-2/100 Hours/Household/MTL-MT00058-270.txt -> gs://100hr-data/Household/IMU/MTL-MT00058-270.txt
OK    /Volumes/Samsung 990-2/100 Hours/Household/MTL-MT00058-264.txt -> gs://100hr-data/Household/IMU/MTL-MT00058-264.txt
OK    /Volumes/Samsung 990-2/100 Hours/Household/MTL-MT00058-265.txt -> gs://100hr-data/Household/IMU/MTL-MT00058-265.txt
OK    /Volumes/Samsung 990-2/100 Hours/Household/MTL-MT00058-271.txt -> gs://100hr-data/Household/IMU/MTL-MT00058-271.txt
OK    /Volumes/Samsung 990-2/100 Hours/Household/MTL-MT00072-043.txt -> gs://100hr-data/Household/IMU/MTL-MT00072-043.txt
OK    /Volumes/Samsung 990-2/100 Hours/Household/MTL-MT00058-259.txt -> gs://100hr-data/Household/IMU/MTL-MT00058-259.txt
OK    /Volumes/Samsung 990-2/100 Hours/Household/MTL-MT00062-057.txt -> gs://100hr-data/Household/IMU/MTL-MT00062-057.txt
OK    /Volumes/Samsung 990-2/100 Hours/Household/MTL-MT00062-043.txt -> gs://100hr-data/Household/IMU/MTL-MT00062-043.txt
OK    /Volumes/Samsung 990-2/100 Hours/Household/MTL-MT00072-057.txt -> gs://100hr-data/Household/IMU/MTL-MT00072-057.txt
OK    /Volumes/Samsung 990-2/100 Hours/Household/MTL-MT00058-219.mp4 -> gs://100hr-data/Household/Videos/MTL-MT00058-219.mp4
OK    /Volumes/Samsung 990-2/100 Hours/Household/MTL-MT00072-130.aac -> gs://100hr-data/Household/IMU/MTL-MT00072-130.aac
OK    /Volumes/Samsung 990-2/100 Hours/Household/MTL-MT00062-017.mp4 -> gs://100hr-data/Household/Videos/MTL-MT00062-017.mp4
OK    /Volumes/Samsung 990-2/100 Hours/Household/MTL-MT00072-017.mp4 -> gs://100hr-data/Household/Videos/MTL-MT00072-017.mp4
OK    /Volumes/Samsung 990-2/100 Hours/Household/MTL-MT00072-124.aac -> gs://100hr-data/Household/IMU/MTL-MT00072-124.aac
OK    /Volumes/Samsung 990-2/100 Hours/Household/MTL-MT00058-225.mp4 -> gs://100hr-data/Household/Videos/MTL-MT00058-225.mp4
OK    /Volumes/Samsung 990-2/100 Hours/Household/MTL-MT00072-080.txt -> gs://100hr-data/Household/IMU/MTL-MT00072-080.txt
OK    /Volumes/Samsung 990-2/100 Hours/Household/MTL-MT00062-094.txt -> gs://100hr-data/Household/IMU/MTL-MT00062-094.txt
OK    /Volumes/Samsung 990-2/100 Hours/Household/MTL-MT00062-080.txt -> gs://100hr-data/Household/IMU/MTL-MT00062-080.txt
OK    /Volumes/Samsung 990-2/100 Hours/Household/MTL-MT00058-231.mp4 -> gs://100hr-data/Household/Videos/MTL-MT00058-231.mp4
OK    /Volumes/Samsung 990-2/100 Hours/Household/MTL-MT00072-118.aac -> gs://100hr-data/Household/IMU/MTL-MT00072-118.aac
OK    /Volumes/Samsung 990-2/100 Hours/Household/MTL-MT00072-094.txt -> gs://100hr-data/Household/IMU/MTL-MT00072-094.txt
OK    /Volumes/Samsung 990-2/100 Hours/Household/MTL-MT00058-067.txt -> gs://100hr-data/Household/IMU/MTL-MT00058-067.txt
OK    /Volumes/Samsung 990-2/100 Hours/Household/MTL-MT00058-073.txt -> gs://100hr-data/Household/IMU/MTL-MT00058-073.txt
OK    /Volumes/Samsung 990-2/100 Hours/Household/MTL-MT00072-241.txt -> gs://100hr-data/Household/IMU/MTL-MT00072-241.txt
OK    /Volumes/Samsung 990-2/100 Hours/Household/MTL-MT00058-128.aac -> gs://100hr-data/Household/IMU/MTL-MT00058-128.aac
OK    /Volumes/Samsung 990-2/100 Hours/Household/MTL-MT00072-201.mp4 -> gs://100hr-data/Household/Videos/MTL-MT00072-201.mp4
OK    /Volumes/Samsung 990-2/100 Hours/Household/MTL-MT00072-215.mp4 -> gs://100hr-data/Household/Videos/MTL-MT00072-215.mp4
OK    /Volumes/Samsung 990-2/100 Hours/Household/MTL-MT00058-027.mp4 -> gs://100hr-data/Household/Videos/MTL-MT00058-027.mp4
OK    /Volumes/Samsung 990-2/100 Hours/Household/MTL-MT00058-114.aac -> gs://100hr-data/Household/IMU/MTL-MT00058-114.aac
OK    /Volumes/Samsung 990-2/100 Hours/Household/MTL-MT00058-098.txt -> gs://100hr-data/Household/IMU/MTL-MT00058-098.txt
OK    /Volumes/Samsung 990-2/100 Hours/Household/MTL-MT00058-100.aac -> gs://100hr-data/Household/IMU/MTL-MT00058-100.aac
OK    /Volumes/Samsung 990-2/100 Hours/Household/MTL-MT00072-229.mp4 -> gs://100hr-data/Household/Videos/MTL-MT00072-229.mp4
OK    /Volumes/Samsung 990-2/100 Hours/Household/MTL-MT00058-033.mp4 -> gs://100hr-data/Household/Videos/MTL-MT00058-033.mp4
OK    /Volumes/Samsung 990-2/100 Hours/Household/MTL-MT00058-113.txt -> gs://100hr-data/Household/IMU/MTL-MT00058-113.txt
OK    /Volumes/Samsung 990-2/100 Hours/Household/MTL-MT00058-107.txt -> gs://100hr-data/Household/IMU/MTL-MT00058-107.txt
OK    /Volumes/Samsung 990-2/100 Hours/Household/MTL-MT00058-190.mp4 -> gs://100hr-data/Household/Videos/MTL-MT00058-190.mp4
OK    /Volumes/Samsung 990-2/100 Hours/Household/MTL-MT00058-184.mp4 -> gs://100hr-data/Household/Videos/MTL-MT00058-184.mp4
OK    /Volumes/Samsung 990-2/100 Hours/Household/MTL-MT00058-048.aac -> gs://100hr-data/Household/IMU/MTL-MT00058-048.aac
OK    /Volumes/Samsung 990-2/100 Hours/Household/MTL-MT00058-153.mp4 -> gs://100hr-data/Household/Videos/MTL-MT00058-153.mp4
OK    /Volumes/Samsung 990-2/100 Hours/Household/MTL-MT00058-060.aac -> gs://100hr-data/Household/IMU/MTL-MT00058-060.aac
OK    /Volumes/Samsung 990-2/100 Hours/Household/MTL-MT00058-074.aac -> gs://100hr-data/Household/IMU/MTL-MT00058-074.aac
OK    /Volumes/Samsung 990-2/100 Hours/Household/MTL-MT00058-147.mp4 -> gs://100hr-data/Household/Videos/MTL-MT00058-147.mp4
OK    /Volumes/Samsung 990-2/100 Hours/Household/MTL-MT00072-087.aac -> gs://100hr-data/Household/IMU/MTL-MT00072-087.aac
OK    /Volumes/Samsung 990-2/100 Hours/Household/MTL-MT00062-093.aac -> gs://100hr-data/Household/IMU/MTL-MT00062-093.aac
OK    /Volumes/Samsung 990-2/100 Hours/Household/MTL-MT00062-087.aac -> gs://100hr-data/Household/IMU/MTL-MT00062-087.aac
OK    /Volumes/Samsung 990-2/100 Hours/Household/MTL-MT00072-093.aac -> gs://100hr-data/Household/IMU/MTL-MT00072-093.aac
OK    /Volumes/Samsung 990-2/100 Hours/Household/MTL-MT00072-137.txt -> gs://100hr-data/Household/IMU/MTL-MT00072-137.txt
OK    /Volumes/Samsung 990-2/100 Hours/Household/MTL-MT00072-188.mp4 -> gs://100hr-data/Household/Videos/MTL-MT00072-188.mp4
OK    /Volumes/Samsung 990-2/100 Hours/Household/MTL-MT00072-123.txt -> gs://100hr-data/Household/IMU/MTL-MT00072-123.txt
OK    /Volumes/Samsung 990-2/100 Hours/Household/MTL-MT00072-044.aac -> gs://100hr-data/Household/IMU/MTL-MT00072-044.aac
OK    /Volumes/Samsung 990-2/100 Hours/Household/MTL-MT00072-177.mp4 -> gs://100hr-data/Household/Videos/MTL-MT00072-177.mp4
OK    /Volumes/Samsung 990-2/100 Hours/Household/MTL-MT00062-050.aac -> gs://100hr-data/Household/IMU/MTL-MT00062-050.aac
OK    /Volumes/Samsung 990-2/100 Hours/Household/MTL-MT00062-044.aac -> gs://100hr-data/Household/IMU/MTL-MT00062-044.aac
OK    /Volumes/Samsung 990-2/100 Hours/Household/MTL-MT00072-163.mp4 -> gs://100hr-data/Household/Videos/MTL-MT00072-163.mp4
OK    /Volumes/Samsung 990-2/100 Hours/Household/MTL-MT00072-050.aac -> gs://100hr-data/Household/IMU/MTL-MT00072-050.aac
OK    /Volumes/Samsung 990-2/100 Hours/Household/MTL-MT00058-262.aac -> gs://100hr-data/Household/IMU/MTL-MT00058-262.aac
OK    /Volumes/Samsung 990-2/100 Hours/Household/MTL-MT00072-078.aac -> gs://100hr-data/Household/IMU/MTL-MT00072-078.aac
OK    /Volumes/Samsung 990-2/100 Hours/Household/MTL-MT00062-078.aac -> gs://100hr-data/Household/IMU/MTL-MT00062-078.aac
OK    /Volumes/Samsung 990-2/100 Hours/Household/MTL-MT00058-276.aac -> gs://100hr-data/Household/IMU/MTL-MT00058-276.aac
OK    /Volumes/Samsung 990-2/100 Hours/Household/MTL-MT00072-149.mp4 -> gs://100hr-data/Household/Videos/MTL-MT00072-149.mp4
OK    /Volumes/Samsung 990-2/100 Hours/Household/MTL-MT00058-260.aac -> gs://100hr-data/Household/IMU/MTL-MT00058-260.aac
OK    /Volumes/Samsung 990-2/100 Hours/Household/MTL-MT00058-274.aac -> gs://100hr-data/Household/IMU/MTL-MT00058-274.aac
OK    /Volumes/Samsung 990-2/100 Hours/Household/MTL-MT00062-052.aac -> gs://100hr-data/Household/IMU/MTL-MT00062-052.aac
OK    /Volumes/Samsung 990-2/100 Hours/Household/MTL-MT00072-175.mp4 -> gs://100hr-data/Household/Videos/MTL-MT00072-175.mp4
OK    /Volumes/Samsung 990-2/100 Hours/Household/MTL-MT00072-046.aac -> gs://100hr-data/Household/IMU/MTL-MT00072-046.aac
OK    /Volumes/Samsung 990-2/100 Hours/Household/MTL-MT00072-052.aac -> gs://100hr-data/Household/IMU/MTL-MT00072-052.aac
OK    /Volumes/Samsung 990-2/100 Hours/Household/MTL-MT00072-161.mp4 -> gs://100hr-data/Household/Videos/MTL-MT00072-161.mp4
OK    /Volumes/Samsung 990-2/100 Hours/Household/MTL-MT00058-248.aac -> gs://100hr-data/Household/IMU/MTL-MT00058-248.aac
OK    /Volumes/Samsung 990-2/100 Hours/Household/MTL-MT00062-046.aac -> gs://100hr-data/Household/IMU/MTL-MT00062-046.aac
OK    /Volumes/Samsung 990-2/100 Hours/Household/MTL-MT00072-135.txt -> gs://100hr-data/Household/IMU/MTL-MT00072-135.txt
OK    /Volumes/Samsung 990-2/100 Hours/Household/MTL-MT00072-121.txt -> gs://100hr-data/Household/IMU/MTL-MT00072-121.txt
OK    /Volumes/Samsung 990-2/100 Hours/Household/MTL-MT00062-091.aac -> gs://100hr-data/Household/IMU/MTL-MT00062-091.aac
OK    /Volumes/Samsung 990-2/100 Hours/Household/MTL-MT00072-109.txt -> gs://100hr-data/Household/IMU/MTL-MT00072-109.txt
OK    /Volumes/Samsung 990-2/100 Hours/Household/MTL-MT00072-085.aac -> gs://100hr-data/Household/IMU/MTL-MT00072-085.aac
OK    /Volumes/Samsung 990-2/100 Hours/Household/MTL-MT00072-091.aac -> gs://100hr-data/Household/IMU/MTL-MT00072-091.aac
OK    /Volumes/Samsung 990-2/100 Hours/Household/MTL-MT00062-109.txt -> gs://100hr-data/Household/IMU/MTL-MT00062-109.txt
OK    /Volumes/Samsung 990-2/100 Hours/Household/MTL-MT00062-085.aac -> gs://100hr-data/Household/IMU/MTL-MT00062-085.aac
OK    /Volumes/Samsung 990-2/100 Hours/Household/MTL-MT00058-062.aac -> gs://100hr-data/Household/IMU/MTL-MT00058-062.aac
OK    /Volumes/Samsung 990-2/100 Hours/Household/MTL-MT00058-151.mp4 -> gs://100hr-data/Household/Videos/MTL-MT00058-151.mp4
OK    /Volumes/Samsung 990-2/100 Hours/Household/MTL-MT00058-145.mp4 -> gs://100hr-data/Household/Videos/MTL-MT00058-145.mp4
OK    /Volumes/Samsung 990-2/100 Hours/Household/MTL-MT00058-076.aac -> gs://100hr-data/Household/IMU/MTL-MT00058-076.aac
OK    /Volumes/Samsung 990-2/100 Hours/Household/MTL-MT00058-179.mp4 -> gs://100hr-data/Household/Videos/MTL-MT00058-179.mp4
OK    /Volumes/Samsung 990-2/100 Hours/Household/MTL-MT00058-192.mp4 -> gs://100hr-data/Household/Videos/MTL-MT00058-192.mp4
OK    /Volumes/Samsung 990-2/100 Hours/Household/MTL-MT00058-139.txt -> gs://100hr-data/Household/IMU/MTL-MT00058-139.txt
OK    /Volumes/Samsung 990-2/100 Hours/Household/MTL-MT00058-186.mp4 -> gs://100hr-data/Household/Videos/MTL-MT00058-186.mp4
OK    /Volumes/Samsung 990-2/100 Hours/Household/MTL-MT00058-111.txt -> gs://100hr-data/Household/IMU/MTL-MT00058-111.txt
OK    /Volumes/Samsung 990-2/100 Hours/Household/MTL-MT00058-105.txt -> gs://100hr-data/Household/IMU/MTL-MT00058-105.txt
OK    /Volumes/Samsung 990-2/100 Hours/Household/MTL-MT00058-089.aac -> gs://100hr-data/Household/IMU/MTL-MT00058-089.aac
OK    /Volumes/Samsung 990-2/100 Hours/Household/MTL-MT00058-116.aac -> gs://100hr-data/Household/IMU/MTL-MT00058-116.aac
OK    /Volumes/Samsung 990-2/100 Hours/Household/MTL-MT00058-025.mp4 -> gs://100hr-data/Household/Videos/MTL-MT00058-025.mp4
OK    /Volumes/Samsung 990-2/100 Hours/Household/MTL-MT00058-031.mp4 -> gs://100hr-data/Household/Videos/MTL-MT00058-031.mp4
OK    /Volumes/Samsung 990-2/100 Hours/Household/MTL-MT00058-102.aac -> gs://100hr-data/Household/IMU/MTL-MT00058-102.aac
OK    /Volumes/Samsung 990-2/100 Hours/Household/MTL-MT00058-019.mp4 -> gs://100hr-data/Household/Videos/MTL-MT00058-019.mp4
OK    /Volumes/Samsung 990-2/100 Hours/Household/MTL-MT00072-203.mp4 -> gs://100hr-data/Household/Videos/MTL-MT00072-203.mp4
OK    /Volumes/Samsung 990-2/100 Hours/Household/MTL-MT00072-217.mp4 -> gs://100hr-data/Household/Videos/MTL-MT00072-217.mp4
OK    /Volumes/Samsung 990-2/100 Hours/Household/MTL-MT00058-059.txt -> gs://100hr-data/Household/IMU/MTL-MT00058-059.txt
OK    /Volumes/Samsung 990-2/100 Hours/Household/MTL-MT00058-065.txt -> gs://100hr-data/Household/IMU/MTL-MT00058-065.txt
OK    /Volumes/Samsung 990-2/100 Hours/Household/MTL-MT00058-071.txt -> gs://100hr-data/Household/IMU/MTL-MT00058-071.txt
OK    /Volumes/Samsung 990-2/100 Hours/Household/MTL-MT00062-096.txt -> gs://100hr-data/Household/IMU/MTL-MT00062-096.txt
OK    /Volumes/Samsung 990-2/100 Hours/Household/MTL-MT00062-029.mp4 -> gs://100hr-data/Household/Videos/MTL-MT00062-029.mp4
OK    /Volumes/Samsung 990-2/100 Hours/Household/MTL-MT00072-082.txt -> gs://100hr-data/Household/IMU/MTL-MT00072-082.txt
OK    /Volumes/Samsung 990-2/100 Hours/Household/MTL-MT00058-227.mp4 -> gs://100hr-data/Household/Videos/MTL-MT00058-227.mp4
OK    /Volumes/Samsung 990-2/100 Hours/Household/MTL-MT00072-029.mp4 -> gs://100hr-data/Household/Videos/MTL-MT00072-029.mp4
OK    /Volumes/Samsung 990-2/100 Hours/Household/MTL-MT00072-096.txt -> gs://100hr-data/Household/IMU/MTL-MT00072-096.txt
OK    /Volumes/Samsung 990-2/100 Hours/Household/MTL-MT00058-233.mp4 -> gs://100hr-data/Household/Videos/MTL-MT00058-233.mp4
OK    /Volumes/Samsung 990-2/100 Hours/Household/MTL-MT00062-082.txt -> gs://100hr-data/Household/IMU/MTL-MT00062-082.txt
OK    /Volumes/Samsung 990-2/100 Hours/Household/MTL-MT00062-015.mp4 -> gs://100hr-data/Household/Videos/MTL-MT00062-015.mp4
OK    /Volumes/Samsung 990-2/100 Hours/Household/MTL-MT00072-132.aac -> gs://100hr-data/Household/IMU/MTL-MT00072-132.aac
OK    /Volumes/Samsung 990-2/100 Hours/Household/MTL-MT00072-126.aac -> gs://100hr-data/Household/IMU/MTL-MT00072-126.aac
OK    /Volumes/Samsung 990-2/100 Hours/Household/MTL-MT00072-015.mp4 -> gs://100hr-data/Household/Videos/MTL-MT00072-015.mp4
OK    /Volumes/Samsung 990-2/100 Hours/Household/MTL-MT00062-055.txt -> gs://100hr-data/Household/IMU/MTL-MT00062-055.txt
OK    /Volumes/Samsung 990-2/100 Hours/Household/MTL-MT00072-041.txt -> gs://100hr-data/Household/IMU/MTL-MT00072-041.txt
OK    /Volumes/Samsung 990-2/100 Hours/Household/MTL-MT00072-055.txt -> gs://100hr-data/Household/IMU/MTL-MT00072-055.txt
OK    /Volumes/Samsung 990-2/100 Hours/Household/MTL-MT00062-041.txt -> gs://100hr-data/Household/IMU/MTL-MT00062-041.txt
OK    /Volumes/Samsung 990-2/100 Hours/Household/MTL-MT00062-069.txt -> gs://100hr-data/Household/IMU/MTL-MT00062-069.txt
OK    /Volumes/Samsung 990-2/100 Hours/Household/MTL-MT00058-267.txt -> gs://100hr-data/Household/IMU/MTL-MT00058-267.txt
OK    /Volumes/Samsung 990-2/100 Hours/Household/MTL-MT00058-273.txt -> gs://100hr-data/Household/IMU/MTL-MT00058-273.txt
OK    /Volumes/Samsung 990-2/100 Hours/Household/MTL-MT00072-069.txt -> gs://100hr-data/Household/IMU/MTL-MT00072-069.txt
OK    /Volumes/Samsung 990-2/100 Hours/Household/MTL-MT00072-068.txt -> gs://100hr-data/Household/IMU/MTL-MT00072-068.txt
OK    /Volumes/Samsung 990-2/100 Hours/Household/MTL-MT00058-272.txt -> gs://100hr-data/Household/IMU/MTL-MT00058-272.txt
OK    /Volumes/Samsung 990-2/100 Hours/Household/MTL-MT00062-068.txt -> gs://100hr-data/Household/IMU/MTL-MT00062-068.txt
OK    /Volumes/Samsung 990-2/100 Hours/Household/MTL-MT00058-266.txt -> gs://100hr-data/Household/IMU/MTL-MT00058-266.txt
OK    /Volumes/Samsung 990-2/100 Hours/Household/MTL-MT00072-054.txt -> gs://100hr-data/Household/IMU/MTL-MT00072-054.txt
OK    /Volumes/Samsung 990-2/100 Hours/Household/MTL-MT00062-040.txt -> gs://100hr-data/Household/IMU/MTL-MT00062-040.txt
OK    /Volumes/Samsung 990-2/100 Hours/Household/MTL-MT00062-054.txt -> gs://100hr-data/Household/IMU/MTL-MT00062-054.txt
OK    /Volumes/Samsung 990-2/100 Hours/Household/MTL-MT00072-040.txt -> gs://100hr-data/Household/IMU/MTL-MT00072-040.txt
OK    /Volumes/Samsung 990-2/100 Hours/Household/MTL-MT00072-014.mp4 -> gs://100hr-data/Household/Videos/MTL-MT00072-014.mp4
OK    /Volumes/Samsung 990-2/100 Hours/Household/MTL-MT00072-127.aac -> gs://100hr-data/Household/IMU/MTL-MT00072-127.aac
OK    /Volumes/Samsung 990-2/100 Hours/Household/MTL-MT00062-014.mp4 -> gs://100hr-data/Household/Videos/MTL-MT00062-014.mp4
OK    /Volumes/Samsung 990-2/100 Hours/Household/MTL-MT00072-133.aac -> gs://100hr-data/Household/IMU/MTL-MT00072-133.aac
OK    /Volumes/Samsung 990-2/100 Hours/Household/MTL-MT00058-232.mp4 -> gs://100hr-data/Household/Videos/MTL-MT00058-232.mp4
OK    /Volumes/Samsung 990-2/100 Hours/Household/MTL-MT00072-097.txt -> gs://100hr-data/Household/IMU/MTL-MT00072-097.txt
OK    /Volumes/Samsung 990-2/100 Hours/Household/MTL-MT00072-028.mp4 -> gs://100hr-data/Household/Videos/MTL-MT00072-028.mp4
OK    /Volumes/Samsung 990-2/100 Hours/Household/MTL-MT00062-083.txt -> gs://100hr-data/Household/IMU/MTL-MT00062-083.txt
OK    /Volumes/Samsung 990-2/100 Hours/Household/MTL-MT00062-028.mp4 -> gs://100hr-data/Household/Videos/MTL-MT00062-028.mp4
OK    /Volumes/Samsung 990-2/100 Hours/Household/MTL-MT00062-097.txt -> gs://100hr-data/Household/IMU/MTL-MT00062-097.txt
OK    /Volumes/Samsung 990-2/100 Hours/Household/MTL-MT00058-226.mp4 -> gs://100hr-data/Household/Videos/MTL-MT00058-226.mp4
OK    /Volumes/Samsung 990-2/100 Hours/Household/MTL-MT00072-083.txt -> gs://100hr-data/Household/IMU/MTL-MT00072-083.txt
OK    /Volumes/Samsung 990-2/100 Hours/Household/MTL-MT00058-070.txt -> gs://100hr-data/Household/IMU/MTL-MT00058-070.txt
OK    /Volumes/Samsung 990-2/100 Hours/Household/MTL-MT00058-064.txt -> gs://100hr-data/Household/IMU/MTL-MT00058-064.txt
OK    /Volumes/Samsung 990-2/100 Hours/Household/MTL-MT00058-058.txt -> gs://100hr-data/Household/IMU/MTL-MT00058-058.txt
OK    /Volumes/Samsung 990-2/100 Hours/Household/MTL-MT00072-242.txt -> gs://100hr-data/Household/IMU/MTL-MT00072-242.txt
OK    /Volumes/Samsung 990-2/100 Hours/Household/MTL-MT00072-216.mp4 -> gs://100hr-data/Household/Videos/MTL-MT00072-216.mp4
OK    /Volumes/Samsung 990-2/100 Hours/Household/MTL-MT00072-202.mp4 -> gs://100hr-data/Household/Videos/MTL-MT00072-202.mp4
OK    /Volumes/Samsung 990-2/100 Hours/Household/MTL-MT00058-018.mp4 -> gs://100hr-data/Household/Videos/MTL-MT00058-018.mp4
OK    /Volumes/Samsung 990-2/100 Hours/Household/MTL-MT00058-103.aac -> gs://100hr-data/Household/IMU/MTL-MT00058-103.aac
OK    /Volumes/Samsung 990-2/100 Hours/Household/MTL-MT00058-030.mp4 -> gs://100hr-data/Household/Videos/MTL-MT00058-030.mp4
OK    /Volumes/Samsung 990-2/100 Hours/Household/MTL-MT00058-024.mp4 -> gs://100hr-data/Household/Videos/MTL-MT00058-024.mp4
OK    /Volumes/Samsung 990-2/100 Hours/Household/MTL-MT00058-117.aac -> gs://100hr-data/Household/IMU/MTL-MT00058-117.aac
OK    /Volumes/Samsung 990-2/100 Hours/Household/MTL-MT00058-088.aac -> gs://100hr-data/Household/IMU/MTL-MT00058-088.aac
OK    /Volumes/Samsung 990-2/100 Hours/Household/MTL-MT00058-104.txt -> gs://100hr-data/Household/IMU/MTL-MT00058-104.txt
OK    /Volumes/Samsung 990-2/100 Hours/Household/MTL-MT00058-110.txt -> gs://100hr-data/Household/IMU/MTL-MT00058-110.txt
OK    /Volumes/Samsung 990-2/100 Hours/Household/MTL-MT00058-187.mp4 -> gs://100hr-data/Household/Videos/MTL-MT00058-187.mp4
OK    /Volumes/Samsung 990-2/100 Hours/Household/MTL-MT00058-138.txt -> gs://100hr-data/Household/IMU/MTL-MT00058-138.txt
OK    /Volumes/Samsung 990-2/100 Hours/Household/MTL-MT00058-193.mp4 -> gs://100hr-data/Household/Videos/MTL-MT00058-193.mp4
OK    /Volumes/Samsung 990-2/100 Hours/Household/MTL-MT00058-178.mp4 -> gs://100hr-data/Household/Videos/MTL-MT00058-178.mp4
OK    /Volumes/Samsung 990-2/100 Hours/Household/MTL-MT00058-077.aac -> gs://100hr-data/Household/IMU/MTL-MT00058-077.aac
OK    /Volumes/Samsung 990-2/100 Hours/Household/MTL-MT00058-144.mp4 -> gs://100hr-data/Household/Videos/MTL-MT00058-144.mp4
OK    /Volumes/Samsung 990-2/100 Hours/Household/MTL-MT00058-150.mp4 -> gs://100hr-data/Household/Videos/MTL-MT00058-150.mp4
OK    /Volumes/Samsung 990-2/100 Hours/Household/MTL-MT00058-063.aac -> gs://100hr-data/Household/IMU/MTL-MT00058-063.aac
OK    /Volumes/Samsung 990-2/100 Hours/Household/MTL-MT00072-090.aac -> gs://100hr-data/Household/IMU/MTL-MT00072-090.aac
OK    /Volumes/Samsung 990-2/100 Hours/Household/MTL-MT00062-084.aac -> gs://100hr-data/Household/IMU/MTL-MT00062-084.aac
OK    /Volumes/Samsung 990-2/100 Hours/Household/MTL-MT00062-108.txt -> gs://100hr-data/Household/IMU/MTL-MT00062-108.txt
OK    /Volumes/Samsung 990-2/100 Hours/Household/MTL-MT00062-090.aac -> gs://100hr-data/Household/IMU/MTL-MT00062-090.aac
OK    /Volumes/Samsung 990-2/100 Hours/Household/MTL-MT00072-084.aac -> gs://100hr-data/Household/IMU/MTL-MT00072-084.aac
OK    /Volumes/Samsung 990-2/100 Hours/Household/MTL-MT00072-108.txt -> gs://100hr-data/Household/IMU/MTL-MT00072-108.txt
OK    /Volumes/Samsung 990-2/100 Hours/Household/MTL-MT00072-120.txt -> gs://100hr-data/Household/IMU/MTL-MT00072-120.txt
OK    /Volumes/Samsung 990-2/100 Hours/Household/MTL-MT00072-134.txt -> gs://100hr-data/Household/IMU/MTL-MT00072-134.txt
OK    /Volumes/Samsung 990-2/100 Hours/Household/MTL-MT00058-249.aac -> gs://100hr-data/Household/IMU/MTL-MT00058-249.aac
OK    /Volumes/Samsung 990-2/100 Hours/Household/MTL-MT00072-160.mp4 -> gs://100hr-data/Household/Videos/MTL-MT00072-160.mp4
OK    /Volumes/Samsung 990-2/100 Hours/Household/MTL-MT00072-053.aac -> gs://100hr-data/Household/IMU/MTL-MT00072-053.aac
OK    /Volumes/Samsung 990-2/100 Hours/Household/MTL-MT00062-047.aac -> gs://100hr-data/Household/IMU/MTL-MT00062-047.aac
OK    /Volumes/Samsung 990-2/100 Hours/Household/MTL-MT00062-053.aac -> gs://100hr-data/Household/IMU/MTL-MT00062-053.aac
OK    /Volumes/Samsung 990-2/100 Hours/Household/MTL-MT00072-047.aac -> gs://100hr-data/Household/IMU/MTL-MT00072-047.aac
OK    /Volumes/Samsung 990-2/100 Hours/Household/MTL-MT00072-174.mp4 -> gs://100hr-data/Household/Videos/MTL-MT00072-174.mp4
OK    /Volumes/Samsung 990-2/100 Hours/Household/MTL-MT00058-275.aac -> gs://100hr-data/Household/IMU/MTL-MT00058-275.aac
OK    /Volumes/Samsung 990-2/100 Hours/Household/MTL-MT00058-261.aac -> gs://100hr-data/Household/IMU/MTL-MT00058-261.aac
OK    /Volumes/Samsung 990-2/100 Hours/Household/MTL-MT00072-148.mp4 -> gs://100hr-data/Household/Videos/MTL-MT00072-148.mp4
OK    /Volumes/Samsung 990-2/100 Hours/Household/MTL-MT00058-259.aac -> gs://100hr-data/Household/IMU/MTL-MT00058-259.aac
OK    /Volumes/Samsung 990-2/100 Hours/Household/MTL-MT00072-170.mp4 -> gs://100hr-data/Household/Videos/MTL-MT00072-170.mp4
OK    /Volumes/Samsung 990-2/100 Hours/Household/MTL-MT00072-043.aac -> gs://100hr-data/Household/IMU/MTL-MT00072-043.aac
OK    /Volumes/Samsung 990-2/100 Hours/Household/MTL-MT00062-057.aac -> gs://100hr-data/Household/IMU/MTL-MT00062-057.aac
OK    /Volumes/Samsung 990-2/100 Hours/Household/MTL-MT00062-043.aac -> gs://100hr-data/Household/IMU/MTL-MT00062-043.aac
OK    /Volumes/Samsung 990-2/100 Hours/Household/MTL-MT00072-057.aac -> gs://100hr-data/Household/IMU/MTL-MT00072-057.aac
OK    /Volumes/Samsung 990-2/100 Hours/Household/MTL-MT00072-164.mp4 -> gs://100hr-data/Household/Videos/MTL-MT00072-164.mp4
OK    /Volumes/Samsung 990-2/100 Hours/Household/MTL-MT00058-265.aac -> gs://100hr-data/Household/IMU/MTL-MT00058-265.aac
OK    /Volumes/Samsung 990-2/100 Hours/Household/MTL-MT00058-271.aac -> gs://100hr-data/Household/IMU/MTL-MT00058-271.aac
OK    /Volumes/Samsung 990-2/100 Hours/Household/MTL-MT00072-158.mp4 -> gs://100hr-data/Household/Videos/MTL-MT00072-158.mp4
OK    /Volumes/Samsung 990-2/100 Hours/Household/MTL-MT00072-080.aac -> gs://100hr-data/Household/IMU/MTL-MT00072-080.aac
OK    /Volumes/Samsung 990-2/100 Hours/Household/MTL-MT00062-094.aac -> gs://100hr-data/Household/IMU/MTL-MT00062-094.aac
OK    /Volumes/Samsung 990-2/100 Hours/Household/MTL-MT00062-080.aac -> gs://100hr-data/Household/IMU/MTL-MT00062-080.aac
OK    /Volumes/Samsung 990-2/100 Hours/Household/MTL-MT00072-118.txt -> gs://100hr-data/Household/IMU/MTL-MT00072-118.txt
OK    /Volumes/Samsung 990-2/100 Hours/Household/MTL-MT00072-094.aac -> gs://100hr-data/Household/IMU/MTL-MT00072-094.aac
OK    /Volumes/Samsung 990-2/100 Hours/Household/MTL-MT00072-130.txt -> gs://100hr-data/Household/IMU/MTL-MT00072-130.txt
OK    /Volumes/Samsung 990-2/100 Hours/Household/MTL-MT00072-124.txt -> gs://100hr-data/Household/IMU/MTL-MT00072-124.txt
OK    /Volumes/Samsung 990-2/100 Hours/Household/MTL-MT00058-168.mp4 -> gs://100hr-data/Household/Videos/MTL-MT00058-168.mp4
OK    /Volumes/Samsung 990-2/100 Hours/Household/MTL-MT00072-241.aac -> gs://100hr-data/Household/IMU/MTL-MT00072-241.aac
OK    /Volumes/Samsung 990-2/100 Hours/Household/MTL-MT00058-067.aac -> gs://100hr-data/Household/IMU/MTL-MT00058-067.aac
OK    /Volumes/Samsung 990-2/100 Hours/Household/MTL-MT00058-154.mp4 -> gs://100hr-data/Household/Videos/MTL-MT00058-154.mp4
OK    /Volumes/Samsung 990-2/100 Hours/Household/MTL-MT00058-140.mp4 -> gs://100hr-data/Household/Videos/MTL-MT00058-140.mp4
OK    /Volumes/Samsung 990-2/100 Hours/Household/MTL-MT00058-073.aac -> gs://100hr-data/Household/IMU/MTL-MT00058-073.aac
OK    /Volumes/Samsung 990-2/100 Hours/Household/MTL-MT00058-114.txt -> gs://100hr-data/Household/IMU/MTL-MT00058-114.txt
OK    /Volumes/Samsung 990-2/100 Hours/Household/MTL-MT00058-098.aac -> gs://100hr-data/Household/IMU/MTL-MT00058-098.aac
OK    /Volumes/Samsung 990-2/100 Hours/Household/MTL-MT00058-100.txt -> gs://100hr-data/Household/IMU/MTL-MT00058-100.txt
OK    /Volumes/Samsung 990-2/100 Hours/Household/MTL-MT00058-197.mp4 -> gs://100hr-data/Household/Videos/MTL-MT00058-197.mp4
OK    /Volumes/Samsung 990-2/100 Hours/Household/MTL-MT00058-128.txt -> gs://100hr-data/Household/IMU/MTL-MT00058-128.txt
OK    /Volumes/Samsung 990-2/100 Hours/Household/MTL-MT00058-183.mp4 -> gs://100hr-data/Household/Videos/MTL-MT00058-183.mp4
OK    /Volumes/Samsung 990-2/100 Hours/Household/MTL-MT00072-206.mp4 -> gs://100hr-data/Household/Videos/MTL-MT00072-206.mp4
OK    /Volumes/Samsung 990-2/100 Hours/Household/MTL-MT00072-212.mp4 -> gs://100hr-data/Household/Videos/MTL-MT00072-212.mp4
OK    /Volumes/Samsung 990-2/100 Hours/Household/MTL-MT00058-008.mp4 -> gs://100hr-data/Household/Videos/MTL-MT00058-008.mp4
OK    /Volumes/Samsung 990-2/100 Hours/Household/MTL-MT00058-113.aac -> gs://100hr-data/Household/IMU/MTL-MT00058-113.aac
OK    /Volumes/Samsung 990-2/100 Hours/Household/MTL-MT00058-020.mp4 -> gs://100hr-data/Household/Videos/MTL-MT00058-020.mp4
OK    /Volumes/Samsung 990-2/100 Hours/Household/MTL-MT00058-034.mp4 -> gs://100hr-data/Household/Videos/MTL-MT00058-034.mp4
OK    /Volumes/Samsung 990-2/100 Hours/Household/MTL-MT00058-107.aac -> gs://100hr-data/Household/IMU/MTL-MT00058-107.aac
OK    /Volumes/Samsung 990-2/100 Hours/Household/MTL-MT00058-060.txt -> gs://100hr-data/Household/IMU/MTL-MT00058-060.txt
OK    /Volumes/Samsung 990-2/100 Hours/Household/MTL-MT00058-074.txt -> gs://100hr-data/Household/IMU/MTL-MT00058-074.txt
OK    /Volumes/Samsung 990-2/100 Hours/Household/MTL-MT00058-048.txt -> gs://100hr-data/Household/IMU/MTL-MT00058-048.txt
OK    /Volumes/Samsung 990-2/100 Hours/Household/MTL-MT00072-137.aac -> gs://100hr-data/Household/IMU/MTL-MT00072-137.aac
OK    /Volumes/Samsung 990-2/100 Hours/Household/MTL-MT00062-010.mp4 -> gs://100hr-data/Household/Videos/MTL-MT00062-010.mp4
OK    /Volumes/Samsung 990-2/100 Hours/Household/MTL-MT00072-123.aac -> gs://100hr-data/Household/IMU/MTL-MT00072-123.aac
OK    /Volumes/Samsung 990-2/100 Hours/Household/MTL-MT00072-010.mp4 -> gs://100hr-data/Household/Videos/MTL-MT00072-010.mp4
OK    /Volumes/Samsung 990-2/100 Hours/Household/MTL-MT00072-087.txt -> gs://100hr-data/Household/IMU/MTL-MT00072-087.txt
OK    /Volumes/Samsung 990-2/100 Hours/Household/MTL-MT00058-222.mp4 -> gs://100hr-data/Household/Videos/MTL-MT00058-222.mp4
OK    /Volumes/Samsung 990-2/100 Hours/Household/MTL-MT00072-038.mp4 -> gs://100hr-data/Household/Videos/MTL-MT00072-038.mp4
OK    /Volumes/Samsung 990-2/100 Hours/Household/MTL-MT00062-093.txt -> gs://100hr-data/Household/IMU/MTL-MT00062-093.txt
OK    /Volumes/Samsung 990-2/100 Hours/Household/MTL-MT00062-038.mp4 -> gs://100hr-data/Household/Videos/MTL-MT00062-038.mp4
OK    /Volumes/Samsung 990-2/100 Hours/Household/MTL-MT00062-087.txt -> gs://100hr-data/Household/IMU/MTL-MT00062-087.txt
OK    /Volumes/Samsung 990-2/100 Hours/Household/MTL-MT00072-093.txt -> gs://100hr-data/Household/IMU/MTL-MT00072-093.txt
OK    /Volumes/Samsung 990-2/100 Hours/Household/MTL-MT00058-236.mp4 -> gs://100hr-data/Household/Videos/MTL-MT00058-236.mp4
OK    /Volumes/Samsung 990-2/100 Hours/Household/MTL-MT00072-078.txt -> gs://100hr-data/Household/IMU/MTL-MT00072-078.txt
OK    /Volumes/Samsung 990-2/100 Hours/Household/MTL-MT00058-262.txt -> gs://100hr-data/Household/IMU/MTL-MT00058-262.txt
OK    /Volumes/Samsung 990-2/100 Hours/Household/MTL-MT00062-078.txt -> gs://100hr-data/Household/IMU/MTL-MT00062-078.txt
OK    /Volumes/Samsung 990-2/100 Hours/Household/MTL-MT00058-276.txt -> gs://100hr-data/Household/IMU/MTL-MT00058-276.txt
OK    /Volumes/Samsung 990-2/100 Hours/Household/MTL-MT00072-044.txt -> gs://100hr-data/Household/IMU/MTL-MT00072-044.txt
OK    /Volumes/Samsung 990-2/100 Hours/Household/MTL-MT00062-050.txt -> gs://100hr-data/Household/IMU/MTL-MT00062-050.txt
OK    /Volumes/Samsung 990-2/100 Hours/Household/MTL-MT00062-044.txt -> gs://100hr-data/Household/IMU/MTL-MT00062-044.txt
OK    /Volumes/Samsung 990-2/100 Hours/Household/MTL-MT00072-050.txt -> gs://100hr-data/Household/IMU/MTL-MT00072-050.txt
OK    /Volumes/Samsung 990-2/100 Hours/Household/MTL-MT00062-045.txt -> gs://100hr-data/Household/IMU/MTL-MT00062-045.txt
OK    /Volumes/Samsung 990-2/100 Hours/Household/MTL-MT00072-051.txt -> gs://100hr-data/Household/IMU/MTL-MT00072-051.txt
OK    /Volumes/Samsung 990-2/100 Hours/Household/MTL-MT00072-045.txt -> gs://100hr-data/Household/IMU/MTL-MT00072-045.txt
OK    /Volumes/Samsung 990-2/100 Hours/Household/MTL-MT00062-051.txt -> gs://100hr-data/Household/IMU/MTL-MT00062-051.txt
OK    /Volumes/Samsung 990-2/100 Hours/Household/MTL-MT00062-079.txt -> gs://100hr-data/Household/IMU/MTL-MT00062-079.txt
OK    /Volumes/Samsung 990-2/100 Hours/Household/MTL-MT00058-277.txt -> gs://100hr-data/Household/IMU/MTL-MT00058-277.txt
OK    /Volumes/Samsung 990-2/100 Hours/Household/MTL-MT00058-263.txt -> gs://100hr-data/Household/IMU/MTL-MT00058-263.txt
OK    /Volumes/Samsung 990-2/100 Hours/Household/MTL-MT00072-079.txt -> gs://100hr-data/Household/IMU/MTL-MT00072-079.txt
OK    /Volumes/Samsung 990-2/100 Hours/Household/MTL-MT00062-086.txt -> gs://100hr-data/Household/IMU/MTL-MT00062-086.txt
OK    /Volumes/Samsung 990-2/100 Hours/Household/MTL-MT00062-039.mp4 -> gs://100hr-data/Household/Videos/MTL-MT00062-039.mp4
OK    /Volumes/Samsung 990-2/100 Hours/Household/MTL-MT00058-237.mp4 -> gs://100hr-data/Household/Videos/MTL-MT00058-237.mp4
OK    /Volumes/Samsung 990-2/100 Hours/Household/MTL-MT00072-092.txt -> gs://100hr-data/Household/IMU/MTL-MT00072-092.txt
OK    /Volumes/Samsung 990-2/100 Hours/Household/MTL-MT00072-039.mp4 -> gs://100hr-data/Household/Videos/MTL-MT00072-039.mp4
OK    /Volumes/Samsung 990-2/100 Hours/Household/MTL-MT00058-223.mp4 -> gs://100hr-data/Household/Videos/MTL-MT00058-223.mp4
OK    /Volumes/Samsung 990-2/100 Hours/Household/MTL-MT00072-086.txt -> gs://100hr-data/Household/IMU/MTL-MT00072-086.txt
OK    /Volumes/Samsung 990-2/100 Hours/Household/MTL-MT00062-092.txt -> gs://100hr-data/Household/IMU/MTL-MT00062-092.txt
OK    /Volumes/Samsung 990-2/100 Hours/Household/MTL-MT00072-011.mp4 -> gs://100hr-data/Household/Videos/MTL-MT00072-011.mp4
OK    /Volumes/Samsung 990-2/100 Hours/Household/MTL-MT00072-122.aac -> gs://100hr-data/Household/IMU/MTL-MT00072-122.aac
OK    /Volumes/Samsung 990-2/100 Hours/Household/MTL-MT00072-136.aac -> gs://100hr-data/Household/IMU/MTL-MT00072-136.aac
OK    /Volumes/Samsung 990-2/100 Hours/Household/MTL-MT00062-011.mp4 -> gs://100hr-data/Household/Videos/MTL-MT00062-011.mp4
OK    /Volumes/Samsung 990-2/100 Hours/Household/MTL-MT00058-049.txt -> gs://100hr-data/Household/IMU/MTL-MT00058-049.txt
OK    /Volumes/Samsung 990-2/100 Hours/Household/MTL-MT00058-075.txt -> gs://100hr-data/Household/IMU/MTL-MT00058-075.txt
OK    /Volumes/Samsung 990-2/100 Hours/Household/MTL-MT00058-061.txt -> gs://100hr-data/Household/IMU/MTL-MT00058-061.txt
OK    /Volumes/Samsung 990-2/100 Hours/Household/MTL-MT00058-106.aac -> gs://100hr-data/Household/IMU/MTL-MT00058-106.aac
OK    /Volumes/Samsung 990-2/100 Hours/Household/MTL-MT00058-035.mp4 -> gs://100hr-data/Household/Videos/MTL-MT00058-035.mp4
OK    /Volumes/Samsung 990-2/100 Hours/Household/MTL-MT00058-021.mp4 -> gs://100hr-data/Household/Videos/MTL-MT00058-021.mp4
OK    /Volumes/Samsung 990-2/100 Hours/Household/MTL-MT00058-112.aac -> gs://100hr-data/Household/IMU/MTL-MT00058-112.aac
OK    /Volumes/Samsung 990-2/100 Hours/Household/MTL-MT00058-009.mp4 -> gs://100hr-data/Household/Videos/MTL-MT00058-009.mp4
OK    /Volumes/Samsung 990-2/100 Hours/Household/MTL-MT00072-213.mp4 -> gs://100hr-data/Household/Videos/MTL-MT00072-213.mp4
OK    /Volumes/Samsung 990-2/100 Hours/Household/MTL-MT00072-207.mp4 -> gs://100hr-data/Household/Videos/MTL-MT00072-207.mp4
OK    /Volumes/Samsung 990-2/100 Hours/Household/MTL-MT00058-182.mp4 -> gs://100hr-data/Household/Videos/MTL-MT00058-182.mp4
OK    /Volumes/Samsung 990-2/100 Hours/Household/MTL-MT00058-129.txt -> gs://100hr-data/Household/IMU/MTL-MT00058-129.txt
OK    /Volumes/Samsung 990-2/100 Hours/Household/MTL-MT00058-196.mp4 -> gs://100hr-data/Household/Videos/MTL-MT00058-196.mp4
OK    /Volumes/Samsung 990-2/100 Hours/Household/MTL-MT00058-101.txt -> gs://100hr-data/Household/IMU/MTL-MT00058-101.txt
OK    /Volumes/Samsung 990-2/100 Hours/Household/MTL-MT00058-099.aac -> gs://100hr-data/Household/IMU/MTL-MT00058-099.aac
OK    /Volumes/Samsung 990-2/100 Hours/Household/MTL-MT00058-115.txt -> gs://100hr-data/Household/IMU/MTL-MT00058-115.txt
OK    /Volumes/Samsung 990-2/100 Hours/Household/MTL-MT00058-072.aac -> gs://100hr-data/Household/IMU/MTL-MT00058-072.aac
OK    /Volumes/Samsung 990-2/100 Hours/Household/MTL-MT00058-141.mp4 -> gs://100hr-data/Household/Videos/MTL-MT00058-141.mp4
OK    /Volumes/Samsung 990-2/100 Hours/Household/MTL-MT00058-155.mp4 -> gs://100hr-data/Household/Videos/MTL-MT00058-155.mp4
OK    /Volumes/Samsung 990-2/100 Hours/Household/MTL-MT00058-066.aac -> gs://100hr-data/Household/IMU/MTL-MT00058-066.aac
OK    /Volumes/Samsung 990-2/100 Hours/Household/MTL-MT00072-240.aac -> gs://100hr-data/Household/IMU/MTL-MT00072-240.aac
OK    /Volumes/Samsung 990-2/100 Hours/Household/MTL-MT00058-169.mp4 -> gs://100hr-data/Household/Videos/MTL-MT00058-169.mp4
OK    /Volumes/Samsung 990-2/100 Hours/Household/MTL-MT00072-125.txt -> gs://100hr-data/Household/IMU/MTL-MT00072-125.txt
OK    /Volumes/Samsung 990-2/100 Hours/Household/MTL-MT00072-131.txt -> gs://100hr-data/Household/IMU/MTL-MT00072-131.txt
OK    /Volumes/Samsung 990-2/100 Hours/Household/MTL-MT00062-081.aac -> gs://100hr-data/Household/IMU/MTL-MT00062-081.aac
OK    /Volumes/Samsung 990-2/100 Hours/Household/MTL-MT00072-095.aac -> gs://100hr-data/Household/IMU/MTL-MT00072-095.aac
OK    /Volumes/Samsung 990-2/100 Hours/Household/MTL-MT00072-119.txt -> gs://100hr-data/Household/IMU/MTL-MT00072-119.txt
OK    /Volumes/Samsung 990-2/100 Hours/Household/MTL-MT00072-081.aac -> gs://100hr-data/Household/IMU/MTL-MT00072-081.aac
OK    /Volumes/Samsung 990-2/100 Hours/Household/MTL-MT00062-095.aac -> gs://100hr-data/Household/IMU/MTL-MT00062-095.aac
OK    /Volumes/Samsung 990-2/100 Hours/Household/MTL-MT00072-159.mp4 -> gs://100hr-data/Household/Videos/MTL-MT00072-159.mp4
OK    /Volumes/Samsung 990-2/100 Hours/Household/MTL-MT00058-270.aac -> gs://100hr-data/Household/IMU/MTL-MT00058-270.aac
OK    /Volumes/Samsung 990-2/100 Hours/Household/MTL-MT00058-264.aac -> gs://100hr-data/Household/IMU/MTL-MT00058-264.aac
OK    /Volumes/Samsung 990-2/100 Hours/Household/MTL-MT00062-042.aac -> gs://100hr-data/Household/IMU/MTL-MT00062-042.aac
OK    /Volumes/Samsung 990-2/100 Hours/Household/MTL-MT00072-165.mp4 -> gs://100hr-data/Household/Videos/MTL-MT00072-165.mp4
OK    /Volumes/Samsung 990-2/100 Hours/Household/MTL-MT00072-056.aac -> gs://100hr-data/Household/IMU/MTL-MT00072-056.aac
OK    /Volumes/Samsung 990-2/100 Hours/Household/MTL-MT00072-042.aac -> gs://100hr-data/Household/IMU/MTL-MT00072-042.aac
OK    /Volumes/Samsung 990-2/100 Hours/Household/MTL-MT00072-171.mp4 -> gs://100hr-data/Household/Videos/MTL-MT00072-171.mp4
OK    /Volumes/Samsung 990-2/100 Hours/Household/MTL-MT00058-258.aac -> gs://100hr-data/Household/IMU/MTL-MT00058-258.aac
OK    /Volumes/Samsung 990-2/100 Hours/Household/MTL-MT00062-056.aac -> gs://100hr-data/Household/IMU/MTL-MT00062-056.aac
OK    /Volumes/Samsung 990-2/100 Hours/Household/MTL-MT00072-054.aac -> gs://100hr-data/Household/IMU/MTL-MT00072-054.aac
OK    /Volumes/Samsung 990-2/100 Hours/Household/MTL-MT00072-167.mp4 -> gs://100hr-data/Household/Videos/MTL-MT00072-167.mp4
OK    /Volumes/Samsung 990-2/100 Hours/Household/MTL-MT00062-040.aac -> gs://100hr-data/Household/IMU/MTL-MT00062-040.aac
OK    /Volumes/Samsung 990-2/100 Hours/Household/MTL-MT00062-054.aac -> gs://100hr-data/Household/IMU/MTL-MT00062-054.aac
OK    /Volumes/Samsung 990-2/100 Hours/Household/MTL-MT00072-173.mp4 -> gs://100hr-data/Household/Videos/MTL-MT00072-173.mp4
OK    /Volumes/Samsung 990-2/100 Hours/Household/MTL-MT00072-040.aac -> gs://100hr-data/Household/IMU/MTL-MT00072-040.aac
OK    /Volumes/Samsung 990-2/100 Hours/Household/MTL-MT00058-272.aac -> gs://100hr-data/Household/IMU/MTL-MT00058-272.aac
OK    /Volumes/Samsung 990-2/100 Hours/Household/MTL-MT00072-068.aac -> gs://100hr-data/Household/IMU/MTL-MT00072-068.aac
OK    /Volumes/Samsung 990-2/100 Hours/Household/MTL-MT00062-068.aac -> gs://100hr-data/Household/IMU/MTL-MT00062-068.aac
OK    /Volumes/Samsung 990-2/100 Hours/Household/MTL-MT00058-266.aac -> gs://100hr-data/Household/IMU/MTL-MT00058-266.aac
OK    /Volumes/Samsung 990-2/100 Hours/Household/MTL-MT00072-097.aac -> gs://100hr-data/Household/IMU/MTL-MT00072-097.aac
OK    /Volumes/Samsung 990-2/100 Hours/Household/MTL-MT00062-083.aac -> gs://100hr-data/Household/IMU/MTL-MT00062-083.aac
OK    /Volumes/Samsung 990-2/100 Hours/Household/MTL-MT00062-097.aac -> gs://100hr-data/Household/IMU/MTL-MT00062-097.aac
OK    /Volumes/Samsung 990-2/100 Hours/Household/MTL-MT00072-083.aac -> gs://100hr-data/Household/IMU/MTL-MT00072-083.aac
OK    /Volumes/Samsung 990-2/100 Hours/Household/MTL-MT00072-127.txt -> gs://100hr-data/Household/IMU/MTL-MT00072-127.txt
OK    /Volumes/Samsung 990-2/100 Hours/Household/MTL-MT00072-198.mp4 -> gs://100hr-data/Household/Videos/MTL-MT00072-198.mp4
OK    /Volumes/Samsung 990-2/100 Hours/Household/MTL-MT00072-133.txt -> gs://100hr-data/Household/IMU/MTL-MT00072-133.txt
OK    /Volumes/Samsung 990-2/100 Hours/Household/MTL-MT00072-242.aac -> gs://100hr-data/Household/IMU/MTL-MT00072-242.aac
OK    /Volumes/Samsung 990-2/100 Hours/Household/MTL-MT00058-058.aac -> gs://100hr-data/Household/IMU/MTL-MT00058-058.aac
OK    /Volumes/Samsung 990-2/100 Hours/Household/MTL-MT00058-143.mp4 -> gs://100hr-data/Household/Videos/MTL-MT00058-143.mp4
OK    /Volumes/Samsung 990-2/100 Hours/Household/MTL-MT00058-070.aac -> gs://100hr-data/Household/IMU/MTL-MT00058-070.aac
OK    /Volumes/Samsung 990-2/100 Hours/Household/MTL-MT00058-064.aac -> gs://100hr-data/Household/IMU/MTL-MT00058-064.aac
OK    /Volumes/Samsung 990-2/100 Hours/Household/MTL-MT00058-157.mp4 -> gs://100hr-data/Household/Videos/MTL-MT00058-157.mp4
OK    /Volumes/Samsung 990-2/100 Hours/Household/MTL-MT00058-103.txt -> gs://100hr-data/Household/IMU/MTL-MT00058-103.txt
OK    /Volumes/Samsung 990-2/100 Hours/Household/MTL-MT00058-117.txt -> gs://100hr-data/Household/IMU/MTL-MT00058-117.txt
OK    /Volumes/Samsung 990-2/100 Hours/Household/MTL-MT00058-180.mp4 -> gs://100hr-data/Household/Videos/MTL-MT00058-180.mp4
OK    /Volumes/Samsung 990-2/100 Hours/Household/MTL-MT00058-194.mp4 -> gs://100hr-data/Household/Videos/MTL-MT00058-194.mp4
OK    /Volumes/Samsung 990-2/100 Hours/Household/MTL-MT00058-138.aac -> gs://100hr-data/Household/IMU/MTL-MT00058-138.aac
OK    /Volumes/Samsung 990-2/100 Hours/Household/MTL-MT00072-211.mp4 -> gs://100hr-data/Household/Videos/MTL-MT00072-211.mp4
OK    /Volumes/Samsung 990-2/100 Hours/Household/MTL-MT00072-205.mp4 -> gs://100hr-data/Household/Videos/MTL-MT00072-205.mp4
OK    /Volumes/Samsung 990-2/100 Hours/Household/MTL-MT00058-037.mp4 -> gs://100hr-data/Household/Videos/MTL-MT00058-037.mp4
OK    /Volumes/Samsung 990-2/100 Hours/Household/MTL-MT00058-088.txt -> gs://100hr-data/Household/IMU/MTL-MT00058-088.txt
OK    /Volumes/Samsung 990-2/100 Hours/Household/MTL-MT00058-104.aac -> gs://100hr-data/Household/IMU/MTL-MT00058-104.aac
OK    /Volumes/Samsung 990-2/100 Hours/Household/MTL-MT00058-110.aac -> gs://100hr-data/Household/IMU/MTL-MT00058-110.aac
OK    /Volumes/Samsung 990-2/100 Hours/Household/MTL-MT00072-239.mp4 -> gs://100hr-data/Household/Videos/MTL-MT00072-239.mp4
OK    /Volumes/Samsung 990-2/100 Hours/Household/MTL-MT00058-023.mp4 -> gs://100hr-data/Household/Videos/MTL-MT00058-023.mp4
OK    /Volumes/Samsung 990-2/100 Hours/Household/MTL-MT00058-077.txt -> gs://100hr-data/Household/IMU/MTL-MT00058-077.txt
OK    /Volumes/Samsung 990-2/100 Hours/Household/MTL-MT00058-063.txt -> gs://100hr-data/Household/IMU/MTL-MT00058-063.txt
OK    /Volumes/Samsung 990-2/100 Hours/Household/MTL-MT00058-209.mp4 -> gs://100hr-data/Household/Videos/MTL-MT00058-209.mp4
OK    /Volumes/Samsung 990-2/100 Hours/Household/MTL-MT00072-120.aac -> gs://100hr-data/Household/IMU/MTL-MT00072-120.aac
OK    /Volumes/Samsung 990-2/100 Hours/Household/MTL-MT00072-013.mp4 -> gs://100hr-data/Household/Videos/MTL-MT00072-013.mp4
OK    /Volumes/Samsung 990-2/100 Hours/Household/MTL-MT00062-013.mp4 -> gs://100hr-data/Household/Videos/MTL-MT00062-013.mp4
OK    /Volumes/Samsung 990-2/100 Hours/Household/MTL-MT00072-007.mp4 -> gs://100hr-data/Household/Videos/MTL-MT00072-007.mp4
OK    /Volumes/Samsung 990-2/100 Hours/Household/MTL-MT00072-134.aac -> gs://100hr-data/Household/IMU/MTL-MT00072-134.aac
OK    /Volumes/Samsung 990-2/100 Hours/Household/MTL-MT00072-090.txt -> gs://100hr-data/Household/IMU/MTL-MT00072-090.txt
OK    /Volumes/Samsung 990-2/100 Hours/Household/MTL-MT00058-235.mp4 -> gs://100hr-data/Household/Videos/MTL-MT00058-235.mp4
OK    /Volumes/Samsung 990-2/100 Hours/Household/MTL-MT00062-084.txt -> gs://100hr-data/Household/IMU/MTL-MT00062-084.txt
OK    /Volumes/Samsung 990-2/100 Hours/Household/MTL-MT00062-108.aac -> gs://100hr-data/Household/IMU/MTL-MT00062-108.aac
OK    /Volumes/Samsung 990-2/100 Hours/Household/MTL-MT00062-090.txt -> gs://100hr-data/Household/IMU/MTL-MT00062-090.txt
OK    /Volumes/Samsung 990-2/100 Hours/Household/MTL-MT00072-084.txt -> gs://100hr-data/Household/IMU/MTL-MT00072-084.txt
OK    /Volumes/Samsung 990-2/100 Hours/Household/MTL-MT00058-221.mp4 -> gs://100hr-data/Household/Videos/MTL-MT00058-221.mp4
OK    /Volumes/Samsung 990-2/100 Hours/Household/MTL-MT00072-108.aac -> gs://100hr-data/Household/IMU/MTL-MT00072-108.aac
OK    /Volumes/Samsung 990-2/100 Hours/Household/MTL-MT00058-275.txt -> gs://100hr-data/Household/IMU/MTL-MT00058-275.txt
OK    /Volumes/Samsung 990-2/100 Hours/Household/MTL-MT00058-261.txt -> gs://100hr-data/Household/IMU/MTL-MT00058-261.txt
OK    /Volumes/Samsung 990-2/100 Hours/Household/MTL-MT00072-053.txt -> gs://100hr-data/Household/IMU/MTL-MT00072-053.txt
OK    /Volumes/Samsung 990-2/100 Hours/Household/MTL-MT00058-249.txt -> gs://100hr-data/Household/IMU/MTL-MT00058-249.txt
OK    /Volumes/Samsung 990-2/100 Hours/Household/MTL-MT00062-047.txt -> gs://100hr-data/Household/IMU/MTL-MT00062-047.txt
OK    /Volumes/Samsung 990-2/100 Hours/Household/MTL-MT00062-053.txt -> gs://100hr-data/Household/IMU/MTL-MT00062-053.txt
OK    /Volumes/Samsung 990-2/100 Hours/Household/MTL-MT00072-047.txt -> gs://100hr-data/Household/IMU/MTL-MT00072-047.txt
OK    /Volumes/Samsung 990-2/100 Hours/Household/MTL-MT00062-052.txt -> gs://100hr-data/Household/IMU/MTL-MT00062-052.txt
OK    /Volumes/Samsung 990-2/100 Hours/Household/MTL-MT00072-046.txt -> gs://100hr-data/Household/IMU/MTL-MT00072-046.txt
OK    /Volumes/Samsung 990-2/100 Hours/Household/MTL-MT00058-248.txt -> gs://100hr-data/Household/IMU/MTL-MT00058-248.txt
OK    /Volumes/Samsung 990-2/100 Hours/Household/MTL-MT00072-052.txt -> gs://100hr-data/Household/IMU/MTL-MT00072-052.txt
OK    /Volumes/Samsung 990-2/100 Hours/Household/MTL-MT00062-046.txt -> gs://100hr-data/Household/IMU/MTL-MT00062-046.txt
OK    /Volumes/Samsung 990-2/100 Hours/Household/MTL-MT00058-260.txt -> gs://100hr-data/Household/IMU/MTL-MT00058-260.txt
OK    /Volumes/Samsung 990-2/100 Hours/Household/MTL-MT00058-274.txt -> gs://100hr-data/Household/IMU/MTL-MT00058-274.txt
OK    /Volumes/Samsung 990-2/100 Hours/Household/MTL-MT00062-091.txt -> gs://100hr-data/Household/IMU/MTL-MT00062-091.txt
OK    /Volumes/Samsung 990-2/100 Hours/Household/MTL-MT00072-109.aac -> gs://100hr-data/Household/IMU/MTL-MT00072-109.aac
OK    /Volumes/Samsung 990-2/100 Hours/Household/MTL-MT00058-220.mp4 -> gs://100hr-data/Household/Videos/MTL-MT00058-220.mp4
OK    /Volumes/Samsung 990-2/100 Hours/Household/MTL-MT00072-085.txt -> gs://100hr-data/Household/IMU/MTL-MT00072-085.txt
OK    /Volumes/Samsung 990-2/100 Hours/Household/MTL-MT00058-234.mp4 -> gs://100hr-data/Household/Videos/MTL-MT00058-234.mp4
OK    /Volumes/Samsung 990-2/100 Hours/Household/MTL-MT00072-091.txt -> gs://100hr-data/Household/IMU/MTL-MT00072-091.txt
OK    /Volumes/Samsung 990-2/100 Hours/Household/MTL-MT00062-109.aac -> gs://100hr-data/Household/IMU/MTL-MT00062-109.aac
OK    /Volumes/Samsung 990-2/100 Hours/Household/MTL-MT00062-085.txt -> gs://100hr-data/Household/IMU/MTL-MT00062-085.txt
OK    /Volumes/Samsung 990-2/100 Hours/Household/MTL-MT00062-012.mp4 -> gs://100hr-data/Household/Videos/MTL-MT00062-012.mp4
OK    /Volumes/Samsung 990-2/100 Hours/Household/MTL-MT00072-135.aac -> gs://100hr-data/Household/IMU/MTL-MT00072-135.aac
OK    /Volumes/Samsung 990-2/100 Hours/Household/MTL-MT00072-006.mp4 -> gs://100hr-data/Household/Videos/MTL-MT00072-006.mp4
OK    /Volumes/Samsung 990-2/100 Hours/Household/MTL-MT00072-012.mp4 -> gs://100hr-data/Household/Videos/MTL-MT00072-012.mp4
OK    /Volumes/Samsung 990-2/100 Hours/Household/MTL-MT00072-121.aac -> gs://100hr-data/Household/IMU/MTL-MT00072-121.aac
OK    /Volumes/Samsung 990-2/100 Hours/Household/MTL-MT00058-208.mp4 -> gs://100hr-data/Household/Videos/MTL-MT00058-208.mp4
OK    /Volumes/Samsung 990-2/100 Hours/Household/MTL-MT00058-062.txt -> gs://100hr-data/Household/IMU/MTL-MT00058-062.txt
OK    /Volumes/Samsung 990-2/100 Hours/Household/MTL-MT00058-076.txt -> gs://100hr-data/Household/IMU/MTL-MT00058-076.txt
OK    /Volumes/Samsung 990-2/100 Hours/Household/MTL-MT00058-022.mp4 -> gs://100hr-data/Household/Videos/MTL-MT00058-022.mp4
OK    /Volumes/Samsung 990-2/100 Hours/Household/MTL-MT00072-238.mp4 -> gs://100hr-data/Household/Videos/MTL-MT00072-238.mp4
OK    /Volumes/Samsung 990-2/100 Hours/Household/MTL-MT00058-111.aac -> gs://100hr-data/Household/IMU/MTL-MT00058-111.aac
OK    /Volumes/Samsung 990-2/100 Hours/Household/MTL-MT00058-105.aac -> gs://100hr-data/Household/IMU/MTL-MT00058-105.aac
OK    /Volumes/Samsung 990-2/100 Hours/Household/MTL-MT00058-089.txt -> gs://100hr-data/Household/IMU/MTL-MT00058-089.txt
OK    /Volumes/Samsung 990-2/100 Hours/Household/MTL-MT00058-036.mp4 -> gs://100hr-data/Household/Videos/MTL-MT00058-036.mp4
OK    /Volumes/Samsung 990-2/100 Hours/Household/MTL-MT00072-204.mp4 -> gs://100hr-data/Household/Videos/MTL-MT00072-204.mp4
OK    /Volumes/Samsung 990-2/100 Hours/Household/MTL-MT00072-210.mp4 -> gs://100hr-data/Household/Videos/MTL-MT00072-210.mp4
OK    /Volumes/Samsung 990-2/100 Hours/Household/MTL-MT00058-139.aac -> gs://100hr-data/Household/IMU/MTL-MT00058-139.aac
OK    /Volumes/Samsung 990-2/100 Hours/Household/MTL-MT00058-195.mp4 -> gs://100hr-data/Household/Videos/MTL-MT00058-195.mp4
OK    /Volumes/Samsung 990-2/100 Hours/Household/MTL-MT00058-181.mp4 -> gs://100hr-data/Household/Videos/MTL-MT00058-181.mp4
OK    /Volumes/Samsung 990-2/100 Hours/Household/MTL-MT00058-116.txt -> gs://100hr-data/Household/IMU/MTL-MT00058-116.txt
OK    /Volumes/Samsung 990-2/100 Hours/Household/MTL-MT00058-102.txt -> gs://100hr-data/Household/IMU/MTL-MT00058-102.txt
OK    /Volumes/Samsung 990-2/100 Hours/Household/MTL-MT00058-156.mp4 -> gs://100hr-data/Household/Videos/MTL-MT00058-156.mp4
OK    /Volumes/Samsung 990-2/100 Hours/Household/MTL-MT00058-065.aac -> gs://100hr-data/Household/IMU/MTL-MT00058-065.aac
OK    /Volumes/Samsung 990-2/100 Hours/Household/MTL-MT00058-071.aac -> gs://100hr-data/Household/IMU/MTL-MT00058-071.aac
OK    /Volumes/Samsung 990-2/100 Hours/Household/MTL-MT00058-142.mp4 -> gs://100hr-data/Household/Videos/MTL-MT00058-142.mp4
OK    /Volumes/Samsung 990-2/100 Hours/Household/MTL-MT00058-059.aac -> gs://100hr-data/Household/IMU/MTL-MT00058-059.aac
OK    /Volumes/Samsung 990-2/100 Hours/Household/MTL-MT00072-132.txt -> gs://100hr-data/Household/IMU/MTL-MT00072-132.txt
OK    /Volumes/Samsung 990-2/100 Hours/Household/MTL-MT00072-199.mp4 -> gs://100hr-data/Household/Videos/MTL-MT00072-199.mp4
OK    /Volumes/Samsung 990-2/100 Hours/Household/MTL-MT00072-126.txt -> gs://100hr-data/Household/IMU/MTL-MT00072-126.txt
OK    /Volumes/Samsung 990-2/100 Hours/Household/MTL-MT00062-096.aac -> gs://100hr-data/Household/IMU/MTL-MT00062-096.aac
OK    /Volumes/Samsung 990-2/100 Hours/Household/MTL-MT00072-082.aac -> gs://100hr-data/Household/IMU/MTL-MT00072-082.aac
OK    /Volumes/Samsung 990-2/100 Hours/Household/MTL-MT00072-096.aac -> gs://100hr-data/Household/IMU/MTL-MT00072-096.aac
OK    /Volumes/Samsung 990-2/100 Hours/Household/MTL-MT00062-082.aac -> gs://100hr-data/Household/IMU/MTL-MT00062-082.aac
OK    /Volumes/Samsung 990-2/100 Hours/Household/MTL-MT00062-069.aac -> gs://100hr-data/Household/IMU/MTL-MT00062-069.aac
OK    /Volumes/Samsung 990-2/100 Hours/Household/MTL-MT00058-267.aac -> gs://100hr-data/Household/IMU/MTL-MT00058-267.aac
OK    /Volumes/Samsung 990-2/100 Hours/Household/MTL-MT00072-069.aac -> gs://100hr-data/Household/IMU/MTL-MT00072-069.aac
OK    /Volumes/Samsung 990-2/100 Hours/Household/MTL-MT00058-273.aac -> gs://100hr-data/Household/IMU/MTL-MT00058-273.aac
OK    /Volumes/Samsung 990-2/100 Hours/Household/MTL-MT00062-055.aac -> gs://100hr-data/Household/IMU/MTL-MT00062-055.aac
OK    /Volumes/Samsung 990-2/100 Hours/Household/MTL-MT00072-041.aac -> gs://100hr-data/Household/IMU/MTL-MT00072-041.aac
OK    /Volumes/Samsung 990-2/100 Hours/Household/MTL-MT00072-172.mp4 -> gs://100hr-data/Household/Videos/MTL-MT00072-172.mp4
OK    /Volumes/Samsung 990-2/100 Hours/Household/MTL-MT00072-166.mp4 -> gs://100hr-data/Household/Videos/MTL-MT00072-166.mp4
OK    /Volumes/Samsung 990-2/100 Hours/Household/MTL-MT00072-055.aac -> gs://100hr-data/Household/IMU/MTL-MT00072-055.aac
OK    /Volumes/Samsung 990-2/100 Hours/Household/MTL-MT00062-041.aac -> gs://100hr-data/Household/IMU/MTL-MT00062-041.aac
OK    /Volumes/Samsung 990-2/100 Hours/Household/MTL-MT00072-182.txt -> gs://100hr-data/Household/IMU/MTL-MT00072-182.txt
OK    /Volumes/Samsung 990-2/100 Hours/Household/MTL-MT00058-214.aac -> gs://100hr-data/Household/IMU/MTL-MT00058-214.aac
OK    /Volumes/Samsung 990-2/100 Hours/Household/MTL-MT00072-129.mp4 -> gs://100hr-data/Household/Videos/MTL-MT00072-129.mp4
OK    /Volumes/Samsung 990-2/100 Hours/Household/MTL-MT00058-200.aac -> gs://100hr-data/Household/IMU/MTL-MT00058-200.aac
OK    /Volumes/Samsung 990-2/100 Hours/Household/MTL-MT00072-196.txt -> gs://100hr-data/Household/IMU/MTL-MT00072-196.txt
OK    /Volumes/Samsung 990-2/100 Hours/Household/MTL-MT00072-101.mp4 -> gs://100hr-data/Household/Videos/MTL-MT00072-101.mp4
OK    /Volumes/Samsung 990-2/100 Hours/Household/MTL-MT00058-228.aac -> gs://100hr-data/Household/IMU/MTL-MT00058-228.aac
OK    /Volumes/Samsung 990-2/100 Hours/Household/MTL-MT00072-032.aac -> gs://100hr-data/Household/IMU/MTL-MT00072-032.aac
OK    /Volumes/Samsung 990-2/100 Hours/Household/MTL-MT00062-026.aac -> gs://100hr-data/Household/IMU/MTL-MT00062-026.aac
OK    /Volumes/Samsung 990-2/100 Hours/Household/MTL-MT00062-032.aac -> gs://100hr-data/Household/IMU/MTL-MT00062-032.aac
OK    /Volumes/Samsung 990-2/100 Hours/Household/MTL-MT00062-101.mp4 -> gs://100hr-data/Household/Videos/MTL-MT00062-101.mp4
OK    /Volumes/Samsung 990-2/100 Hours/Household/MTL-MT00072-026.aac -> gs://100hr-data/Household/IMU/MTL-MT00072-026.aac
OK    /Volumes/Samsung 990-2/100 Hours/Household/MTL-MT00072-115.mp4 -> gs://100hr-data/Household/Videos/MTL-MT00072-115.mp4
OK    /Volumes/Samsung 990-2/100 Hours/Household/MTL-MT00072-141.txt -> gs://100hr-data/Household/IMU/MTL-MT00072-141.txt
OK    /Volumes/Samsung 990-2/100 Hours/Household/MTL-MT00072-155.txt -> gs://100hr-data/Household/IMU/MTL-MT00072-155.txt
OK    /Volumes/Samsung 990-2/100 Hours/Household/MTL-MT00072-169.txt -> gs://100hr-data/Household/IMU/MTL-MT00072-169.txt
OK    /Volumes/Samsung 990-2/100 Hours/Household/MTL-MT00058-016.aac -> gs://100hr-data/Household/IMU/MTL-MT00058-016.aac
OK    /Volumes/Samsung 990-2/100 Hours/Household/MTL-MT00058-125.mp4 -> gs://100hr-data/Household/Videos/MTL-MT00058-125.mp4
OK    /Volumes/Samsung 990-2/100 Hours/Household/MTL-MT00072-218.aac -> gs://100hr-data/Household/IMU/MTL-MT00072-218.aac
OK    /Volumes/Samsung 990-2/100 Hours/Household/MTL-MT00058-131.mp4 -> gs://100hr-data/Household/Videos/MTL-MT00058-131.mp4
OK    /Volumes/Samsung 990-2/100 Hours/Household/MTL-MT00072-230.aac -> gs://100hr-data/Household/IMU/MTL-MT00072-230.aac
OK    /Volumes/Samsung 990-2/100 Hours/Household/MTL-MT00058-119.mp4 -> gs://100hr-data/Household/Videos/MTL-MT00058-119.mp4
OK    /Volumes/Samsung 990-2/100 Hours/Household/MTL-MT00072-224.aac -> gs://100hr-data/Household/IMU/MTL-MT00072-224.aac
OK    /Volumes/Samsung 990-2/100 Hours/Household/MTL-MT00058-159.txt -> gs://100hr-data/Household/IMU/MTL-MT00058-159.txt
OK    /Volumes/Samsung 990-2/100 Hours/Household/MTL-MT00058-165.txt -> gs://100hr-data/Household/IMU/MTL-MT00058-165.txt
OK    /Volumes/Samsung 990-2/100 Hours/Household/MTL-MT00058-171.txt -> gs://100hr-data/Household/IMU/MTL-MT00058-171.txt
OK    /Volumes/Samsung 990-2/100 Hours/Household/MTL-MT00058-162.aac -> gs://100hr-data/Household/IMU/MTL-MT00058-162.aac
OK    /Volumes/Samsung 990-2/100 Hours/Household/MTL-MT00058-051.mp4 -> gs://100hr-data/Household/Videos/MTL-MT00058-051.mp4
OK    /Volumes/Samsung 990-2/100 Hours/Household/MTL-MT00058-045.mp4 -> gs://100hr-data/Household/Videos/MTL-MT00058-045.mp4
OK    /Volumes/Samsung 990-2/100 Hours/Household/MTL-MT00058-176.aac -> gs://100hr-data/Household/IMU/MTL-MT00058-176.aac
OK    /Volumes/Samsung 990-2/100 Hours/Household/MTL-MT00058-079.mp4 -> gs://100hr-data/Household/Videos/MTL-MT00058-079.mp4
OK    /Volumes/Samsung 990-2/100 Hours/Household/MTL-MT00072-237.txt -> gs://100hr-data/Household/IMU/MTL-MT00072-237.txt
OK    /Volumes/Samsung 990-2/100 Hours/Household/MTL-MT00058-092.mp4 -> gs://100hr-data/Household/Videos/MTL-MT00058-092.mp4
OK    /Volumes/Samsung 990-2/100 Hours/Household/MTL-MT00058-039.txt -> gs://100hr-data/Household/IMU/MTL-MT00058-039.txt
OK    /Volumes/Samsung 990-2/100 Hours/Household/MTL-MT00072-223.txt -> gs://100hr-data/Household/IMU/MTL-MT00072-223.txt
OK    /Volumes/Samsung 990-2/100 Hours/Household/MTL-MT00058-086.mp4 -> gs://100hr-data/Household/Videos/MTL-MT00058-086.mp4
OK    /Volumes/Samsung 990-2/100 Hours/Household/MTL-MT00058-011.txt -> gs://100hr-data/Household/IMU/MTL-MT00058-011.txt
OK    /Volumes/Samsung 990-2/100 Hours/Household/MTL-MT00058-189.aac -> gs://100hr-data/Household/IMU/MTL-MT00058-189.aac
OK    /Volumes/Samsung 990-2/100 Hours/Household/MTL-MT00058-253.mp4 -> gs://100hr-data/Household/Videos/MTL-MT00058-253.mp4
OK    /Volumes/Samsung 990-2/100 Hours/Household/MTL-MT00072-049.mp4 -> gs://100hr-data/Household/Videos/MTL-MT00072-049.mp4
OK    /Volumes/Samsung 990-2/100 Hours/Household/MTL-MT00062-049.mp4 -> gs://100hr-data/Household/Videos/MTL-MT00062-049.mp4
OK    /Volumes/Samsung 990-2/100 Hours/Household/MTL-MT00058-247.mp4 -> gs://100hr-data/Household/Videos/MTL-MT00058-247.mp4
OK    /Volumes/Samsung 990-2/100 Hours/Household/MTL-MT00072-075.mp4 -> gs://100hr-data/Household/Videos/MTL-MT00072-075.mp4
OK    /Volumes/Samsung 990-2/100 Hours/Household/MTL-MT00072-146.aac -> gs://100hr-data/Household/IMU/MTL-MT00072-146.aac
OK    /Volumes/Samsung 990-2/100 Hours/Household/MTL-MT00062-061.mp4 -> gs://100hr-data/Household/Videos/MTL-MT00062-061.mp4
OK    /Volumes/Samsung 990-2/100 Hours/Household/MTL-MT00062-075.mp4 -> gs://100hr-data/Household/Videos/MTL-MT00062-075.mp4
OK    /Volumes/Samsung 990-2/100 Hours/Household/MTL-MT00072-152.aac -> gs://100hr-data/Household/IMU/MTL-MT00072-152.aac
OK    /Volumes/Samsung 990-2/100 Hours/Household/MTL-MT00072-061.mp4 -> gs://100hr-data/Household/Videos/MTL-MT00072-061.mp4
OK    /Volumes/Samsung 990-2/100 Hours/Household/MTL-MT00072-035.txt -> gs://100hr-data/Household/IMU/MTL-MT00072-035.txt
OK    /Volumes/Samsung 990-2/100 Hours/Household/MTL-MT00062-021.txt -> gs://100hr-data/Household/IMU/MTL-MT00062-021.txt
OK    /Volumes/Samsung 990-2/100 Hours/Household/MTL-MT00062-035.txt -> gs://100hr-data/Household/IMU/MTL-MT00062-035.txt
OK    /Volumes/Samsung 990-2/100 Hours/Household/MTL-MT00072-021.txt -> gs://100hr-data/Household/IMU/MTL-MT00072-021.txt
OK    /Volumes/Samsung 990-2/100 Hours/Household/MTL-MT00072-185.aac -> gs://100hr-data/Household/IMU/MTL-MT00072-185.aac
OK    /Volumes/Samsung 990-2/100 Hours/Household/MTL-MT00072-009.txt -> gs://100hr-data/Household/IMU/MTL-MT00072-009.txt
OK    /Volumes/Samsung 990-2/100 Hours/Household/MTL-MT00058-213.txt -> gs://100hr-data/Household/IMU/MTL-MT00058-213.txt
OK    /Volumes/Samsung 990-2/100 Hours/Household/MTL-MT00058-207.txt -> gs://100hr-data/Household/IMU/MTL-MT00058-207.txt
OK    /Volumes/Samsung 990-2/100 Hours/Household/MTL-MT00072-191.aac -> gs://100hr-data/Household/IMU/MTL-MT00072-191.aac
OK    /Volumes/Samsung 990-2/100 Hours/Household/MTL-MT00072-190.aac -> gs://100hr-data/Household/IMU/MTL-MT00072-190.aac
OK    /Volumes/Samsung 990-2/100 Hours/Household/MTL-MT00058-206.txt -> gs://100hr-data/Household/IMU/MTL-MT00058-206.txt
OK    /Volumes/Samsung 990-2/100 Hours/Household/MTL-MT00058-212.txt -> gs://100hr-data/Household/IMU/MTL-MT00058-212.txt
OK    /Volumes/Samsung 990-2/100 Hours/Household/MTL-MT00072-008.txt -> gs://100hr-data/Household/IMU/MTL-MT00072-008.txt
OK    /Volumes/Samsung 990-2/100 Hours/Household/MTL-MT00072-184.aac -> gs://100hr-data/Household/IMU/MTL-MT00072-184.aac
OK    /Volumes/Samsung 990-2/100 Hours/Household/MTL-MT00062-034.txt -> gs://100hr-data/Household/IMU/MTL-MT00062-034.txt
OK    /Volumes/Samsung 990-2/100 Hours/Household/MTL-MT00072-020.txt -> gs://100hr-data/Household/IMU/MTL-MT00072-020.txt
OK    /Volumes/Samsung 990-2/100 Hours/Household/MTL-MT00072-034.txt -> gs://100hr-data/Household/IMU/MTL-MT00072-034.txt
OK    /Volumes/Samsung 990-2/100 Hours/Household/MTL-MT00062-020.txt -> gs://100hr-data/Household/IMU/MTL-MT00062-020.txt
OK    /Volumes/Samsung 990-2/100 Hours/Household/MTL-MT00062-074.mp4 -> gs://100hr-data/Household/Videos/MTL-MT00062-074.mp4
OK    /Volumes/Samsung 990-2/100 Hours/Household/MTL-MT00072-060.mp4 -> gs://100hr-data/Household/Videos/MTL-MT00072-060.mp4
OK    /Volumes/Samsung 990-2/100 Hours/Household/MTL-MT00072-153.aac -> gs://100hr-data/Household/IMU/MTL-MT00072-153.aac
OK    /Volumes/Samsung 990-2/100 Hours/Household/MTL-MT00072-147.aac -> gs://100hr-data/Household/IMU/MTL-MT00072-147.aac
OK    /Volumes/Samsung 990-2/100 Hours/Household/MTL-MT00072-074.mp4 -> gs://100hr-data/Household/Videos/MTL-MT00072-074.mp4
OK    /Volumes/Samsung 990-2/100 Hours/Household/MTL-MT00062-060.mp4 -> gs://100hr-data/Household/Videos/MTL-MT00062-060.mp4
OK    /Volumes/Samsung 990-2/100 Hours/Household/MTL-MT00062-048.mp4 -> gs://100hr-data/Household/Videos/MTL-MT00062-048.mp4
OK    /Volumes/Samsung 990-2/100 Hours/Household/MTL-MT00058-246.mp4 -> gs://100hr-data/Household/Videos/MTL-MT00058-246.mp4
OK    /Volumes/Samsung 990-2/100 Hours/Household/MTL-MT00072-048.mp4 -> gs://100hr-data/Household/Videos/MTL-MT00072-048.mp4
OK    /Volumes/Samsung 990-2/100 Hours/Household/MTL-MT00058-252.mp4 -> gs://100hr-data/Household/Videos/MTL-MT00058-252.mp4
OK    /Volumes/Samsung 990-2/100 Hours/Household/MTL-MT00058-188.aac -> gs://100hr-data/Household/IMU/MTL-MT00058-188.aac
OK    /Volumes/Samsung 990-2/100 Hours/Household/MTL-MT00058-010.txt -> gs://100hr-data/Household/IMU/MTL-MT00058-010.txt
OK    /Volumes/Samsung 990-2/100 Hours/Household/MTL-MT00058-087.mp4 -> gs://100hr-data/Household/Videos/MTL-MT00058-087.mp4
OK    /Volumes/Samsung 990-2/100 Hours/Household/MTL-MT00072-222.txt -> gs://100hr-data/Household/IMU/MTL-MT00072-222.txt
OK    /Volumes/Samsung 990-2/100 Hours/Household/MTL-MT00058-038.txt -> gs://100hr-data/Household/IMU/MTL-MT00058-038.txt
OK    /Volumes/Samsung 990-2/100 Hours/Household/MTL-MT00058-093.mp4 -> gs://100hr-data/Household/Videos/MTL-MT00058-093.mp4
OK    /Volumes/Samsung 990-2/100 Hours/Household/MTL-MT00072-236.txt -> gs://100hr-data/Household/IMU/MTL-MT00072-236.txt
OK    /Volumes/Samsung 990-2/100 Hours/Household/MTL-MT00058-078.mp4 -> gs://100hr-data/Household/Videos/MTL-MT00058-078.mp4
OK    /Volumes/Samsung 990-2/100 Hours/Household/MTL-MT00058-177.aac -> gs://100hr-data/Household/IMU/MTL-MT00058-177.aac
OK    /Volumes/Samsung 990-2/100 Hours/Household/MTL-MT00058-044.mp4 -> gs://100hr-data/Household/Videos/MTL-MT00058-044.mp4
OK    /Volumes/Samsung 990-2/100 Hours/Household/MTL-MT00058-050.mp4 -> gs://100hr-data/Household/Videos/MTL-MT00058-050.mp4
OK    /Volumes/Samsung 990-2/100 Hours/Household/MTL-MT00058-163.aac -> gs://100hr-data/Household/IMU/MTL-MT00058-163.aac
OK    /Volumes/Samsung 990-2/100 Hours/Household/MTL-MT00058-170.txt -> gs://100hr-data/Household/IMU/MTL-MT00058-170.txt
OK    /Volumes/Samsung 990-2/100 Hours/Household/MTL-MT00058-164.txt -> gs://100hr-data/Household/IMU/MTL-MT00058-164.txt
OK    /Volumes/Samsung 990-2/100 Hours/Household/MTL-MT00058-158.txt -> gs://100hr-data/Household/IMU/MTL-MT00058-158.txt
OK    /Volumes/Samsung 990-2/100 Hours/Household/MTL-MT00072-225.aac -> gs://100hr-data/Household/IMU/MTL-MT00072-225.aac
OK    /Volumes/Samsung 990-2/100 Hours/Household/MTL-MT00058-118.mp4 -> gs://100hr-data/Household/Videos/MTL-MT00058-118.mp4
OK    /Volumes/Samsung 990-2/100 Hours/Household/MTL-MT00072-231.aac -> gs://100hr-data/Household/IMU/MTL-MT00072-231.aac
OK    /Volumes/Samsung 990-2/100 Hours/Household/MTL-MT00058-130.mp4 -> gs://100hr-data/Household/Videos/MTL-MT00058-130.mp4
OK    /Volumes/Samsung 990-2/100 Hours/Household/MTL-MT00072-219.aac -> gs://100hr-data/Household/IMU/MTL-MT00072-219.aac
OK    /Volumes/Samsung 990-2/100 Hours/Household/MTL-MT00058-124.mp4 -> gs://100hr-data/Household/Videos/MTL-MT00058-124.mp4
OK    /Volumes/Samsung 990-2/100 Hours/Household/MTL-MT00058-017.aac -> gs://100hr-data/Household/IMU/MTL-MT00058-017.aac
OK    /Volumes/Samsung 990-2/100 Hours/Household/MTL-MT00072-168.txt -> gs://100hr-data/Household/IMU/MTL-MT00072-168.txt
OK    /Volumes/Samsung 990-2/100 Hours/Household/MTL-MT00072-154.txt -> gs://100hr-data/Household/IMU/MTL-MT00072-154.txt
OK    /Volumes/Samsung 990-2/100 Hours/Household/MTL-MT00072-140.txt -> gs://100hr-data/Household/IMU/MTL-MT00072-140.txt
OK    /Volumes/Samsung 990-2/100 Hours/Household/MTL-MT00062-100.mp4 -> gs://100hr-data/Household/Videos/MTL-MT00062-100.mp4
OK    /Volumes/Samsung 990-2/100 Hours/Household/MTL-MT00062-033.aac -> gs://100hr-data/Household/IMU/MTL-MT00062-033.aac
OK    /Volumes/Samsung 990-2/100 Hours/Household/MTL-MT00072-114.mp4 -> gs://100hr-data/Household/Videos/MTL-MT00072-114.mp4
OK    /Volumes/Samsung 990-2/100 Hours/Household/MTL-MT00072-027.aac -> gs://100hr-data/Household/IMU/MTL-MT00072-027.aac
OK    /Volumes/Samsung 990-2/100 Hours/Household/MTL-MT00072-033.aac -> gs://100hr-data/Household/IMU/MTL-MT00072-033.aac
OK    /Volumes/Samsung 990-2/100 Hours/Household/MTL-MT00058-229.aac -> gs://100hr-data/Household/IMU/MTL-MT00058-229.aac
OK    /Volumes/Samsung 990-2/100 Hours/Household/MTL-MT00072-100.mp4 -> gs://100hr-data/Household/Videos/MTL-MT00072-100.mp4
OK    /Volumes/Samsung 990-2/100 Hours/Household/MTL-MT00062-027.aac -> gs://100hr-data/Household/IMU/MTL-MT00062-027.aac
OK    /Volumes/Samsung 990-2/100 Hours/Household/MTL-MT00072-197.txt -> gs://100hr-data/Household/IMU/MTL-MT00072-197.txt
OK    /Volumes/Samsung 990-2/100 Hours/Household/MTL-MT00058-201.aac -> gs://100hr-data/Household/IMU/MTL-MT00058-201.aac
OK    /Volumes/Samsung 990-2/100 Hours/Household/MTL-MT00072-128.mp4 -> gs://100hr-data/Household/Videos/MTL-MT00072-128.mp4
OK    /Volumes/Samsung 990-2/100 Hours/Household/MTL-MT00058-215.aac -> gs://100hr-data/Household/IMU/MTL-MT00058-215.aac
OK    /Volumes/Samsung 990-2/100 Hours/Household/MTL-MT00072-183.txt -> gs://100hr-data/Household/IMU/MTL-MT00072-183.txt
OK    /Volumes/Samsung 990-2/100 Hours/Household/MTL-MT00058-203.aac -> gs://100hr-data/Household/IMU/MTL-MT00058-203.aac
OK    /Volumes/Samsung 990-2/100 Hours/Household/MTL-MT00072-019.aac -> gs://100hr-data/Household/IMU/MTL-MT00072-019.aac
OK    /Volumes/Samsung 990-2/100 Hours/Household/MTL-MT00072-195.txt -> gs://100hr-data/Household/IMU/MTL-MT00072-195.txt
OK    /Volumes/Samsung 990-2/100 Hours/Household/MTL-MT00062-019.aac -> gs://100hr-data/Household/IMU/MTL-MT00062-019.aac
OK    /Volumes/Samsung 990-2/100 Hours/Household/MTL-MT00072-181.txt -> gs://100hr-data/Household/IMU/MTL-MT00072-181.txt
OK    /Volumes/Samsung 990-2/100 Hours/Household/MTL-MT00058-217.aac -> gs://100hr-data/Household/IMU/MTL-MT00058-217.aac
OK    /Volumes/Samsung 990-2/100 Hours/Household/MTL-MT00072-025.aac -> gs://100hr-data/Household/IMU/MTL-MT00072-025.aac
OK    /Volumes/Samsung 990-2/100 Hours/Household/MTL-MT00072-116.mp4 -> gs://100hr-data/Household/Videos/MTL-MT00072-116.mp4
OK    /Volumes/Samsung 990-2/100 Hours/Household/MTL-MT00062-031.aac -> gs://100hr-data/Household/IMU/MTL-MT00062-031.aac
OK    /Volumes/Samsung 990-2/100 Hours/Household/MTL-MT00062-102.mp4 -> gs://100hr-data/Household/Videos/MTL-MT00062-102.mp4
OK    /Volumes/Samsung 990-2/100 Hours/Household/MTL-MT00062-025.aac -> gs://100hr-data/Household/IMU/MTL-MT00062-025.aac
OK    /Volumes/Samsung 990-2/100 Hours/Household/MTL-MT00072-102.mp4 -> gs://100hr-data/Household/Videos/MTL-MT00072-102.mp4
OK    /Volumes/Samsung 990-2/100 Hours/Household/MTL-MT00072-031.aac -> gs://100hr-data/Household/IMU/MTL-MT00072-031.aac
OK    /Volumes/Samsung 990-2/100 Hours/Household/MTL-MT00072-156.txt -> gs://100hr-data/Household/IMU/MTL-MT00072-156.txt
OK    /Volumes/Samsung 990-2/100 Hours/Household/MTL-MT00072-142.txt -> gs://100hr-data/Household/IMU/MTL-MT00072-142.txt
OK    /Volumes/Samsung 990-2/100 Hours/Household/MTL-MT00058-132.mp4 -> gs://100hr-data/Household/Videos/MTL-MT00058-132.mp4
OK    /Volumes/Samsung 990-2/100 Hours/Household/MTL-MT00058-015.aac -> gs://100hr-data/Household/IMU/MTL-MT00058-015.aac
OK    /Volumes/Samsung 990-2/100 Hours/Household/MTL-MT00058-199.txt -> gs://100hr-data/Household/IMU/MTL-MT00058-199.txt
OK    /Volumes/Samsung 990-2/100 Hours/Household/MTL-MT00058-126.mp4 -> gs://100hr-data/Household/Videos/MTL-MT00058-126.mp4
OK    /Volumes/Samsung 990-2/100 Hours/Household/MTL-MT00072-227.aac -> gs://100hr-data/Household/IMU/MTL-MT00072-227.aac
OK    /Volumes/Samsung 990-2/100 Hours/Household/MTL-MT00072-233.aac -> gs://100hr-data/Household/IMU/MTL-MT00072-233.aac
OK    /Volumes/Samsung 990-2/100 Hours/Household/MTL-MT00058-029.aac -> gs://100hr-data/Household/IMU/MTL-MT00058-029.aac
OK    /Volumes/Samsung 990-2/100 Hours/Household/MTL-MT00058-172.txt -> gs://100hr-data/Household/IMU/MTL-MT00058-172.txt
OK    /Volumes/Samsung 990-2/100 Hours/Household/MTL-MT00058-166.txt -> gs://100hr-data/Household/IMU/MTL-MT00058-166.txt
OK    /Volumes/Samsung 990-2/100 Hours/Household/MTL-MT00058-046.mp4 -> gs://100hr-data/Household/Videos/MTL-MT00058-046.mp4
OK    /Volumes/Samsung 990-2/100 Hours/Household/MTL-MT00058-175.aac -> gs://100hr-data/Household/IMU/MTL-MT00058-175.aac
OK    /Volumes/Samsung 990-2/100 Hours/Household/MTL-MT00058-161.aac -> gs://100hr-data/Household/IMU/MTL-MT00058-161.aac
OK    /Volumes/Samsung 990-2/100 Hours/Household/MTL-MT00058-052.mp4 -> gs://100hr-data/Household/Videos/MTL-MT00058-052.mp4
OK    /Volumes/Samsung 990-2/100 Hours/Household/MTL-MT00058-149.aac -> gs://100hr-data/Household/IMU/MTL-MT00058-149.aac
OK    /Volumes/Samsung 990-2/100 Hours/Household/MTL-MT00072-220.txt -> gs://100hr-data/Household/IMU/MTL-MT00072-220.txt
OK    /Volumes/Samsung 990-2/100 Hours/Household/MTL-MT00058-085.mp4 -> gs://100hr-data/Household/Videos/MTL-MT00058-085.mp4
OK    /Volumes/Samsung 990-2/100 Hours/Household/MTL-MT00072-234.txt -> gs://100hr-data/Household/IMU/MTL-MT00072-234.txt
OK    /Volumes/Samsung 990-2/100 Hours/Household/MTL-MT00058-091.mp4 -> gs://100hr-data/Household/Videos/MTL-MT00058-091.mp4
OK    /Volumes/Samsung 990-2/100 Hours/Household/MTL-MT00058-012.txt -> gs://100hr-data/Household/IMU/MTL-MT00058-012.txt
OK    /Volumes/Samsung 990-2/100 Hours/Household/MTL-MT00072-208.txt -> gs://100hr-data/Household/IMU/MTL-MT00072-208.txt
OK    /Volumes/Samsung 990-2/100 Hours/Household/MTL-MT00058-244.mp4 -> gs://100hr-data/Household/Videos/MTL-MT00058-244.mp4
OK    /Volumes/Samsung 990-2/100 Hours/Household/MTL-MT00072-179.aac -> gs://100hr-data/Household/IMU/MTL-MT00072-179.aac
OK    /Volumes/Samsung 990-2/100 Hours/Household/MTL-MT00058-250.mp4 -> gs://100hr-data/Household/Videos/MTL-MT00058-250.mp4
OK    /Volumes/Samsung 990-2/100 Hours/Household/MTL-MT00072-151.aac -> gs://100hr-data/Household/IMU/MTL-MT00072-151.aac
OK    /Volumes/Samsung 990-2/100 Hours/Household/MTL-MT00058-278.mp4 -> gs://100hr-data/Household/Videos/MTL-MT00058-278.mp4
OK    /Volumes/Samsung 990-2/100 Hours/Household/MTL-MT00072-062.mp4 -> gs://100hr-data/Household/Videos/MTL-MT00072-062.mp4
OK    /Volumes/Samsung 990-2/100 Hours/Household/MTL-MT00062-076.mp4 -> gs://100hr-data/Household/Videos/MTL-MT00062-076.mp4
OK    /Volumes/Samsung 990-2/100 Hours/Household/MTL-MT00062-062.mp4 -> gs://100hr-data/Household/Videos/MTL-MT00062-062.mp4
OK    /Volumes/Samsung 990-2/100 Hours/Household/MTL-MT00072-076.mp4 -> gs://100hr-data/Household/Videos/MTL-MT00072-076.mp4
OK    /Volumes/Samsung 990-2/100 Hours/Household/MTL-MT00072-145.aac -> gs://100hr-data/Household/IMU/MTL-MT00072-145.aac
OK    /Volumes/Samsung 990-2/100 Hours/Household/MTL-MT00072-022.txt -> gs://100hr-data/Household/IMU/MTL-MT00072-022.txt
OK    /Volumes/Samsung 990-2/100 Hours/Household/MTL-MT00058-238.txt -> gs://100hr-data/Household/IMU/MTL-MT00058-238.txt
OK    /Volumes/Samsung 990-2/100 Hours/Household/MTL-MT00062-036.txt -> gs://100hr-data/Household/IMU/MTL-MT00062-036.txt
OK    /Volumes/Samsung 990-2/100 Hours/Household/MTL-MT00062-089.mp4 -> gs://100hr-data/Household/Videos/MTL-MT00062-089.mp4
OK    /Volumes/Samsung 990-2/100 Hours/Household/MTL-MT00062-022.txt -> gs://100hr-data/Household/IMU/MTL-MT00062-022.txt
OK    /Volumes/Samsung 990-2/100 Hours/Household/MTL-MT00072-089.mp4 -> gs://100hr-data/Household/Videos/MTL-MT00072-089.mp4
OK    /Volumes/Samsung 990-2/100 Hours/Household/MTL-MT00072-036.txt -> gs://100hr-data/Household/IMU/MTL-MT00072-036.txt
OK    /Volumes/Samsung 990-2/100 Hours/Household/MTL-MT00058-204.txt -> gs://100hr-data/Household/IMU/MTL-MT00058-204.txt
OK    /Volumes/Samsung 990-2/100 Hours/Household/MTL-MT00072-192.aac -> gs://100hr-data/Household/IMU/MTL-MT00072-192.aac
OK    /Volumes/Samsung 990-2/100 Hours/Household/MTL-MT00072-186.aac -> gs://100hr-data/Household/IMU/MTL-MT00072-186.aac
OK    /Volumes/Samsung 990-2/100 Hours/Household/MTL-MT00058-210.txt -> gs://100hr-data/Household/IMU/MTL-MT00058-210.txt
OK    /Volumes/Samsung 990-2/100 Hours/Household/MTL-MT00058-211.txt -> gs://100hr-data/Household/IMU/MTL-MT00058-211.txt
OK    /Volumes/Samsung 990-2/100 Hours/Household/MTL-MT00072-187.aac -> gs://100hr-data/Household/IMU/MTL-MT00072-187.aac
OK    /Volumes/Samsung 990-2/100 Hours/Household/MTL-MT00072-193.aac -> gs://100hr-data/Household/IMU/MTL-MT00072-193.aac
OK    /Volumes/Samsung 990-2/100 Hours/Household/MTL-MT00058-205.txt -> gs://100hr-data/Household/IMU/MTL-MT00058-205.txt
OK    /Volumes/Samsung 990-2/100 Hours/Household/MTL-MT00062-023.txt -> gs://100hr-data/Household/IMU/MTL-MT00062-023.txt
OK    /Volumes/Samsung 990-2/100 Hours/Household/MTL-MT00072-037.txt -> gs://100hr-data/Household/IMU/MTL-MT00072-037.txt
OK    /Volumes/Samsung 990-2/100 Hours/Household/MTL-MT00072-088.mp4 -> gs://100hr-data/Household/Videos/MTL-MT00072-088.mp4
OK    /Volumes/Samsung 990-2/100 Hours/Household/MTL-MT00058-239.txt -> gs://100hr-data/Household/IMU/MTL-MT00058-239.txt
OK    /Volumes/Samsung 990-2/100 Hours/Household/MTL-MT00072-023.txt -> gs://100hr-data/Household/IMU/MTL-MT00072-023.txt
OK    /Volumes/Samsung 990-2/100 Hours/Household/MTL-MT00062-088.mp4 -> gs://100hr-data/Household/Videos/MTL-MT00062-088.mp4
OK    /Volumes/Samsung 990-2/100 Hours/Household/MTL-MT00062-037.txt -> gs://100hr-data/Household/IMU/MTL-MT00062-037.txt
OK    /Volumes/Samsung 990-2/100 Hours/Household/MTL-MT00062-063.mp4 -> gs://100hr-data/Household/Videos/MTL-MT00062-063.mp4
OK    /Volumes/Samsung 990-2/100 Hours/Household/MTL-MT00072-144.aac -> gs://100hr-data/Household/IMU/MTL-MT00072-144.aac
OK    /Volumes/Samsung 990-2/100 Hours/Household/MTL-MT00072-077.mp4 -> gs://100hr-data/Household/Videos/MTL-MT00072-077.mp4
OK    /Volumes/Samsung 990-2/100 Hours/Household/MTL-MT00072-063.mp4 -> gs://100hr-data/Household/Videos/MTL-MT00072-063.mp4
OK    /Volumes/Samsung 990-2/100 Hours/Household/MTL-MT00058-279.mp4 -> gs://100hr-data/Household/Videos/MTL-MT00058-279.mp4
OK    /Volumes/Samsung 990-2/100 Hours/Household/MTL-MT00072-150.aac -> gs://100hr-data/Household/IMU/MTL-MT00072-150.aac
OK    /Volumes/Samsung 990-2/100 Hours/Household/MTL-MT00062-077.mp4 -> gs://100hr-data/Household/Videos/MTL-MT00062-077.mp4
OK    /Volumes/Samsung 990-2/100 Hours/Household/MTL-MT00058-251.mp4 -> gs://100hr-data/Household/Videos/MTL-MT00058-251.mp4
OK    /Volumes/Samsung 990-2/100 Hours/Household/MTL-MT00072-178.aac -> gs://100hr-data/Household/IMU/MTL-MT00072-178.aac
OK    /Volumes/Samsung 990-2/100 Hours/Household/MTL-MT00058-245.mp4 -> gs://100hr-data/Household/Videos/MTL-MT00058-245.mp4
OK    /Volumes/Samsung 990-2/100 Hours/Household/MTL-MT00072-209.txt -> gs://100hr-data/Household/IMU/MTL-MT00072-209.txt
OK    /Volumes/Samsung 990-2/100 Hours/Household/MTL-MT00058-013.txt -> gs://100hr-data/Household/IMU/MTL-MT00058-013.txt
OK    /Volumes/Samsung 990-2/100 Hours/Household/MTL-MT00058-007.txt -> gs://100hr-data/Household/IMU/MTL-MT00058-007.txt
OK    /Volumes/Samsung 990-2/100 Hours/Household/MTL-MT00058-090.mp4 -> gs://100hr-data/Household/Videos/MTL-MT00058-090.mp4
OK    /Volumes/Samsung 990-2/100 Hours/Household/MTL-MT00072-235.txt -> gs://100hr-data/Household/IMU/MTL-MT00072-235.txt
OK    /Volumes/Samsung 990-2/100 Hours/Household/MTL-MT00058-084.mp4 -> gs://100hr-data/Household/Videos/MTL-MT00058-084.mp4
OK    /Volumes/Samsung 990-2/100 Hours/Household/MTL-MT00072-221.txt -> gs://100hr-data/Household/IMU/MTL-MT00072-221.txt
OK    /Volumes/Samsung 990-2/100 Hours/Household/MTL-MT00058-148.aac -> gs://100hr-data/Household/IMU/MTL-MT00058-148.aac
OK    /Volumes/Samsung 990-2/100 Hours/Household/MTL-MT00058-053.mp4 -> gs://100hr-data/Household/Videos/MTL-MT00058-053.mp4
OK    /Volumes/Samsung 990-2/100 Hours/Household/MTL-MT00058-160.aac -> gs://100hr-data/Household/IMU/MTL-MT00058-160.aac
OK    /Volumes/Samsung 990-2/100 Hours/Household/MTL-MT00058-174.aac -> gs://100hr-data/Household/IMU/MTL-MT00058-174.aac
OK    /Volumes/Samsung 990-2/100 Hours/Household/MTL-MT00058-047.mp4 -> gs://100hr-data/Household/Videos/MTL-MT00058-047.mp4
OK    /Volumes/Samsung 990-2/100 Hours/Household/MTL-MT00058-167.txt -> gs://100hr-data/Household/IMU/MTL-MT00058-167.txt
OK    /Volumes/Samsung 990-2/100 Hours/Household/MTL-MT00058-173.txt -> gs://100hr-data/Household/IMU/MTL-MT00058-173.txt
OK    /Volumes/Samsung 990-2/100 Hours/Household/MTL-MT00058-028.aac -> gs://100hr-data/Household/IMU/MTL-MT00058-028.aac
OK    /Volumes/Samsung 990-2/100 Hours/Household/MTL-MT00072-232.aac -> gs://100hr-data/Household/IMU/MTL-MT00072-232.aac
OK    /Volumes/Samsung 990-2/100 Hours/Household/MTL-MT00072-226.aac -> gs://100hr-data/Household/IMU/MTL-MT00072-226.aac
OK    /Volumes/Samsung 990-2/100 Hours/Household/MTL-MT00058-127.mp4 -> gs://100hr-data/Household/Videos/MTL-MT00058-127.mp4
OK    /Volumes/Samsung 990-2/100 Hours/Household/MTL-MT00058-198.txt -> gs://100hr-data/Household/IMU/MTL-MT00058-198.txt
OK    /Volumes/Samsung 990-2/100 Hours/Household/MTL-MT00058-014.aac -> gs://100hr-data/Household/IMU/MTL-MT00058-014.aac
OK    /Volumes/Samsung 990-2/100 Hours/Household/MTL-MT00058-133.mp4 -> gs://100hr-data/Household/Videos/MTL-MT00058-133.mp4
OK    /Volumes/Samsung 990-2/100 Hours/Household/MTL-MT00072-143.txt -> gs://100hr-data/Household/IMU/MTL-MT00072-143.txt
OK    /Volumes/Samsung 990-2/100 Hours/Household/MTL-MT00072-157.txt -> gs://100hr-data/Household/IMU/MTL-MT00072-157.txt
OK    /Volumes/Samsung 990-2/100 Hours/Household/MTL-MT00062-024.aac -> gs://100hr-data/Household/IMU/MTL-MT00062-024.aac
OK    /Volumes/Samsung 990-2/100 Hours/Household/MTL-MT00072-030.aac -> gs://100hr-data/Household/IMU/MTL-MT00072-030.aac
OK    /Volumes/Samsung 990-2/100 Hours/Household/MTL-MT00072-103.mp4 -> gs://100hr-data/Household/Videos/MTL-MT00072-103.mp4
OK    /Volumes/Samsung 990-2/100 Hours/Household/MTL-MT00072-117.mp4 -> gs://100hr-data/Household/Videos/MTL-MT00072-117.mp4
OK    /Volumes/Samsung 990-2/100 Hours/Household/MTL-MT00072-024.aac -> gs://100hr-data/Household/IMU/MTL-MT00072-024.aac
OK    /Volumes/Samsung 990-2/100 Hours/Household/MTL-MT00062-103.mp4 -> gs://100hr-data/Household/Videos/MTL-MT00062-103.mp4
OK    /Volumes/Samsung 990-2/100 Hours/Household/MTL-MT00062-030.aac -> gs://100hr-data/Household/IMU/MTL-MT00062-030.aac
OK    /Volumes/Samsung 990-2/100 Hours/Household/MTL-MT00062-018.aac -> gs://100hr-data/Household/IMU/MTL-MT00062-018.aac
OK    /Volumes/Samsung 990-2/100 Hours/Household/MTL-MT00058-216.aac -> gs://100hr-data/Household/IMU/MTL-MT00058-216.aac
OK    /Volumes/Samsung 990-2/100 Hours/Household/MTL-MT00072-180.txt -> gs://100hr-data/Household/IMU/MTL-MT00072-180.txt
OK    /Volumes/Samsung 990-2/100 Hours/Household/MTL-MT00072-194.txt -> gs://100hr-data/Household/IMU/MTL-MT00072-194.txt
OK    /Volumes/Samsung 990-2/100 Hours/Household/MTL-MT00072-018.aac -> gs://100hr-data/Household/IMU/MTL-MT00072-018.aac
OK    /Volumes/Samsung 990-2/100 Hours/Household/MTL-MT00058-202.aac -> gs://100hr-data/Household/IMU/MTL-MT00058-202.aac
OK    /Volumes/Samsung 990-2/100 Hours/Household/MTL-MT00062-034.aac -> gs://100hr-data/Household/IMU/MTL-MT00062-034.aac
OK    /Volumes/Samsung 990-2/100 Hours/Household/MTL-MT00062-107.mp4 -> gs://100hr-data/Household/Videos/MTL-MT00062-107.mp4
OK    /Volumes/Samsung 990-2/100 Hours/Household/MTL-MT00072-020.aac -> gs://100hr-data/Household/IMU/MTL-MT00072-020.aac
OK    /Volumes/Samsung 990-2/100 Hours/Household/MTL-MT00072-113.mp4 -> gs://100hr-data/Household/Videos/MTL-MT00072-113.mp4
OK    /Volumes/Samsung 990-2/100 Hours/Household/MTL-MT00072-107.mp4 -> gs://100hr-data/Household/Videos/MTL-MT00072-107.mp4
OK    /Volumes/Samsung 990-2/100 Hours/Household/MTL-MT00072-034.aac -> gs://100hr-data/Household/IMU/MTL-MT00072-034.aac
OK    /Volumes/Samsung 990-2/100 Hours/Household/MTL-MT00062-020.aac -> gs://100hr-data/Household/IMU/MTL-MT00062-020.aac
OK    /Volumes/Samsung 990-2/100 Hours/Household/MTL-MT00058-206.aac -> gs://100hr-data/Household/IMU/MTL-MT00058-206.aac
OK    /Volumes/Samsung 990-2/100 Hours/Household/MTL-MT00072-190.txt -> gs://100hr-data/Household/IMU/MTL-MT00072-190.txt
OK    /Volumes/Samsung 990-2/100 Hours/Household/MTL-MT00072-008.aac -> gs://100hr-data/Household/IMU/MTL-MT00072-008.aac
OK    /Volumes/Samsung 990-2/100 Hours/Household/MTL-MT00072-184.txt -> gs://100hr-data/Household/IMU/MTL-MT00072-184.txt
OK    /Volumes/Samsung 990-2/100 Hours/Household/MTL-MT00058-212.aac -> gs://100hr-data/Household/IMU/MTL-MT00058-212.aac
OK    /Volumes/Samsung 990-2/100 Hours/Household/MTL-MT00072-153.txt -> gs://100hr-data/Household/IMU/MTL-MT00072-153.txt
OK    /Volumes/Samsung 990-2/100 Hours/Household/MTL-MT00072-147.txt -> gs://100hr-data/Household/IMU/MTL-MT00072-147.txt
OK    /Volumes/Samsung 990-2/100 Hours/Household/MTL-MT00058-038.aac -> gs://100hr-data/Household/IMU/MTL-MT00058-038.aac
OK    /Volumes/Samsung 990-2/100 Hours/Household/MTL-MT00072-222.aac -> gs://100hr-data/Household/IMU/MTL-MT00072-222.aac
OK    /Volumes/Samsung 990-2/100 Hours/Household/MTL-MT00072-236.aac -> gs://100hr-data/Household/IMU/MTL-MT00072-236.aac
OK    /Volumes/Samsung 990-2/100 Hours/Household/MTL-MT00058-137.mp4 -> gs://100hr-data/Household/Videos/MTL-MT00058-137.mp4
OK    /Volumes/Samsung 990-2/100 Hours/Household/MTL-MT00058-188.txt -> gs://100hr-data/Household/IMU/MTL-MT00058-188.txt
OK    /Volumes/Samsung 990-2/100 Hours/Household/MTL-MT00058-010.aac -> gs://100hr-data/Household/IMU/MTL-MT00058-010.aac
OK    /Volumes/Samsung 990-2/100 Hours/Household/MTL-MT00058-123.mp4 -> gs://100hr-data/Household/Videos/MTL-MT00058-123.mp4
OK    /Volumes/Samsung 990-2/100 Hours/Household/MTL-MT00058-177.txt -> gs://100hr-data/Household/IMU/MTL-MT00058-177.txt
OK    /Volumes/Samsung 990-2/100 Hours/Household/MTL-MT00058-163.txt -> gs://100hr-data/Household/IMU/MTL-MT00058-163.txt
OK    /Volumes/Samsung 990-2/100 Hours/Household/MTL-MT00058-158.aac -> gs://100hr-data/Household/IMU/MTL-MT00058-158.aac
OK    /Volumes/Samsung 990-2/100 Hours/Household/MTL-MT00058-043.mp4 -> gs://100hr-data/Household/Videos/MTL-MT00058-043.mp4
OK    /Volumes/Samsung 990-2/100 Hours/Household/MTL-MT00058-170.aac -> gs://100hr-data/Household/IMU/MTL-MT00058-170.aac
OK    /Volumes/Samsung 990-2/100 Hours/Household/MTL-MT00058-164.aac -> gs://100hr-data/Household/IMU/MTL-MT00058-164.aac
OK    /Volumes/Samsung 990-2/100 Hours/Household/MTL-MT00072-219.txt -> gs://100hr-data/Household/IMU/MTL-MT00072-219.txt
OK    /Volumes/Samsung 990-2/100 Hours/Household/MTL-MT00058-017.txt -> gs://100hr-data/Household/IMU/MTL-MT00058-017.txt
OK    /Volumes/Samsung 990-2/100 Hours/Household/MTL-MT00072-225.txt -> gs://100hr-data/Household/IMU/MTL-MT00072-225.txt
OK    /Volumes/Samsung 990-2/100 Hours/Household/MTL-MT00058-080.mp4 -> gs://100hr-data/Household/Videos/MTL-MT00058-080.mp4
OK    /Volumes/Samsung 990-2/100 Hours/Household/MTL-MT00072-231.txt -> gs://100hr-data/Household/IMU/MTL-MT00072-231.txt
OK    /Volumes/Samsung 990-2/100 Hours/Household/MTL-MT00058-094.mp4 -> gs://100hr-data/Household/Videos/MTL-MT00058-094.mp4
OK    /Volumes/Samsung 990-2/100 Hours/Household/MTL-MT00062-073.mp4 -> gs://100hr-data/Household/Videos/MTL-MT00062-073.mp4
OK    /Volumes/Samsung 990-2/100 Hours/Household/MTL-MT00072-154.aac -> gs://100hr-data/Household/IMU/MTL-MT00072-154.aac
OK    /Volumes/Samsung 990-2/100 Hours/Household/MTL-MT00072-067.mp4 -> gs://100hr-data/Household/Videos/MTL-MT00072-067.mp4
OK    /Volumes/Samsung 990-2/100 Hours/Household/MTL-MT00072-073.mp4 -> gs://100hr-data/Household/Videos/MTL-MT00072-073.mp4
OK    /Volumes/Samsung 990-2/100 Hours/Household/MTL-MT00058-269.mp4 -> gs://100hr-data/Household/Videos/MTL-MT00058-269.mp4
OK    /Volumes/Samsung 990-2/100 Hours/Household/MTL-MT00072-140.aac -> gs://100hr-data/Household/IMU/MTL-MT00072-140.aac
OK    /Volumes/Samsung 990-2/100 Hours/Household/MTL-MT00062-067.mp4 -> gs://100hr-data/Household/Videos/MTL-MT00062-067.mp4
OK    /Volumes/Samsung 990-2/100 Hours/Household/MTL-MT00058-241.mp4 -> gs://100hr-data/Household/Videos/MTL-MT00058-241.mp4
OK    /Volumes/Samsung 990-2/100 Hours/Household/MTL-MT00072-168.aac -> gs://100hr-data/Household/IMU/MTL-MT00072-168.aac
OK    /Volumes/Samsung 990-2/100 Hours/Household/MTL-MT00058-255.mp4 -> gs://100hr-data/Household/Videos/MTL-MT00058-255.mp4
OK    /Volumes/Samsung 990-2/100 Hours/Household/MTL-MT00058-201.txt -> gs://100hr-data/Household/IMU/MTL-MT00058-201.txt
OK    /Volumes/Samsung 990-2/100 Hours/Household/MTL-MT00072-197.aac -> gs://100hr-data/Household/IMU/MTL-MT00072-197.aac
OK    /Volumes/Samsung 990-2/100 Hours/Household/MTL-MT00072-183.aac -> gs://100hr-data/Household/IMU/MTL-MT00072-183.aac
OK    /Volumes/Samsung 990-2/100 Hours/Household/MTL-MT00058-215.txt -> gs://100hr-data/Household/IMU/MTL-MT00058-215.txt
OK    /Volumes/Samsung 990-2/100 Hours/Household/MTL-MT00062-033.txt -> gs://100hr-data/Household/IMU/MTL-MT00062-033.txt
OK    /Volumes/Samsung 990-2/100 Hours/Household/MTL-MT00072-027.txt -> gs://100hr-data/Household/IMU/MTL-MT00072-027.txt
OK    /Volumes/Samsung 990-2/100 Hours/Household/MTL-MT00072-098.mp4 -> gs://100hr-data/Household/Videos/MTL-MT00072-098.mp4
OK    /Volumes/Samsung 990-2/100 Hours/Household/MTL-MT00058-229.txt -> gs://100hr-data/Household/IMU/MTL-MT00058-229.txt
OK    /Volumes/Samsung 990-2/100 Hours/Household/MTL-MT00072-033.txt -> gs://100hr-data/Household/IMU/MTL-MT00072-033.txt
OK    /Volumes/Samsung 990-2/100 Hours/Household/MTL-MT00062-098.mp4 -> gs://100hr-data/Household/Videos/MTL-MT00062-098.mp4
OK    /Volumes/Samsung 990-2/100 Hours/Household/MTL-MT00062-027.txt -> gs://100hr-data/Household/IMU/MTL-MT00062-027.txt
OK    /Volumes/Samsung 990-2/100 Hours/Household/MTL-MT00072-032.txt -> gs://100hr-data/Household/IMU/MTL-MT00072-032.txt
OK    /Volumes/Samsung 990-2/100 Hours/Household/MTL-MT00058-228.txt -> gs://100hr-data/Household/IMU/MTL-MT00058-228.txt
OK    /Volumes/Samsung 990-2/100 Hours/Household/MTL-MT00062-026.txt -> gs://100hr-data/Household/IMU/MTL-MT00062-026.txt
OK    /Volumes/Samsung 990-2/100 Hours/Household/MTL-MT00062-099.mp4 -> gs://100hr-data/Household/Videos/MTL-MT00062-099.mp4
OK    /Volumes/Samsung 990-2/100 Hours/Household/MTL-MT00062-032.txt -> gs://100hr-data/Household/IMU/MTL-MT00062-032.txt
OK    /Volumes/Samsung 990-2/100 Hours/Household/MTL-MT00072-099.mp4 -> gs://100hr-data/Household/Videos/MTL-MT00072-099.mp4
OK    /Volumes/Samsung 990-2/100 Hours/Household/MTL-MT00072-026.txt -> gs://100hr-data/Household/IMU/MTL-MT00072-026.txt
OK    /Volumes/Samsung 990-2/100 Hours/Household/MTL-MT00058-214.txt -> gs://100hr-data/Household/IMU/MTL-MT00058-214.txt
OK    /Volumes/Samsung 990-2/100 Hours/Household/MTL-MT00072-182.aac -> gs://100hr-data/Household/IMU/MTL-MT00072-182.aac
OK    /Volumes/Samsung 990-2/100 Hours/Household/MTL-MT00072-196.aac -> gs://100hr-data/Household/IMU/MTL-MT00072-196.aac
OK    /Volumes/Samsung 990-2/100 Hours/Household/MTL-MT00058-200.txt -> gs://100hr-data/Household/IMU/MTL-MT00058-200.txt
OK    /Volumes/Samsung 990-2/100 Hours/Household/MTL-MT00058-254.mp4 -> gs://100hr-data/Household/Videos/MTL-MT00058-254.mp4
OK    /Volumes/Samsung 990-2/100 Hours/Household/MTL-MT00072-169.aac -> gs://100hr-data/Household/IMU/MTL-MT00072-169.aac
OK    /Volumes/Samsung 990-2/100 Hours/Household/MTL-MT00058-240.mp4 -> gs://100hr-data/Household/Videos/MTL-MT00058-240.mp4
OK    /Volumes/Samsung 990-2/100 Hours/Household/MTL-MT00072-141.aac -> gs://100hr-data/Household/IMU/MTL-MT00072-141.aac
OK    /Volumes/Samsung 990-2/100 Hours/Household/MTL-MT00058-268.mp4 -> gs://100hr-data/Household/Videos/MTL-MT00058-268.mp4
OK    /Volumes/Samsung 990-2/100 Hours/Household/MTL-MT00072-072.mp4 -> gs://100hr-data/Household/Videos/MTL-MT00072-072.mp4
OK    /Volumes/Samsung 990-2/100 Hours/Household/MTL-MT00062-066.mp4 -> gs://100hr-data/Household/Videos/MTL-MT00062-066.mp4
OK    /Volumes/Samsung 990-2/100 Hours/Household/MTL-MT00062-072.mp4 -> gs://100hr-data/Household/Videos/MTL-MT00062-072.mp4
OK    /Volumes/Samsung 990-2/100 Hours/Household/MTL-MT00072-066.mp4 -> gs://100hr-data/Household/Videos/MTL-MT00072-066.mp4
OK    /Volumes/Samsung 990-2/100 Hours/Household/MTL-MT00072-155.aac -> gs://100hr-data/Household/IMU/MTL-MT00072-155.aac
OK    /Volumes/Samsung 990-2/100 Hours/Household/MTL-MT00058-095.mp4 -> gs://100hr-data/Household/Videos/MTL-MT00058-095.mp4
OK    /Volumes/Samsung 990-2/100 Hours/Household/MTL-MT00072-230.txt -> gs://100hr-data/Household/IMU/MTL-MT00072-230.txt
OK    /Volumes/Samsung 990-2/100 Hours/Household/MTL-MT00058-081.mp4 -> gs://100hr-data/Household/Videos/MTL-MT00058-081.mp4
OK    /Volumes/Samsung 990-2/100 Hours/Household/MTL-MT00072-224.txt -> gs://100hr-data/Household/IMU/MTL-MT00072-224.txt
OK    /Volumes/Samsung 990-2/100 Hours/Household/MTL-MT00058-016.txt -> gs://100hr-data/Household/IMU/MTL-MT00058-016.txt
OK    /Volumes/Samsung 990-2/100 Hours/Household/MTL-MT00072-218.txt -> gs://100hr-data/Household/IMU/MTL-MT00072-218.txt
OK    /Volumes/Samsung 990-2/100 Hours/Household/MTL-MT00058-056.mp4 -> gs://100hr-data/Household/Videos/MTL-MT00058-056.mp4
OK    /Volumes/Samsung 990-2/100 Hours/Household/MTL-MT00058-165.aac -> gs://100hr-data/Household/IMU/MTL-MT00058-165.aac
OK    /Volumes/Samsung 990-2/100 Hours/Household/MTL-MT00058-171.aac -> gs://100hr-data/Household/IMU/MTL-MT00058-171.aac
OK    /Volumes/Samsung 990-2/100 Hours/Household/MTL-MT00058-042.mp4 -> gs://100hr-data/Household/Videos/MTL-MT00058-042.mp4
OK    /Volumes/Samsung 990-2/100 Hours/Household/MTL-MT00058-159.aac -> gs://100hr-data/Household/IMU/MTL-MT00058-159.aac
OK    /Volumes/Samsung 990-2/100 Hours/Household/MTL-MT00058-162.txt -> gs://100hr-data/Household/IMU/MTL-MT00058-162.txt
OK    /Volumes/Samsung 990-2/100 Hours/Household/MTL-MT00058-176.txt -> gs://100hr-data/Household/IMU/MTL-MT00058-176.txt
OK    /Volumes/Samsung 990-2/100 Hours/Household/MTL-MT00058-122.mp4 -> gs://100hr-data/Household/Videos/MTL-MT00058-122.mp4
OK    /Volumes/Samsung 990-2/100 Hours/Household/MTL-MT00058-011.aac -> gs://100hr-data/Household/IMU/MTL-MT00058-011.aac
OK    /Volumes/Samsung 990-2/100 Hours/Household/MTL-MT00058-189.txt -> gs://100hr-data/Household/IMU/MTL-MT00058-189.txt
OK    /Volumes/Samsung 990-2/100 Hours/Household/MTL-MT00058-136.mp4 -> gs://100hr-data/Household/Videos/MTL-MT00058-136.mp4
OK    /Volumes/Samsung 990-2/100 Hours/Household/MTL-MT00072-237.aac -> gs://100hr-data/Household/IMU/MTL-MT00072-237.aac
OK    /Volumes/Samsung 990-2/100 Hours/Household/MTL-MT00072-223.aac -> gs://100hr-data/Household/IMU/MTL-MT00072-223.aac
OK    /Volumes/Samsung 990-2/100 Hours/Household/MTL-MT00058-039.aac -> gs://100hr-data/Household/IMU/MTL-MT00058-039.aac
OK    /Volumes/Samsung 990-2/100 Hours/Household/MTL-MT00072-146.txt -> gs://100hr-data/Household/IMU/MTL-MT00072-146.txt
OK    /Volumes/Samsung 990-2/100 Hours/Household/MTL-MT00072-152.txt -> gs://100hr-data/Household/IMU/MTL-MT00072-152.txt
OK    /Volumes/Samsung 990-2/100 Hours/Household/MTL-MT00058-213.aac -> gs://100hr-data/Household/IMU/MTL-MT00058-213.aac
OK    /Volumes/Samsung 990-2/100 Hours/Household/MTL-MT00072-185.txt -> gs://100hr-data/Household/IMU/MTL-MT00072-185.txt
OK    /Volumes/Samsung 990-2/100 Hours/Household/MTL-MT00072-009.aac -> gs://100hr-data/Household/IMU/MTL-MT00072-009.aac
OK    /Volumes/Samsung 990-2/100 Hours/Household/MTL-MT00072-191.txt -> gs://100hr-data/Household/IMU/MTL-MT00072-191.txt
OK    /Volumes/Samsung 990-2/100 Hours/Household/MTL-MT00058-207.aac -> gs://100hr-data/Household/IMU/MTL-MT00058-207.aac
OK    /Volumes/Samsung 990-2/100 Hours/Household/MTL-MT00072-035.aac -> gs://100hr-data/Household/IMU/MTL-MT00072-035.aac
OK    /Volumes/Samsung 990-2/100 Hours/Household/MTL-MT00072-106.mp4 -> gs://100hr-data/Household/Videos/MTL-MT00072-106.mp4
OK    /Volumes/Samsung 990-2/100 Hours/Household/MTL-MT00062-021.aac -> gs://100hr-data/Household/IMU/MTL-MT00062-021.aac
OK    /Volumes/Samsung 990-2/100 Hours/Household/MTL-MT00062-112.mp4 -> gs://100hr-data/Household/Videos/MTL-MT00062-112.mp4
OK    /Volumes/Samsung 990-2/100 Hours/Household/MTL-MT00062-106.mp4 -> gs://100hr-data/Household/Videos/MTL-MT00062-106.mp4
OK    /Volumes/Samsung 990-2/100 Hours/Household/MTL-MT00062-035.aac -> gs://100hr-data/Household/IMU/MTL-MT00062-035.aac
OK    /Volumes/Samsung 990-2/100 Hours/Household/MTL-MT00072-112.mp4 -> gs://100hr-data/Household/Videos/MTL-MT00072-112.mp4
OK    /Volumes/Samsung 990-2/100 Hours/Household/MTL-MT00072-021.aac -> gs://100hr-data/Household/IMU/MTL-MT00072-021.aac
OK    /Volumes/Samsung 990-2/100 Hours/Household/MTL-MT00062-110.mp4 -> gs://100hr-data/Household/Videos/MTL-MT00062-110.mp4
OK    /Volumes/Samsung 990-2/100 Hours/Household/MTL-MT00062-023.aac -> gs://100hr-data/Household/IMU/MTL-MT00062-023.aac
OK    /Volumes/Samsung 990-2/100 Hours/Household/MTL-MT00072-104.mp4 -> gs://100hr-data/Household/Videos/MTL-MT00072-104.mp4
OK    /Volumes/Samsung 990-2/100 Hours/Household/MTL-MT00072-037.aac -> gs://100hr-data/Household/IMU/MTL-MT00072-037.aac
OK    /Volumes/Samsung 990-2/100 Hours/Household/MTL-MT00072-023.aac -> gs://100hr-data/Household/IMU/MTL-MT00072-023.aac
OK    /Volumes/Samsung 990-2/100 Hours/Household/MTL-MT00058-239.aac -> gs://100hr-data/Household/IMU/MTL-MT00058-239.aac
OK    /Volumes/Samsung 990-2/100 Hours/Household/MTL-MT00072-110.mp4 -> gs://100hr-data/Household/Videos/MTL-MT00072-110.mp4
OK    /Volumes/Samsung 990-2/100 Hours/Household/MTL-MT00062-037.aac -> gs://100hr-data/Household/IMU/MTL-MT00062-037.aac
OK    /Volumes/Samsung 990-2/100 Hours/Household/MTL-MT00062-104.mp4 -> gs://100hr-data/Household/Videos/MTL-MT00062-104.mp4
OK    /Volumes/Samsung 990-2/100 Hours/Household/MTL-MT00072-187.txt -> gs://100hr-data/Household/IMU/MTL-MT00072-187.txt
OK    /Volumes/Samsung 990-2/100 Hours/Household/MTL-MT00058-211.aac -> gs://100hr-data/Household/IMU/MTL-MT00058-211.aac
OK    /Volumes/Samsung 990-2/100 Hours/Household/MTL-MT00072-138.mp4 -> gs://100hr-data/Household/Videos/MTL-MT00072-138.mp4
OK    /Volumes/Samsung 990-2/100 Hours/Household/MTL-MT00058-205.aac -> gs://100hr-data/Household/IMU/MTL-MT00058-205.aac
OK    /Volumes/Samsung 990-2/100 Hours/Household/MTL-MT00072-193.txt -> gs://100hr-data/Household/IMU/MTL-MT00072-193.txt
OK    /Volumes/Samsung 990-2/100 Hours/Household/MTL-MT00072-178.txt -> gs://100hr-data/Household/IMU/MTL-MT00072-178.txt
OK    /Volumes/Samsung 990-2/100 Hours/Household/MTL-MT00072-144.txt -> gs://100hr-data/Household/IMU/MTL-MT00072-144.txt
OK    /Volumes/Samsung 990-2/100 Hours/Household/MTL-MT00072-150.txt -> gs://100hr-data/Household/IMU/MTL-MT00072-150.txt
OK    /Volumes/Samsung 990-2/100 Hours/Household/MTL-MT00072-235.aac -> gs://100hr-data/Household/IMU/MTL-MT00072-235.aac
OK    /Volumes/Samsung 990-2/100 Hours/Household/MTL-MT00058-108.mp4 -> gs://100hr-data/Household/Videos/MTL-MT00058-108.mp4
OK    /Volumes/Samsung 990-2/100 Hours/Household/MTL-MT00072-221.aac -> gs://100hr-data/Household/IMU/MTL-MT00072-221.aac
OK    /Volumes/Samsung 990-2/100 Hours/Household/MTL-MT00058-013.aac -> gs://100hr-data/Household/IMU/MTL-MT00058-013.aac
OK    /Volumes/Samsung 990-2/100 Hours/Household/MTL-MT00058-120.mp4 -> gs://100hr-data/Household/Videos/MTL-MT00058-120.mp4
OK    /Volumes/Samsung 990-2/100 Hours/Household/MTL-MT00072-209.aac -> gs://100hr-data/Household/IMU/MTL-MT00072-209.aac
OK    /Volumes/Samsung 990-2/100 Hours/Household/MTL-MT00058-134.mp4 -> gs://100hr-data/Household/Videos/MTL-MT00058-134.mp4
OK    /Volumes/Samsung 990-2/100 Hours/Household/MTL-MT00058-007.aac -> gs://100hr-data/Household/IMU/MTL-MT00058-007.aac
OK    /Volumes/Samsung 990-2/100 Hours/Household/MTL-MT00058-160.txt -> gs://100hr-data/Household/IMU/MTL-MT00058-160.txt
OK    /Volumes/Samsung 990-2/100 Hours/Household/MTL-MT00058-174.txt -> gs://100hr-data/Household/IMU/MTL-MT00058-174.txt
OK    /Volumes/Samsung 990-2/100 Hours/Household/MTL-MT00058-148.txt -> gs://100hr-data/Household/IMU/MTL-MT00058-148.txt
OK    /Volumes/Samsung 990-2/100 Hours/Household/MTL-MT00058-068.mp4 -> gs://100hr-data/Household/Videos/MTL-MT00058-068.mp4
OK    /Volumes/Samsung 990-2/100 Hours/Household/MTL-MT00058-167.aac -> gs://100hr-data/Household/IMU/MTL-MT00058-167.aac
OK    /Volumes/Samsung 990-2/100 Hours/Household/MTL-MT00058-054.mp4 -> gs://100hr-data/Household/Videos/MTL-MT00058-054.mp4
OK    /Volumes/Samsung 990-2/100 Hours/Household/MTL-MT00058-040.mp4 -> gs://100hr-data/Household/Videos/MTL-MT00058-040.mp4
OK    /Volumes/Samsung 990-2/100 Hours/Household/MTL-MT00058-173.aac -> gs://100hr-data/Household/IMU/MTL-MT00058-173.aac
OK    /Volumes/Samsung 990-2/100 Hours/Household/MTL-MT00058-198.aac -> gs://100hr-data/Household/IMU/MTL-MT00058-198.aac
OK    /Volumes/Samsung 990-2/100 Hours/Household/MTL-MT00058-014.txt -> gs://100hr-data/Household/IMU/MTL-MT00058-014.txt
OK    /Volumes/Samsung 990-2/100 Hours/Household/MTL-MT00072-232.txt -> gs://100hr-data/Household/IMU/MTL-MT00072-232.txt
OK    /Volumes/Samsung 990-2/100 Hours/Household/MTL-MT00058-097.mp4 -> gs://100hr-data/Household/Videos/MTL-MT00058-097.mp4
OK    /Volumes/Samsung 990-2/100 Hours/Household/MTL-MT00058-028.txt -> gs://100hr-data/Household/IMU/MTL-MT00058-028.txt
OK    /Volumes/Samsung 990-2/100 Hours/Household/MTL-MT00072-226.txt -> gs://100hr-data/Household/IMU/MTL-MT00072-226.txt
OK    /Volumes/Samsung 990-2/100 Hours/Household/MTL-MT00058-083.mp4 -> gs://100hr-data/Household/Videos/MTL-MT00058-083.mp4
OK    /Volumes/Samsung 990-2/100 Hours/Household/MTL-MT00062-064.mp4 -> gs://100hr-data/Household/Videos/MTL-MT00062-064.mp4
OK    /Volumes/Samsung 990-2/100 Hours/Household/MTL-MT00072-070.mp4 -> gs://100hr-data/Household/Videos/MTL-MT00072-070.mp4
OK    /Volumes/Samsung 990-2/100 Hours/Household/MTL-MT00072-143.aac -> gs://100hr-data/Household/IMU/MTL-MT00072-143.aac
OK    /Volumes/Samsung 990-2/100 Hours/Household/MTL-MT00072-157.aac -> gs://100hr-data/Household/IMU/MTL-MT00072-157.aac
OK    /Volumes/Samsung 990-2/100 Hours/Household/MTL-MT00072-064.mp4 -> gs://100hr-data/Household/Videos/MTL-MT00072-064.mp4
OK    /Volumes/Samsung 990-2/100 Hours/Household/MTL-MT00062-070.mp4 -> gs://100hr-data/Household/Videos/MTL-MT00062-070.mp4
OK    /Volumes/Samsung 990-2/100 Hours/Household/MTL-MT00062-058.mp4 -> gs://100hr-data/Household/Videos/MTL-MT00062-058.mp4
OK    /Volumes/Samsung 990-2/100 Hours/Household/MTL-MT00058-256.mp4 -> gs://100hr-data/Household/Videos/MTL-MT00058-256.mp4
OK    /Volumes/Samsung 990-2/100 Hours/Household/MTL-MT00072-058.mp4 -> gs://100hr-data/Household/Videos/MTL-MT00072-058.mp4
OK    /Volumes/Samsung 990-2/100 Hours/Household/MTL-MT00058-242.mp4 -> gs://100hr-data/Household/Videos/MTL-MT00058-242.mp4
OK    /Volumes/Samsung 990-2/100 Hours/Household/MTL-MT00062-018.txt -> gs://100hr-data/Household/IMU/MTL-MT00062-018.txt
OK    /Volumes/Samsung 990-2/100 Hours/Household/MTL-MT00072-180.aac -> gs://100hr-data/Household/IMU/MTL-MT00072-180.aac
OK    /Volumes/Samsung 990-2/100 Hours/Household/MTL-MT00058-216.txt -> gs://100hr-data/Household/IMU/MTL-MT00058-216.txt
OK    /Volumes/Samsung 990-2/100 Hours/Household/MTL-MT00058-202.txt -> gs://100hr-data/Household/IMU/MTL-MT00058-202.txt
OK    /Volumes/Samsung 990-2/100 Hours/Household/MTL-MT00072-194.aac -> gs://100hr-data/Household/IMU/MTL-MT00072-194.aac
OK    /Volumes/Samsung 990-2/100 Hours/Household/MTL-MT00072-018.txt -> gs://100hr-data/Household/IMU/MTL-MT00072-018.txt
OK    /Volumes/Samsung 990-2/100 Hours/Household/MTL-MT00062-024.txt -> gs://100hr-data/Household/IMU/MTL-MT00062-024.txt
OK    /Volumes/Samsung 990-2/100 Hours/Household/MTL-MT00072-030.txt -> gs://100hr-data/Household/IMU/MTL-MT00072-030.txt
OK    /Volumes/Samsung 990-2/100 Hours/Household/MTL-MT00072-024.txt -> gs://100hr-data/Household/IMU/MTL-MT00072-024.txt
OK    /Volumes/Samsung 990-2/100 Hours/Household/MTL-MT00062-030.txt -> gs://100hr-data/Household/IMU/MTL-MT00062-030.txt
OK    /Volumes/Samsung 990-2/100 Hours/Household/MTL-MT00072-025.txt -> gs://100hr-data/Household/IMU/MTL-MT00072-025.txt
OK    /Volumes/Samsung 990-2/100 Hours/Household/MTL-MT00062-031.txt -> gs://100hr-data/Household/IMU/MTL-MT00062-031.txt
OK    /Volumes/Samsung 990-2/100 Hours/Household/MTL-MT00062-025.txt -> gs://100hr-data/Household/IMU/MTL-MT00062-025.txt
OK    /Volumes/Samsung 990-2/100 Hours/Household/MTL-MT00072-031.txt -> gs://100hr-data/Household/IMU/MTL-MT00072-031.txt
OK    /Volumes/Samsung 990-2/100 Hours/Household/MTL-MT00072-019.txt -> gs://100hr-data/Household/IMU/MTL-MT00072-019.txt
OK    /Volumes/Samsung 990-2/100 Hours/Household/MTL-MT00072-195.aac -> gs://100hr-data/Household/IMU/MTL-MT00072-195.aac
OK    /Volumes/Samsung 990-2/100 Hours/Household/MTL-MT00058-203.txt -> gs://100hr-data/Household/IMU/MTL-MT00058-203.txt
OK    /Volumes/Samsung 990-2/100 Hours/Household/MTL-MT00062-019.txt -> gs://100hr-data/Household/IMU/MTL-MT00062-019.txt
OK    /Volumes/Samsung 990-2/100 Hours/Household/MTL-MT00058-217.txt -> gs://100hr-data/Household/IMU/MTL-MT00058-217.txt
OK    /Volumes/Samsung 990-2/100 Hours/Household/MTL-MT00072-181.aac -> gs://100hr-data/Household/IMU/MTL-MT00072-181.aac
OK    /Volumes/Samsung 990-2/100 Hours/Household/MTL-MT00058-243.mp4 -> gs://100hr-data/Household/Videos/MTL-MT00058-243.mp4
OK    /Volumes/Samsung 990-2/100 Hours/Household/MTL-MT00072-059.mp4 -> gs://100hr-data/Household/Videos/MTL-MT00072-059.mp4
OK    /Volumes/Samsung 990-2/100 Hours/Household/MTL-MT00062-059.mp4 -> gs://100hr-data/Household/Videos/MTL-MT00062-059.mp4
OK    /Volumes/Samsung 990-2/100 Hours/Household/MTL-MT00058-257.mp4 -> gs://100hr-data/Household/Videos/MTL-MT00058-257.mp4
OK    /Volumes/Samsung 990-2/100 Hours/Household/MTL-MT00072-065.mp4 -> gs://100hr-data/Household/Videos/MTL-MT00072-065.mp4
OK    /Volumes/Samsung 990-2/100 Hours/Household/MTL-MT00072-156.aac -> gs://100hr-data/Household/IMU/MTL-MT00072-156.aac
OK    /Volumes/Samsung 990-2/100 Hours/Household/MTL-MT00062-071.mp4 -> gs://100hr-data/Household/Videos/MTL-MT00062-071.mp4
OK    /Volumes/Samsung 990-2/100 Hours/Household/MTL-MT00062-065.mp4 -> gs://100hr-data/Household/Videos/MTL-MT00062-065.mp4
OK    /Volumes/Samsung 990-2/100 Hours/Household/MTL-MT00072-142.aac -> gs://100hr-data/Household/IMU/MTL-MT00072-142.aac
OK    /Volumes/Samsung 990-2/100 Hours/Household/MTL-MT00072-071.mp4 -> gs://100hr-data/Household/Videos/MTL-MT00072-071.mp4
OK    /Volumes/Samsung 990-2/100 Hours/Household/MTL-MT00058-082.mp4 -> gs://100hr-data/Household/Videos/MTL-MT00058-082.mp4
OK    /Volumes/Samsung 990-2/100 Hours/Household/MTL-MT00072-227.txt -> gs://100hr-data/Household/IMU/MTL-MT00072-227.txt
OK    /Volumes/Samsung 990-2/100 Hours/Household/MTL-MT00058-029.txt -> gs://100hr-data/Household/IMU/MTL-MT00058-029.txt
OK    /Volumes/Samsung 990-2/100 Hours/Household/MTL-MT00058-096.mp4 -> gs://100hr-data/Household/Videos/MTL-MT00058-096.mp4
OK    /Volumes/Samsung 990-2/100 Hours/Household/MTL-MT00072-233.txt -> gs://100hr-data/Household/IMU/MTL-MT00072-233.txt
OK    /Volumes/Samsung 990-2/100 Hours/Household/MTL-MT00058-015.txt -> gs://100hr-data/Household/IMU/MTL-MT00058-015.txt
OK    /Volumes/Samsung 990-2/100 Hours/Household/MTL-MT00058-199.aac -> gs://100hr-data/Household/IMU/MTL-MT00058-199.aac
OK    /Volumes/Samsung 990-2/100 Hours/Household/MTL-MT00058-172.aac -> gs://100hr-data/Household/IMU/MTL-MT00058-172.aac
OK    /Volumes/Samsung 990-2/100 Hours/Household/MTL-MT00058-041.mp4 -> gs://100hr-data/Household/Videos/MTL-MT00058-041.mp4
OK    /Volumes/Samsung 990-2/100 Hours/Household/MTL-MT00058-055.mp4 -> gs://100hr-data/Household/Videos/MTL-MT00058-055.mp4
OK    /Volumes/Samsung 990-2/100 Hours/Household/MTL-MT00058-166.aac -> gs://100hr-data/Household/IMU/MTL-MT00058-166.aac
OK    /Volumes/Samsung 990-2/100 Hours/Household/MTL-MT00058-069.mp4 -> gs://100hr-data/Household/Videos/MTL-MT00058-069.mp4
OK    /Volumes/Samsung 990-2/100 Hours/Household/MTL-MT00058-149.txt -> gs://100hr-data/Household/IMU/MTL-MT00058-149.txt
OK    /Volumes/Samsung 990-2/100 Hours/Household/MTL-MT00058-175.txt -> gs://100hr-data/Household/IMU/MTL-MT00058-175.txt
OK    /Volumes/Samsung 990-2/100 Hours/Household/MTL-MT00058-161.txt -> gs://100hr-data/Household/IMU/MTL-MT00058-161.txt
OK    /Volumes/Samsung 990-2/100 Hours/Household/MTL-MT00058-135.mp4 -> gs://100hr-data/Household/Videos/MTL-MT00058-135.mp4
OK    /Volumes/Samsung 990-2/100 Hours/Household/MTL-MT00072-208.aac -> gs://100hr-data/Household/IMU/MTL-MT00072-208.aac
OK    /Volumes/Samsung 990-2/100 Hours/Household/MTL-MT00058-121.mp4 -> gs://100hr-data/Household/Videos/MTL-MT00058-121.mp4
OK    /Volumes/Samsung 990-2/100 Hours/Household/MTL-MT00058-012.aac -> gs://100hr-data/Household/IMU/MTL-MT00058-012.aac
OK    /Volumes/Samsung 990-2/100 Hours/Household/MTL-MT00072-220.aac -> gs://100hr-data/Household/IMU/MTL-MT00072-220.aac
OK    /Volumes/Samsung 990-2/100 Hours/Household/MTL-MT00058-109.mp4 -> gs://100hr-data/Household/Videos/MTL-MT00058-109.mp4
OK    /Volumes/Samsung 990-2/100 Hours/Household/MTL-MT00072-234.aac -> gs://100hr-data/Household/IMU/MTL-MT00072-234.aac
OK    /Volumes/Samsung 990-2/100 Hours/Household/MTL-MT00072-151.txt -> gs://100hr-data/Household/IMU/MTL-MT00072-151.txt
OK    /Volumes/Samsung 990-2/100 Hours/Household/MTL-MT00072-145.txt -> gs://100hr-data/Household/IMU/MTL-MT00072-145.txt
OK    /Volumes/Samsung 990-2/100 Hours/Household/MTL-MT00072-179.txt -> gs://100hr-data/Household/IMU/MTL-MT00072-179.txt
OK    /Volumes/Samsung 990-2/100 Hours/Household/MTL-MT00072-192.txt -> gs://100hr-data/Household/IMU/MTL-MT00072-192.txt
OK    /Volumes/Samsung 990-2/100 Hours/Household/MTL-MT00058-204.aac -> gs://100hr-data/Household/IMU/MTL-MT00058-204.aac
OK    /Volumes/Samsung 990-2/100 Hours/Household/MTL-MT00072-139.mp4 -> gs://100hr-data/Household/Videos/MTL-MT00072-139.mp4
OK    /Volumes/Samsung 990-2/100 Hours/Household/MTL-MT00058-210.aac -> gs://100hr-data/Household/IMU/MTL-MT00058-210.aac
OK    /Volumes/Samsung 990-2/100 Hours/Household/MTL-MT00072-186.txt -> gs://100hr-data/Household/IMU/MTL-MT00072-186.txt
OK    /Volumes/Samsung 990-2/100 Hours/Household/MTL-MT00072-111.mp4 -> gs://100hr-data/Household/Videos/MTL-MT00072-111.mp4
OK    /Volumes/Samsung 990-2/100 Hours/Household/MTL-MT00058-238.aac -> gs://100hr-data/Household/IMU/MTL-MT00058-238.aac
OK    /Volumes/Samsung 990-2/100 Hours/Household/MTL-MT00072-022.aac -> gs://100hr-data/Household/IMU/MTL-MT00072-022.aac
OK    /Volumes/Samsung 990-2/100 Hours/Household/MTL-MT00062-105.mp4 -> gs://100hr-data/Household/Videos/MTL-MT00062-105.mp4
OK    /Volumes/Samsung 990-2/100 Hours/Household/MTL-MT00062-036.aac -> gs://100hr-data/Household/IMU/MTL-MT00062-036.aac
OK    /Volumes/Samsung 990-2/100 Hours/Household/MTL-MT00062-022.aac -> gs://100hr-data/Household/IMU/MTL-MT00062-022.aac
OK    /Volumes/Samsung 990-2/100 Hours/Household/MTL-MT00062-111.mp4 -> gs://100hr-data/Household/Videos/MTL-MT00062-111.mp4
OK    /Volumes/Samsung 990-2/100 Hours/Household/MTL-MT00072-036.aac -> gs://100hr-data/Household/IMU/MTL-MT00072-036.aac
OK    /Volumes/Samsung 990-2/100 Hours/Household/MTL-MT00072-105.mp4 -> gs://100hr-data/Household/Videos/MTL-MT00072-105.mp4
OK    /Volumes/Samsung 990-2/100 Hours/Household/MTL-MT00058-235.aac -> gs://100hr-data/Household/IMU/MTL-MT00058-235.aac
OK    /Volumes/Samsung 990-2/100 Hours/Household/MTL-MT00062-108.mp4 -> gs://100hr-data/Household/Videos/MTL-MT00062-108.mp4
OK    /Volumes/Samsung 990-2/100 Hours/Household/MTL-MT00072-108.mp4 -> gs://100hr-data/Household/Videos/MTL-MT00072-108.mp4
OK    /Volumes/Samsung 990-2/100 Hours/Household/MTL-MT00058-221.aac -> gs://100hr-data/Household/IMU/MTL-MT00058-221.aac
OK    /Volumes/Samsung 990-2/100 Hours/Household/MTL-MT00072-013.aac -> gs://100hr-data/Household/IMU/MTL-MT00072-013.aac
OK    /Volumes/Samsung 990-2/100 Hours/Household/MTL-MT00072-120.mp4 -> gs://100hr-data/Household/Videos/MTL-MT00072-120.mp4
OK    /Volumes/Samsung 990-2/100 Hours/Household/MTL-MT00058-209.aac -> gs://100hr-data/Household/IMU/MTL-MT00058-209.aac
OK    /Volumes/Samsung 990-2/100 Hours/Household/MTL-MT00062-013.aac -> gs://100hr-data/Household/IMU/MTL-MT00062-013.aac
OK    /Volumes/Samsung 990-2/100 Hours/Household/MTL-MT00072-134.mp4 -> gs://100hr-data/Household/Videos/MTL-MT00072-134.mp4
OK    /Volumes/Samsung 990-2/100 Hours/Household/MTL-MT00072-007.aac -> gs://100hr-data/Household/IMU/MTL-MT00072-007.aac
OK    /Volumes/Samsung 990-2/100 Hours/Household/MTL-MT00072-160.txt -> gs://100hr-data/Household/IMU/MTL-MT00072-160.txt
OK    /Volumes/Samsung 990-2/100 Hours/Household/MTL-MT00072-174.txt -> gs://100hr-data/Household/IMU/MTL-MT00072-174.txt
OK    /Volumes/Samsung 990-2/100 Hours/Household/MTL-MT00072-148.txt -> gs://100hr-data/Household/IMU/MTL-MT00072-148.txt
OK    /Volumes/Samsung 990-2/100 Hours/Household/MTL-MT00058-104.mp4 -> gs://100hr-data/Household/Videos/MTL-MT00058-104.mp4
OK    /Volumes/Samsung 990-2/100 Hours/Household/MTL-MT00058-037.aac -> gs://100hr-data/Household/IMU/MTL-MT00058-037.aac
OK    /Volumes/Samsung 990-2/100 Hours/Household/MTL-MT00058-023.aac -> gs://100hr-data/Household/IMU/MTL-MT00058-023.aac
OK    /Volumes/Samsung 990-2/100 Hours/Household/MTL-MT00072-239.aac -> gs://100hr-data/Household/IMU/MTL-MT00072-239.aac
OK    /Volumes/Samsung 990-2/100 Hours/Household/MTL-MT00058-110.mp4 -> gs://100hr-data/Household/Videos/MTL-MT00058-110.mp4
OK    /Volumes/Samsung 990-2/100 Hours/Household/MTL-MT00058-187.txt -> gs://100hr-data/Household/IMU/MTL-MT00058-187.txt
OK    /Volumes/Samsung 990-2/100 Hours/Household/MTL-MT00072-211.aac -> gs://100hr-data/Household/IMU/MTL-MT00072-211.aac
OK    /Volumes/Samsung 990-2/100 Hours/Household/MTL-MT00058-138.mp4 -> gs://100hr-data/Household/Videos/MTL-MT00058-138.mp4
OK    /Volumes/Samsung 990-2/100 Hours/Household/MTL-MT00072-205.aac -> gs://100hr-data/Household/IMU/MTL-MT00072-205.aac
OK    /Volumes/Samsung 990-2/100 Hours/Household/MTL-MT00058-193.txt -> gs://100hr-data/Household/IMU/MTL-MT00058-193.txt
OK    /Volumes/Samsung 990-2/100 Hours/Household/MTL-MT00058-178.txt -> gs://100hr-data/Household/IMU/MTL-MT00058-178.txt
OK    /Volumes/Samsung 990-2/100 Hours/Household/MTL-MT00058-144.txt -> gs://100hr-data/Household/IMU/MTL-MT00058-144.txt
OK    /Volumes/Samsung 990-2/100 Hours/Household/MTL-MT00058-150.txt -> gs://100hr-data/Household/IMU/MTL-MT00058-150.txt
OK    /Volumes/Samsung 990-2/100 Hours/Household/MTL-MT00058-070.mp4 -> gs://100hr-data/Household/Videos/MTL-MT00058-070.mp4
OK    /Volumes/Samsung 990-2/100 Hours/Household/MTL-MT00058-143.aac -> gs://100hr-data/Household/IMU/MTL-MT00058-143.aac
OK    /Volumes/Samsung 990-2/100 Hours/Household/MTL-MT00058-157.aac -> gs://100hr-data/Household/IMU/MTL-MT00058-157.aac
OK    /Volumes/Samsung 990-2/100 Hours/Household/MTL-MT00058-064.mp4 -> gs://100hr-data/Household/Videos/MTL-MT00058-064.mp4
OK    /Volumes/Samsung 990-2/100 Hours/Household/MTL-MT00058-058.mp4 -> gs://100hr-data/Household/Videos/MTL-MT00058-058.mp4
OK    /Volumes/Samsung 990-2/100 Hours/Household/MTL-MT00072-242.mp4 -> gs://100hr-data/Household/Videos/MTL-MT00072-242.mp4
OK    /Volumes/Samsung 990-2/100 Hours/Household/MTL-MT00058-180.aac -> gs://100hr-data/Household/IMU/MTL-MT00058-180.aac
OK    /Volumes/Samsung 990-2/100 Hours/Household/MTL-MT00072-216.txt -> gs://100hr-data/Household/IMU/MTL-MT00072-216.txt
OK    /Volumes/Samsung 990-2/100 Hours/Household/MTL-MT00072-202.txt -> gs://100hr-data/Household/IMU/MTL-MT00072-202.txt
OK    /Volumes/Samsung 990-2/100 Hours/Household/MTL-MT00058-194.aac -> gs://100hr-data/Household/IMU/MTL-MT00058-194.aac
OK    /Volumes/Samsung 990-2/100 Hours/Household/MTL-MT00058-018.txt -> gs://100hr-data/Household/IMU/MTL-MT00058-018.txt
OK    /Volumes/Samsung 990-2/100 Hours/Household/MTL-MT00058-030.txt -> gs://100hr-data/Household/IMU/MTL-MT00058-030.txt
OK    /Volumes/Samsung 990-2/100 Hours/Household/MTL-MT00058-024.txt -> gs://100hr-data/Household/IMU/MTL-MT00058-024.txt
OK    /Volumes/Samsung 990-2/100 Hours/Household/MTL-MT00072-068.mp4 -> gs://100hr-data/Household/Videos/MTL-MT00072-068.mp4
OK    /Volumes/Samsung 990-2/100 Hours/Household/MTL-MT00058-272.mp4 -> gs://100hr-data/Household/Videos/MTL-MT00058-272.mp4
OK    /Volumes/Samsung 990-2/100 Hours/Household/MTL-MT00062-068.mp4 -> gs://100hr-data/Household/Videos/MTL-MT00062-068.mp4
OK    /Volumes/Samsung 990-2/100 Hours/Household/MTL-MT00058-266.mp4 -> gs://100hr-data/Household/Videos/MTL-MT00058-266.mp4
OK    /Volumes/Samsung 990-2/100 Hours/Household/MTL-MT00072-167.aac -> gs://100hr-data/Household/IMU/MTL-MT00072-167.aac
OK    /Volumes/Samsung 990-2/100 Hours/Household/MTL-MT00072-054.mp4 -> gs://100hr-data/Household/Videos/MTL-MT00072-054.mp4
OK    /Volumes/Samsung 990-2/100 Hours/Household/MTL-MT00062-040.mp4 -> gs://100hr-data/Household/Videos/MTL-MT00062-040.mp4
OK    /Volumes/Samsung 990-2/100 Hours/Household/MTL-MT00062-054.mp4 -> gs://100hr-data/Household/Videos/MTL-MT00062-054.mp4
OK    /Volumes/Samsung 990-2/100 Hours/Household/MTL-MT00072-040.mp4 -> gs://100hr-data/Household/Videos/MTL-MT00072-040.mp4
OK    /Volumes/Samsung 990-2/100 Hours/Household/MTL-MT00072-173.aac -> gs://100hr-data/Household/IMU/MTL-MT00072-173.aac
OK    /Volumes/Samsung 990-2/100 Hours/Household/MTL-MT00072-198.aac -> gs://100hr-data/Household/IMU/MTL-MT00072-198.aac
OK    /Volumes/Samsung 990-2/100 Hours/Household/MTL-MT00072-014.txt -> gs://100hr-data/Household/IMU/MTL-MT00072-014.txt
OK    /Volumes/Samsung 990-2/100 Hours/Household/MTL-MT00062-014.txt -> gs://100hr-data/Household/IMU/MTL-MT00062-014.txt
OK    /Volumes/Samsung 990-2/100 Hours/Household/MTL-MT00058-232.txt -> gs://100hr-data/Household/IMU/MTL-MT00058-232.txt
OK    /Volumes/Samsung 990-2/100 Hours/Household/MTL-MT00072-097.mp4 -> gs://100hr-data/Household/Videos/MTL-MT00072-097.mp4
OK    /Volumes/Samsung 990-2/100 Hours/Household/MTL-MT00072-028.txt -> gs://100hr-data/Household/IMU/MTL-MT00072-028.txt
OK    /Volumes/Samsung 990-2/100 Hours/Household/MTL-MT00062-083.mp4 -> gs://100hr-data/Household/Videos/MTL-MT00062-083.mp4
OK    /Volumes/Samsung 990-2/100 Hours/Household/MTL-MT00062-028.txt -> gs://100hr-data/Household/IMU/MTL-MT00062-028.txt
OK    /Volumes/Samsung 990-2/100 Hours/Household/MTL-MT00062-097.mp4 -> gs://100hr-data/Household/Videos/MTL-MT00062-097.mp4
OK    /Volumes/Samsung 990-2/100 Hours/Household/MTL-MT00058-226.txt -> gs://100hr-data/Household/IMU/MTL-MT00058-226.txt
OK    /Volumes/Samsung 990-2/100 Hours/Household/MTL-MT00072-083.mp4 -> gs://100hr-data/Household/Videos/MTL-MT00072-083.mp4
OK    /Volumes/Samsung 990-2/100 Hours/Household/MTL-MT00062-096.mp4 -> gs://100hr-data/Household/Videos/MTL-MT00062-096.mp4
OK    /Volumes/Samsung 990-2/100 Hours/Household/MTL-MT00062-029.txt -> gs://100hr-data/Household/IMU/MTL-MT00062-029.txt
OK    /Volumes/Samsung 990-2/100 Hours/Household/MTL-MT00072-082.mp4 -> gs://100hr-data/Household/Videos/MTL-MT00072-082.mp4
OK    /Volumes/Samsung 990-2/100 Hours/Household/MTL-MT00058-227.txt -> gs://100hr-data/Household/IMU/MTL-MT00058-227.txt
OK    /Volumes/Samsung 990-2/100 Hours/Household/MTL-MT00072-029.txt -> gs://100hr-data/Household/IMU/MTL-MT00072-029.txt
OK    /Volumes/Samsung 990-2/100 Hours/Household/MTL-MT00072-096.mp4 -> gs://100hr-data/Household/Videos/MTL-MT00072-096.mp4
OK    /Volumes/Samsung 990-2/100 Hours/Household/MTL-MT00058-233.txt -> gs://100hr-data/Household/IMU/MTL-MT00058-233.txt
OK    /Volumes/Samsung 990-2/100 Hours/Household/MTL-MT00062-082.mp4 -> gs://100hr-data/Household/Videos/MTL-MT00062-082.mp4
OK    /Volumes/Samsung 990-2/100 Hours/Household/MTL-MT00062-015.txt -> gs://100hr-data/Household/IMU/MTL-MT00062-015.txt
OK    /Volumes/Samsung 990-2/100 Hours/Household/MTL-MT00072-015.txt -> gs://100hr-data/Household/IMU/MTL-MT00072-015.txt
OK    /Volumes/Samsung 990-2/100 Hours/Household/MTL-MT00072-199.aac -> gs://100hr-data/Household/IMU/MTL-MT00072-199.aac
OK    /Volumes/Samsung 990-2/100 Hours/Household/MTL-MT00062-055.mp4 -> gs://100hr-data/Household/Videos/MTL-MT00062-055.mp4
OK    /Volumes/Samsung 990-2/100 Hours/Household/MTL-MT00072-172.aac -> gs://100hr-data/Household/IMU/MTL-MT00072-172.aac
OK    /Volumes/Samsung 990-2/100 Hours/Household/MTL-MT00072-041.mp4 -> gs://100hr-data/Household/Videos/MTL-MT00072-041.mp4
OK    /Volumes/Samsung 990-2/100 Hours/Household/MTL-MT00072-055.mp4 -> gs://100hr-data/Household/Videos/MTL-MT00072-055.mp4
OK    /Volumes/Samsung 990-2/100 Hours/Household/MTL-MT00072-166.aac -> gs://100hr-data/Household/IMU/MTL-MT00072-166.aac
OK    /Volumes/Samsung 990-2/100 Hours/Household/MTL-MT00062-041.mp4 -> gs://100hr-data/Household/Videos/MTL-MT00062-041.mp4
OK    /Volumes/Samsung 990-2/100 Hours/Household/MTL-MT00062-069.mp4 -> gs://100hr-data/Household/Videos/MTL-MT00062-069.mp4
OK    /Volumes/Samsung 990-2/100 Hours/Household/MTL-MT00058-267.mp4 -> gs://100hr-data/Household/Videos/MTL-MT00058-267.mp4
OK    /Volumes/Samsung 990-2/100 Hours/Household/MTL-MT00058-273.mp4 -> gs://100hr-data/Household/Videos/MTL-MT00058-273.mp4
OK    /Volumes/Samsung 990-2/100 Hours/Household/MTL-MT00072-069.mp4 -> gs://100hr-data/Household/Videos/MTL-MT00072-069.mp4
OK    /Volumes/Samsung 990-2/100 Hours/Household/MTL-MT00058-025.txt -> gs://100hr-data/Household/IMU/MTL-MT00058-025.txt
OK    /Volumes/Samsung 990-2/100 Hours/Household/MTL-MT00058-031.txt -> gs://100hr-data/Household/IMU/MTL-MT00058-031.txt
OK    /Volumes/Samsung 990-2/100 Hours/Household/MTL-MT00058-019.txt -> gs://100hr-data/Household/IMU/MTL-MT00058-019.txt
OK    /Volumes/Samsung 990-2/100 Hours/Household/MTL-MT00058-195.aac -> gs://100hr-data/Household/IMU/MTL-MT00058-195.aac
OK    /Volumes/Samsung 990-2/100 Hours/Household/MTL-MT00072-203.txt -> gs://100hr-data/Household/IMU/MTL-MT00072-203.txt
OK    /Volumes/Samsung 990-2/100 Hours/Household/MTL-MT00072-217.txt -> gs://100hr-data/Household/IMU/MTL-MT00072-217.txt
OK    /Volumes/Samsung 990-2/100 Hours/Household/MTL-MT00058-181.aac -> gs://100hr-data/Household/IMU/MTL-MT00058-181.aac
OK    /Volumes/Samsung 990-2/100 Hours/Household/MTL-MT00058-059.mp4 -> gs://100hr-data/Household/Videos/MTL-MT00058-059.mp4
OK    /Volumes/Samsung 990-2/100 Hours/Household/MTL-MT00058-065.mp4 -> gs://100hr-data/Household/Videos/MTL-MT00058-065.mp4
OK    /Volumes/Samsung 990-2/100 Hours/Household/MTL-MT00058-156.aac -> gs://100hr-data/Household/IMU/MTL-MT00058-156.aac
OK    /Volumes/Samsung 990-2/100 Hours/Household/MTL-MT00058-142.aac -> gs://100hr-data/Household/IMU/MTL-MT00058-142.aac
OK    /Volumes/Samsung 990-2/100 Hours/Household/MTL-MT00058-071.mp4 -> gs://100hr-data/Household/Videos/MTL-MT00058-071.mp4
OK    /Volumes/Samsung 990-2/100 Hours/Household/MTL-MT00058-151.txt -> gs://100hr-data/Household/IMU/MTL-MT00058-151.txt
OK    /Volumes/Samsung 990-2/100 Hours/Household/MTL-MT00058-145.txt -> gs://100hr-data/Household/IMU/MTL-MT00058-145.txt
OK    /Volumes/Samsung 990-2/100 Hours/Household/MTL-MT00058-179.txt -> gs://100hr-data/Household/IMU/MTL-MT00058-179.txt
OK    /Volumes/Samsung 990-2/100 Hours/Household/MTL-MT00058-192.txt -> gs://100hr-data/Household/IMU/MTL-MT00058-192.txt
OK    /Volumes/Samsung 990-2/100 Hours/Household/MTL-MT00072-204.aac -> gs://100hr-data/Household/IMU/MTL-MT00072-204.aac
OK    /Volumes/Samsung 990-2/100 Hours/Household/MTL-MT00058-139.mp4 -> gs://100hr-data/Household/Videos/MTL-MT00058-139.mp4
OK    /Volumes/Samsung 990-2/100 Hours/Household/MTL-MT00072-210.aac -> gs://100hr-data/Household/IMU/MTL-MT00072-210.aac
OK    /Volumes/Samsung 990-2/100 Hours/Household/MTL-MT00058-186.txt -> gs://100hr-data/Household/IMU/MTL-MT00058-186.txt
OK    /Volumes/Samsung 990-2/100 Hours/Household/MTL-MT00058-111.mp4 -> gs://100hr-data/Household/Videos/MTL-MT00058-111.mp4
OK    /Volumes/Samsung 990-2/100 Hours/Household/MTL-MT00072-238.aac -> gs://100hr-data/Household/IMU/MTL-MT00072-238.aac
OK    /Volumes/Samsung 990-2/100 Hours/Household/MTL-MT00058-022.aac -> gs://100hr-data/Household/IMU/MTL-MT00058-022.aac
OK    /Volumes/Samsung 990-2/100 Hours/Household/MTL-MT00058-036.aac -> gs://100hr-data/Household/IMU/MTL-MT00058-036.aac
OK    /Volumes/Samsung 990-2/100 Hours/Household/MTL-MT00058-105.mp4 -> gs://100hr-data/Household/Videos/MTL-MT00058-105.mp4
OK    /Volumes/Samsung 990-2/100 Hours/Household/MTL-MT00072-149.txt -> gs://100hr-data/Household/IMU/MTL-MT00072-149.txt
OK    /Volumes/Samsung 990-2/100 Hours/Household/MTL-MT00072-175.txt -> gs://100hr-data/Household/IMU/MTL-MT00072-175.txt
OK    /Volumes/Samsung 990-2/100 Hours/Household/MTL-MT00072-161.txt -> gs://100hr-data/Household/IMU/MTL-MT00072-161.txt
OK    /Volumes/Samsung 990-2/100 Hours/Household/MTL-MT00062-012.aac -> gs://100hr-data/Household/IMU/MTL-MT00062-012.aac
OK    /Volumes/Samsung 990-2/100 Hours/Household/MTL-MT00072-006.aac -> gs://100hr-data/Household/IMU/MTL-MT00072-006.aac
OK    /Volumes/Samsung 990-2/100 Hours/Household/MTL-MT00072-135.mp4 -> gs://100hr-data/Household/Videos/MTL-MT00072-135.mp4
OK    /Volumes/Samsung 990-2/100 Hours/Household/MTL-MT00058-208.aac -> gs://100hr-data/Household/IMU/MTL-MT00058-208.aac
OK    /Volumes/Samsung 990-2/100 Hours/Household/MTL-MT00072-121.mp4 -> gs://100hr-data/Household/Videos/MTL-MT00072-121.mp4
OK    /Volumes/Samsung 990-2/100 Hours/Household/MTL-MT00072-012.aac -> gs://100hr-data/Household/IMU/MTL-MT00072-012.aac
OK    /Volumes/Samsung 990-2/100 Hours/Household/MTL-MT00058-220.aac -> gs://100hr-data/Household/IMU/MTL-MT00058-220.aac
OK    /Volumes/Samsung 990-2/100 Hours/Household/MTL-MT00072-109.mp4 -> gs://100hr-data/Household/Videos/MTL-MT00072-109.mp4
OK    /Volumes/Samsung 990-2/100 Hours/Household/MTL-MT00058-234.aac -> gs://100hr-data/Household/IMU/MTL-MT00058-234.aac
OK    /Volumes/Samsung 990-2/100 Hours/Household/MTL-MT00062-109.mp4 -> gs://100hr-data/Household/Videos/MTL-MT00062-109.mp4
OK    /Volumes/Samsung 990-2/100 Hours/Household/MTL-MT00072-038.aac -> gs://100hr-data/Household/IMU/MTL-MT00072-038.aac
OK    /Volumes/Samsung 990-2/100 Hours/Household/MTL-MT00058-222.aac -> gs://100hr-data/Household/IMU/MTL-MT00058-222.aac
OK    /Volumes/Samsung 990-2/100 Hours/Household/MTL-MT00062-038.aac -> gs://100hr-data/Household/IMU/MTL-MT00062-038.aac
OK    /Volumes/Samsung 990-2/100 Hours/Household/MTL-MT00058-236.aac -> gs://100hr-data/Household/IMU/MTL-MT00058-236.aac
OK    /Volumes/Samsung 990-2/100 Hours/Household/MTL-MT00072-137.mp4 -> gs://100hr-data/Household/Videos/MTL-MT00072-137.mp4
OK    /Volumes/Samsung 990-2/100 Hours/Household/MTL-MT00072-188.txt -> gs://100hr-data/Household/IMU/MTL-MT00072-188.txt
OK    /Volumes/Samsung 990-2/100 Hours/Household/MTL-MT00062-010.aac -> gs://100hr-data/Household/IMU/MTL-MT00062-010.aac
OK    /Volumes/Samsung 990-2/100 Hours/Household/MTL-MT00072-010.aac -> gs://100hr-data/Household/IMU/MTL-MT00072-010.aac
OK    /Volumes/Samsung 990-2/100 Hours/Household/MTL-MT00072-123.mp4 -> gs://100hr-data/Household/Videos/MTL-MT00072-123.mp4
OK    /Volumes/Samsung 990-2/100 Hours/Household/MTL-MT00072-177.txt -> gs://100hr-data/Household/IMU/MTL-MT00072-177.txt
OK    /Volumes/Samsung 990-2/100 Hours/Household/MTL-MT00072-163.txt -> gs://100hr-data/Household/IMU/MTL-MT00072-163.txt
OK    /Volumes/Samsung 990-2/100 Hours/Household/MTL-MT00058-020.aac -> gs://100hr-data/Household/IMU/MTL-MT00058-020.aac
OK    /Volumes/Samsung 990-2/100 Hours/Household/MTL-MT00058-113.mp4 -> gs://100hr-data/Household/Videos/MTL-MT00058-113.mp4
OK    /Volumes/Samsung 990-2/100 Hours/Household/MTL-MT00058-107.mp4 -> gs://100hr-data/Household/Videos/MTL-MT00058-107.mp4
OK    /Volumes/Samsung 990-2/100 Hours/Household/MTL-MT00058-034.aac -> gs://100hr-data/Household/IMU/MTL-MT00058-034.aac
OK    /Volumes/Samsung 990-2/100 Hours/Household/MTL-MT00072-206.aac -> gs://100hr-data/Household/IMU/MTL-MT00072-206.aac
OK    /Volumes/Samsung 990-2/100 Hours/Household/MTL-MT00058-190.txt -> gs://100hr-data/Household/IMU/MTL-MT00058-190.txt
OK    /Volumes/Samsung 990-2/100 Hours/Household/MTL-MT00058-008.aac -> gs://100hr-data/Household/IMU/MTL-MT00058-008.aac
OK    /Volumes/Samsung 990-2/100 Hours/Household/MTL-MT00058-184.txt -> gs://100hr-data/Household/IMU/MTL-MT00058-184.txt
OK    /Volumes/Samsung 990-2/100 Hours/Household/MTL-MT00072-212.aac -> gs://100hr-data/Household/IMU/MTL-MT00072-212.aac
OK    /Volumes/Samsung 990-2/100 Hours/Household/MTL-MT00058-153.txt -> gs://100hr-data/Household/IMU/MTL-MT00058-153.txt
OK    /Volumes/Samsung 990-2/100 Hours/Household/MTL-MT00058-147.txt -> gs://100hr-data/Household/IMU/MTL-MT00058-147.txt
OK    /Volumes/Samsung 990-2/100 Hours/Household/MTL-MT00058-154.aac -> gs://100hr-data/Household/IMU/MTL-MT00058-154.aac
OK    /Volumes/Samsung 990-2/100 Hours/Household/MTL-MT00058-067.mp4 -> gs://100hr-data/Household/Videos/MTL-MT00058-067.mp4
OK    /Volumes/Samsung 990-2/100 Hours/Household/MTL-MT00058-073.mp4 -> gs://100hr-data/Household/Videos/MTL-MT00058-073.mp4
OK    /Volumes/Samsung 990-2/100 Hours/Household/MTL-MT00058-140.aac -> gs://100hr-data/Household/IMU/MTL-MT00058-140.aac
OK    /Volumes/Samsung 990-2/100 Hours/Household/MTL-MT00072-241.mp4 -> gs://100hr-data/Household/Videos/MTL-MT00072-241.mp4
OK    /Volumes/Samsung 990-2/100 Hours/Household/MTL-MT00058-168.aac -> gs://100hr-data/Household/IMU/MTL-MT00058-168.aac
OK    /Volumes/Samsung 990-2/100 Hours/Household/MTL-MT00072-201.txt -> gs://100hr-data/Household/IMU/MTL-MT00072-201.txt
OK    /Volumes/Samsung 990-2/100 Hours/Household/MTL-MT00058-197.aac -> gs://100hr-data/Household/IMU/MTL-MT00058-197.aac
OK    /Volumes/Samsung 990-2/100 Hours/Household/MTL-MT00058-183.aac -> gs://100hr-data/Household/IMU/MTL-MT00058-183.aac
OK    /Volumes/Samsung 990-2/100 Hours/Household/MTL-MT00072-215.txt -> gs://100hr-data/Household/IMU/MTL-MT00072-215.txt
OK    /Volumes/Samsung 990-2/100 Hours/Household/MTL-MT00058-027.txt -> gs://100hr-data/Household/IMU/MTL-MT00058-027.txt
OK    /Volumes/Samsung 990-2/100 Hours/Household/MTL-MT00058-098.mp4 -> gs://100hr-data/Household/Videos/MTL-MT00058-098.mp4
OK    /Volumes/Samsung 990-2/100 Hours/Household/MTL-MT00072-229.txt -> gs://100hr-data/Household/IMU/MTL-MT00072-229.txt
OK    /Volumes/Samsung 990-2/100 Hours/Household/MTL-MT00058-033.txt -> gs://100hr-data/Household/IMU/MTL-MT00058-033.txt
OK    /Volumes/Samsung 990-2/100 Hours/Household/MTL-MT00058-265.mp4 -> gs://100hr-data/Household/Videos/MTL-MT00058-265.mp4
OK    /Volumes/Samsung 990-2/100 Hours/Household/MTL-MT00072-158.aac -> gs://100hr-data/Household/IMU/MTL-MT00072-158.aac
OK    /Volumes/Samsung 990-2/100 Hours/Household/MTL-MT00058-271.mp4 -> gs://100hr-data/Household/Videos/MTL-MT00058-271.mp4
OK    /Volumes/Samsung 990-2/100 Hours/Household/MTL-MT00072-043.mp4 -> gs://100hr-data/Household/Videos/MTL-MT00072-043.mp4
OK    /Volumes/Samsung 990-2/100 Hours/Household/MTL-MT00072-170.aac -> gs://100hr-data/Household/IMU/MTL-MT00072-170.aac
OK    /Volumes/Samsung 990-2/100 Hours/Household/MTL-MT00058-259.mp4 -> gs://100hr-data/Household/Videos/MTL-MT00058-259.mp4
OK    /Volumes/Samsung 990-2/100 Hours/Household/MTL-MT00062-057.mp4 -> gs://100hr-data/Household/Videos/MTL-MT00062-057.mp4
OK    /Volumes/Samsung 990-2/100 Hours/Household/MTL-MT00062-043.mp4 -> gs://100hr-data/Household/Videos/MTL-MT00062-043.mp4
OK    /Volumes/Samsung 990-2/100 Hours/Household/MTL-MT00072-164.aac -> gs://100hr-data/Household/IMU/MTL-MT00072-164.aac
OK    /Volumes/Samsung 990-2/100 Hours/Household/MTL-MT00072-057.mp4 -> gs://100hr-data/Household/Videos/MTL-MT00072-057.mp4
OK    /Volumes/Samsung 990-2/100 Hours/Household/MTL-MT00058-219.txt -> gs://100hr-data/Household/IMU/MTL-MT00058-219.txt
OK    /Volumes/Samsung 990-2/100 Hours/Household/MTL-MT00062-017.txt -> gs://100hr-data/Household/IMU/MTL-MT00062-017.txt
OK    /Volumes/Samsung 990-2/100 Hours/Household/MTL-MT00072-017.txt -> gs://100hr-data/Household/IMU/MTL-MT00072-017.txt
OK    /Volumes/Samsung 990-2/100 Hours/Household/MTL-MT00058-225.txt -> gs://100hr-data/Household/IMU/MTL-MT00058-225.txt
OK    /Volumes/Samsung 990-2/100 Hours/Household/MTL-MT00072-080.mp4 -> gs://100hr-data/Household/Videos/MTL-MT00072-080.mp4
OK    /Volumes/Samsung 990-2/100 Hours/Household/MTL-MT00062-094.mp4 -> gs://100hr-data/Household/Videos/MTL-MT00062-094.mp4
OK    /Volumes/Samsung 990-2/100 Hours/Household/MTL-MT00062-080.mp4 -> gs://100hr-data/Household/Videos/MTL-MT00062-080.mp4
OK    /Volumes/Samsung 990-2/100 Hours/Household/MTL-MT00058-231.txt -> gs://100hr-data/Household/IMU/MTL-MT00058-231.txt
OK    /Volumes/Samsung 990-2/100 Hours/Household/MTL-MT00072-094.mp4 -> gs://100hr-data/Household/Videos/MTL-MT00072-094.mp4
OK    /Volumes/Samsung 990-2/100 Hours/Household/MTL-MT00062-081.mp4 -> gs://100hr-data/Household/Videos/MTL-MT00062-081.mp4
OK    /Volumes/Samsung 990-2/100 Hours/Household/MTL-MT00072-095.mp4 -> gs://100hr-data/Household/Videos/MTL-MT00072-095.mp4
OK    /Volumes/Samsung 990-2/100 Hours/Household/MTL-MT00058-230.txt -> gs://100hr-data/Household/IMU/MTL-MT00058-230.txt
OK    /Volumes/Samsung 990-2/100 Hours/Household/MTL-MT00072-081.mp4 -> gs://100hr-data/Household/Videos/MTL-MT00072-081.mp4
OK    /Volumes/Samsung 990-2/100 Hours/Household/MTL-MT00058-224.txt -> gs://100hr-data/Household/IMU/MTL-MT00058-224.txt
OK    /Volumes/Samsung 990-2/100 Hours/Household/MTL-MT00062-095.mp4 -> gs://100hr-data/Household/Videos/MTL-MT00062-095.mp4
OK    /Volumes/Samsung 990-2/100 Hours/Household/MTL-MT00072-016.txt -> gs://100hr-data/Household/IMU/MTL-MT00072-016.txt
OK    /Volumes/Samsung 990-2/100 Hours/Household/MTL-MT00058-218.txt -> gs://100hr-data/Household/IMU/MTL-MT00058-218.txt
OK    /Volumes/Samsung 990-2/100 Hours/Household/MTL-MT00062-016.txt -> gs://100hr-data/Household/IMU/MTL-MT00062-016.txt
OK    /Volumes/Samsung 990-2/100 Hours/Household/MTL-MT00062-042.mp4 -> gs://100hr-data/Household/Videos/MTL-MT00062-042.mp4
OK    /Volumes/Samsung 990-2/100 Hours/Household/MTL-MT00072-056.mp4 -> gs://100hr-data/Household/Videos/MTL-MT00072-056.mp4
OK    /Volumes/Samsung 990-2/100 Hours/Household/MTL-MT00072-165.aac -> gs://100hr-data/Household/IMU/MTL-MT00072-165.aac
OK    /Volumes/Samsung 990-2/100 Hours/Household/MTL-MT00058-258.mp4 -> gs://100hr-data/Household/Videos/MTL-MT00058-258.mp4
OK    /Volumes/Samsung 990-2/100 Hours/Household/MTL-MT00072-171.aac -> gs://100hr-data/Household/IMU/MTL-MT00072-171.aac
OK    /Volumes/Samsung 990-2/100 Hours/Household/MTL-MT00072-042.mp4 -> gs://100hr-data/Household/Videos/MTL-MT00072-042.mp4
OK    /Volumes/Samsung 990-2/100 Hours/Household/MTL-MT00062-056.mp4 -> gs://100hr-data/Household/Videos/MTL-MT00062-056.mp4
OK    /Volumes/Samsung 990-2/100 Hours/Household/MTL-MT00058-270.mp4 -> gs://100hr-data/Household/Videos/MTL-MT00058-270.mp4
OK    /Volumes/Samsung 990-2/100 Hours/Household/MTL-MT00072-159.aac -> gs://100hr-data/Household/IMU/MTL-MT00072-159.aac
OK    /Volumes/Samsung 990-2/100 Hours/Household/MTL-MT00058-264.mp4 -> gs://100hr-data/Household/Videos/MTL-MT00058-264.mp4
OK    /Volumes/Samsung 990-2/100 Hours/Household/MTL-MT00058-032.txt -> gs://100hr-data/Household/IMU/MTL-MT00058-032.txt
OK    /Volumes/Samsung 990-2/100 Hours/Household/MTL-MT00072-228.txt -> gs://100hr-data/Household/IMU/MTL-MT00072-228.txt
OK    /Volumes/Samsung 990-2/100 Hours/Household/MTL-MT00058-099.mp4 -> gs://100hr-data/Household/Videos/MTL-MT00058-099.mp4
OK    /Volumes/Samsung 990-2/100 Hours/Household/MTL-MT00058-026.txt -> gs://100hr-data/Household/IMU/MTL-MT00058-026.txt
OK    /Volumes/Samsung 990-2/100 Hours/Household/MTL-MT00072-214.txt -> gs://100hr-data/Household/IMU/MTL-MT00072-214.txt
OK    /Volumes/Samsung 990-2/100 Hours/Household/MTL-MT00058-182.aac -> gs://100hr-data/Household/IMU/MTL-MT00058-182.aac
OK    /Volumes/Samsung 990-2/100 Hours/Household/MTL-MT00058-196.aac -> gs://100hr-data/Household/IMU/MTL-MT00058-196.aac
OK    /Volumes/Samsung 990-2/100 Hours/Household/MTL-MT00072-200.txt -> gs://100hr-data/Household/IMU/MTL-MT00072-200.txt
OK    /Volumes/Samsung 990-2/100 Hours/Household/MTL-MT00058-169.aac -> gs://100hr-data/Household/IMU/MTL-MT00058-169.aac
OK    /Volumes/Samsung 990-2/100 Hours/Household/MTL-MT00072-240.mp4 -> gs://100hr-data/Household/Videos/MTL-MT00072-240.mp4
OK    /Volumes/Samsung 990-2/100 Hours/Household/MTL-MT00058-141.aac -> gs://100hr-data/Household/IMU/MTL-MT00058-141.aac
OK    /Volumes/Samsung 990-2/100 Hours/Household/MTL-MT00058-072.mp4 -> gs://100hr-data/Household/Videos/MTL-MT00058-072.mp4
OK    /Volumes/Samsung 990-2/100 Hours/Household/MTL-MT00058-066.mp4 -> gs://100hr-data/Household/Videos/MTL-MT00058-066.mp4
OK    /Volumes/Samsung 990-2/100 Hours/Household/MTL-MT00058-155.aac -> gs://100hr-data/Household/IMU/MTL-MT00058-155.aac
OK    /Volumes/Samsung 990-2/100 Hours/Household/MTL-MT00058-146.txt -> gs://100hr-data/Household/IMU/MTL-MT00058-146.txt
OK    /Volumes/Samsung 990-2/100 Hours/Household/MTL-MT00058-152.txt -> gs://100hr-data/Household/IMU/MTL-MT00058-152.txt
OK    /Volumes/Samsung 990-2/100 Hours/Household/MTL-MT00072-213.aac -> gs://100hr-data/Household/IMU/MTL-MT00072-213.aac
OK    /Volumes/Samsung 990-2/100 Hours/Household/MTL-MT00058-185.txt -> gs://100hr-data/Household/IMU/MTL-MT00058-185.txt
OK    /Volumes/Samsung 990-2/100 Hours/Household/MTL-MT00058-009.aac -> gs://100hr-data/Household/IMU/MTL-MT00058-009.aac
OK    /Volumes/Samsung 990-2/100 Hours/Household/MTL-MT00058-191.txt -> gs://100hr-data/Household/IMU/MTL-MT00058-191.txt
OK    /Volumes/Samsung 990-2/100 Hours/Household/MTL-MT00072-207.aac -> gs://100hr-data/Household/IMU/MTL-MT00072-207.aac
OK    /Volumes/Samsung 990-2/100 Hours/Household/MTL-MT00058-035.aac -> gs://100hr-data/Household/IMU/MTL-MT00058-035.aac
OK    /Volumes/Samsung 990-2/100 Hours/Household/MTL-MT00058-106.mp4 -> gs://100hr-data/Household/Videos/MTL-MT00058-106.mp4
OK    /Volumes/Samsung 990-2/100 Hours/Household/MTL-MT00058-112.mp4 -> gs://100hr-data/Household/Videos/MTL-MT00058-112.mp4
OK    /Volumes/Samsung 990-2/100 Hours/Household/MTL-MT00058-021.aac -> gs://100hr-data/Household/IMU/MTL-MT00058-021.aac
OK    /Volumes/Samsung 990-2/100 Hours/Household/MTL-MT00072-162.txt -> gs://100hr-data/Household/IMU/MTL-MT00072-162.txt
OK    /Volumes/Samsung 990-2/100 Hours/Household/MTL-MT00072-176.txt -> gs://100hr-data/Household/IMU/MTL-MT00072-176.txt
OK    /Volumes/Samsung 990-2/100 Hours/Household/MTL-MT00072-122.mp4 -> gs://100hr-data/Household/Videos/MTL-MT00072-122.mp4
OK    /Volumes/Samsung 990-2/100 Hours/Household/MTL-MT00072-011.aac -> gs://100hr-data/Household/IMU/MTL-MT00072-011.aac
OK    /Volumes/Samsung 990-2/100 Hours/Household/MTL-MT00072-189.txt -> gs://100hr-data/Household/IMU/MTL-MT00072-189.txt
OK    /Volumes/Samsung 990-2/100 Hours/Household/MTL-MT00072-136.mp4 -> gs://100hr-data/Household/Videos/MTL-MT00072-136.mp4
OK    /Volumes/Samsung 990-2/100 Hours/Household/MTL-MT00062-011.aac -> gs://100hr-data/Household/IMU/MTL-MT00062-011.aac
OK    /Volumes/Samsung 990-2/100 Hours/Household/MTL-MT00062-039.aac -> gs://100hr-data/Household/IMU/MTL-MT00062-039.aac
OK    /Volumes/Samsung 990-2/100 Hours/Household/MTL-MT00058-237.aac -> gs://100hr-data/Household/IMU/MTL-MT00058-237.aac
OK    /Volumes/Samsung 990-2/100 Hours/Household/MTL-MT00058-223.aac -> gs://100hr-data/Household/IMU/MTL-MT00058-223.aac
OK    /Volumes/Samsung 990-2/100 Hours/Household/MTL-MT00072-039.aac -> gs://100hr-data/Household/IMU/MTL-MT00072-039.aac
OK    /Volumes/Samsung 990-2/100 Hours/Household/MTL-MT00062-015.aac -> gs://100hr-data/Household/IMU/MTL-MT00062-015.aac
OK    /Volumes/Samsung 990-2/100 Hours/Household/MTL-MT00072-132.mp4 -> gs://100hr-data/Household/Videos/MTL-MT00072-132.mp4
OK    /Volumes/Samsung 990-2/100 Hours/Household/MTL-MT00072-015.aac -> gs://100hr-data/Household/IMU/MTL-MT00072-015.aac
OK    /Volumes/Samsung 990-2/100 Hours/Household/MTL-MT00072-199.txt -> gs://100hr-data/Household/IMU/MTL-MT00072-199.txt
OK    /Volumes/Samsung 990-2/100 Hours/Household/MTL-MT00072-126.mp4 -> gs://100hr-data/Household/Videos/MTL-MT00072-126.mp4
OK    /Volumes/Samsung 990-2/100 Hours/Household/MTL-MT00062-029.aac -> gs://100hr-data/Household/IMU/MTL-MT00062-029.aac
OK    /Volumes/Samsung 990-2/100 Hours/Household/MTL-MT00058-227.aac -> gs://100hr-data/Household/IMU/MTL-MT00058-227.aac
OK    /Volumes/Samsung 990-2/100 Hours/Household/MTL-MT00058-233.aac -> gs://100hr-data/Household/IMU/MTL-MT00058-233.aac
OK    /Volumes/Samsung 990-2/100 Hours/Household/MTL-MT00072-029.aac -> gs://100hr-data/Household/IMU/MTL-MT00072-029.aac
OK    /Volumes/Samsung 990-2/100 Hours/Household/MTL-MT00072-172.txt -> gs://100hr-data/Household/IMU/MTL-MT00072-172.txt
OK    /Volumes/Samsung 990-2/100 Hours/Household/MTL-MT00072-166.txt -> gs://100hr-data/Household/IMU/MTL-MT00072-166.txt
OK    /Volumes/Samsung 990-2/100 Hours/Household/MTL-MT00072-203.aac -> gs://100hr-data/Household/IMU/MTL-MT00072-203.aac
OK    /Volumes/Samsung 990-2/100 Hours/Household/MTL-MT00058-019.aac -> gs://100hr-data/Household/IMU/MTL-MT00058-019.aac
OK    /Volumes/Samsung 990-2/100 Hours/Household/MTL-MT00058-195.txt -> gs://100hr-data/Household/IMU/MTL-MT00058-195.txt
OK    /Volumes/Samsung 990-2/100 Hours/Household/MTL-MT00058-181.txt -> gs://100hr-data/Household/IMU/MTL-MT00058-181.txt
OK    /Volumes/Samsung 990-2/100 Hours/Household/MTL-MT00072-217.aac -> gs://100hr-data/Household/IMU/MTL-MT00072-217.aac
OK    /Volumes/Samsung 990-2/100 Hours/Household/MTL-MT00058-025.aac -> gs://100hr-data/Household/IMU/MTL-MT00058-025.aac
OK    /Volumes/Samsung 990-2/100 Hours/Household/MTL-MT00058-116.mp4 -> gs://100hr-data/Household/Videos/MTL-MT00058-116.mp4
OK    /Volumes/Samsung 990-2/100 Hours/Household/MTL-MT00058-102.mp4 -> gs://100hr-data/Household/Videos/MTL-MT00058-102.mp4
OK    /Volumes/Samsung 990-2/100 Hours/Household/MTL-MT00058-031.aac -> gs://100hr-data/Household/IMU/MTL-MT00058-031.aac
OK    /Volumes/Samsung 990-2/100 Hours/Household/MTL-MT00058-156.txt -> gs://100hr-data/Household/IMU/MTL-MT00058-156.txt
OK    /Volumes/Samsung 990-2/100 Hours/Household/MTL-MT00058-142.txt -> gs://100hr-data/Household/IMU/MTL-MT00058-142.txt
OK    /Volumes/Samsung 990-2/100 Hours/Household/MTL-MT00058-179.aac -> gs://100hr-data/Household/IMU/MTL-MT00058-179.aac
OK    /Volumes/Samsung 990-2/100 Hours/Household/MTL-MT00058-151.aac -> gs://100hr-data/Household/IMU/MTL-MT00058-151.aac
OK    /Volumes/Samsung 990-2/100 Hours/Household/MTL-MT00058-062.mp4 -> gs://100hr-data/Household/Videos/MTL-MT00058-062.mp4
OK    /Volumes/Samsung 990-2/100 Hours/Household/MTL-MT00058-076.mp4 -> gs://100hr-data/Household/Videos/MTL-MT00058-076.mp4
OK    /Volumes/Samsung 990-2/100 Hours/Household/MTL-MT00058-145.aac -> gs://100hr-data/Household/IMU/MTL-MT00058-145.aac
OK    /Volumes/Samsung 990-2/100 Hours/Household/MTL-MT00058-022.txt -> gs://100hr-data/Household/IMU/MTL-MT00058-022.txt
OK    /Volumes/Samsung 990-2/100 Hours/Household/MTL-MT00072-238.txt -> gs://100hr-data/Household/IMU/MTL-MT00072-238.txt
OK    /Volumes/Samsung 990-2/100 Hours/Household/MTL-MT00058-089.mp4 -> gs://100hr-data/Household/Videos/MTL-MT00058-089.mp4
OK    /Volumes/Samsung 990-2/100 Hours/Household/MTL-MT00058-036.txt -> gs://100hr-data/Household/IMU/MTL-MT00058-036.txt
OK    /Volumes/Samsung 990-2/100 Hours/Household/MTL-MT00072-204.txt -> gs://100hr-data/Household/IMU/MTL-MT00072-204.txt
OK    /Volumes/Samsung 990-2/100 Hours/Household/MTL-MT00058-192.aac -> gs://100hr-data/Household/IMU/MTL-MT00058-192.aac
OK    /Volumes/Samsung 990-2/100 Hours/Household/MTL-MT00058-186.aac -> gs://100hr-data/Household/IMU/MTL-MT00058-186.aac
OK    /Volumes/Samsung 990-2/100 Hours/Household/MTL-MT00072-210.txt -> gs://100hr-data/Household/IMU/MTL-MT00072-210.txt
OK    /Volumes/Samsung 990-2/100 Hours/Household/MTL-MT00062-052.mp4 -> gs://100hr-data/Household/Videos/MTL-MT00062-052.mp4
OK    /Volumes/Samsung 990-2/100 Hours/Household/MTL-MT00072-046.mp4 -> gs://100hr-data/Household/Videos/MTL-MT00072-046.mp4
OK    /Volumes/Samsung 990-2/100 Hours/Household/MTL-MT00072-175.aac -> gs://100hr-data/Household/IMU/MTL-MT00072-175.aac
OK    /Volumes/Samsung 990-2/100 Hours/Household/MTL-MT00058-248.mp4 -> gs://100hr-data/Household/Videos/MTL-MT00058-248.mp4
OK    /Volumes/Samsung 990-2/100 Hours/Household/MTL-MT00072-161.aac -> gs://100hr-data/Household/IMU/MTL-MT00072-161.aac
OK    /Volumes/Samsung 990-2/100 Hours/Household/MTL-MT00072-052.mp4 -> gs://100hr-data/Household/Videos/MTL-MT00072-052.mp4
OK    /Volumes/Samsung 990-2/100 Hours/Household/MTL-MT00062-046.mp4 -> gs://100hr-data/Household/Videos/MTL-MT00062-046.mp4
OK    /Volumes/Samsung 990-2/100 Hours/Household/MTL-MT00058-260.mp4 -> gs://100hr-data/Household/Videos/MTL-MT00058-260.mp4
OK    /Volumes/Samsung 990-2/100 Hours/Household/MTL-MT00072-149.aac -> gs://100hr-data/Household/IMU/MTL-MT00072-149.aac
OK    /Volumes/Samsung 990-2/100 Hours/Household/MTL-MT00058-274.mp4 -> gs://100hr-data/Household/Videos/MTL-MT00058-274.mp4
OK    /Volumes/Samsung 990-2/100 Hours/Household/MTL-MT00062-091.mp4 -> gs://100hr-data/Household/Videos/MTL-MT00062-091.mp4
OK    /Volumes/Samsung 990-2/100 Hours/Household/MTL-MT00058-220.txt -> gs://100hr-data/Household/IMU/MTL-MT00058-220.txt
OK    /Volumes/Samsung 990-2/100 Hours/Household/MTL-MT00072-085.mp4 -> gs://100hr-data/Household/Videos/MTL-MT00072-085.mp4
OK    /Volumes/Samsung 990-2/100 Hours/Household/MTL-MT00058-234.txt -> gs://100hr-data/Household/IMU/MTL-MT00058-234.txt
OK    /Volumes/Samsung 990-2/100 Hours/Household/MTL-MT00072-091.mp4 -> gs://100hr-data/Household/Videos/MTL-MT00072-091.mp4
OK    /Volumes/Samsung 990-2/100 Hours/Household/MTL-MT00062-085.mp4 -> gs://100hr-data/Household/Videos/MTL-MT00062-085.mp4
OK    /Volumes/Samsung 990-2/100 Hours/Household/MTL-MT00062-012.txt -> gs://100hr-data/Household/IMU/MTL-MT00062-012.txt
OK    /Volumes/Samsung 990-2/100 Hours/Household/MTL-MT00072-006.txt -> gs://100hr-data/Household/IMU/MTL-MT00072-006.txt
OK    /Volumes/Samsung 990-2/100 Hours/Household/MTL-MT00072-012.txt -> gs://100hr-data/Household/IMU/MTL-MT00072-012.txt
OK    /Volumes/Samsung 990-2/100 Hours/Household/MTL-MT00058-208.txt -> gs://100hr-data/Household/IMU/MTL-MT00058-208.txt
OK    /Volumes/Samsung 990-2/100 Hours/Household/MTL-MT00058-209.txt -> gs://100hr-data/Household/IMU/MTL-MT00058-209.txt
OK    /Volumes/Samsung 990-2/100 Hours/Household/MTL-MT00072-013.txt -> gs://100hr-data/Household/IMU/MTL-MT00072-013.txt
OK    /Volumes/Samsung 990-2/100 Hours/Household/MTL-MT00062-013.txt -> gs://100hr-data/Household/IMU/MTL-MT00062-013.txt
OK    /Volumes/Samsung 990-2/100 Hours/Household/MTL-MT00072-007.txt -> gs://100hr-data/Household/IMU/MTL-MT00072-007.txt
OK    /Volumes/Samsung 990-2/100 Hours/Household/MTL-MT00072-090.mp4 -> gs://100hr-data/Household/Videos/MTL-MT00072-090.mp4
OK    /Volumes/Samsung 990-2/100 Hours/Household/MTL-MT00058-235.txt -> gs://100hr-data/Household/IMU/MTL-MT00058-235.txt
OK    /Volumes/Samsung 990-2/100 Hours/Household/MTL-MT00062-084.mp4 -> gs://100hr-data/Household/Videos/MTL-MT00062-084.mp4
OK    /Volumes/Samsung 990-2/100 Hours/Household/MTL-MT00062-090.mp4 -> gs://100hr-data/Household/Videos/MTL-MT00062-090.mp4
OK    /Volumes/Samsung 990-2/100 Hours/Household/MTL-MT00072-084.mp4 -> gs://100hr-data/Household/Videos/MTL-MT00072-084.mp4
OK    /Volumes/Samsung 990-2/100 Hours/Household/MTL-MT00058-221.txt -> gs://100hr-data/Household/IMU/MTL-MT00058-221.txt
OK    /Volumes/Samsung 990-2/100 Hours/Household/MTL-MT00058-275.mp4 -> gs://100hr-data/Household/Videos/MTL-MT00058-275.mp4
OK    /Volumes/Samsung 990-2/100 Hours/Household/MTL-MT00072-148.aac -> gs://100hr-data/Household/IMU/MTL-MT00072-148.aac
OK    /Volumes/Samsung 990-2/100 Hours/Household/MTL-MT00058-261.mp4 -> gs://100hr-data/Household/Videos/MTL-MT00058-261.mp4
OK    /Volumes/Samsung 990-2/100 Hours/Household/MTL-MT00072-053.mp4 -> gs://100hr-data/Household/Videos/MTL-MT00072-053.mp4
OK    /Volumes/Samsung 990-2/100 Hours/Household/MTL-MT00072-160.aac -> gs://100hr-data/Household/IMU/MTL-MT00072-160.aac
OK    /Volumes/Samsung 990-2/100 Hours/Household/MTL-MT00058-249.mp4 -> gs://100hr-data/Household/Videos/MTL-MT00058-249.mp4
OK    /Volumes/Samsung 990-2/100 Hours/Household/MTL-MT00062-047.mp4 -> gs://100hr-data/Household/Videos/MTL-MT00062-047.mp4
OK    /Volumes/Samsung 990-2/100 Hours/Household/MTL-MT00062-053.mp4 -> gs://100hr-data/Household/Videos/MTL-MT00062-053.mp4
OK    /Volumes/Samsung 990-2/100 Hours/Household/MTL-MT00072-174.aac -> gs://100hr-data/Household/IMU/MTL-MT00072-174.aac
OK    /Volumes/Samsung 990-2/100 Hours/Household/MTL-MT00072-047.mp4 -> gs://100hr-data/Household/Videos/MTL-MT00072-047.mp4
OK    /Volumes/Samsung 990-2/100 Hours/Household/MTL-MT00072-211.txt -> gs://100hr-data/Household/IMU/MTL-MT00072-211.txt
OK    /Volumes/Samsung 990-2/100 Hours/Household/MTL-MT00058-187.aac -> gs://100hr-data/Household/IMU/MTL-MT00058-187.aac
OK    /Volumes/Samsung 990-2/100 Hours/Household/MTL-MT00058-193.aac -> gs://100hr-data/Household/IMU/MTL-MT00058-193.aac
OK    /Volumes/Samsung 990-2/100 Hours/Household/MTL-MT00072-205.txt -> gs://100hr-data/Household/IMU/MTL-MT00072-205.txt
OK    /Volumes/Samsung 990-2/100 Hours/Household/MTL-MT00058-037.txt -> gs://100hr-data/Household/IMU/MTL-MT00058-037.txt
OK    /Volumes/Samsung 990-2/100 Hours/Household/MTL-MT00058-088.mp4 -> gs://100hr-data/Household/Videos/MTL-MT00058-088.mp4
OK    /Volumes/Samsung 990-2/100 Hours/Household/MTL-MT00072-239.txt -> gs://100hr-data/Household/IMU/MTL-MT00072-239.txt
OK    /Volumes/Samsung 990-2/100 Hours/Household/MTL-MT00058-023.txt -> gs://100hr-data/Household/IMU/MTL-MT00058-023.txt
OK    /Volumes/Samsung 990-2/100 Hours/Household/MTL-MT00058-144.aac -> gs://100hr-data/Household/IMU/MTL-MT00058-144.aac
OK    /Volumes/Samsung 990-2/100 Hours/Household/MTL-MT00058-077.mp4 -> gs://100hr-data/Household/Videos/MTL-MT00058-077.mp4
OK    /Volumes/Samsung 990-2/100 Hours/Household/MTL-MT00058-063.mp4 -> gs://100hr-data/Household/Videos/MTL-MT00058-063.mp4
OK    /Volumes/Samsung 990-2/100 Hours/Household/MTL-MT00058-150.aac -> gs://100hr-data/Household/IMU/MTL-MT00058-150.aac
OK    /Volumes/Samsung 990-2/100 Hours/Household/MTL-MT00058-178.aac -> gs://100hr-data/Household/IMU/MTL-MT00058-178.aac
OK    /Volumes/Samsung 990-2/100 Hours/Household/MTL-MT00058-143.txt -> gs://100hr-data/Household/IMU/MTL-MT00058-143.txt
OK    /Volumes/Samsung 990-2/100 Hours/Household/MTL-MT00058-157.txt -> gs://100hr-data/Household/IMU/MTL-MT00058-157.txt
OK    /Volumes/Samsung 990-2/100 Hours/Household/MTL-MT00058-030.aac -> gs://100hr-data/Household/IMU/MTL-MT00058-030.aac
OK    /Volumes/Samsung 990-2/100 Hours/Household/MTL-MT00058-103.mp4 -> gs://100hr-data/Household/Videos/MTL-MT00058-103.mp4
OK    /Volumes/Samsung 990-2/100 Hours/Household/MTL-MT00058-117.mp4 -> gs://100hr-data/Household/Videos/MTL-MT00058-117.mp4
OK    /Volumes/Samsung 990-2/100 Hours/Household/MTL-MT00058-024.aac -> gs://100hr-data/Household/IMU/MTL-MT00058-024.aac
OK    /Volumes/Samsung 990-2/100 Hours/Household/MTL-MT00072-216.aac -> gs://100hr-data/Household/IMU/MTL-MT00072-216.aac
OK    /Volumes/Samsung 990-2/100 Hours/Household/MTL-MT00058-180.txt -> gs://100hr-data/Household/IMU/MTL-MT00058-180.txt
OK    /Volumes/Samsung 990-2/100 Hours/Household/MTL-MT00058-194.txt -> gs://100hr-data/Household/IMU/MTL-MT00058-194.txt
OK    /Volumes/Samsung 990-2/100 Hours/Household/MTL-MT00058-018.aac -> gs://100hr-data/Household/IMU/MTL-MT00058-018.aac
OK    /Volumes/Samsung 990-2/100 Hours/Household/MTL-MT00072-202.aac -> gs://100hr-data/Household/IMU/MTL-MT00072-202.aac
OK    /Volumes/Samsung 990-2/100 Hours/Household/MTL-MT00072-167.txt -> gs://100hr-data/Household/IMU/MTL-MT00072-167.txt
OK    /Volumes/Samsung 990-2/100 Hours/Household/MTL-MT00072-173.txt -> gs://100hr-data/Household/IMU/MTL-MT00072-173.txt
OK    /Volumes/Samsung 990-2/100 Hours/Household/MTL-MT00072-028.aac -> gs://100hr-data/Household/IMU/MTL-MT00072-028.aac
OK    /Volumes/Samsung 990-2/100 Hours/Household/MTL-MT00058-232.aac -> gs://100hr-data/Household/IMU/MTL-MT00058-232.aac
OK    /Volumes/Samsung 990-2/100 Hours/Household/MTL-MT00062-028.aac -> gs://100hr-data/Household/IMU/MTL-MT00062-028.aac
OK    /Volumes/Samsung 990-2/100 Hours/Household/MTL-MT00058-226.aac -> gs://100hr-data/Household/IMU/MTL-MT00058-226.aac
OK    /Volumes/Samsung 990-2/100 Hours/Household/MTL-MT00072-127.mp4 -> gs://100hr-data/Household/Videos/MTL-MT00072-127.mp4
OK    /Volumes/Samsung 990-2/100 Hours/Household/MTL-MT00072-198.txt -> gs://100hr-data/Household/IMU/MTL-MT00072-198.txt
OK    /Volumes/Samsung 990-2/100 Hours/Household/MTL-MT00072-014.aac -> gs://100hr-data/Household/IMU/MTL-MT00072-014.aac
OK    /Volumes/Samsung 990-2/100 Hours/Household/MTL-MT00062-014.aac -> gs://100hr-data/Household/IMU/MTL-MT00062-014.aac
OK    /Volumes/Samsung 990-2/100 Hours/Household/MTL-MT00072-133.mp4 -> gs://100hr-data/Household/Videos/MTL-MT00072-133.mp4
OK    /Volumes/Samsung 990-2/100 Hours/Household/MTL-MT00072-016.aac -> gs://100hr-data/Household/IMU/MTL-MT00072-016.aac
OK    /Volumes/Samsung 990-2/100 Hours/Household/MTL-MT00072-125.mp4 -> gs://100hr-data/Household/Videos/MTL-MT00072-125.mp4
OK    /Volumes/Samsung 990-2/100 Hours/Household/MTL-MT00058-218.aac -> gs://100hr-data/Household/IMU/MTL-MT00058-218.aac
OK    /Volumes/Samsung 990-2/100 Hours/Household/MTL-MT00072-131.mp4 -> gs://100hr-data/Household/Videos/MTL-MT00072-131.mp4
OK    /Volumes/Samsung 990-2/100 Hours/Household/MTL-MT00062-016.aac -> gs://100hr-data/Household/IMU/MTL-MT00062-016.aac
OK    /Volumes/Samsung 990-2/100 Hours/Household/MTL-MT00058-230.aac -> gs://100hr-data/Household/IMU/MTL-MT00058-230.aac
OK    /Volumes/Samsung 990-2/100 Hours/Household/MTL-MT00072-119.mp4 -> gs://100hr-data/Household/Videos/MTL-MT00072-119.mp4
OK    /Volumes/Samsung 990-2/100 Hours/Household/MTL-MT00058-224.aac -> gs://100hr-data/Household/IMU/MTL-MT00058-224.aac
OK    /Volumes/Samsung 990-2/100 Hours/Household/MTL-MT00072-159.txt -> gs://100hr-data/Household/IMU/MTL-MT00072-159.txt
OK    /Volumes/Samsung 990-2/100 Hours/Household/MTL-MT00072-165.txt -> gs://100hr-data/Household/IMU/MTL-MT00072-165.txt
OK    /Volumes/Samsung 990-2/100 Hours/Household/MTL-MT00072-171.txt -> gs://100hr-data/Household/IMU/MTL-MT00072-171.txt
OK    /Volumes/Samsung 990-2/100 Hours/Household/MTL-MT00058-182.txt -> gs://100hr-data/Household/IMU/MTL-MT00058-182.txt
OK    /Volumes/Samsung 990-2/100 Hours/Household/MTL-MT00072-214.aac -> gs://100hr-data/Household/IMU/MTL-MT00072-214.aac
OK    /Volumes/Samsung 990-2/100 Hours/Household/MTL-MT00058-129.mp4 -> gs://100hr-data/Household/Videos/MTL-MT00058-129.mp4
OK    /Volumes/Samsung 990-2/100 Hours/Household/MTL-MT00072-200.aac -> gs://100hr-data/Household/IMU/MTL-MT00072-200.aac
OK    /Volumes/Samsung 990-2/100 Hours/Household/MTL-MT00058-196.txt -> gs://100hr-data/Household/IMU/MTL-MT00058-196.txt
OK    /Volumes/Samsung 990-2/100 Hours/Household/MTL-MT00058-101.mp4 -> gs://100hr-data/Household/Videos/MTL-MT00058-101.mp4
OK    /Volumes/Samsung 990-2/100 Hours/Household/MTL-MT00072-228.aac -> gs://100hr-data/Household/IMU/MTL-MT00072-228.aac
OK    /Volumes/Samsung 990-2/100 Hours/Household/MTL-MT00058-032.aac -> gs://100hr-data/Household/IMU/MTL-MT00058-032.aac
OK    /Volumes/Samsung 990-2/100 Hours/Household/MTL-MT00058-026.aac -> gs://100hr-data/Household/IMU/MTL-MT00058-026.aac
OK    /Volumes/Samsung 990-2/100 Hours/Household/MTL-MT00058-115.mp4 -> gs://100hr-data/Household/Videos/MTL-MT00058-115.mp4
OK    /Volumes/Samsung 990-2/100 Hours/Household/MTL-MT00058-141.txt -> gs://100hr-data/Household/IMU/MTL-MT00058-141.txt
OK    /Volumes/Samsung 990-2/100 Hours/Household/MTL-MT00058-155.txt -> gs://100hr-data/Household/IMU/MTL-MT00058-155.txt
OK    /Volumes/Samsung 990-2/100 Hours/Household/MTL-MT00058-169.txt -> gs://100hr-data/Household/IMU/MTL-MT00058-169.txt
OK    /Volumes/Samsung 990-2/100 Hours/Household/MTL-MT00058-049.mp4 -> gs://100hr-data/Household/Videos/MTL-MT00058-049.mp4
OK    /Volumes/Samsung 990-2/100 Hours/Household/MTL-MT00058-075.mp4 -> gs://100hr-data/Household/Videos/MTL-MT00058-075.mp4
OK    /Volumes/Samsung 990-2/100 Hours/Household/MTL-MT00058-146.aac -> gs://100hr-data/Household/IMU/MTL-MT00058-146.aac
OK    /Volumes/Samsung 990-2/100 Hours/Household/MTL-MT00058-152.aac -> gs://100hr-data/Household/IMU/MTL-MT00058-152.aac
OK    /Volumes/Samsung 990-2/100 Hours/Household/MTL-MT00058-061.mp4 -> gs://100hr-data/Household/Videos/MTL-MT00058-061.mp4
OK    /Volumes/Samsung 990-2/100 Hours/Household/MTL-MT00058-035.txt -> gs://100hr-data/Household/IMU/MTL-MT00058-035.txt
OK    /Volumes/Samsung 990-2/100 Hours/Household/MTL-MT00058-021.txt -> gs://100hr-data/Household/IMU/MTL-MT00058-021.txt
OK    /Volumes/Samsung 990-2/100 Hours/Household/MTL-MT00058-185.aac -> gs://100hr-data/Household/IMU/MTL-MT00058-185.aac
OK    /Volumes/Samsung 990-2/100 Hours/Household/MTL-MT00058-009.txt -> gs://100hr-data/Household/IMU/MTL-MT00058-009.txt
OK    /Volumes/Samsung 990-2/100 Hours/Household/MTL-MT00072-213.txt -> gs://100hr-data/Household/IMU/MTL-MT00072-213.txt
OK    /Volumes/Samsung 990-2/100 Hours/Household/MTL-MT00072-207.txt -> gs://100hr-data/Household/IMU/MTL-MT00072-207.txt
OK    /Volumes/Samsung 990-2/100 Hours/Household/MTL-MT00058-191.aac -> gs://100hr-data/Household/IMU/MTL-MT00058-191.aac
OK    /Volumes/Samsung 990-2/100 Hours/Household/MTL-MT00062-045.mp4 -> gs://100hr-data/Household/Videos/MTL-MT00062-045.mp4
OK    /Volumes/Samsung 990-2/100 Hours/Household/MTL-MT00072-162.aac -> gs://100hr-data/Household/IMU/MTL-MT00072-162.aac
OK    /Volumes/Samsung 990-2/100 Hours/Household/MTL-MT00072-051.mp4 -> gs://100hr-data/Household/Videos/MTL-MT00072-051.mp4
OK    /Volumes/Samsung 990-2/100 Hours/Household/MTL-MT00072-045.mp4 -> gs://100hr-data/Household/Videos/MTL-MT00072-045.mp4
OK    /Volumes/Samsung 990-2/100 Hours/Household/MTL-MT00072-176.aac -> gs://100hr-data/Household/IMU/MTL-MT00072-176.aac
OK    /Volumes/Samsung 990-2/100 Hours/Household/MTL-MT00062-051.mp4 -> gs://100hr-data/Household/Videos/MTL-MT00062-051.mp4
OK    /Volumes/Samsung 990-2/100 Hours/Household/MTL-MT00062-079.mp4 -> gs://100hr-data/Household/Videos/MTL-MT00062-079.mp4
OK    /Volumes/Samsung 990-2/100 Hours/Household/MTL-MT00058-277.mp4 -> gs://100hr-data/Household/Videos/MTL-MT00058-277.mp4
OK    /Volumes/Samsung 990-2/100 Hours/Household/MTL-MT00058-263.mp4 -> gs://100hr-data/Household/Videos/MTL-MT00058-263.mp4
OK    /Volumes/Samsung 990-2/100 Hours/Household/MTL-MT00072-079.mp4 -> gs://100hr-data/Household/Videos/MTL-MT00072-079.mp4
OK    /Volumes/Samsung 990-2/100 Hours/Household/MTL-MT00062-086.mp4 -> gs://100hr-data/Household/Videos/MTL-MT00062-086.mp4
OK    /Volumes/Samsung 990-2/100 Hours/Household/MTL-MT00062-039.txt -> gs://100hr-data/Household/IMU/MTL-MT00062-039.txt
OK    /Volumes/Samsung 990-2/100 Hours/Household/MTL-MT00058-237.txt -> gs://100hr-data/Household/IMU/MTL-MT00058-237.txt
OK    /Volumes/Samsung 990-2/100 Hours/Household/MTL-MT00072-092.mp4 -> gs://100hr-data/Household/Videos/MTL-MT00072-092.mp4
OK    /Volumes/Samsung 990-2/100 Hours/Household/MTL-MT00072-039.txt -> gs://100hr-data/Household/IMU/MTL-MT00072-039.txt
OK    /Volumes/Samsung 990-2/100 Hours/Household/MTL-MT00058-223.txt -> gs://100hr-data/Household/IMU/MTL-MT00058-223.txt
OK    /Volumes/Samsung 990-2/100 Hours/Household/MTL-MT00072-086.mp4 -> gs://100hr-data/Household/Videos/MTL-MT00072-086.mp4
OK    /Volumes/Samsung 990-2/100 Hours/Household/MTL-MT00062-092.mp4 -> gs://100hr-data/Household/Videos/MTL-MT00062-092.mp4
OK    /Volumes/Samsung 990-2/100 Hours/Household/MTL-MT00072-011.txt -> gs://100hr-data/Household/IMU/MTL-MT00072-011.txt
OK    /Volumes/Samsung 990-2/100 Hours/Household/MTL-MT00072-189.aac -> gs://100hr-data/Household/IMU/MTL-MT00072-189.aac
OK    /Volumes/Samsung 990-2/100 Hours/Household/MTL-MT00062-011.txt -> gs://100hr-data/Household/IMU/MTL-MT00062-011.txt
OK    /Volumes/Samsung 990-2/100 Hours/Household/MTL-MT00072-188.aac -> gs://100hr-data/Household/IMU/MTL-MT00072-188.aac
OK    /Volumes/Samsung 990-2/100 Hours/Household/MTL-MT00062-010.txt -> gs://100hr-data/Household/IMU/MTL-MT00062-010.txt
OK    /Volumes/Samsung 990-2/100 Hours/Household/MTL-MT00072-010.txt -> gs://100hr-data/Household/IMU/MTL-MT00072-010.txt
OK    /Volumes/Samsung 990-2/100 Hours/Household/MTL-MT00072-087.mp4 -> gs://100hr-data/Household/Videos/MTL-MT00072-087.mp4
OK    /Volumes/Samsung 990-2/100 Hours/Household/MTL-MT00058-222.txt -> gs://100hr-data/Household/IMU/MTL-MT00058-222.txt
OK    /Volumes/Samsung 990-2/100 Hours/Household/MTL-MT00072-038.txt -> gs://100hr-data/Household/IMU/MTL-MT00072-038.txt
OK    /Volumes/Samsung 990-2/100 Hours/Household/MTL-MT00062-093.mp4 -> gs://100hr-data/Household/Videos/MTL-MT00062-093.mp4
OK    /Volumes/Samsung 990-2/100 Hours/Household/MTL-MT00062-038.txt -> gs://100hr-data/Household/IMU/MTL-MT00062-038.txt
OK    /Volumes/Samsung 990-2/100 Hours/Household/MTL-MT00062-087.mp4 -> gs://100hr-data/Household/Videos/MTL-MT00062-087.mp4
OK    /Volumes/Samsung 990-2/100 Hours/Household/MTL-MT00072-093.mp4 -> gs://100hr-data/Household/Videos/MTL-MT00072-093.mp4
OK    /Volumes/Samsung 990-2/100 Hours/Household/MTL-MT00058-236.txt -> gs://100hr-data/Household/IMU/MTL-MT00058-236.txt
OK    /Volumes/Samsung 990-2/100 Hours/Household/MTL-MT00072-078.mp4 -> gs://100hr-data/Household/Videos/MTL-MT00072-078.mp4
OK    /Volumes/Samsung 990-2/100 Hours/Household/MTL-MT00058-262.mp4 -> gs://100hr-data/Household/Videos/MTL-MT00058-262.mp4
OK    /Volumes/Samsung 990-2/100 Hours/Household/MTL-MT00062-078.mp4 -> gs://100hr-data/Household/Videos/MTL-MT00062-078.mp4
OK    /Volumes/Samsung 990-2/100 Hours/Household/MTL-MT00058-276.mp4 -> gs://100hr-data/Household/Videos/MTL-MT00058-276.mp4
OK    /Volumes/Samsung 990-2/100 Hours/Household/MTL-MT00072-177.aac -> gs://100hr-data/Household/IMU/MTL-MT00072-177.aac
OK    /Volumes/Samsung 990-2/100 Hours/Household/MTL-MT00072-044.mp4 -> gs://100hr-data/Household/Videos/MTL-MT00072-044.mp4
OK    /Volumes/Samsung 990-2/100 Hours/Household/MTL-MT00062-050.mp4 -> gs://100hr-data/Household/Videos/MTL-MT00062-050.mp4
OK    /Volumes/Samsung 990-2/100 Hours/Household/MTL-MT00062-044.mp4 -> gs://100hr-data/Household/Videos/MTL-MT00062-044.mp4
OK    /Volumes/Samsung 990-2/100 Hours/Household/MTL-MT00072-050.mp4 -> gs://100hr-data/Household/Videos/MTL-MT00072-050.mp4
OK    /Volumes/Samsung 990-2/100 Hours/Household/MTL-MT00072-163.aac -> gs://100hr-data/Household/IMU/MTL-MT00072-163.aac
OK    /Volumes/Samsung 990-2/100 Hours/Household/MTL-MT00058-190.aac -> gs://100hr-data/Household/IMU/MTL-MT00058-190.aac
OK    /Volumes/Samsung 990-2/100 Hours/Household/MTL-MT00072-206.txt -> gs://100hr-data/Household/IMU/MTL-MT00072-206.txt
OK    /Volumes/Samsung 990-2/100 Hours/Household/MTL-MT00072-212.txt -> gs://100hr-data/Household/IMU/MTL-MT00072-212.txt
OK    /Volumes/Samsung 990-2/100 Hours/Household/MTL-MT00058-008.txt -> gs://100hr-data/Household/IMU/MTL-MT00058-008.txt
OK    /Volumes/Samsung 990-2/100 Hours/Household/MTL-MT00058-184.aac -> gs://100hr-data/Household/IMU/MTL-MT00058-184.aac
OK    /Volumes/Samsung 990-2/100 Hours/Household/MTL-MT00058-020.txt -> gs://100hr-data/Household/IMU/MTL-MT00058-020.txt
OK    /Volumes/Samsung 990-2/100 Hours/Household/MTL-MT00058-034.txt -> gs://100hr-data/Household/IMU/MTL-MT00058-034.txt
OK    /Volumes/Samsung 990-2/100 Hours/Household/MTL-MT00058-060.mp4 -> gs://100hr-data/Household/Videos/MTL-MT00058-060.mp4
OK    /Volumes/Samsung 990-2/100 Hours/Household/MTL-MT00058-153.aac -> gs://100hr-data/Household/IMU/MTL-MT00058-153.aac
OK    /Volumes/Samsung 990-2/100 Hours/Household/MTL-MT00058-147.aac -> gs://100hr-data/Household/IMU/MTL-MT00058-147.aac
OK    /Volumes/Samsung 990-2/100 Hours/Household/MTL-MT00058-074.mp4 -> gs://100hr-data/Household/Videos/MTL-MT00058-074.mp4
OK    /Volumes/Samsung 990-2/100 Hours/Household/MTL-MT00058-048.mp4 -> gs://100hr-data/Household/Videos/MTL-MT00058-048.mp4
OK    /Volumes/Samsung 990-2/100 Hours/Household/MTL-MT00058-168.txt -> gs://100hr-data/Household/IMU/MTL-MT00058-168.txt
OK    /Volumes/Samsung 990-2/100 Hours/Household/MTL-MT00058-154.txt -> gs://100hr-data/Household/IMU/MTL-MT00058-154.txt
OK    /Volumes/Samsung 990-2/100 Hours/Household/MTL-MT00058-140.txt -> gs://100hr-data/Household/IMU/MTL-MT00058-140.txt
OK    /Volumes/Samsung 990-2/100 Hours/Household/MTL-MT00058-114.mp4 -> gs://100hr-data/Household/Videos/MTL-MT00058-114.mp4
OK    /Volumes/Samsung 990-2/100 Hours/Household/MTL-MT00058-027.aac -> gs://100hr-data/Household/IMU/MTL-MT00058-027.aac
OK    /Volumes/Samsung 990-2/100 Hours/Household/MTL-MT00058-033.aac -> gs://100hr-data/Household/IMU/MTL-MT00058-033.aac
OK    /Volumes/Samsung 990-2/100 Hours/Household/MTL-MT00072-229.aac -> gs://100hr-data/Household/IMU/MTL-MT00072-229.aac
OK    /Volumes/Samsung 990-2/100 Hours/Household/MTL-MT00058-100.mp4 -> gs://100hr-data/Household/Videos/MTL-MT00058-100.mp4
OK    /Volumes/Samsung 990-2/100 Hours/Household/MTL-MT00058-197.txt -> gs://100hr-data/Household/IMU/MTL-MT00058-197.txt
OK    /Volumes/Samsung 990-2/100 Hours/Household/MTL-MT00072-201.aac -> gs://100hr-data/Household/IMU/MTL-MT00072-201.aac
OK    /Volumes/Samsung 990-2/100 Hours/Household/MTL-MT00058-128.mp4 -> gs://100hr-data/Household/Videos/MTL-MT00058-128.mp4
OK    /Volumes/Samsung 990-2/100 Hours/Household/MTL-MT00072-215.aac -> gs://100hr-data/Household/IMU/MTL-MT00072-215.aac
OK    /Volumes/Samsung 990-2/100 Hours/Household/MTL-MT00058-183.txt -> gs://100hr-data/Household/IMU/MTL-MT00058-183.txt
OK    /Volumes/Samsung 990-2/100 Hours/Household/MTL-MT00072-170.txt -> gs://100hr-data/Household/IMU/MTL-MT00072-170.txt
OK    /Volumes/Samsung 990-2/100 Hours/Household/MTL-MT00072-164.txt -> gs://100hr-data/Household/IMU/MTL-MT00072-164.txt
OK    /Volumes/Samsung 990-2/100 Hours/Household/MTL-MT00072-158.txt -> gs://100hr-data/Household/IMU/MTL-MT00072-158.txt
OK    /Volumes/Samsung 990-2/100 Hours/Household/MTL-MT00058-225.aac -> gs://100hr-data/Household/IMU/MTL-MT00058-225.aac
OK    /Volumes/Samsung 990-2/100 Hours/Household/MTL-MT00072-118.mp4 -> gs://100hr-data/Household/Videos/MTL-MT00072-118.mp4
OK    /Volumes/Samsung 990-2/100 Hours/Household/MTL-MT00058-231.aac -> gs://100hr-data/Household/IMU/MTL-MT00058-231.aac
OK    /Volumes/Samsung 990-2/100 Hours/Household/MTL-MT00072-130.mp4 -> gs://100hr-data/Household/Videos/MTL-MT00072-130.mp4
OK    /Volumes/Samsung 990-2/100 Hours/Household/MTL-MT00058-219.aac -> gs://100hr-data/Household/IMU/MTL-MT00058-219.aac
OK    /Volumes/Samsung 990-2/100 Hours/Household/MTL-MT00062-017.aac -> gs://100hr-data/Household/IMU/MTL-MT00062-017.aac
OK    /Volumes/Samsung 990-2/100 Hours/Household/MTL-MT00072-124.mp4 -> gs://100hr-data/Household/Videos/MTL-MT00072-124.mp4
OK    /Volumes/Samsung 990-2/100 Hours/Household/MTL-MT00072-017.aac -> gs://100hr-data/Household/IMU/MTL-MT00072-017.aac
OK    /Volumes/Samsung 990-2/100 Hours/Household/MTL-MT00062-058.aac -> gs://100hr-data/Household/IMU/MTL-MT00062-058.aac
OK    /Volumes/Samsung 990-2/100 Hours/Household/MTL-MT00058-256.aac -> gs://100hr-data/Household/IMU/MTL-MT00058-256.aac
OK    /Volumes/Samsung 990-2/100 Hours/Household/MTL-MT00058-242.aac -> gs://100hr-data/Household/IMU/MTL-MT00058-242.aac
OK    /Volumes/Samsung 990-2/100 Hours/Household/MTL-MT00072-058.aac -> gs://100hr-data/Household/IMU/MTL-MT00072-058.aac
OK    /Volumes/Samsung 990-2/100 Hours/Household/MTL-MT00062-064.aac -> gs://100hr-data/Household/IMU/MTL-MT00062-064.aac
OK    /Volumes/Samsung 990-2/100 Hours/Household/MTL-MT00072-143.mp4 -> gs://100hr-data/Household/Videos/MTL-MT00072-143.mp4
OK    /Volumes/Samsung 990-2/100 Hours/Household/MTL-MT00072-070.aac -> gs://100hr-data/Household/IMU/MTL-MT00072-070.aac
OK    /Volumes/Samsung 990-2/100 Hours/Household/MTL-MT00072-064.aac -> gs://100hr-data/Household/IMU/MTL-MT00072-064.aac
OK    /Volumes/Samsung 990-2/100 Hours/Household/MTL-MT00072-157.mp4 -> gs://100hr-data/Household/Videos/MTL-MT00072-157.mp4
OK    /Volumes/Samsung 990-2/100 Hours/Household/MTL-MT00062-070.aac -> gs://100hr-data/Household/IMU/MTL-MT00062-070.aac
OK    /Volumes/Samsung 990-2/100 Hours/Household/MTL-MT00072-103.txt -> gs://100hr-data/Household/IMU/MTL-MT00072-103.txt
OK    /Volumes/Samsung 990-2/100 Hours/Household/MTL-MT00072-117.txt -> gs://100hr-data/Household/IMU/MTL-MT00072-117.txt
OK    /Volumes/Samsung 990-2/100 Hours/Household/MTL-MT00062-103.txt -> gs://100hr-data/Household/IMU/MTL-MT00062-103.txt
OK    /Volumes/Samsung 990-2/100 Hours/Household/MTL-MT00072-180.mp4 -> gs://100hr-data/Household/Videos/MTL-MT00072-180.mp4
OK    /Volumes/Samsung 990-2/100 Hours/Household/MTL-MT00072-194.mp4 -> gs://100hr-data/Household/Videos/MTL-MT00072-194.mp4
OK    /Volumes/Samsung 990-2/100 Hours/Household/MTL-MT00058-054.aac -> gs://100hr-data/Household/IMU/MTL-MT00058-054.aac
OK    /Volumes/Samsung 990-2/100 Hours/Household/MTL-MT00058-167.mp4 -> gs://100hr-data/Household/Videos/MTL-MT00058-167.mp4
OK    /Volumes/Samsung 990-2/100 Hours/Household/MTL-MT00058-173.mp4 -> gs://100hr-data/Household/Videos/MTL-MT00058-173.mp4
OK    /Volumes/Samsung 990-2/100 Hours/Household/MTL-MT00058-040.aac -> gs://100hr-data/Household/IMU/MTL-MT00058-040.aac
OK    /Volumes/Samsung 990-2/100 Hours/Household/MTL-MT00058-068.aac -> gs://100hr-data/Household/IMU/MTL-MT00058-068.aac
OK    /Volumes/Samsung 990-2/100 Hours/Household/MTL-MT00058-097.aac -> gs://100hr-data/Household/IMU/MTL-MT00058-097.aac
OK    /Volumes/Samsung 990-2/100 Hours/Household/MTL-MT00058-083.aac -> gs://100hr-data/Household/IMU/MTL-MT00058-083.aac
OK    /Volumes/Samsung 990-2/100 Hours/Household/MTL-MT00058-127.txt -> gs://100hr-data/Household/IMU/MTL-MT00058-127.txt
OK    /Volumes/Samsung 990-2/100 Hours/Household/MTL-MT00058-198.mp4 -> gs://100hr-data/Household/Videos/MTL-MT00058-198.mp4
OK    /Volumes/Samsung 990-2/100 Hours/Household/MTL-MT00058-133.txt -> gs://100hr-data/Household/IMU/MTL-MT00058-133.txt
OK    /Volumes/Samsung 990-2/100 Hours/Household/MTL-MT00072-209.mp4 -> gs://100hr-data/Household/Videos/MTL-MT00072-209.mp4
OK    /Volumes/Samsung 990-2/100 Hours/Household/MTL-MT00058-120.aac -> gs://100hr-data/Household/IMU/MTL-MT00058-120.aac
OK    /Volumes/Samsung 990-2/100 Hours/Household/MTL-MT00058-013.mp4 -> gs://100hr-data/Household/Videos/MTL-MT00058-013.mp4
OK    /Volumes/Samsung 990-2/100 Hours/Household/MTL-MT00058-007.mp4 -> gs://100hr-data/Household/Videos/MTL-MT00058-007.mp4
OK    /Volumes/Samsung 990-2/100 Hours/Household/MTL-MT00058-134.aac -> gs://100hr-data/Household/IMU/MTL-MT00058-134.aac
OK    /Volumes/Samsung 990-2/100 Hours/Household/MTL-MT00058-090.txt -> gs://100hr-data/Household/IMU/MTL-MT00058-090.txt
OK    /Volumes/Samsung 990-2/100 Hours/Household/MTL-MT00072-235.mp4 -> gs://100hr-data/Household/Videos/MTL-MT00072-235.mp4
OK    /Volumes/Samsung 990-2/100 Hours/Household/MTL-MT00058-084.txt -> gs://100hr-data/Household/IMU/MTL-MT00058-084.txt
OK    /Volumes/Samsung 990-2/100 Hours/Household/MTL-MT00072-221.mp4 -> gs://100hr-data/Household/Videos/MTL-MT00072-221.mp4
OK    /Volumes/Samsung 990-2/100 Hours/Household/MTL-MT00058-108.aac -> gs://100hr-data/Household/IMU/MTL-MT00058-108.aac
OK    /Volumes/Samsung 990-2/100 Hours/Household/MTL-MT00058-053.txt -> gs://100hr-data/Household/IMU/MTL-MT00058-053.txt
OK    /Volumes/Samsung 990-2/100 Hours/Household/MTL-MT00058-047.txt -> gs://100hr-data/Household/IMU/MTL-MT00058-047.txt
OK    /Volumes/Samsung 990-2/100 Hours/Household/MTL-MT00072-138.aac -> gs://100hr-data/Household/IMU/MTL-MT00072-138.aac
OK    /Volumes/Samsung 990-2/100 Hours/Household/MTL-MT00058-211.mp4 -> gs://100hr-data/Household/Videos/MTL-MT00058-211.mp4
OK    /Volumes/Samsung 990-2/100 Hours/Household/MTL-MT00058-205.mp4 -> gs://100hr-data/Household/Videos/MTL-MT00058-205.mp4
OK    /Volumes/Samsung 990-2/100 Hours/Household/MTL-MT00062-023.mp4 -> gs://100hr-data/Household/Videos/MTL-MT00062-023.mp4
OK    /Volumes/Samsung 990-2/100 Hours/Household/MTL-MT00062-110.aac -> gs://100hr-data/Household/IMU/MTL-MT00062-110.aac
OK    /Volumes/Samsung 990-2/100 Hours/Household/MTL-MT00072-037.mp4 -> gs://100hr-data/Household/Videos/MTL-MT00072-037.mp4
OK    /Volumes/Samsung 990-2/100 Hours/Household/MTL-MT00072-088.txt -> gs://100hr-data/Household/IMU/MTL-MT00072-088.txt
OK    /Volumes/Samsung 990-2/100 Hours/Household/MTL-MT00072-104.aac -> gs://100hr-data/Household/IMU/MTL-MT00072-104.aac
OK    /Volumes/Samsung 990-2/100 Hours/Household/MTL-MT00072-110.aac -> gs://100hr-data/Household/IMU/MTL-MT00072-110.aac
OK    /Volumes/Samsung 990-2/100 Hours/Household/MTL-MT00058-239.mp4 -> gs://100hr-data/Household/Videos/MTL-MT00058-239.mp4
OK    /Volumes/Samsung 990-2/100 Hours/Household/MTL-MT00072-023.mp4 -> gs://100hr-data/Household/Videos/MTL-MT00072-023.mp4
OK    /Volumes/Samsung 990-2/100 Hours/Household/MTL-MT00062-088.txt -> gs://100hr-data/Household/IMU/MTL-MT00062-088.txt
OK    /Volumes/Samsung 990-2/100 Hours/Household/MTL-MT00062-104.aac -> gs://100hr-data/Household/IMU/MTL-MT00062-104.aac
OK    /Volumes/Samsung 990-2/100 Hours/Household/MTL-MT00062-037.mp4 -> gs://100hr-data/Household/Videos/MTL-MT00062-037.mp4
OK    /Volumes/Samsung 990-2/100 Hours/Household/MTL-MT00062-063.txt -> gs://100hr-data/Household/IMU/MTL-MT00062-063.txt
OK    /Volumes/Samsung 990-2/100 Hours/Household/MTL-MT00072-077.txt -> gs://100hr-data/Household/IMU/MTL-MT00072-077.txt
OK    /Volumes/Samsung 990-2/100 Hours/Household/MTL-MT00072-063.txt -> gs://100hr-data/Household/IMU/MTL-MT00072-063.txt
OK    /Volumes/Samsung 990-2/100 Hours/Household/MTL-MT00058-279.txt -> gs://100hr-data/Household/IMU/MTL-MT00058-279.txt
OK    /Volumes/Samsung 990-2/100 Hours/Household/MTL-MT00062-077.txt -> gs://100hr-data/Household/IMU/MTL-MT00062-077.txt
OK    /Volumes/Samsung 990-2/100 Hours/Household/MTL-MT00058-251.txt -> gs://100hr-data/Household/IMU/MTL-MT00058-251.txt
OK    /Volumes/Samsung 990-2/100 Hours/Household/MTL-MT00058-245.txt -> gs://100hr-data/Household/IMU/MTL-MT00058-245.txt
OK    /Volumes/Samsung 990-2/100 Hours/Household/MTL-MT00058-244.txt -> gs://100hr-data/Household/IMU/MTL-MT00058-244.txt
OK    /Volumes/Samsung 990-2/100 Hours/Household/MTL-MT00058-250.txt -> gs://100hr-data/Household/IMU/MTL-MT00058-250.txt
OK    /Volumes/Samsung 990-2/100 Hours/Household/MTL-MT00058-278.txt -> gs://100hr-data/Household/IMU/MTL-MT00058-278.txt
OK    /Volumes/Samsung 990-2/100 Hours/Household/MTL-MT00072-062.txt -> gs://100hr-data/Household/IMU/MTL-MT00072-062.txt
OK    /Volumes/Samsung 990-2/100 Hours/Household/MTL-MT00062-076.txt -> gs://100hr-data/Household/IMU/MTL-MT00062-076.txt
OK    /Volumes/Samsung 990-2/100 Hours/Household/MTL-MT00062-062.txt -> gs://100hr-data/Household/IMU/MTL-MT00062-062.txt
OK    /Volumes/Samsung 990-2/100 Hours/Household/MTL-MT00072-076.txt -> gs://100hr-data/Household/IMU/MTL-MT00072-076.txt
OK    /Volumes/Samsung 990-2/100 Hours/Household/MTL-MT00072-022.mp4 -> gs://100hr-data/Household/Videos/MTL-MT00072-022.mp4
OK    /Volumes/Samsung 990-2/100 Hours/Household/MTL-MT00058-238.mp4 -> gs://100hr-data/Household/Videos/MTL-MT00058-238.mp4
OK    /Volumes/Samsung 990-2/100 Hours/Household/MTL-MT00072-111.aac -> gs://100hr-data/Household/IMU/MTL-MT00072-111.aac
OK    /Volumes/Samsung 990-2/100 Hours/Household/MTL-MT00062-036.mp4 -> gs://100hr-data/Household/Videos/MTL-MT00062-036.mp4
OK    /Volumes/Samsung 990-2/100 Hours/Household/MTL-MT00062-105.aac -> gs://100hr-data/Household/IMU/MTL-MT00062-105.aac
OK    /Volumes/Samsung 990-2/100 Hours/Household/MTL-MT00062-089.txt -> gs://100hr-data/Household/IMU/MTL-MT00062-089.txt
OK    /Volumes/Samsung 990-2/100 Hours/Household/MTL-MT00062-111.aac -> gs://100hr-data/Household/IMU/MTL-MT00062-111.aac
OK    /Volumes/Samsung 990-2/100 Hours/Household/MTL-MT00062-022.mp4 -> gs://100hr-data/Household/Videos/MTL-MT00062-022.mp4
OK    /Volumes/Samsung 990-2/100 Hours/Household/MTL-MT00072-105.aac -> gs://100hr-data/Household/IMU/MTL-MT00072-105.aac
OK    /Volumes/Samsung 990-2/100 Hours/Household/MTL-MT00072-089.txt -> gs://100hr-data/Household/IMU/MTL-MT00072-089.txt
OK    /Volumes/Samsung 990-2/100 Hours/Household/MTL-MT00072-036.mp4 -> gs://100hr-data/Household/Videos/MTL-MT00072-036.mp4
OK    /Volumes/Samsung 990-2/100 Hours/Household/MTL-MT00058-204.mp4 -> gs://100hr-data/Household/Videos/MTL-MT00058-204.mp4
OK    /Volumes/Samsung 990-2/100 Hours/Household/MTL-MT00058-210.mp4 -> gs://100hr-data/Household/Videos/MTL-MT00058-210.mp4
OK    /Volumes/Samsung 990-2/100 Hours/Household/MTL-MT00072-139.aac -> gs://100hr-data/Household/IMU/MTL-MT00072-139.aac
OK    /Volumes/Samsung 990-2/100 Hours/Household/MTL-MT00058-046.txt -> gs://100hr-data/Household/IMU/MTL-MT00058-046.txt
OK    /Volumes/Samsung 990-2/100 Hours/Household/MTL-MT00058-052.txt -> gs://100hr-data/Household/IMU/MTL-MT00058-052.txt
OK    /Volumes/Samsung 990-2/100 Hours/Household/MTL-MT00058-109.aac -> gs://100hr-data/Household/IMU/MTL-MT00058-109.aac
OK    /Volumes/Samsung 990-2/100 Hours/Household/MTL-MT00072-220.mp4 -> gs://100hr-data/Household/Videos/MTL-MT00072-220.mp4
OK    /Volumes/Samsung 990-2/100 Hours/Household/MTL-MT00058-085.txt -> gs://100hr-data/Household/IMU/MTL-MT00058-085.txt
OK    /Volumes/Samsung 990-2/100 Hours/Household/MTL-MT00072-234.mp4 -> gs://100hr-data/Household/Videos/MTL-MT00072-234.mp4
OK    /Volumes/Samsung 990-2/100 Hours/Household/MTL-MT00058-091.txt -> gs://100hr-data/Household/IMU/MTL-MT00058-091.txt
OK    /Volumes/Samsung 990-2/100 Hours/Household/MTL-MT00058-135.aac -> gs://100hr-data/Household/IMU/MTL-MT00058-135.aac
OK    /Volumes/Samsung 990-2/100 Hours/Household/MTL-MT00058-012.mp4 -> gs://100hr-data/Household/Videos/MTL-MT00058-012.mp4
OK    /Volumes/Samsung 990-2/100 Hours/Household/MTL-MT00058-121.aac -> gs://100hr-data/Household/IMU/MTL-MT00058-121.aac
OK    /Volumes/Samsung 990-2/100 Hours/Household/MTL-MT00072-208.mp4 -> gs://100hr-data/Household/Videos/MTL-MT00072-208.mp4
OK    /Volumes/Samsung 990-2/100 Hours/Household/MTL-MT00058-132.txt -> gs://100hr-data/Household/IMU/MTL-MT00058-132.txt
OK    /Volumes/Samsung 990-2/100 Hours/Household/MTL-MT00058-199.mp4 -> gs://100hr-data/Household/Videos/MTL-MT00058-199.mp4
OK    /Volumes/Samsung 990-2/100 Hours/Household/MTL-MT00058-126.txt -> gs://100hr-data/Household/IMU/MTL-MT00058-126.txt
OK    /Volumes/Samsung 990-2/100 Hours/Household/MTL-MT00058-082.aac -> gs://100hr-data/Household/IMU/MTL-MT00058-082.aac
OK    /Volumes/Samsung 990-2/100 Hours/Household/MTL-MT00058-096.aac -> gs://100hr-data/Household/IMU/MTL-MT00058-096.aac
OK    /Volumes/Samsung 990-2/100 Hours/Household/MTL-MT00058-069.aac -> gs://100hr-data/Household/IMU/MTL-MT00058-069.aac
OK    /Volumes/Samsung 990-2/100 Hours/Household/MTL-MT00058-041.aac -> gs://100hr-data/Household/IMU/MTL-MT00058-041.aac
OK    /Volumes/Samsung 990-2/100 Hours/Household/MTL-MT00058-172.mp4 -> gs://100hr-data/Household/Videos/MTL-MT00058-172.mp4
OK    /Volumes/Samsung 990-2/100 Hours/Household/MTL-MT00058-166.mp4 -> gs://100hr-data/Household/Videos/MTL-MT00058-166.mp4
OK    /Volumes/Samsung 990-2/100 Hours/Household/MTL-MT00058-055.aac -> gs://100hr-data/Household/IMU/MTL-MT00058-055.aac
OK    /Volumes/Samsung 990-2/100 Hours/Household/MTL-MT00072-195.mp4 -> gs://100hr-data/Household/Videos/MTL-MT00072-195.mp4
OK    /Volumes/Samsung 990-2/100 Hours/Household/MTL-MT00072-181.mp4 -> gs://100hr-data/Household/Videos/MTL-MT00072-181.mp4
OK    /Volumes/Samsung 990-2/100 Hours/Household/MTL-MT00072-116.txt -> gs://100hr-data/Household/IMU/MTL-MT00072-116.txt
OK    /Volumes/Samsung 990-2/100 Hours/Household/MTL-MT00062-102.txt -> gs://100hr-data/Household/IMU/MTL-MT00062-102.txt
OK    /Volumes/Samsung 990-2/100 Hours/Household/MTL-MT00072-102.txt -> gs://100hr-data/Household/IMU/MTL-MT00072-102.txt
OK    /Volumes/Samsung 990-2/100 Hours/Household/MTL-MT00072-156.mp4 -> gs://100hr-data/Household/Videos/MTL-MT00072-156.mp4
OK    /Volumes/Samsung 990-2/100 Hours/Household/MTL-MT00072-065.aac -> gs://100hr-data/Household/IMU/MTL-MT00072-065.aac
OK    /Volumes/Samsung 990-2/100 Hours/Household/MTL-MT00062-071.aac -> gs://100hr-data/Household/IMU/MTL-MT00062-071.aac
OK    /Volumes/Samsung 990-2/100 Hours/Household/MTL-MT00062-065.aac -> gs://100hr-data/Household/IMU/MTL-MT00062-065.aac
OK    /Volumes/Samsung 990-2/100 Hours/Household/MTL-MT00072-071.aac -> gs://100hr-data/Household/IMU/MTL-MT00072-071.aac
OK    /Volumes/Samsung 990-2/100 Hours/Household/MTL-MT00072-142.mp4 -> gs://100hr-data/Household/Videos/MTL-MT00072-142.mp4
OK    /Volumes/Samsung 990-2/100 Hours/Household/MTL-MT00072-059.aac -> gs://100hr-data/Household/IMU/MTL-MT00072-059.aac
OK    /Volumes/Samsung 990-2/100 Hours/Household/MTL-MT00058-243.aac -> gs://100hr-data/Household/IMU/MTL-MT00058-243.aac
OK    /Volumes/Samsung 990-2/100 Hours/Household/MTL-MT00062-059.aac -> gs://100hr-data/Household/IMU/MTL-MT00062-059.aac
OK    /Volumes/Samsung 990-2/100 Hours/Household/MTL-MT00058-257.aac -> gs://100hr-data/Household/IMU/MTL-MT00058-257.aac
OK    /Volumes/Samsung 990-2/100 Hours/Household/MTL-MT00072-168.mp4 -> gs://100hr-data/Household/Videos/MTL-MT00072-168.mp4
OK    /Volumes/Samsung 990-2/100 Hours/Household/MTL-MT00058-241.aac -> gs://100hr-data/Household/IMU/MTL-MT00058-241.aac
OK    /Volumes/Samsung 990-2/100 Hours/Household/MTL-MT00058-255.aac -> gs://100hr-data/Household/IMU/MTL-MT00058-255.aac
OK    /Volumes/Samsung 990-2/100 Hours/Household/MTL-MT00062-073.aac -> gs://100hr-data/Household/IMU/MTL-MT00062-073.aac
OK    /Volumes/Samsung 990-2/100 Hours/Household/MTL-MT00072-067.aac -> gs://100hr-data/Household/IMU/MTL-MT00072-067.aac
OK    /Volumes/Samsung 990-2/100 Hours/Household/MTL-MT00072-154.mp4 -> gs://100hr-data/Household/Videos/MTL-MT00072-154.mp4
OK    /Volumes/Samsung 990-2/100 Hours/Household/MTL-MT00072-140.mp4 -> gs://100hr-data/Household/Videos/MTL-MT00072-140.mp4
OK    /Volumes/Samsung 990-2/100 Hours/Household/MTL-MT00058-269.aac -> gs://100hr-data/Household/IMU/MTL-MT00058-269.aac
OK    /Volumes/Samsung 990-2/100 Hours/Household/MTL-MT00072-073.aac -> gs://100hr-data/Household/IMU/MTL-MT00072-073.aac
OK    /Volumes/Samsung 990-2/100 Hours/Household/MTL-MT00062-067.aac -> gs://100hr-data/Household/IMU/MTL-MT00062-067.aac
OK    /Volumes/Samsung 990-2/100 Hours/Household/MTL-MT00062-100.txt -> gs://100hr-data/Household/IMU/MTL-MT00062-100.txt
OK    /Volumes/Samsung 990-2/100 Hours/Household/MTL-MT00072-114.txt -> gs://100hr-data/Household/IMU/MTL-MT00072-114.txt
OK    /Volumes/Samsung 990-2/100 Hours/Household/MTL-MT00072-098.aac -> gs://100hr-data/Household/IMU/MTL-MT00072-098.aac
OK    /Volumes/Samsung 990-2/100 Hours/Household/MTL-MT00072-100.txt -> gs://100hr-data/Household/IMU/MTL-MT00072-100.txt
OK    /Volumes/Samsung 990-2/100 Hours/Household/MTL-MT00062-098.aac -> gs://100hr-data/Household/IMU/MTL-MT00062-098.aac
OK    /Volumes/Samsung 990-2/100 Hours/Household/MTL-MT00072-197.mp4 -> gs://100hr-data/Household/Videos/MTL-MT00072-197.mp4
OK    /Volumes/Samsung 990-2/100 Hours/Household/MTL-MT00072-128.txt -> gs://100hr-data/Household/IMU/MTL-MT00072-128.txt
OK    /Volumes/Samsung 990-2/100 Hours/Household/MTL-MT00072-183.mp4 -> gs://100hr-data/Household/Videos/MTL-MT00072-183.mp4
OK    /Volumes/Samsung 990-2/100 Hours/Household/MTL-MT00058-170.mp4 -> gs://100hr-data/Household/Videos/MTL-MT00058-170.mp4
OK    /Volumes/Samsung 990-2/100 Hours/Household/MTL-MT00058-043.aac -> gs://100hr-data/Household/IMU/MTL-MT00058-043.aac
OK    /Volumes/Samsung 990-2/100 Hours/Household/MTL-MT00058-057.aac -> gs://100hr-data/Household/IMU/MTL-MT00058-057.aac
OK    /Volumes/Samsung 990-2/100 Hours/Household/MTL-MT00058-164.mp4 -> gs://100hr-data/Household/Videos/MTL-MT00058-164.mp4
OK    /Volumes/Samsung 990-2/100 Hours/Household/MTL-MT00058-158.mp4 -> gs://100hr-data/Household/Videos/MTL-MT00058-158.mp4
OK    /Volumes/Samsung 990-2/100 Hours/Household/MTL-MT00058-080.aac -> gs://100hr-data/Household/IMU/MTL-MT00058-080.aac
OK    /Volumes/Samsung 990-2/100 Hours/Household/MTL-MT00058-118.txt -> gs://100hr-data/Household/IMU/MTL-MT00058-118.txt
OK    /Volumes/Samsung 990-2/100 Hours/Household/MTL-MT00058-094.aac -> gs://100hr-data/Household/IMU/MTL-MT00058-094.aac
OK    /Volumes/Samsung 990-2/100 Hours/Household/MTL-MT00058-130.txt -> gs://100hr-data/Household/IMU/MTL-MT00058-130.txt
OK    /Volumes/Samsung 990-2/100 Hours/Household/MTL-MT00058-124.txt -> gs://100hr-data/Household/IMU/MTL-MT00058-124.txt
OK    /Volumes/Samsung 990-2/100 Hours/Household/MTL-MT00058-137.aac -> gs://100hr-data/Household/IMU/MTL-MT00058-137.aac
OK    /Volumes/Samsung 990-2/100 Hours/Household/MTL-MT00058-123.aac -> gs://100hr-data/Household/IMU/MTL-MT00058-123.aac
OK    /Volumes/Samsung 990-2/100 Hours/Household/MTL-MT00058-010.mp4 -> gs://100hr-data/Household/Videos/MTL-MT00058-010.mp4
OK    /Volumes/Samsung 990-2/100 Hours/Household/MTL-MT00058-087.txt -> gs://100hr-data/Household/IMU/MTL-MT00058-087.txt
OK    /Volumes/Samsung 990-2/100 Hours/Household/MTL-MT00072-222.mp4 -> gs://100hr-data/Household/Videos/MTL-MT00072-222.mp4
OK    /Volumes/Samsung 990-2/100 Hours/Household/MTL-MT00058-038.mp4 -> gs://100hr-data/Household/Videos/MTL-MT00058-038.mp4
OK    /Volumes/Samsung 990-2/100 Hours/Household/MTL-MT00058-093.txt -> gs://100hr-data/Household/IMU/MTL-MT00058-093.txt
OK    /Volumes/Samsung 990-2/100 Hours/Household/MTL-MT00072-236.mp4 -> gs://100hr-data/Household/Videos/MTL-MT00072-236.mp4
OK    /Volumes/Samsung 990-2/100 Hours/Household/MTL-MT00058-078.txt -> gs://100hr-data/Household/IMU/MTL-MT00058-078.txt
OK    /Volumes/Samsung 990-2/100 Hours/Household/MTL-MT00058-044.txt -> gs://100hr-data/Household/IMU/MTL-MT00058-044.txt
OK    /Volumes/Samsung 990-2/100 Hours/Household/MTL-MT00058-050.txt -> gs://100hr-data/Household/IMU/MTL-MT00058-050.txt
OK    /Volumes/Samsung 990-2/100 Hours/Household/MTL-MT00058-206.mp4 -> gs://100hr-data/Household/Videos/MTL-MT00058-206.mp4
OK    /Volumes/Samsung 990-2/100 Hours/Household/MTL-MT00058-212.mp4 -> gs://100hr-data/Household/Videos/MTL-MT00058-212.mp4
OK    /Volumes/Samsung 990-2/100 Hours/Household/MTL-MT00072-008.mp4 -> gs://100hr-data/Household/Videos/MTL-MT00072-008.mp4
OK    /Volumes/Samsung 990-2/100 Hours/Household/MTL-MT00062-107.aac -> gs://100hr-data/Household/IMU/MTL-MT00062-107.aac
OK    /Volumes/Samsung 990-2/100 Hours/Household/MTL-MT00062-034.mp4 -> gs://100hr-data/Household/Videos/MTL-MT00062-034.mp4
OK    /Volumes/Samsung 990-2/100 Hours/Household/MTL-MT00072-113.aac -> gs://100hr-data/Household/IMU/MTL-MT00072-113.aac
OK    /Volumes/Samsung 990-2/100 Hours/Household/MTL-MT00072-020.mp4 -> gs://100hr-data/Household/Videos/MTL-MT00072-020.mp4
OK    /Volumes/Samsung 990-2/100 Hours/Household/MTL-MT00072-034.mp4 -> gs://100hr-data/Household/Videos/MTL-MT00072-034.mp4
OK    /Volumes/Samsung 990-2/100 Hours/Household/MTL-MT00072-107.aac -> gs://100hr-data/Household/IMU/MTL-MT00072-107.aac
OK    /Volumes/Samsung 990-2/100 Hours/Household/MTL-MT00062-020.mp4 -> gs://100hr-data/Household/Videos/MTL-MT00062-020.mp4
OK    /Volumes/Samsung 990-2/100 Hours/Household/MTL-MT00062-074.txt -> gs://100hr-data/Household/IMU/MTL-MT00062-074.txt
OK    /Volumes/Samsung 990-2/100 Hours/Household/MTL-MT00072-060.txt -> gs://100hr-data/Household/IMU/MTL-MT00072-060.txt
OK    /Volumes/Samsung 990-2/100 Hours/Household/MTL-MT00072-074.txt -> gs://100hr-data/Household/IMU/MTL-MT00072-074.txt
OK    /Volumes/Samsung 990-2/100 Hours/Household/MTL-MT00062-060.txt -> gs://100hr-data/Household/IMU/MTL-MT00062-060.txt
OK    /Volumes/Samsung 990-2/100 Hours/Household/MTL-MT00062-048.txt -> gs://100hr-data/Household/IMU/MTL-MT00062-048.txt
OK    /Volumes/Samsung 990-2/100 Hours/Household/MTL-MT00058-246.txt -> gs://100hr-data/Household/IMU/MTL-MT00058-246.txt
OK    /Volumes/Samsung 990-2/100 Hours/Household/MTL-MT00072-048.txt -> gs://100hr-data/Household/IMU/MTL-MT00072-048.txt
OK    /Volumes/Samsung 990-2/100 Hours/Household/MTL-MT00058-252.txt -> gs://100hr-data/Household/IMU/MTL-MT00058-252.txt
OK    /Volumes/Samsung 990-2/100 Hours/Household/MTL-MT00058-253.txt -> gs://100hr-data/Household/IMU/MTL-MT00058-253.txt
OK    /Volumes/Samsung 990-2/100 Hours/Household/MTL-MT00072-049.txt -> gs://100hr-data/Household/IMU/MTL-MT00072-049.txt
OK    /Volumes/Samsung 990-2/100 Hours/Household/MTL-MT00062-049.txt -> gs://100hr-data/Household/IMU/MTL-MT00062-049.txt
OK    /Volumes/Samsung 990-2/100 Hours/Household/MTL-MT00058-247.txt -> gs://100hr-data/Household/IMU/MTL-MT00058-247.txt
OK    /Volumes/Samsung 990-2/100 Hours/Household/MTL-MT00072-075.txt -> gs://100hr-data/Household/IMU/MTL-MT00072-075.txt
OK    /Volumes/Samsung 990-2/100 Hours/Household/MTL-MT00062-061.txt -> gs://100hr-data/Household/IMU/MTL-MT00062-061.txt
OK    /Volumes/Samsung 990-2/100 Hours/Household/MTL-MT00062-075.txt -> gs://100hr-data/Household/IMU/MTL-MT00062-075.txt
OK    /Volumes/Samsung 990-2/100 Hours/Household/MTL-MT00072-061.txt -> gs://100hr-data/Household/IMU/MTL-MT00072-061.txt
OK    /Volumes/Samsung 990-2/100 Hours/Household/MTL-MT00072-106.aac -> gs://100hr-data/Household/IMU/MTL-MT00072-106.aac
OK    /Volumes/Samsung 990-2/100 Hours/Household/MTL-MT00072-035.mp4 -> gs://100hr-data/Household/Videos/MTL-MT00072-035.mp4
OK    /Volumes/Samsung 990-2/100 Hours/Household/MTL-MT00062-112.aac -> gs://100hr-data/Household/IMU/MTL-MT00062-112.aac
OK    /Volumes/Samsung 990-2/100 Hours/Household/MTL-MT00062-021.mp4 -> gs://100hr-data/Household/Videos/MTL-MT00062-021.mp4
OK    /Volumes/Samsung 990-2/100 Hours/Household/MTL-MT00062-035.mp4 -> gs://100hr-data/Household/Videos/MTL-MT00062-035.mp4
OK    /Volumes/Samsung 990-2/100 Hours/Household/MTL-MT00062-106.aac -> gs://100hr-data/Household/IMU/MTL-MT00062-106.aac
OK    /Volumes/Samsung 990-2/100 Hours/Household/MTL-MT00072-021.mp4 -> gs://100hr-data/Household/Videos/MTL-MT00072-021.mp4
OK    /Volumes/Samsung 990-2/100 Hours/Household/MTL-MT00072-112.aac -> gs://100hr-data/Household/IMU/MTL-MT00072-112.aac
OK    /Volumes/Samsung 990-2/100 Hours/Household/MTL-MT00072-009.mp4 -> gs://100hr-data/Household/Videos/MTL-MT00072-009.mp4
OK    /Volumes/Samsung 990-2/100 Hours/Household/MTL-MT00058-213.mp4 -> gs://100hr-data/Household/Videos/MTL-MT00058-213.mp4
OK    /Volumes/Samsung 990-2/100 Hours/Household/MTL-MT00058-207.mp4 -> gs://100hr-data/Household/Videos/MTL-MT00058-207.mp4
OK    /Volumes/Samsung 990-2/100 Hours/Household/MTL-MT00058-051.txt -> gs://100hr-data/Household/IMU/MTL-MT00058-051.txt
OK    /Volumes/Samsung 990-2/100 Hours/Household/MTL-MT00058-045.txt -> gs://100hr-data/Household/IMU/MTL-MT00058-045.txt
OK    /Volumes/Samsung 990-2/100 Hours/Household/MTL-MT00058-079.txt -> gs://100hr-data/Household/IMU/MTL-MT00058-079.txt
OK    /Volumes/Samsung 990-2/100 Hours/Household/MTL-MT00072-237.mp4 -> gs://100hr-data/Household/Videos/MTL-MT00072-237.mp4
OK    /Volumes/Samsung 990-2/100 Hours/Household/MTL-MT00058-092.txt -> gs://100hr-data/Household/IMU/MTL-MT00058-092.txt
OK    /Volumes/Samsung 990-2/100 Hours/Household/MTL-MT00058-039.mp4 -> gs://100hr-data/Household/Videos/MTL-MT00058-039.mp4
OK    /Volumes/Samsung 990-2/100 Hours/Household/MTL-MT00072-223.mp4 -> gs://100hr-data/Household/Videos/MTL-MT00072-223.mp4
OK    /Volumes/Samsung 990-2/100 Hours/Household/MTL-MT00058-086.txt -> gs://100hr-data/Household/IMU/MTL-MT00058-086.txt
OK    /Volumes/Samsung 990-2/100 Hours/Household/MTL-MT00058-011.mp4 -> gs://100hr-data/Household/Videos/MTL-MT00058-011.mp4
OK    /Volumes/Samsung 990-2/100 Hours/Household/MTL-MT00058-122.aac -> gs://100hr-data/Household/IMU/MTL-MT00058-122.aac
OK    /Volumes/Samsung 990-2/100 Hours/Household/MTL-MT00058-136.aac -> gs://100hr-data/Household/IMU/MTL-MT00058-136.aac
OK    /Volumes/Samsung 990-2/100 Hours/Household/MTL-MT00058-125.txt -> gs://100hr-data/Household/IMU/MTL-MT00058-125.txt
OK    /Volumes/Samsung 990-2/100 Hours/Household/MTL-MT00058-131.txt -> gs://100hr-data/Household/IMU/MTL-MT00058-131.txt
OK    /Volumes/Samsung 990-2/100 Hours/Household/MTL-MT00058-095.aac -> gs://100hr-data/Household/IMU/MTL-MT00058-095.aac
OK    /Volumes/Samsung 990-2/100 Hours/Household/MTL-MT00058-119.txt -> gs://100hr-data/Household/IMU/MTL-MT00058-119.txt
OK    /Volumes/Samsung 990-2/100 Hours/Household/MTL-MT00058-081.aac -> gs://100hr-data/Household/IMU/MTL-MT00058-081.aac
OK    /Volumes/Samsung 990-2/100 Hours/Household/MTL-MT00058-159.mp4 -> gs://100hr-data/Household/Videos/MTL-MT00058-159.mp4
OK    /Volumes/Samsung 990-2/100 Hours/Household/MTL-MT00058-165.mp4 -> gs://100hr-data/Household/Videos/MTL-MT00058-165.mp4
OK    /Volumes/Samsung 990-2/100 Hours/Household/MTL-MT00058-056.aac -> gs://100hr-data/Household/IMU/MTL-MT00058-056.aac
OK    /Volumes/Samsung 990-2/100 Hours/Household/MTL-MT00058-042.aac -> gs://100hr-data/Household/IMU/MTL-MT00058-042.aac
OK    /Volumes/Samsung 990-2/100 Hours/Household/MTL-MT00058-171.mp4 -> gs://100hr-data/Household/Videos/MTL-MT00058-171.mp4
OK    /Volumes/Samsung 990-2/100 Hours/Household/MTL-MT00072-182.mp4 -> gs://100hr-data/Household/Videos/MTL-MT00072-182.mp4
OK    /Volumes/Samsung 990-2/100 Hours/Household/MTL-MT00072-129.txt -> gs://100hr-data/Household/IMU/MTL-MT00072-129.txt
OK    /Volumes/Samsung 990-2/100 Hours/Household/MTL-MT00072-196.mp4 -> gs://100hr-data/Household/Videos/MTL-MT00072-196.mp4
OK    /Volumes/Samsung 990-2/100 Hours/Household/MTL-MT00072-101.txt -> gs://100hr-data/Household/IMU/MTL-MT00072-101.txt
OK    /Volumes/Samsung 990-2/100 Hours/Household/MTL-MT00062-099.aac -> gs://100hr-data/Household/IMU/MTL-MT00062-099.aac
OK    /Volumes/Samsung 990-2/100 Hours/Household/MTL-MT00062-101.txt -> gs://100hr-data/Household/IMU/MTL-MT00062-101.txt
OK    /Volumes/Samsung 990-2/100 Hours/Household/MTL-MT00072-099.aac -> gs://100hr-data/Household/IMU/MTL-MT00072-099.aac
OK    /Volumes/Samsung 990-2/100 Hours/Household/MTL-MT00072-115.txt -> gs://100hr-data/Household/IMU/MTL-MT00072-115.txt
OK    /Volumes/Samsung 990-2/100 Hours/Household/MTL-MT00072-072.aac -> gs://100hr-data/Household/IMU/MTL-MT00072-072.aac
OK    /Volumes/Samsung 990-2/100 Hours/Household/MTL-MT00058-268.aac -> gs://100hr-data/Household/IMU/MTL-MT00058-268.aac
OK    /Volumes/Samsung 990-2/100 Hours/Household/MTL-MT00072-141.mp4 -> gs://100hr-data/Household/Videos/MTL-MT00072-141.mp4
OK    /Volumes/Samsung 990-2/100 Hours/Household/MTL-MT00062-066.aac -> gs://100hr-data/Household/IMU/MTL-MT00062-066.aac
OK    /Volumes/Samsung 990-2/100 Hours/Household/MTL-MT00062-072.aac -> gs://100hr-data/Household/IMU/MTL-MT00062-072.aac
OK    /Volumes/Samsung 990-2/100 Hours/Household/MTL-MT00072-155.mp4 -> gs://100hr-data/Household/Videos/MTL-MT00072-155.mp4
OK    /Volumes/Samsung 990-2/100 Hours/Household/MTL-MT00072-066.aac -> gs://100hr-data/Household/IMU/MTL-MT00072-066.aac
OK    /Volumes/Samsung 990-2/100 Hours/Household/MTL-MT00058-254.aac -> gs://100hr-data/Household/IMU/MTL-MT00058-254.aac
OK    /Volumes/Samsung 990-2/100 Hours/Household/MTL-MT00058-240.aac -> gs://100hr-data/Household/IMU/MTL-MT00058-240.aac
OK    /Volumes/Samsung 990-2/100 Hours/Household/MTL-MT00072-169.mp4 -> gs://100hr-data/Household/Videos/MTL-MT00072-169.mp4
OK    /Volumes/Samsung 990-2/100 Hours/Household/MTL-MT00072-062.aac -> gs://100hr-data/Household/IMU/MTL-MT00072-062.aac
OK    /Volumes/Samsung 990-2/100 Hours/Household/MTL-MT00058-278.aac -> gs://100hr-data/Household/IMU/MTL-MT00058-278.aac
OK    /Volumes/Samsung 990-2/100 Hours/Household/MTL-MT00072-151.mp4 -> gs://100hr-data/Household/Videos/MTL-MT00072-151.mp4
OK    /Volumes/Samsung 990-2/100 Hours/Household/MTL-MT00062-076.aac -> gs://100hr-data/Household/IMU/MTL-MT00062-076.aac
OK    /Volumes/Samsung 990-2/100 Hours/Household/MTL-MT00062-062.aac -> gs://100hr-data/Household/IMU/MTL-MT00062-062.aac
OK    /Volumes/Samsung 990-2/100 Hours/Household/MTL-MT00072-145.mp4 -> gs://100hr-data/Household/Videos/MTL-MT00072-145.mp4
OK    /Volumes/Samsung 990-2/100 Hours/Household/MTL-MT00072-076.aac -> gs://100hr-data/Household/IMU/MTL-MT00072-076.aac
OK    /Volumes/Samsung 990-2/100 Hours/Household/MTL-MT00058-244.aac -> gs://100hr-data/Household/IMU/MTL-MT00058-244.aac
OK    /Volumes/Samsung 990-2/100 Hours/Household/MTL-MT00058-250.aac -> gs://100hr-data/Household/IMU/MTL-MT00058-250.aac
OK    /Volumes/Samsung 990-2/100 Hours/Household/MTL-MT00072-179.mp4 -> gs://100hr-data/Household/Videos/MTL-MT00072-179.mp4
OK    /Volumes/Samsung 990-2/100 Hours/Household/MTL-MT00072-192.mp4 -> gs://100hr-data/Household/Videos/MTL-MT00072-192.mp4
OK    /Volumes/Samsung 990-2/100 Hours/Household/MTL-MT00072-139.txt -> gs://100hr-data/Household/IMU/MTL-MT00072-139.txt
OK    /Volumes/Samsung 990-2/100 Hours/Household/MTL-MT00072-186.mp4 -> gs://100hr-data/Household/Videos/MTL-MT00072-186.mp4
OK    /Volumes/Samsung 990-2/100 Hours/Household/MTL-MT00072-111.txt -> gs://100hr-data/Household/IMU/MTL-MT00072-111.txt
OK    /Volumes/Samsung 990-2/100 Hours/Household/MTL-MT00062-105.txt -> gs://100hr-data/Household/IMU/MTL-MT00062-105.txt
OK    /Volumes/Samsung 990-2/100 Hours/Household/MTL-MT00062-089.aac -> gs://100hr-data/Household/IMU/MTL-MT00062-089.aac
OK    /Volumes/Samsung 990-2/100 Hours/Household/MTL-MT00062-111.txt -> gs://100hr-data/Household/IMU/MTL-MT00062-111.txt
OK    /Volumes/Samsung 990-2/100 Hours/Household/MTL-MT00072-105.txt -> gs://100hr-data/Household/IMU/MTL-MT00072-105.txt
OK    /Volumes/Samsung 990-2/100 Hours/Household/MTL-MT00072-089.aac -> gs://100hr-data/Household/IMU/MTL-MT00072-089.aac
OK    /Volumes/Samsung 990-2/100 Hours/Household/MTL-MT00058-149.mp4 -> gs://100hr-data/Household/Videos/MTL-MT00058-149.mp4
OK    /Volumes/Samsung 990-2/100 Hours/Household/MTL-MT00058-175.mp4 -> gs://100hr-data/Household/Videos/MTL-MT00058-175.mp4
OK    /Volumes/Samsung 990-2/100 Hours/Household/MTL-MT00058-046.aac -> gs://100hr-data/Household/IMU/MTL-MT00058-046.aac
OK    /Volumes/Samsung 990-2/100 Hours/Household/MTL-MT00058-052.aac -> gs://100hr-data/Household/IMU/MTL-MT00058-052.aac
OK    /Volumes/Samsung 990-2/100 Hours/Household/MTL-MT00058-161.mp4 -> gs://100hr-data/Household/Videos/MTL-MT00058-161.mp4
OK    /Volumes/Samsung 990-2/100 Hours/Household/MTL-MT00058-135.txt -> gs://100hr-data/Household/IMU/MTL-MT00058-135.txt
OK    /Volumes/Samsung 990-2/100 Hours/Household/MTL-MT00058-121.txt -> gs://100hr-data/Household/IMU/MTL-MT00058-121.txt
OK    /Volumes/Samsung 990-2/100 Hours/Household/MTL-MT00058-109.txt -> gs://100hr-data/Household/IMU/MTL-MT00058-109.txt
OK    /Volumes/Samsung 990-2/100 Hours/Household/MTL-MT00058-085.aac -> gs://100hr-data/Household/IMU/MTL-MT00058-085.aac
OK    /Volumes/Samsung 990-2/100 Hours/Household/MTL-MT00058-091.aac -> gs://100hr-data/Household/IMU/MTL-MT00058-091.aac
OK    /Volumes/Samsung 990-2/100 Hours/Household/MTL-MT00058-082.txt -> gs://100hr-data/Household/IMU/MTL-MT00058-082.txt
OK    /Volumes/Samsung 990-2/100 Hours/Household/MTL-MT00072-227.mp4 -> gs://100hr-data/Household/Videos/MTL-MT00072-227.mp4
OK    /Volumes/Samsung 990-2/100 Hours/Household/MTL-MT00058-029.mp4 -> gs://100hr-data/Household/Videos/MTL-MT00058-029.mp4
OK    /Volumes/Samsung 990-2/100 Hours/Household/MTL-MT00058-096.txt -> gs://100hr-data/Household/IMU/MTL-MT00058-096.txt
OK    /Volumes/Samsung 990-2/100 Hours/Household/MTL-MT00072-233.mp4 -> gs://100hr-data/Household/Videos/MTL-MT00072-233.mp4
OK    /Volumes/Samsung 990-2/100 Hours/Household/MTL-MT00058-132.aac -> gs://100hr-data/Household/IMU/MTL-MT00058-132.aac
OK    /Volumes/Samsung 990-2/100 Hours/Household/MTL-MT00058-126.aac -> gs://100hr-data/Household/IMU/MTL-MT00058-126.aac
OK    /Volumes/Samsung 990-2/100 Hours/Household/MTL-MT00058-015.mp4 -> gs://100hr-data/Household/Videos/MTL-MT00058-015.mp4
OK    /Volumes/Samsung 990-2/100 Hours/Household/MTL-MT00058-041.txt -> gs://100hr-data/Household/IMU/MTL-MT00058-041.txt
OK    /Volumes/Samsung 990-2/100 Hours/Household/MTL-MT00058-055.txt -> gs://100hr-data/Household/IMU/MTL-MT00058-055.txt
OK    /Volumes/Samsung 990-2/100 Hours/Household/MTL-MT00058-069.txt -> gs://100hr-data/Household/IMU/MTL-MT00058-069.txt
OK    /Volumes/Samsung 990-2/100 Hours/Household/MTL-MT00072-116.aac -> gs://100hr-data/Household/IMU/MTL-MT00072-116.aac
OK    /Volumes/Samsung 990-2/100 Hours/Household/MTL-MT00072-025.mp4 -> gs://100hr-data/Household/Videos/MTL-MT00072-025.mp4
OK    /Volumes/Samsung 990-2/100 Hours/Household/MTL-MT00062-102.aac -> gs://100hr-data/Household/IMU/MTL-MT00062-102.aac
OK    /Volumes/Samsung 990-2/100 Hours/Household/MTL-MT00062-031.mp4 -> gs://100hr-data/Household/Videos/MTL-MT00062-031.mp4
OK    /Volumes/Samsung 990-2/100 Hours/Household/MTL-MT00062-025.mp4 -> gs://100hr-data/Household/Videos/MTL-MT00062-025.mp4
OK    /Volumes/Samsung 990-2/100 Hours/Household/MTL-MT00072-031.mp4 -> gs://100hr-data/Household/Videos/MTL-MT00072-031.mp4
OK    /Volumes/Samsung 990-2/100 Hours/Household/MTL-MT00072-102.aac -> gs://100hr-data/Household/IMU/MTL-MT00072-102.aac
OK    /Volumes/Samsung 990-2/100 Hours/Household/MTL-MT00072-019.mp4 -> gs://100hr-data/Household/Videos/MTL-MT00072-019.mp4
OK    /Volumes/Samsung 990-2/100 Hours/Household/MTL-MT00058-203.mp4 -> gs://100hr-data/Household/Videos/MTL-MT00058-203.mp4
OK    /Volumes/Samsung 990-2/100 Hours/Household/MTL-MT00062-019.mp4 -> gs://100hr-data/Household/Videos/MTL-MT00062-019.mp4
OK    /Volumes/Samsung 990-2/100 Hours/Household/MTL-MT00058-217.mp4 -> gs://100hr-data/Household/Videos/MTL-MT00058-217.mp4
OK    /Volumes/Samsung 990-2/100 Hours/Household/MTL-MT00058-243.txt -> gs://100hr-data/Household/IMU/MTL-MT00058-243.txt
OK    /Volumes/Samsung 990-2/100 Hours/Household/MTL-MT00072-059.txt -> gs://100hr-data/Household/IMU/MTL-MT00072-059.txt
OK    /Volumes/Samsung 990-2/100 Hours/Household/MTL-MT00062-059.txt -> gs://100hr-data/Household/IMU/MTL-MT00062-059.txt
OK    /Volumes/Samsung 990-2/100 Hours/Household/MTL-MT00058-257.txt -> gs://100hr-data/Household/IMU/MTL-MT00058-257.txt
OK    /Volumes/Samsung 990-2/100 Hours/Household/MTL-MT00072-065.txt -> gs://100hr-data/Household/IMU/MTL-MT00072-065.txt
OK    /Volumes/Samsung 990-2/100 Hours/Household/MTL-MT00062-071.txt -> gs://100hr-data/Household/IMU/MTL-MT00062-071.txt
OK    /Volumes/Samsung 990-2/100 Hours/Household/MTL-MT00062-065.txt -> gs://100hr-data/Household/IMU/MTL-MT00062-065.txt
OK    /Volumes/Samsung 990-2/100 Hours/Household/MTL-MT00072-071.txt -> gs://100hr-data/Household/IMU/MTL-MT00072-071.txt
OK    /Volumes/Samsung 990-2/100 Hours/Household/MTL-MT00062-064.txt -> gs://100hr-data/Household/IMU/MTL-MT00062-064.txt
OK    /Volumes/Samsung 990-2/100 Hours/Household/MTL-MT00072-070.txt -> gs://100hr-data/Household/IMU/MTL-MT00072-070.txt
OK    /Volumes/Samsung 990-2/100 Hours/Household/MTL-MT00072-064.txt -> gs://100hr-data/Household/IMU/MTL-MT00072-064.txt
OK    /Volumes/Samsung 990-2/100 Hours/Household/MTL-MT00062-070.txt -> gs://100hr-data/Household/IMU/MTL-MT00062-070.txt
OK    /Volumes/Samsung 990-2/100 Hours/Household/MTL-MT00062-058.txt -> gs://100hr-data/Household/IMU/MTL-MT00062-058.txt
OK    /Volumes/Samsung 990-2/100 Hours/Household/MTL-MT00058-256.txt -> gs://100hr-data/Household/IMU/MTL-MT00058-256.txt
OK    /Volumes/Samsung 990-2/100 Hours/Household/MTL-MT00072-058.txt -> gs://100hr-data/Household/IMU/MTL-MT00072-058.txt
OK    /Volumes/Samsung 990-2/100 Hours/Household/MTL-MT00058-242.txt -> gs://100hr-data/Household/IMU/MTL-MT00058-242.txt
OK    /Volumes/Samsung 990-2/100 Hours/Household/MTL-MT00062-018.mp4 -> gs://100hr-data/Household/Videos/MTL-MT00062-018.mp4
OK    /Volumes/Samsung 990-2/100 Hours/Household/MTL-MT00058-216.mp4 -> gs://100hr-data/Household/Videos/MTL-MT00058-216.mp4
OK    /Volumes/Samsung 990-2/100 Hours/Household/MTL-MT00058-202.mp4 -> gs://100hr-data/Household/Videos/MTL-MT00058-202.mp4
OK    /Volumes/Samsung 990-2/100 Hours/Household/MTL-MT00072-018.mp4 -> gs://100hr-data/Household/Videos/MTL-MT00072-018.mp4
OK    /Volumes/Samsung 990-2/100 Hours/Household/MTL-MT00062-024.mp4 -> gs://100hr-data/Household/Videos/MTL-MT00062-024.mp4
OK    /Volumes/Samsung 990-2/100 Hours/Household/MTL-MT00072-103.aac -> gs://100hr-data/Household/IMU/MTL-MT00072-103.aac
OK    /Volumes/Samsung 990-2/100 Hours/Household/MTL-MT00072-030.mp4 -> gs://100hr-data/Household/Videos/MTL-MT00072-030.mp4
OK    /Volumes/Samsung 990-2/100 Hours/Household/MTL-MT00072-024.mp4 -> gs://100hr-data/Household/Videos/MTL-MT00072-024.mp4
OK    /Volumes/Samsung 990-2/100 Hours/Household/MTL-MT00072-117.aac -> gs://100hr-data/Household/IMU/MTL-MT00072-117.aac
OK    /Volumes/Samsung 990-2/100 Hours/Household/MTL-MT00062-030.mp4 -> gs://100hr-data/Household/Videos/MTL-MT00062-030.mp4
OK    /Volumes/Samsung 990-2/100 Hours/Household/MTL-MT00062-103.aac -> gs://100hr-data/Household/IMU/MTL-MT00062-103.aac
OK    /Volumes/Samsung 990-2/100 Hours/Household/MTL-MT00058-068.txt -> gs://100hr-data/Household/IMU/MTL-MT00058-068.txt
OK    /Volumes/Samsung 990-2/100 Hours/Household/MTL-MT00058-054.txt -> gs://100hr-data/Household/IMU/MTL-MT00058-054.txt
OK    /Volumes/Samsung 990-2/100 Hours/Household/MTL-MT00058-040.txt -> gs://100hr-data/Household/IMU/MTL-MT00058-040.txt
OK    /Volumes/Samsung 990-2/100 Hours/Household/MTL-MT00058-014.mp4 -> gs://100hr-data/Household/Videos/MTL-MT00058-014.mp4
OK    /Volumes/Samsung 990-2/100 Hours/Household/MTL-MT00058-127.aac -> gs://100hr-data/Household/IMU/MTL-MT00058-127.aac
OK    /Volumes/Samsung 990-2/100 Hours/Household/MTL-MT00058-133.aac -> gs://100hr-data/Household/IMU/MTL-MT00058-133.aac
OK    /Volumes/Samsung 990-2/100 Hours/Household/MTL-MT00072-232.mp4 -> gs://100hr-data/Household/Videos/MTL-MT00072-232.mp4
OK    /Volumes/Samsung 990-2/100 Hours/Household/MTL-MT00058-097.txt -> gs://100hr-data/Household/IMU/MTL-MT00058-097.txt
OK    /Volumes/Samsung 990-2/100 Hours/Household/MTL-MT00058-028.mp4 -> gs://100hr-data/Household/Videos/MTL-MT00058-028.mp4
OK    /Volumes/Samsung 990-2/100 Hours/Household/MTL-MT00072-226.mp4 -> gs://100hr-data/Household/Videos/MTL-MT00072-226.mp4
OK    /Volumes/Samsung 990-2/100 Hours/Household/MTL-MT00058-083.txt -> gs://100hr-data/Household/IMU/MTL-MT00058-083.txt
OK    /Volumes/Samsung 990-2/100 Hours/Household/MTL-MT00058-090.aac -> gs://100hr-data/Household/IMU/MTL-MT00058-090.aac
OK    /Volumes/Samsung 990-2/100 Hours/Household/MTL-MT00058-084.aac -> gs://100hr-data/Household/IMU/MTL-MT00058-084.aac
OK    /Volumes/Samsung 990-2/100 Hours/Household/MTL-MT00058-108.txt -> gs://100hr-data/Household/IMU/MTL-MT00058-108.txt
OK    /Volumes/Samsung 990-2/100 Hours/Household/MTL-MT00058-120.txt -> gs://100hr-data/Household/IMU/MTL-MT00058-120.txt
OK    /Volumes/Samsung 990-2/100 Hours/Household/MTL-MT00058-134.txt -> gs://100hr-data/Household/IMU/MTL-MT00058-134.txt
OK    /Volumes/Samsung 990-2/100 Hours/Household/MTL-MT00058-160.mp4 -> gs://100hr-data/Household/Videos/MTL-MT00058-160.mp4
OK    /Volumes/Samsung 990-2/100 Hours/Household/MTL-MT00058-053.aac -> gs://100hr-data/Household/IMU/MTL-MT00058-053.aac
OK    /Volumes/Samsung 990-2/100 Hours/Household/MTL-MT00058-047.aac -> gs://100hr-data/Household/IMU/MTL-MT00058-047.aac
OK    /Volumes/Samsung 990-2/100 Hours/Household/MTL-MT00058-174.mp4 -> gs://100hr-data/Household/Videos/MTL-MT00058-174.mp4
OK    /Volumes/Samsung 990-2/100 Hours/Household/MTL-MT00058-148.mp4 -> gs://100hr-data/Household/Videos/MTL-MT00058-148.mp4
OK    /Volumes/Samsung 990-2/100 Hours/Household/MTL-MT00062-110.txt -> gs://100hr-data/Household/IMU/MTL-MT00062-110.txt
OK    /Volumes/Samsung 990-2/100 Hours/Household/MTL-MT00072-088.aac -> gs://100hr-data/Household/IMU/MTL-MT00072-088.aac
OK    /Volumes/Samsung 990-2/100 Hours/Household/MTL-MT00072-104.txt -> gs://100hr-data/Household/IMU/MTL-MT00072-104.txt
OK    /Volumes/Samsung 990-2/100 Hours/Household/MTL-MT00072-110.txt -> gs://100hr-data/Household/IMU/MTL-MT00072-110.txt
OK    /Volumes/Samsung 990-2/100 Hours/Household/MTL-MT00062-088.aac -> gs://100hr-data/Household/IMU/MTL-MT00062-088.aac
OK    /Volumes/Samsung 990-2/100 Hours/Household/MTL-MT00062-104.txt -> gs://100hr-data/Household/IMU/MTL-MT00062-104.txt
OK    /Volumes/Samsung 990-2/100 Hours/Household/MTL-MT00072-187.mp4 -> gs://100hr-data/Household/Videos/MTL-MT00072-187.mp4
OK    /Volumes/Samsung 990-2/100 Hours/Household/MTL-MT00072-138.txt -> gs://100hr-data/Household/IMU/MTL-MT00072-138.txt
OK    /Volumes/Samsung 990-2/100 Hours/Household/MTL-MT00072-193.mp4 -> gs://100hr-data/Household/Videos/MTL-MT00072-193.mp4
OK    /Volumes/Samsung 990-2/100 Hours/Household/MTL-MT00072-178.mp4 -> gs://100hr-data/Household/Videos/MTL-MT00072-178.mp4
OK    /Volumes/Samsung 990-2/100 Hours/Household/MTL-MT00058-251.aac -> gs://100hr-data/Household/IMU/MTL-MT00058-251.aac
OK    /Volumes/Samsung 990-2/100 Hours/Household/MTL-MT00058-245.aac -> gs://100hr-data/Household/IMU/MTL-MT00058-245.aac
OK    /Volumes/Samsung 990-2/100 Hours/Household/MTL-MT00062-063.aac -> gs://100hr-data/Household/IMU/MTL-MT00062-063.aac
OK    /Volumes/Samsung 990-2/100 Hours/Household/MTL-MT00072-077.aac -> gs://100hr-data/Household/IMU/MTL-MT00072-077.aac
OK    /Volumes/Samsung 990-2/100 Hours/Household/MTL-MT00072-144.mp4 -> gs://100hr-data/Household/Videos/MTL-MT00072-144.mp4
OK    /Volumes/Samsung 990-2/100 Hours/Household/MTL-MT00072-150.mp4 -> gs://100hr-data/Household/Videos/MTL-MT00072-150.mp4
OK    /Volumes/Samsung 990-2/100 Hours/Household/MTL-MT00058-279.aac -> gs://100hr-data/Household/IMU/MTL-MT00058-279.aac
OK    /Volumes/Samsung 990-2/100 Hours/Household/MTL-MT00072-063.aac -> gs://100hr-data/Household/IMU/MTL-MT00072-063.aac
OK    /Volumes/Samsung 990-2/100 Hours/Household/MTL-MT00062-077.aac -> gs://100hr-data/Household/IMU/MTL-MT00062-077.aac
OK    /Volumes/Samsung 990-2/100 Hours/Household/MTL-MT00072-146.mp4 -> gs://100hr-data/Household/Videos/MTL-MT00072-146.mp4
OK    /Volumes/Samsung 990-2/100 Hours/Household/MTL-MT00072-075.aac -> gs://100hr-data/Household/IMU/MTL-MT00072-075.aac
OK    /Volumes/Samsung 990-2/100 Hours/Household/MTL-MT00062-061.aac -> gs://100hr-data/Household/IMU/MTL-MT00062-061.aac
OK    /Volumes/Samsung 990-2/100 Hours/Household/MTL-MT00062-075.aac -> gs://100hr-data/Household/IMU/MTL-MT00062-075.aac
OK    /Volumes/Samsung 990-2/100 Hours/Household/MTL-MT00072-061.aac -> gs://100hr-data/Household/IMU/MTL-MT00072-061.aac
OK    /Volumes/Samsung 990-2/100 Hours/Household/MTL-MT00072-152.mp4 -> gs://100hr-data/Household/Videos/MTL-MT00072-152.mp4
OK    /Volumes/Samsung 990-2/100 Hours/Household/MTL-MT00072-049.aac -> gs://100hr-data/Household/IMU/MTL-MT00072-049.aac
OK    /Volumes/Samsung 990-2/100 Hours/Household/MTL-MT00058-253.aac -> gs://100hr-data/Household/IMU/MTL-MT00058-253.aac
OK    /Volumes/Samsung 990-2/100 Hours/Household/MTL-MT00062-049.aac -> gs://100hr-data/Household/IMU/MTL-MT00062-049.aac
OK    /Volumes/Samsung 990-2/100 Hours/Household/MTL-MT00058-247.aac -> gs://100hr-data/Household/IMU/MTL-MT00058-247.aac
OK    /Volumes/Samsung 990-2/100 Hours/Household/MTL-MT00072-185.mp4 -> gs://100hr-data/Household/Videos/MTL-MT00072-185.mp4
OK    /Volumes/Samsung 990-2/100 Hours/Household/MTL-MT00072-191.mp4 -> gs://100hr-data/Household/Videos/MTL-MT00072-191.mp4
OK    /Volumes/Samsung 990-2/100 Hours/Household/MTL-MT00072-106.txt -> gs://100hr-data/Household/IMU/MTL-MT00072-106.txt
OK    /Volumes/Samsung 990-2/100 Hours/Household/MTL-MT00062-112.txt -> gs://100hr-data/Household/IMU/MTL-MT00062-112.txt
OK    /Volumes/Samsung 990-2/100 Hours/Household/MTL-MT00062-106.txt -> gs://100hr-data/Household/IMU/MTL-MT00062-106.txt
OK    /Volumes/Samsung 990-2/100 Hours/Household/MTL-MT00072-112.txt -> gs://100hr-data/Household/IMU/MTL-MT00072-112.txt
OK    /Volumes/Samsung 990-2/100 Hours/Household/MTL-MT00058-079.aac -> gs://100hr-data/Household/IMU/MTL-MT00058-079.aac
OK    /Volumes/Samsung 990-2/100 Hours/Household/MTL-MT00058-051.aac -> gs://100hr-data/Household/IMU/MTL-MT00058-051.aac
OK    /Volumes/Samsung 990-2/100 Hours/Household/MTL-MT00058-162.mp4 -> gs://100hr-data/Household/Videos/MTL-MT00058-162.mp4
OK    /Volumes/Samsung 990-2/100 Hours/Household/MTL-MT00058-176.mp4 -> gs://100hr-data/Household/Videos/MTL-MT00058-176.mp4
OK    /Volumes/Samsung 990-2/100 Hours/Household/MTL-MT00058-045.aac -> gs://100hr-data/Household/IMU/MTL-MT00058-045.aac
OK    /Volumes/Samsung 990-2/100 Hours/Household/MTL-MT00058-122.txt -> gs://100hr-data/Household/IMU/MTL-MT00058-122.txt
OK    /Volumes/Samsung 990-2/100 Hours/Household/MTL-MT00058-189.mp4 -> gs://100hr-data/Household/Videos/MTL-MT00058-189.mp4
OK    /Volumes/Samsung 990-2/100 Hours/Household/MTL-MT00058-136.txt -> gs://100hr-data/Household/IMU/MTL-MT00058-136.txt
OK    /Volumes/Samsung 990-2/100 Hours/Household/MTL-MT00058-092.aac -> gs://100hr-data/Household/IMU/MTL-MT00058-092.aac
OK    /Volumes/Samsung 990-2/100 Hours/Household/MTL-MT00058-086.aac -> gs://100hr-data/Household/IMU/MTL-MT00058-086.aac
OK    /Volumes/Samsung 990-2/100 Hours/Household/MTL-MT00058-095.txt -> gs://100hr-data/Household/IMU/MTL-MT00058-095.txt
OK    /Volumes/Samsung 990-2/100 Hours/Household/MTL-MT00058-119.aac -> gs://100hr-data/Household/IMU/MTL-MT00058-119.aac
OK    /Volumes/Samsung 990-2/100 Hours/Household/MTL-MT00072-230.mp4 -> gs://100hr-data/Household/Videos/MTL-MT00072-230.mp4
OK    /Volumes/Samsung 990-2/100 Hours/Household/MTL-MT00058-081.txt -> gs://100hr-data/Household/IMU/MTL-MT00058-081.txt
OK    /Volumes/Samsung 990-2/100 Hours/Household/MTL-MT00072-224.mp4 -> gs://100hr-data/Household/Videos/MTL-MT00072-224.mp4
OK    /Volumes/Samsung 990-2/100 Hours/Household/MTL-MT00058-125.aac -> gs://100hr-data/Household/IMU/MTL-MT00058-125.aac
OK    /Volumes/Samsung 990-2/100 Hours/Household/MTL-MT00058-016.mp4 -> gs://100hr-data/Household/Videos/MTL-MT00058-016.mp4
OK    /Volumes/Samsung 990-2/100 Hours/Household/MTL-MT00058-131.aac -> gs://100hr-data/Household/IMU/MTL-MT00058-131.aac
OK    /Volumes/Samsung 990-2/100 Hours/Household/MTL-MT00072-218.mp4 -> gs://100hr-data/Household/Videos/MTL-MT00072-218.mp4
OK    /Volumes/Samsung 990-2/100 Hours/Household/MTL-MT00058-056.txt -> gs://100hr-data/Household/IMU/MTL-MT00058-056.txt
OK    /Volumes/Samsung 990-2/100 Hours/Household/MTL-MT00058-042.txt -> gs://100hr-data/Household/IMU/MTL-MT00058-042.txt
OK    /Volumes/Samsung 990-2/100 Hours/Household/MTL-MT00072-032.mp4 -> gs://100hr-data/Household/Videos/MTL-MT00072-032.mp4
OK    /Volumes/Samsung 990-2/100 Hours/Household/MTL-MT00058-228.mp4 -> gs://100hr-data/Household/Videos/MTL-MT00058-228.mp4
OK    /Volumes/Samsung 990-2/100 Hours/Household/MTL-MT00072-101.aac -> gs://100hr-data/Household/IMU/MTL-MT00072-101.aac
OK    /Volumes/Samsung 990-2/100 Hours/Household/MTL-MT00062-026.mp4 -> gs://100hr-data/Household/Videos/MTL-MT00062-026.mp4
OK    /Volumes/Samsung 990-2/100 Hours/Household/MTL-MT00062-099.txt -> gs://100hr-data/Household/IMU/MTL-MT00062-099.txt
OK    /Volumes/Samsung 990-2/100 Hours/Household/MTL-MT00062-101.aac -> gs://100hr-data/Household/IMU/MTL-MT00062-101.aac
OK    /Volumes/Samsung 990-2/100 Hours/Household/MTL-MT00062-032.mp4 -> gs://100hr-data/Household/Videos/MTL-MT00062-032.mp4
OK    /Volumes/Samsung 990-2/100 Hours/Household/MTL-MT00072-099.txt -> gs://100hr-data/Household/IMU/MTL-MT00072-099.txt
OK    /Volumes/Samsung 990-2/100 Hours/Household/MTL-MT00072-115.aac -> gs://100hr-data/Household/IMU/MTL-MT00072-115.aac
OK    /Volumes/Samsung 990-2/100 Hours/Household/MTL-MT00072-026.mp4 -> gs://100hr-data/Household/Videos/MTL-MT00072-026.mp4
OK    /Volumes/Samsung 990-2/100 Hours/Household/MTL-MT00058-214.mp4 -> gs://100hr-data/Household/Videos/MTL-MT00058-214.mp4
OK    /Volumes/Samsung 990-2/100 Hours/Household/MTL-MT00058-200.mp4 -> gs://100hr-data/Household/Videos/MTL-MT00058-200.mp4
OK    /Volumes/Samsung 990-2/100 Hours/Household/MTL-MT00072-129.aac -> gs://100hr-data/Household/IMU/MTL-MT00072-129.aac
OK    /Volumes/Samsung 990-2/100 Hours/Household/MTL-MT00058-254.txt -> gs://100hr-data/Household/IMU/MTL-MT00058-254.txt
OK    /Volumes/Samsung 990-2/100 Hours/Household/MTL-MT00058-240.txt -> gs://100hr-data/Household/IMU/MTL-MT00058-240.txt
OK    /Volumes/Samsung 990-2/100 Hours/Household/MTL-MT00058-268.txt -> gs://100hr-data/Household/IMU/MTL-MT00058-268.txt
OK    /Volumes/Samsung 990-2/100 Hours/Household/MTL-MT00072-072.txt -> gs://100hr-data/Household/IMU/MTL-MT00072-072.txt
OK    /Volumes/Samsung 990-2/100 Hours/Household/MTL-MT00062-066.txt -> gs://100hr-data/Household/IMU/MTL-MT00062-066.txt
OK    /Volumes/Samsung 990-2/100 Hours/Household/MTL-MT00062-072.txt -> gs://100hr-data/Household/IMU/MTL-MT00062-072.txt
OK    /Volumes/Samsung 990-2/100 Hours/Household/MTL-MT00072-066.txt -> gs://100hr-data/Household/IMU/MTL-MT00072-066.txt
OK    /Volumes/Samsung 990-2/100 Hours/Household/MTL-MT00062-073.txt -> gs://100hr-data/Household/IMU/MTL-MT00062-073.txt
OK    /Volumes/Samsung 990-2/100 Hours/Household/MTL-MT00072-067.txt -> gs://100hr-data/Household/IMU/MTL-MT00072-067.txt
OK    /Volumes/Samsung 990-2/100 Hours/Household/MTL-MT00072-073.txt -> gs://100hr-data/Household/IMU/MTL-MT00072-073.txt
OK    /Volumes/Samsung 990-2/100 Hours/Household/MTL-MT00058-269.txt -> gs://100hr-data/Household/IMU/MTL-MT00058-269.txt
OK    /Volumes/Samsung 990-2/100 Hours/Household/MTL-MT00062-067.txt -> gs://100hr-data/Household/IMU/MTL-MT00062-067.txt
OK    /Volumes/Samsung 990-2/100 Hours/Household/MTL-MT00058-241.txt -> gs://100hr-data/Household/IMU/MTL-MT00058-241.txt
OK    /Volumes/Samsung 990-2/100 Hours/Household/MTL-MT00058-255.txt -> gs://100hr-data/Household/IMU/MTL-MT00058-255.txt
OK    /Volumes/Samsung 990-2/100 Hours/Household/MTL-MT00072-128.aac -> gs://100hr-data/Household/IMU/MTL-MT00072-128.aac
OK    /Volumes/Samsung 990-2/100 Hours/Household/MTL-MT00058-201.mp4 -> gs://100hr-data/Household/Videos/MTL-MT00058-201.mp4
OK    /Volumes/Samsung 990-2/100 Hours/Household/MTL-MT00058-215.mp4 -> gs://100hr-data/Household/Videos/MTL-MT00058-215.mp4
OK    /Volumes/Samsung 990-2/100 Hours/Household/MTL-MT00062-033.mp4 -> gs://100hr-data/Household/Videos/MTL-MT00062-033.mp4
OK    /Volumes/Samsung 990-2/100 Hours/Household/MTL-MT00062-100.aac -> gs://100hr-data/Household/IMU/MTL-MT00062-100.aac
OK    /Volumes/Samsung 990-2/100 Hours/Household/MTL-MT00072-027.mp4 -> gs://100hr-data/Household/Videos/MTL-MT00072-027.mp4
OK    /Volumes/Samsung 990-2/100 Hours/Household/MTL-MT00072-114.aac -> gs://100hr-data/Household/IMU/MTL-MT00072-114.aac
OK    /Volumes/Samsung 990-2/100 Hours/Household/MTL-MT00072-098.txt -> gs://100hr-data/Household/IMU/MTL-MT00072-098.txt
OK    /Volumes/Samsung 990-2/100 Hours/Household/MTL-MT00072-100.aac -> gs://100hr-data/Household/IMU/MTL-MT00072-100.aac
OK    /Volumes/Samsung 990-2/100 Hours/Household/MTL-MT00058-229.mp4 -> gs://100hr-data/Household/Videos/MTL-MT00058-229.mp4
OK    /Volumes/Samsung 990-2/100 Hours/Household/MTL-MT00072-033.mp4 -> gs://100hr-data/Household/Videos/MTL-MT00072-033.mp4
OK    /Volumes/Samsung 990-2/100 Hours/Household/MTL-MT00062-098.txt -> gs://100hr-data/Household/IMU/MTL-MT00062-098.txt
OK    /Volumes/Samsung 990-2/100 Hours/Household/MTL-MT00062-027.mp4 -> gs://100hr-data/Household/Videos/MTL-MT00062-027.mp4
OK    /Volumes/Samsung 990-2/100 Hours/Household/MTL-MT00058-043.txt -> gs://100hr-data/Household/IMU/MTL-MT00058-043.txt
OK    /Volumes/Samsung 990-2/100 Hours/Household/MTL-MT00058-057.txt -> gs://100hr-data/Household/IMU/MTL-MT00058-057.txt
OK    /Volumes/Samsung 990-2/100 Hours/Household/MTL-MT00072-219.mp4 -> gs://100hr-data/Household/Videos/MTL-MT00072-219.mp4
OK    /Volumes/Samsung 990-2/100 Hours/Household/MTL-MT00058-130.aac -> gs://100hr-data/Household/IMU/MTL-MT00058-130.aac
OK    /Volumes/Samsung 990-2/100 Hours/Household/MTL-MT00058-017.mp4 -> gs://100hr-data/Household/Videos/MTL-MT00058-017.mp4
OK    /Volumes/Samsung 990-2/100 Hours/Household/MTL-MT00058-124.aac -> gs://100hr-data/Household/IMU/MTL-MT00058-124.aac
OK    /Volumes/Samsung 990-2/100 Hours/Household/MTL-MT00072-225.mp4 -> gs://100hr-data/Household/Videos/MTL-MT00072-225.mp4
OK    /Volumes/Samsung 990-2/100 Hours/Household/MTL-MT00058-080.txt -> gs://100hr-data/Household/IMU/MTL-MT00058-080.txt
OK    /Volumes/Samsung 990-2/100 Hours/Household/MTL-MT00072-231.mp4 -> gs://100hr-data/Household/Videos/MTL-MT00072-231.mp4
OK    /Volumes/Samsung 990-2/100 Hours/Household/MTL-MT00058-118.aac -> gs://100hr-data/Household/IMU/MTL-MT00058-118.aac
OK    /Volumes/Samsung 990-2/100 Hours/Household/MTL-MT00058-094.txt -> gs://100hr-data/Household/IMU/MTL-MT00058-094.txt
OK    /Volumes/Samsung 990-2/100 Hours/Household/MTL-MT00058-087.aac -> gs://100hr-data/Household/IMU/MTL-MT00058-087.aac
OK    /Volumes/Samsung 990-2/100 Hours/Household/MTL-MT00058-093.aac -> gs://100hr-data/Household/IMU/MTL-MT00058-093.aac
OK    /Volumes/Samsung 990-2/100 Hours/Household/MTL-MT00058-137.txt -> gs://100hr-data/Household/IMU/MTL-MT00058-137.txt
OK    /Volumes/Samsung 990-2/100 Hours/Household/MTL-MT00058-188.mp4 -> gs://100hr-data/Household/Videos/MTL-MT00058-188.mp4
OK    /Volumes/Samsung 990-2/100 Hours/Household/MTL-MT00058-123.txt -> gs://100hr-data/Household/IMU/MTL-MT00058-123.txt
OK    /Volumes/Samsung 990-2/100 Hours/Household/MTL-MT00058-044.aac -> gs://100hr-data/Household/IMU/MTL-MT00058-044.aac
OK    /Volumes/Samsung 990-2/100 Hours/Household/MTL-MT00058-177.mp4 -> gs://100hr-data/Household/Videos/MTL-MT00058-177.mp4
OK    /Volumes/Samsung 990-2/100 Hours/Household/MTL-MT00058-163.mp4 -> gs://100hr-data/Household/Videos/MTL-MT00058-163.mp4
OK    /Volumes/Samsung 990-2/100 Hours/Household/MTL-MT00058-050.aac -> gs://100hr-data/Household/IMU/MTL-MT00058-050.aac
OK    /Volumes/Samsung 990-2/100 Hours/Household/MTL-MT00058-078.aac -> gs://100hr-data/Household/IMU/MTL-MT00058-078.aac
OK    /Volumes/Samsung 990-2/100 Hours/Household/MTL-MT00062-107.txt -> gs://100hr-data/Household/IMU/MTL-MT00062-107.txt
OK    /Volumes/Samsung 990-2/100 Hours/Household/MTL-MT00072-113.txt -> gs://100hr-data/Household/IMU/MTL-MT00072-113.txt
OK    /Volumes/Samsung 990-2/100 Hours/Household/MTL-MT00072-107.txt -> gs://100hr-data/Household/IMU/MTL-MT00072-107.txt
OK    /Volumes/Samsung 990-2/100 Hours/Household/MTL-MT00072-190.mp4 -> gs://100hr-data/Household/Videos/MTL-MT00072-190.mp4
OK    /Volumes/Samsung 990-2/100 Hours/Household/MTL-MT00072-184.mp4 -> gs://100hr-data/Household/Videos/MTL-MT00072-184.mp4
OK    /Volumes/Samsung 990-2/100 Hours/Household/MTL-MT00062-048.aac -> gs://100hr-data/Household/IMU/MTL-MT00062-048.aac
OK    /Volumes/Samsung 990-2/100 Hours/Household/MTL-MT00058-246.aac -> gs://100hr-data/Household/IMU/MTL-MT00058-246.aac
OK    /Volumes/Samsung 990-2/100 Hours/Household/MTL-MT00058-252.aac -> gs://100hr-data/Household/IMU/MTL-MT00058-252.aac
OK    /Volumes/Samsung 990-2/100 Hours/Household/MTL-MT00072-048.aac -> gs://100hr-data/Household/IMU/MTL-MT00072-048.aac
OK    /Volumes/Samsung 990-2/100 Hours/Household/MTL-MT00062-074.aac -> gs://100hr-data/Household/IMU/MTL-MT00062-074.aac
OK    /Volumes/Samsung 990-2/100 Hours/Household/MTL-MT00072-153.mp4 -> gs://100hr-data/Household/Videos/MTL-MT00072-153.mp4
OK    /Volumes/Samsung 990-2/100 Hours/Household/MTL-MT00072-060.aac -> gs://100hr-data/Household/IMU/MTL-MT00072-060.aac
OK    /Volumes/Samsung 990-2/100 Hours/Household/MTL-MT00072-074.aac -> gs://100hr-data/Household/IMU/MTL-MT00072-074.aac
OK    /Volumes/Samsung 990-2/100 Hours/Household/MTL-MT00072-147.mp4 -> gs://100hr-data/Household/Videos/MTL-MT00072-147.mp4
OK    /Volumes/Samsung 990-2/100 Hours/Household/MTL-MT00062-060.aac -> gs://100hr-data/Household/IMU/MTL-MT00062-060.aac
Summary: success=1838 skipped=0 failed=0
