Upload started: 2026-08-26T13:04:28Z
Source: /Volumes/Samsung 990-2/100 Hours/Paper-mill
Destination: gs://100hr-data/Paper-mill/
OK    /Volumes/Samsung 990-2/100 Hours/Paper-mill/MTL-RC00080-060.mp4 -> gs://100hr-data/Paper-mill/Videos/MTL-RC00080-060.mp4
OK    /Volumes/Samsung 990-2/100 Hours/Paper-mill/MTL-RC00067-091.aac -> gs://100hr-data/Paper-mill/IMU/MTL-RC00067-091.aac
OK    /Volumes/Samsung 990-2/100 Hours/Paper-mill/MTL-RC00080-074.mp4 -> gs://100hr-data/Paper-mill/Videos/MTL-RC00080-074.mp4
OK    /Volumes/Samsung 990-2/100 Hours/Paper-mill/MTL-RC00072-070.txt -> gs://100hr-data/Paper-mill/IMU/MTL-RC00072-070.txt
OK    /Volumes/Samsung 990-2/100 Hours/Paper-mill/MTL-RC00072-064.txt -> gs://100hr-data/Paper-mill/IMU/MTL-RC00072-064.txt
OK    /Volumes/Samsung 990-2/100 Hours/Paper-mill/MTL-RC00072-030.mp4 -> gs://100hr-data/Paper-mill/Videos/MTL-RC00072-030.mp4
OK    /Volumes/Samsung 990-2/100 Hours/Paper-mill/MTL-RC00067-046.aac -> gs://100hr-data/Paper-mill/IMU/MTL-RC00067-046.aac
OK    /Volumes/Samsung 990-2/100 Hours/Paper-mill/MTL-RC00072-024.mp4 -> gs://100hr-data/Paper-mill/Videos/MTL-RC00072-024.mp4
OK    /Volumes/Samsung 990-2/100 Hours/Paper-mill/MTL-RC00080-020.txt -> gs://100hr-data/Paper-mill/IMU/MTL-RC00080-020.txt
OK    /Volumes/Samsung 990-2/100 Hours/Paper-mill/MTL-RC00080-034.txt -> gs://100hr-data/Paper-mill/IMU/MTL-RC00080-034.txt
OK    /Volumes/Samsung 990-2/100 Hours/Paper-mill/MTL-RC00070-012.aac -> gs://100hr-data/Paper-mill/IMU/MTL-RC00070-012.aac
OK    /Volumes/Samsung 990-2/100 Hours/Paper-mill/MTL-RC00066-118.txt -> gs://100hr-data/Paper-mill/IMU/MTL-RC00066-118.txt
OK    /Volumes/Samsung 990-2/100 Hours/Paper-mill/MTL-RC00066-094.aac -> gs://100hr-data/Paper-mill/IMU/MTL-RC00066-094.aac
OK    /Volumes/Samsung 990-2/100 Hours/Paper-mill/MTL-RC00076-080.aac -> gs://100hr-data/Paper-mill/IMU/MTL-RC00076-080.aac
OK    /Volumes/Samsung 990-2/100 Hours/Paper-mill/MTL-RC00076-118.txt -> gs://100hr-data/Paper-mill/IMU/MTL-RC00076-118.txt
OK    /Volumes/Samsung 990-2/100 Hours/Paper-mill/MTL-RC00082-119.txt -> gs://100hr-data/Paper-mill/IMU/MTL-RC00082-119.txt
OK    /Volumes/Samsung 990-2/100 Hours/Paper-mill/MTL-RC00075-157.aac -> gs://100hr-data/Paper-mill/IMU/MTL-RC00075-157.aac
OK    /Volumes/Samsung 990-2/100 Hours/Paper-mill/MTL-RC00082-095.aac -> gs://100hr-data/Paper-mill/IMU/MTL-RC00082-095.aac
OK    /Volumes/Samsung 990-2/100 Hours/Paper-mill/MTL-RC00075-064.mp4 -> gs://100hr-data/Paper-mill/Videos/MTL-RC00075-064.mp4
OK    /Volumes/Samsung 990-2/100 Hours/Paper-mill/MTL-RC00066-080.aac -> gs://100hr-data/Paper-mill/IMU/MTL-RC00066-080.aac
OK    /Volumes/Samsung 990-2/100 Hours/Paper-mill/MTL-RC00082-131.txt -> gs://100hr-data/Paper-mill/IMU/MTL-RC00082-131.txt
OK    /Volumes/Samsung 990-2/100 Hours/Paper-mill/MTL-RC00082-125.txt -> gs://100hr-data/Paper-mill/IMU/MTL-RC00082-125.txt
OK    /Volumes/Samsung 990-2/100 Hours/Paper-mill/MTL-RC00066-130.txt -> gs://100hr-data/Paper-mill/IMU/MTL-RC00066-130.txt
OK    /Volumes/Samsung 990-2/100 Hours/Paper-mill/MTL-RC00070-109.mp4 -> gs://100hr-data/Paper-mill/Videos/MTL-RC00070-109.mp4
OK    /Volumes/Samsung 990-2/100 Hours/Paper-mill/MTL-RC00066-057.aac -> gs://100hr-data/Paper-mill/IMU/MTL-RC00066-057.aac
OK    /Volumes/Samsung 990-2/100 Hours/Paper-mill/MTL-RC00076-043.aac -> gs://100hr-data/Paper-mill/IMU/MTL-RC00076-043.aac
OK    /Volumes/Samsung 990-2/100 Hours/Paper-mill/MTL-RC00082-042.aac -> gs://100hr-data/Paper-mill/IMU/MTL-RC00082-042.aac
OK    /Volumes/Samsung 990-2/100 Hours/Paper-mill/MTL-RC00076-057.aac -> gs://100hr-data/Paper-mill/IMU/MTL-RC00076-057.aac
OK    /Volumes/Samsung 990-2/100 Hours/Paper-mill/MTL-RC00082-056.aac -> gs://100hr-data/Paper-mill/IMU/MTL-RC00082-056.aac
OK    /Volumes/Samsung 990-2/100 Hours/Paper-mill/MTL-RC00070-149.txt -> gs://100hr-data/Paper-mill/IMU/MTL-RC00070-149.txt
OK    /Volumes/Samsung 990-2/100 Hours/Paper-mill/MTL-RC00066-043.aac -> gs://100hr-data/Paper-mill/IMU/MTL-RC00066-043.aac
OK    /Volumes/Samsung 990-2/100 Hours/Paper-mill/MTL-RC00075-030.txt -> gs://100hr-data/Paper-mill/IMU/MTL-RC00075-030.txt
OK    /Volumes/Samsung 990-2/100 Hours/Paper-mill/MTL-RC00075-024.txt -> gs://100hr-data/Paper-mill/IMU/MTL-RC00075-024.txt
OK    /Volumes/Samsung 990-2/100 Hours/Paper-mill/MTL-RC00075-104.mp4 -> gs://100hr-data/Paper-mill/Videos/MTL-RC00075-104.mp4
OK    /Volumes/Samsung 990-2/100 Hours/Paper-mill/MTL-RC00076-078.txt -> gs://100hr-data/Paper-mill/IMU/MTL-RC00076-078.txt
OK    /Volumes/Samsung 990-2/100 Hours/Paper-mill/MTL-RC00082-079.txt -> gs://100hr-data/Paper-mill/IMU/MTL-RC00082-079.txt
OK    /Volumes/Samsung 990-2/100 Hours/Paper-mill/MTL-RC00075-023.aac -> gs://100hr-data/Paper-mill/IMU/MTL-RC00075-023.aac
OK    /Volumes/Samsung 990-2/100 Hours/Paper-mill/MTL-RC00070-041.mp4 -> gs://100hr-data/Paper-mill/Videos/MTL-RC00070-041.mp4
OK    /Volumes/Samsung 990-2/100 Hours/Paper-mill/MTL-RC00066-078.txt -> gs://100hr-data/Paper-mill/IMU/MTL-RC00066-078.txt
OK    /Volumes/Samsung 990-2/100 Hours/Paper-mill/MTL-RC00066-050.txt -> gs://100hr-data/Paper-mill/IMU/MTL-RC00066-050.txt
OK    /Volumes/Samsung 990-2/100 Hours/Paper-mill/MTL-RC00082-045.txt -> gs://100hr-data/Paper-mill/IMU/MTL-RC00082-045.txt
OK    /Volumes/Samsung 990-2/100 Hours/Paper-mill/MTL-RC00075-138.mp4 -> gs://100hr-data/Paper-mill/Videos/MTL-RC00075-138.mp4
OK    /Volumes/Samsung 990-2/100 Hours/Paper-mill/MTL-RC00076-050.txt -> gs://100hr-data/Paper-mill/IMU/MTL-RC00076-050.txt
OK    /Volumes/Samsung 990-2/100 Hours/Paper-mill/MTL-RC00070-096.mp4 -> gs://100hr-data/Paper-mill/Videos/MTL-RC00070-096.mp4
OK    /Volumes/Samsung 990-2/100 Hours/Paper-mill/MTL-RC00066-123.aac -> gs://100hr-data/Paper-mill/IMU/MTL-RC00066-123.aac
OK    /Volumes/Samsung 990-2/100 Hours/Paper-mill/MTL-RC00066-010.mp4 -> gs://100hr-data/Paper-mill/Videos/MTL-RC00066-010.mp4
OK    /Volumes/Samsung 990-2/100 Hours/Paper-mill/MTL-RC00082-005.mp4 -> gs://100hr-data/Paper-mill/Videos/MTL-RC00082-005.mp4
OK    /Volumes/Samsung 990-2/100 Hours/Paper-mill/MTL-RC00082-122.aac -> gs://100hr-data/Paper-mill/IMU/MTL-RC00082-122.aac
OK    /Volumes/Samsung 990-2/100 Hours/Paper-mill/MTL-RC00070-082.mp4 -> gs://100hr-data/Paper-mill/Videos/MTL-RC00070-082.mp4
OK    /Volumes/Samsung 990-2/100 Hours/Paper-mill/MTL-RC00066-137.aac -> gs://100hr-data/Paper-mill/IMU/MTL-RC00066-137.aac
OK    /Volumes/Samsung 990-2/100 Hours/Paper-mill/MTL-RC00070-015.txt -> gs://100hr-data/Paper-mill/IMU/MTL-RC00070-015.txt
OK    /Volumes/Samsung 990-2/100 Hours/Paper-mill/MTL-RC00066-093.txt -> gs://100hr-data/Paper-mill/IMU/MTL-RC00066-093.txt
OK    /Volumes/Samsung 990-2/100 Hours/Paper-mill/MTL-RC00076-038.mp4 -> gs://100hr-data/Paper-mill/Videos/MTL-RC00076-038.mp4
OK    /Volumes/Samsung 990-2/100 Hours/Paper-mill/MTL-RC00082-039.mp4 -> gs://100hr-data/Paper-mill/Videos/MTL-RC00082-039.mp4
OK    /Volumes/Samsung 990-2/100 Hours/Paper-mill/MTL-RC00076-087.txt -> gs://100hr-data/Paper-mill/IMU/MTL-RC00076-087.txt
OK    /Volumes/Samsung 990-2/100 Hours/Paper-mill/MTL-RC00082-086.txt -> gs://100hr-data/Paper-mill/IMU/MTL-RC00082-086.txt
OK    /Volumes/Samsung 990-2/100 Hours/Paper-mill/MTL-RC00075-144.txt -> gs://100hr-data/Paper-mill/IMU/MTL-RC00075-144.txt
OK    /Volumes/Samsung 990-2/100 Hours/Paper-mill/MTL-RC00082-092.txt -> gs://100hr-data/Paper-mill/IMU/MTL-RC00082-092.txt
OK    /Volumes/Samsung 990-2/100 Hours/Paper-mill/MTL-RC00066-038.mp4 -> gs://100hr-data/Paper-mill/Videos/MTL-RC00066-038.mp4
OK    /Volumes/Samsung 990-2/100 Hours/Paper-mill/MTL-RC00080-027.aac -> gs://100hr-data/Paper-mill/IMU/MTL-RC00080-027.aac
OK    /Volumes/Samsung 990-2/100 Hours/Paper-mill/MTL-RC00072-138.txt -> gs://100hr-data/Paper-mill/IMU/MTL-RC00072-138.txt
OK    /Volumes/Samsung 990-2/100 Hours/Paper-mill/MTL-RC00080-033.aac -> gs://100hr-data/Paper-mill/IMU/MTL-RC00080-033.aac
OK    /Volumes/Samsung 990-2/100 Hours/Paper-mill/MTL-RC00072-104.txt -> gs://100hr-data/Paper-mill/IMU/MTL-RC00072-104.txt
OK    /Volumes/Samsung 990-2/100 Hours/Paper-mill/MTL-RC00067-041.txt -> gs://100hr-data/Paper-mill/IMU/MTL-RC00067-041.txt
OK    /Volumes/Samsung 990-2/100 Hours/Paper-mill/MTL-RC00072-144.mp4 -> gs://100hr-data/Paper-mill/Videos/MTL-RC00072-144.mp4
OK    /Volumes/Samsung 990-2/100 Hours/Paper-mill/MTL-RC00067-082.txt -> gs://100hr-data/Paper-mill/IMU/MTL-RC00067-082.txt
OK    /Volumes/Samsung 990-2/100 Hours/Paper-mill/MTL-RC00067-096.txt -> gs://100hr-data/Paper-mill/IMU/MTL-RC00067-096.txt
OK    /Volumes/Samsung 990-2/100 Hours/Paper-mill/MTL-RC00067-097.txt -> gs://100hr-data/Paper-mill/IMU/MTL-RC00067-097.txt
OK    /Volumes/Samsung 990-2/100 Hours/Paper-mill/MTL-RC00067-028.mp4 -> gs://100hr-data/Paper-mill/Videos/MTL-RC00067-028.mp4
OK    /Volumes/Samsung 990-2/100 Hours/Paper-mill/MTL-RC00067-083.txt -> gs://100hr-data/Paper-mill/IMU/MTL-RC00067-083.txt
OK    /Volumes/Samsung 990-2/100 Hours/Paper-mill/MTL-RC00072-151.mp4 -> gs://100hr-data/Paper-mill/Videos/MTL-RC00072-151.mp4
OK    /Volumes/Samsung 990-2/100 Hours/Paper-mill/MTL-RC00072-145.mp4 -> gs://100hr-data/Paper-mill/Videos/MTL-RC00072-145.mp4
OK    /Volumes/Samsung 990-2/100 Hours/Paper-mill/MTL-RC00072-076.aac -> gs://100hr-data/Paper-mill/IMU/MTL-RC00072-076.aac
OK    /Volumes/Samsung 990-2/100 Hours/Paper-mill/MTL-RC00072-111.txt -> gs://100hr-data/Paper-mill/IMU/MTL-RC00072-111.txt
OK    /Volumes/Samsung 990-2/100 Hours/Paper-mill/MTL-RC00072-089.aac -> gs://100hr-data/Paper-mill/IMU/MTL-RC00072-089.aac
OK    /Volumes/Samsung 990-2/100 Hours/Paper-mill/MTL-RC00072-105.txt -> gs://100hr-data/Paper-mill/IMU/MTL-RC00072-105.txt
OK    /Volumes/Samsung 990-2/100 Hours/Paper-mill/MTL-RC00067-068.txt -> gs://100hr-data/Paper-mill/IMU/MTL-RC00067-068.txt
OK    /Volumes/Samsung 990-2/100 Hours/Paper-mill/MTL-RC00080-032.aac -> gs://100hr-data/Paper-mill/IMU/MTL-RC00080-032.aac
OK    /Volumes/Samsung 990-2/100 Hours/Paper-mill/MTL-RC00075-151.txt -> gs://100hr-data/Paper-mill/IMU/MTL-RC00075-151.txt
OK    /Volumes/Samsung 990-2/100 Hours/Paper-mill/MTL-RC00082-093.txt -> gs://100hr-data/Paper-mill/IMU/MTL-RC00082-093.txt
OK    /Volumes/Samsung 990-2/100 Hours/Paper-mill/MTL-RC00066-039.mp4 -> gs://100hr-data/Paper-mill/Videos/MTL-RC00066-039.mp4
OK    /Volumes/Samsung 990-2/100 Hours/Paper-mill/MTL-RC00066-086.txt -> gs://100hr-data/Paper-mill/IMU/MTL-RC00066-086.txt
OK    /Volumes/Samsung 990-2/100 Hours/Paper-mill/MTL-RC00066-092.txt -> gs://100hr-data/Paper-mill/IMU/MTL-RC00066-092.txt
OK    /Volumes/Samsung 990-2/100 Hours/Paper-mill/MTL-RC00075-145.txt -> gs://100hr-data/Paper-mill/IMU/MTL-RC00075-145.txt
OK    /Volumes/Samsung 990-2/100 Hours/Paper-mill/MTL-RC00076-086.txt -> gs://100hr-data/Paper-mill/IMU/MTL-RC00076-086.txt
OK    /Volumes/Samsung 990-2/100 Hours/Paper-mill/MTL-RC00082-087.txt -> gs://100hr-data/Paper-mill/IMU/MTL-RC00082-087.txt
OK    /Volumes/Samsung 990-2/100 Hours/Paper-mill/MTL-RC00076-039.mp4 -> gs://100hr-data/Paper-mill/Videos/MTL-RC00076-039.mp4
OK    /Volumes/Samsung 990-2/100 Hours/Paper-mill/MTL-RC00082-038.mp4 -> gs://100hr-data/Paper-mill/Videos/MTL-RC00082-038.mp4
OK    /Volumes/Samsung 990-2/100 Hours/Paper-mill/MTL-RC00082-123.aac -> gs://100hr-data/Paper-mill/IMU/MTL-RC00082-123.aac
OK    /Volumes/Samsung 990-2/100 Hours/Paper-mill/MTL-RC00082-010.mp4 -> gs://100hr-data/Paper-mill/Videos/MTL-RC00082-010.mp4
OK    /Volumes/Samsung 990-2/100 Hours/Paper-mill/MTL-RC00070-083.mp4 -> gs://100hr-data/Paper-mill/Videos/MTL-RC00070-083.mp4
OK    /Volumes/Samsung 990-2/100 Hours/Paper-mill/MTL-RC00066-005.mp4 -> gs://100hr-data/Paper-mill/Videos/MTL-RC00066-005.mp4
OK    /Volumes/Samsung 990-2/100 Hours/Paper-mill/MTL-RC00070-028.txt -> gs://100hr-data/Paper-mill/IMU/MTL-RC00070-028.txt
OK    /Volumes/Samsung 990-2/100 Hours/Paper-mill/MTL-RC00066-122.aac -> gs://100hr-data/Paper-mill/IMU/MTL-RC00066-122.aac
OK    /Volumes/Samsung 990-2/100 Hours/Paper-mill/MTL-RC00070-097.mp4 -> gs://100hr-data/Paper-mill/Videos/MTL-RC00070-097.mp4
OK    /Volumes/Samsung 990-2/100 Hours/Paper-mill/MTL-RC00082-137.aac -> gs://100hr-data/Paper-mill/IMU/MTL-RC00082-137.aac
OK    /Volumes/Samsung 990-2/100 Hours/Paper-mill/MTL-RC00082-050.txt -> gs://100hr-data/Paper-mill/IMU/MTL-RC00082-050.txt
OK    /Volumes/Samsung 990-2/100 Hours/Paper-mill/MTL-RC00066-045.txt -> gs://100hr-data/Paper-mill/IMU/MTL-RC00066-045.txt
OK    /Volumes/Samsung 990-2/100 Hours/Paper-mill/MTL-RC00070-068.mp4 -> gs://100hr-data/Paper-mill/Videos/MTL-RC00070-068.mp4
OK    /Volumes/Samsung 990-2/100 Hours/Paper-mill/MTL-RC00076-045.txt -> gs://100hr-data/Paper-mill/IMU/MTL-RC00076-045.txt
OK    /Volumes/Samsung 990-2/100 Hours/Paper-mill/MTL-RC00075-111.mp4 -> gs://100hr-data/Paper-mill/Videos/MTL-RC00075-111.mp4
OK    /Volumes/Samsung 990-2/100 Hours/Paper-mill/MTL-RC00066-079.txt -> gs://100hr-data/Paper-mill/IMU/MTL-RC00066-079.txt
OK    /Volumes/Samsung 990-2/100 Hours/Paper-mill/MTL-RC00070-054.mp4 -> gs://100hr-data/Paper-mill/Videos/MTL-RC00070-054.mp4
OK    /Volumes/Samsung 990-2/100 Hours/Paper-mill/MTL-RC00076-079.txt -> gs://100hr-data/Paper-mill/IMU/MTL-RC00076-079.txt
OK    /Volumes/Samsung 990-2/100 Hours/Paper-mill/MTL-RC00082-078.txt -> gs://100hr-data/Paper-mill/IMU/MTL-RC00082-078.txt
OK    /Volumes/Samsung 990-2/100 Hours/Paper-mill/MTL-RC00075-036.aac -> gs://100hr-data/Paper-mill/IMU/MTL-RC00075-036.aac
OK    /Volumes/Samsung 990-2/100 Hours/Paper-mill/MTL-RC00075-105.mp4 -> gs://100hr-data/Paper-mill/Videos/MTL-RC00075-105.mp4
OK    /Volumes/Samsung 990-2/100 Hours/Paper-mill/MTL-RC00075-031.txt -> gs://100hr-data/Paper-mill/IMU/MTL-RC00075-031.txt
OK    /Volumes/Samsung 990-2/100 Hours/Paper-mill/MTL-RC00075-019.txt -> gs://100hr-data/Paper-mill/IMU/MTL-RC00075-019.txt
OK    /Volumes/Samsung 990-2/100 Hours/Paper-mill/MTL-RC00076-056.aac -> gs://100hr-data/Paper-mill/IMU/MTL-RC00076-056.aac
OK    /Volumes/Samsung 990-2/100 Hours/Paper-mill/MTL-RC00082-057.aac -> gs://100hr-data/Paper-mill/IMU/MTL-RC00082-057.aac
OK    /Volumes/Samsung 990-2/100 Hours/Paper-mill/MTL-RC00066-042.aac -> gs://100hr-data/Paper-mill/IMU/MTL-RC00066-042.aac
OK    /Volumes/Samsung 990-2/100 Hours/Paper-mill/MTL-RC00070-148.txt -> gs://100hr-data/Paper-mill/IMU/MTL-RC00070-148.txt
OK    /Volumes/Samsung 990-2/100 Hours/Paper-mill/MTL-RC00066-056.aac -> gs://100hr-data/Paper-mill/IMU/MTL-RC00066-056.aac
OK    /Volumes/Samsung 990-2/100 Hours/Paper-mill/MTL-RC00076-042.aac -> gs://100hr-data/Paper-mill/IMU/MTL-RC00076-042.aac
OK    /Volumes/Samsung 990-2/100 Hours/Paper-mill/MTL-RC00082-043.aac -> gs://100hr-data/Paper-mill/IMU/MTL-RC00082-043.aac
OK    /Volumes/Samsung 990-2/100 Hours/Paper-mill/MTL-RC00082-124.txt -> gs://100hr-data/Paper-mill/IMU/MTL-RC00082-124.txt
OK    /Volumes/Samsung 990-2/100 Hours/Paper-mill/MTL-RC00070-108.mp4 -> gs://100hr-data/Paper-mill/Videos/MTL-RC00070-108.mp4
OK    /Volumes/Samsung 990-2/100 Hours/Paper-mill/MTL-RC00066-125.txt -> gs://100hr-data/Paper-mill/IMU/MTL-RC00066-125.txt
OK    /Volumes/Samsung 990-2/100 Hours/Paper-mill/MTL-RC00082-130.txt -> gs://100hr-data/Paper-mill/IMU/MTL-RC00082-130.txt
OK    /Volumes/Samsung 990-2/100 Hours/Paper-mill/MTL-RC00075-065.mp4 -> gs://100hr-data/Paper-mill/Videos/MTL-RC00075-065.mp4
OK    /Volumes/Samsung 990-2/100 Hours/Paper-mill/MTL-RC00082-094.aac -> gs://100hr-data/Paper-mill/IMU/MTL-RC00082-094.aac
OK    /Volumes/Samsung 990-2/100 Hours/Paper-mill/MTL-RC00075-156.aac -> gs://100hr-data/Paper-mill/IMU/MTL-RC00075-156.aac
OK    /Volumes/Samsung 990-2/100 Hours/Paper-mill/MTL-RC00076-119.txt -> gs://100hr-data/Paper-mill/IMU/MTL-RC00076-119.txt
OK    /Volumes/Samsung 990-2/100 Hours/Paper-mill/MTL-RC00082-118.txt -> gs://100hr-data/Paper-mill/IMU/MTL-RC00082-118.txt
OK    /Volumes/Samsung 990-2/100 Hours/Paper-mill/MTL-RC00070-134.mp4 -> gs://100hr-data/Paper-mill/Videos/MTL-RC00070-134.mp4
OK    /Volumes/Samsung 990-2/100 Hours/Paper-mill/MTL-RC00070-120.mp4 -> gs://100hr-data/Paper-mill/Videos/MTL-RC00070-120.mp4
OK    /Volumes/Samsung 990-2/100 Hours/Paper-mill/MTL-RC00066-119.txt -> gs://100hr-data/Paper-mill/IMU/MTL-RC00066-119.txt
OK    /Volumes/Samsung 990-2/100 Hours/Paper-mill/MTL-RC00070-013.aac -> gs://100hr-data/Paper-mill/IMU/MTL-RC00070-013.aac
OK    /Volumes/Samsung 990-2/100 Hours/Paper-mill/MTL-RC00082-080.aac -> gs://100hr-data/Paper-mill/IMU/MTL-RC00082-080.aac
OK    /Volumes/Samsung 990-2/100 Hours/Paper-mill/MTL-RC00075-142.aac -> gs://100hr-data/Paper-mill/IMU/MTL-RC00075-142.aac
OK    /Volumes/Samsung 990-2/100 Hours/Paper-mill/MTL-RC00075-071.mp4 -> gs://100hr-data/Paper-mill/Videos/MTL-RC00075-071.mp4
OK    /Volumes/Samsung 990-2/100 Hours/Paper-mill/MTL-RC00072-019.mp4 -> gs://100hr-data/Paper-mill/Videos/MTL-RC00072-019.mp4
OK    /Volumes/Samsung 990-2/100 Hours/Paper-mill/MTL-RC00080-035.txt -> gs://100hr-data/Paper-mill/IMU/MTL-RC00080-035.txt
OK    /Volumes/Samsung 990-2/100 Hours/Paper-mill/MTL-RC00080-021.txt -> gs://100hr-data/Paper-mill/IMU/MTL-RC00080-021.txt
OK    /Volumes/Samsung 990-2/100 Hours/Paper-mill/MTL-RC00072-116.aac -> gs://100hr-data/Paper-mill/IMU/MTL-RC00072-116.aac
OK    /Volumes/Samsung 990-2/100 Hours/Paper-mill/MTL-RC00067-053.aac -> gs://100hr-data/Paper-mill/IMU/MTL-RC00067-053.aac
OK    /Volumes/Samsung 990-2/100 Hours/Paper-mill/MTL-RC00067-047.aac -> gs://100hr-data/Paper-mill/IMU/MTL-RC00067-047.aac
OK    /Volumes/Samsung 990-2/100 Hours/Paper-mill/MTL-RC00072-031.mp4 -> gs://100hr-data/Paper-mill/Videos/MTL-RC00072-031.mp4
OK    /Volumes/Samsung 990-2/100 Hours/Paper-mill/MTL-RC00072-102.aac -> gs://100hr-data/Paper-mill/IMU/MTL-RC00072-102.aac
OK    /Volumes/Samsung 990-2/100 Hours/Paper-mill/MTL-RC00080-049.mp4 -> gs://100hr-data/Paper-mill/Videos/MTL-RC00080-049.mp4
OK    /Volumes/Samsung 990-2/100 Hours/Paper-mill/MTL-RC00072-071.txt -> gs://100hr-data/Paper-mill/IMU/MTL-RC00072-071.txt
OK    /Volumes/Samsung 990-2/100 Hours/Paper-mill/MTL-RC00067-090.aac -> gs://100hr-data/Paper-mill/IMU/MTL-RC00067-090.aac
OK    /Volumes/Samsung 990-2/100 Hours/Paper-mill/MTL-RC00072-059.txt -> gs://100hr-data/Paper-mill/IMU/MTL-RC00072-059.txt
OK    /Volumes/Samsung 990-2/100 Hours/Paper-mill/MTL-RC00080-075.mp4 -> gs://100hr-data/Paper-mill/Videos/MTL-RC00080-075.mp4
OK    /Volumes/Samsung 990-2/100 Hours/Paper-mill/MTL-RC00080-061.mp4 -> gs://100hr-data/Paper-mill/Videos/MTL-RC00080-061.mp4
OK    /Volumes/Samsung 990-2/100 Hours/Paper-mill/MTL-RC00067-108.txt -> gs://100hr-data/Paper-mill/IMU/MTL-RC00067-108.txt
OK    /Volumes/Samsung 990-2/100 Hours/Paper-mill/MTL-RC00067-086.aac -> gs://100hr-data/Paper-mill/IMU/MTL-RC00067-086.aac
OK    /Volumes/Samsung 990-2/100 Hours/Paper-mill/MTL-RC00080-063.mp4 -> gs://100hr-data/Paper-mill/Videos/MTL-RC00080-063.mp4
OK    /Volumes/Samsung 990-2/100 Hours/Paper-mill/MTL-RC00072-067.txt -> gs://100hr-data/Paper-mill/IMU/MTL-RC00072-067.txt
OK    /Volumes/Samsung 990-2/100 Hours/Paper-mill/MTL-RC00072-027.mp4 -> gs://100hr-data/Paper-mill/Videos/MTL-RC00072-027.mp4
OK    /Volumes/Samsung 990-2/100 Hours/Paper-mill/MTL-RC00072-100.aac -> gs://100hr-data/Paper-mill/IMU/MTL-RC00072-100.aac
OK    /Volumes/Samsung 990-2/100 Hours/Paper-mill/MTL-RC00067-045.aac -> gs://100hr-data/Paper-mill/IMU/MTL-RC00067-045.aac
OK    /Volumes/Samsung 990-2/100 Hours/Paper-mill/MTL-RC00080-037.txt -> gs://100hr-data/Paper-mill/IMU/MTL-RC00080-037.txt
OK    /Volumes/Samsung 990-2/100 Hours/Paper-mill/MTL-RC00067-079.aac -> gs://100hr-data/Paper-mill/IMU/MTL-RC00067-079.aac
OK    /Volumes/Samsung 990-2/100 Hours/Paper-mill/MTL-RC00080-023.txt -> gs://100hr-data/Paper-mill/IMU/MTL-RC00080-023.txt
OK    /Volumes/Samsung 990-2/100 Hours/Paper-mill/MTL-RC00066-083.aac -> gs://100hr-data/Paper-mill/IMU/MTL-RC00066-083.aac
OK    /Volumes/Samsung 990-2/100 Hours/Paper-mill/MTL-RC00075-067.mp4 -> gs://100hr-data/Paper-mill/Videos/MTL-RC00075-067.mp4
OK    /Volumes/Samsung 990-2/100 Hours/Paper-mill/MTL-RC00076-083.aac -> gs://100hr-data/Paper-mill/IMU/MTL-RC00076-083.aac
OK    /Volumes/Samsung 990-2/100 Hours/Paper-mill/MTL-RC00082-082.aac -> gs://100hr-data/Paper-mill/IMU/MTL-RC00082-082.aac
OK    /Volumes/Samsung 990-2/100 Hours/Paper-mill/MTL-RC00070-122.mp4 -> gs://100hr-data/Paper-mill/Videos/MTL-RC00070-122.mp4
OK    /Volumes/Samsung 990-2/100 Hours/Paper-mill/MTL-RC00066-097.aac -> gs://100hr-data/Paper-mill/IMU/MTL-RC00066-097.aac
OK    /Volumes/Samsung 990-2/100 Hours/Paper-mill/MTL-RC00070-039.aac -> gs://100hr-data/Paper-mill/IMU/MTL-RC00070-039.aac
OK    /Volumes/Samsung 990-2/100 Hours/Paper-mill/MTL-RC00066-133.txt -> gs://100hr-data/Paper-mill/IMU/MTL-RC00066-133.txt
OK    /Volumes/Samsung 990-2/100 Hours/Paper-mill/MTL-RC00082-126.txt -> gs://100hr-data/Paper-mill/IMU/MTL-RC00082-126.txt
OK    /Volumes/Samsung 990-2/100 Hours/Paper-mill/MTL-RC00066-127.txt -> gs://100hr-data/Paper-mill/IMU/MTL-RC00066-127.txt
OK    /Volumes/Samsung 990-2/100 Hours/Paper-mill/MTL-RC00076-054.aac -> gs://100hr-data/Paper-mill/IMU/MTL-RC00076-054.aac
OK    /Volumes/Samsung 990-2/100 Hours/Paper-mill/MTL-RC00082-055.aac -> gs://100hr-data/Paper-mill/IMU/MTL-RC00082-055.aac
OK    /Volumes/Samsung 990-2/100 Hours/Paper-mill/MTL-RC00076-040.aac -> gs://100hr-data/Paper-mill/IMU/MTL-RC00076-040.aac
OK    /Volumes/Samsung 990-2/100 Hours/Paper-mill/MTL-RC00066-054.aac -> gs://100hr-data/Paper-mill/IMU/MTL-RC00066-054.aac
OK    /Volumes/Samsung 990-2/100 Hours/Paper-mill/MTL-RC00076-068.aac -> gs://100hr-data/Paper-mill/IMU/MTL-RC00076-068.aac
OK    /Volumes/Samsung 990-2/100 Hours/Paper-mill/MTL-RC00082-069.aac -> gs://100hr-data/Paper-mill/IMU/MTL-RC00082-069.aac
OK    /Volumes/Samsung 990-2/100 Hours/Paper-mill/MTL-RC00075-027.txt -> gs://100hr-data/Paper-mill/IMU/MTL-RC00075-027.txt
OK    /Volumes/Samsung 990-2/100 Hours/Paper-mill/MTL-RC00075-098.mp4 -> gs://100hr-data/Paper-mill/Videos/MTL-RC00075-098.mp4
OK    /Volumes/Samsung 990-2/100 Hours/Paper-mill/MTL-RC00066-068.aac -> gs://100hr-data/Paper-mill/IMU/MTL-RC00066-068.aac
OK    /Volumes/Samsung 990-2/100 Hours/Paper-mill/MTL-RC00070-042.mp4 -> gs://100hr-data/Paper-mill/Videos/MTL-RC00070-042.mp4
OK    /Volumes/Samsung 990-2/100 Hours/Paper-mill/MTL-RC00075-020.aac -> gs://100hr-data/Paper-mill/IMU/MTL-RC00075-020.aac
OK    /Volumes/Samsung 990-2/100 Hours/Paper-mill/MTL-RC00075-107.mp4 -> gs://100hr-data/Paper-mill/Videos/MTL-RC00075-107.mp4
OK    /Volumes/Samsung 990-2/100 Hours/Paper-mill/MTL-RC00075-034.aac -> gs://100hr-data/Paper-mill/IMU/MTL-RC00075-034.aac
OK    /Volumes/Samsung 990-2/100 Hours/Paper-mill/MTL-RC00070-056.mp4 -> gs://100hr-data/Paper-mill/Videos/MTL-RC00070-056.mp4
OK    /Volumes/Samsung 990-2/100 Hours/Paper-mill/MTL-RC00076-053.txt -> gs://100hr-data/Paper-mill/IMU/MTL-RC00076-053.txt
OK    /Volumes/Samsung 990-2/100 Hours/Paper-mill/MTL-RC00082-052.txt -> gs://100hr-data/Paper-mill/IMU/MTL-RC00082-052.txt
OK    /Volumes/Samsung 990-2/100 Hours/Paper-mill/MTL-RC00076-047.txt -> gs://100hr-data/Paper-mill/IMU/MTL-RC00076-047.txt
OK    /Volumes/Samsung 990-2/100 Hours/Paper-mill/MTL-RC00082-046.txt -> gs://100hr-data/Paper-mill/IMU/MTL-RC00082-046.txt
OK    /Volumes/Samsung 990-2/100 Hours/Paper-mill/MTL-RC00066-053.txt -> gs://100hr-data/Paper-mill/IMU/MTL-RC00066-053.txt
OK    /Volumes/Samsung 990-2/100 Hours/Paper-mill/MTL-RC00066-134.aac -> gs://100hr-data/Paper-mill/IMU/MTL-RC00066-134.aac
OK    /Volumes/Samsung 990-2/100 Hours/Paper-mill/MTL-RC00082-012.mp4 -> gs://100hr-data/Paper-mill/Videos/MTL-RC00082-012.mp4
OK    /Volumes/Samsung 990-2/100 Hours/Paper-mill/MTL-RC00076-120.aac -> gs://100hr-data/Paper-mill/IMU/MTL-RC00076-120.aac
OK    /Volumes/Samsung 990-2/100 Hours/Paper-mill/MTL-RC00082-121.aac -> gs://100hr-data/Paper-mill/IMU/MTL-RC00082-121.aac
OK    /Volumes/Samsung 990-2/100 Hours/Paper-mill/MTL-RC00082-135.aac -> gs://100hr-data/Paper-mill/IMU/MTL-RC00082-135.aac
OK    /Volumes/Samsung 990-2/100 Hours/Paper-mill/MTL-RC00082-006.mp4 -> gs://100hr-data/Paper-mill/Videos/MTL-RC00082-006.mp4
OK    /Volumes/Samsung 990-2/100 Hours/Paper-mill/MTL-RC00066-120.aac -> gs://100hr-data/Paper-mill/IMU/MTL-RC00066-120.aac
OK    /Volumes/Samsung 990-2/100 Hours/Paper-mill/MTL-RC00066-013.mp4 -> gs://100hr-data/Paper-mill/Videos/MTL-RC00066-013.mp4
OK    /Volumes/Samsung 990-2/100 Hours/Paper-mill/MTL-RC00066-108.aac -> gs://100hr-data/Paper-mill/IMU/MTL-RC00066-108.aac
OK    /Volumes/Samsung 990-2/100 Hours/Paper-mill/MTL-RC00076-090.txt -> gs://100hr-data/Paper-mill/IMU/MTL-RC00076-090.txt
OK    /Volumes/Samsung 990-2/100 Hours/Paper-mill/MTL-RC00082-091.txt -> gs://100hr-data/Paper-mill/IMU/MTL-RC00082-091.txt
OK    /Volumes/Samsung 990-2/100 Hours/Paper-mill/MTL-RC00082-085.txt -> gs://100hr-data/Paper-mill/IMU/MTL-RC00082-085.txt
OK    /Volumes/Samsung 990-2/100 Hours/Paper-mill/MTL-RC00075-147.txt -> gs://100hr-data/Paper-mill/IMU/MTL-RC00075-147.txt
OK    /Volumes/Samsung 990-2/100 Hours/Paper-mill/MTL-RC00082-109.aac -> gs://100hr-data/Paper-mill/IMU/MTL-RC00082-109.aac
OK    /Volumes/Samsung 990-2/100 Hours/Paper-mill/MTL-RC00070-016.txt -> gs://100hr-data/Paper-mill/IMU/MTL-RC00070-016.txt
OK    /Volumes/Samsung 990-2/100 Hours/Paper-mill/MTL-RC00066-090.txt -> gs://100hr-data/Paper-mill/IMU/MTL-RC00066-090.txt
OK    /Volumes/Samsung 990-2/100 Hours/Paper-mill/MTL-RC00080-024.aac -> gs://100hr-data/Paper-mill/IMU/MTL-RC00080-024.aac
OK    /Volumes/Samsung 990-2/100 Hours/Paper-mill/MTL-RC00067-056.txt -> gs://100hr-data/Paper-mill/IMU/MTL-RC00067-056.txt
OK    /Volumes/Samsung 990-2/100 Hours/Paper-mill/MTL-RC00072-107.txt -> gs://100hr-data/Paper-mill/IMU/MTL-RC00072-107.txt
OK    /Volumes/Samsung 990-2/100 Hours/Paper-mill/MTL-RC00067-042.txt -> gs://100hr-data/Paper-mill/IMU/MTL-RC00067-042.txt
OK    /Volumes/Samsung 990-2/100 Hours/Paper-mill/MTL-RC00072-153.mp4 -> gs://100hr-data/Paper-mill/Videos/MTL-RC00072-153.mp4
OK    /Volumes/Samsung 990-2/100 Hours/Paper-mill/MTL-RC00072-060.aac -> gs://100hr-data/Paper-mill/IMU/MTL-RC00072-060.aac
OK    /Volumes/Samsung 990-2/100 Hours/Paper-mill/MTL-RC00067-016.mp4 -> gs://100hr-data/Paper-mill/Videos/MTL-RC00067-016.mp4
OK    /Volumes/Samsung 990-2/100 Hours/Paper-mill/MTL-RC00067-081.txt -> gs://100hr-data/Paper-mill/IMU/MTL-RC00067-081.txt
OK    /Volumes/Samsung 990-2/100 Hours/Paper-mill/MTL-RC00072-049.aac -> gs://100hr-data/Paper-mill/IMU/MTL-RC00072-049.aac
OK    /Volumes/Samsung 990-2/100 Hours/Paper-mill/MTL-RC00067-094.txt -> gs://100hr-data/Paper-mill/IMU/MTL-RC00067-094.txt
OK    /Volumes/Samsung 990-2/100 Hours/Paper-mill/MTL-RC00072-075.aac -> gs://100hr-data/Paper-mill/IMU/MTL-RC00072-075.aac
OK    /Volumes/Samsung 990-2/100 Hours/Paper-mill/MTL-RC00067-017.mp4 -> gs://100hr-data/Paper-mill/Videos/MTL-RC00067-017.mp4
OK    /Volumes/Samsung 990-2/100 Hours/Paper-mill/MTL-RC00072-061.aac -> gs://100hr-data/Paper-mill/IMU/MTL-RC00072-061.aac
OK    /Volumes/Samsung 990-2/100 Hours/Paper-mill/MTL-RC00072-152.mp4 -> gs://100hr-data/Paper-mill/Videos/MTL-RC00072-152.mp4
OK    /Volumes/Samsung 990-2/100 Hours/Paper-mill/MTL-RC00072-112.txt -> gs://100hr-data/Paper-mill/IMU/MTL-RC00072-112.txt
OK    /Volumes/Samsung 990-2/100 Hours/Paper-mill/MTL-RC00067-057.txt -> gs://100hr-data/Paper-mill/IMU/MTL-RC00067-057.txt
OK    /Volumes/Samsung 990-2/100 Hours/Paper-mill/MTL-RC00080-025.aac -> gs://100hr-data/Paper-mill/IMU/MTL-RC00080-025.aac
OK    /Volumes/Samsung 990-2/100 Hours/Paper-mill/MTL-RC00080-031.aac -> gs://100hr-data/Paper-mill/IMU/MTL-RC00080-031.aac
OK    /Volumes/Samsung 990-2/100 Hours/Paper-mill/MTL-RC00082-108.aac -> gs://100hr-data/Paper-mill/IMU/MTL-RC00082-108.aac
OK    /Volumes/Samsung 990-2/100 Hours/Paper-mill/MTL-RC00076-085.txt -> gs://100hr-data/Paper-mill/IMU/MTL-RC00076-085.txt
OK    /Volumes/Samsung 990-2/100 Hours/Paper-mill/MTL-RC00070-017.txt -> gs://100hr-data/Paper-mill/IMU/MTL-RC00070-017.txt
OK    /Volumes/Samsung 990-2/100 Hours/Paper-mill/MTL-RC00066-109.aac -> gs://100hr-data/Paper-mill/IMU/MTL-RC00066-109.aac
OK    /Volumes/Samsung 990-2/100 Hours/Paper-mill/MTL-RC00066-085.txt -> gs://100hr-data/Paper-mill/IMU/MTL-RC00066-085.txt
OK    /Volumes/Samsung 990-2/100 Hours/Paper-mill/MTL-RC00075-152.txt -> gs://100hr-data/Paper-mill/IMU/MTL-RC00075-152.txt
OK    /Volumes/Samsung 990-2/100 Hours/Paper-mill/MTL-RC00082-090.txt -> gs://100hr-data/Paper-mill/IMU/MTL-RC00082-090.txt
OK    /Volumes/Samsung 990-2/100 Hours/Paper-mill/MTL-RC00082-007.mp4 -> gs://100hr-data/Paper-mill/Videos/MTL-RC00082-007.mp4
OK    /Volumes/Samsung 990-2/100 Hours/Paper-mill/MTL-RC00082-134.aac -> gs://100hr-data/Paper-mill/IMU/MTL-RC00082-134.aac
OK    /Volumes/Samsung 990-2/100 Hours/Paper-mill/MTL-RC00066-012.mp4 -> gs://100hr-data/Paper-mill/Videos/MTL-RC00066-012.mp4
OK    /Volumes/Samsung 990-2/100 Hours/Paper-mill/MTL-RC00070-094.mp4 -> gs://100hr-data/Paper-mill/Videos/MTL-RC00070-094.mp4
OK    /Volumes/Samsung 990-2/100 Hours/Paper-mill/MTL-RC00066-135.aac -> gs://100hr-data/Paper-mill/IMU/MTL-RC00066-135.aac
OK    /Volumes/Samsung 990-2/100 Hours/Paper-mill/MTL-RC00066-006.mp4 -> gs://100hr-data/Paper-mill/Videos/MTL-RC00066-006.mp4
OK    /Volumes/Samsung 990-2/100 Hours/Paper-mill/MTL-RC00082-120.aac -> gs://100hr-data/Paper-mill/IMU/MTL-RC00082-120.aac
OK    /Volumes/Samsung 990-2/100 Hours/Paper-mill/MTL-RC00082-013.mp4 -> gs://100hr-data/Paper-mill/Videos/MTL-RC00082-013.mp4
OK    /Volumes/Samsung 990-2/100 Hours/Paper-mill/MTL-RC00076-046.txt -> gs://100hr-data/Paper-mill/IMU/MTL-RC00076-046.txt
OK    /Volumes/Samsung 990-2/100 Hours/Paper-mill/MTL-RC00082-047.txt -> gs://100hr-data/Paper-mill/IMU/MTL-RC00082-047.txt
OK    /Volumes/Samsung 990-2/100 Hours/Paper-mill/MTL-RC00075-009.aac -> gs://100hr-data/Paper-mill/IMU/MTL-RC00075-009.aac
OK    /Volumes/Samsung 990-2/100 Hours/Paper-mill/MTL-RC00066-052.txt -> gs://100hr-data/Paper-mill/IMU/MTL-RC00066-052.txt
OK    /Volumes/Samsung 990-2/100 Hours/Paper-mill/MTL-RC00066-046.txt -> gs://100hr-data/Paper-mill/IMU/MTL-RC00066-046.txt
OK    /Volumes/Samsung 990-2/100 Hours/Paper-mill/MTL-RC00076-052.txt -> gs://100hr-data/Paper-mill/IMU/MTL-RC00076-052.txt
OK    /Volumes/Samsung 990-2/100 Hours/Paper-mill/MTL-RC00082-053.txt -> gs://100hr-data/Paper-mill/IMU/MTL-RC00082-053.txt
OK    /Volumes/Samsung 990-2/100 Hours/Paper-mill/MTL-RC00075-035.aac -> gs://100hr-data/Paper-mill/IMU/MTL-RC00075-035.aac
OK    /Volumes/Samsung 990-2/100 Hours/Paper-mill/MTL-RC00070-057.mp4 -> gs://100hr-data/Paper-mill/Videos/MTL-RC00070-057.mp4
OK    /Volumes/Samsung 990-2/100 Hours/Paper-mill/MTL-RC00070-043.mp4 -> gs://100hr-data/Paper-mill/Videos/MTL-RC00070-043.mp4
OK    /Volumes/Samsung 990-2/100 Hours/Paper-mill/MTL-RC00075-112.mp4 -> gs://100hr-data/Paper-mill/Videos/MTL-RC00075-112.mp4
OK    /Volumes/Samsung 990-2/100 Hours/Paper-mill/MTL-RC00075-021.aac -> gs://100hr-data/Paper-mill/IMU/MTL-RC00075-021.aac
OK    /Volumes/Samsung 990-2/100 Hours/Paper-mill/MTL-RC00066-069.aac -> gs://100hr-data/Paper-mill/IMU/MTL-RC00066-069.aac
OK    /Volumes/Samsung 990-2/100 Hours/Paper-mill/MTL-RC00075-026.txt -> gs://100hr-data/Paper-mill/IMU/MTL-RC00075-026.txt
OK    /Volumes/Samsung 990-2/100 Hours/Paper-mill/MTL-RC00076-069.aac -> gs://100hr-data/Paper-mill/IMU/MTL-RC00076-069.aac
OK    /Volumes/Samsung 990-2/100 Hours/Paper-mill/MTL-RC00082-068.aac -> gs://100hr-data/Paper-mill/IMU/MTL-RC00082-068.aac
OK    /Volumes/Samsung 990-2/100 Hours/Paper-mill/MTL-RC00082-040.aac -> gs://100hr-data/Paper-mill/IMU/MTL-RC00082-040.aac
OK    /Volumes/Samsung 990-2/100 Hours/Paper-mill/MTL-RC00076-055.aac -> gs://100hr-data/Paper-mill/IMU/MTL-RC00076-055.aac
OK    /Volumes/Samsung 990-2/100 Hours/Paper-mill/MTL-RC00082-054.aac -> gs://100hr-data/Paper-mill/IMU/MTL-RC00082-054.aac
OK    /Volumes/Samsung 990-2/100 Hours/Paper-mill/MTL-RC00082-133.txt -> gs://100hr-data/Paper-mill/IMU/MTL-RC00082-133.txt
OK    /Volumes/Samsung 990-2/100 Hours/Paper-mill/MTL-RC00066-126.txt -> gs://100hr-data/Paper-mill/IMU/MTL-RC00066-126.txt
OK    /Volumes/Samsung 990-2/100 Hours/Paper-mill/MTL-RC00070-038.aac -> gs://100hr-data/Paper-mill/IMU/MTL-RC00070-038.aac
OK    /Volumes/Samsung 990-2/100 Hours/Paper-mill/MTL-RC00082-127.txt -> gs://100hr-data/Paper-mill/IMU/MTL-RC00082-127.txt
OK    /Volumes/Samsung 990-2/100 Hours/Paper-mill/MTL-RC00076-082.aac -> gs://100hr-data/Paper-mill/IMU/MTL-RC00076-082.aac
OK    /Volumes/Samsung 990-2/100 Hours/Paper-mill/MTL-RC00082-083.aac -> gs://100hr-data/Paper-mill/IMU/MTL-RC00082-083.aac
OK    /Volumes/Samsung 990-2/100 Hours/Paper-mill/MTL-RC00075-141.aac -> gs://100hr-data/Paper-mill/IMU/MTL-RC00075-141.aac
OK    /Volumes/Samsung 990-2/100 Hours/Paper-mill/MTL-RC00075-072.mp4 -> gs://100hr-data/Paper-mill/Videos/MTL-RC00075-072.mp4
OK    /Volumes/Samsung 990-2/100 Hours/Paper-mill/MTL-RC00070-123.mp4 -> gs://100hr-data/Paper-mill/Videos/MTL-RC00070-123.mp4
OK    /Volumes/Samsung 990-2/100 Hours/Paper-mill/MTL-RC00070-010.aac -> gs://100hr-data/Paper-mill/IMU/MTL-RC00070-010.aac
OK    /Volumes/Samsung 990-2/100 Hours/Paper-mill/MTL-RC00066-082.aac -> gs://100hr-data/Paper-mill/IMU/MTL-RC00066-082.aac
OK    /Volumes/Samsung 990-2/100 Hours/Paper-mill/MTL-RC00070-137.mp4 -> gs://100hr-data/Paper-mill/Videos/MTL-RC00070-137.mp4
OK    /Volumes/Samsung 990-2/100 Hours/Paper-mill/MTL-RC00082-097.aac -> gs://100hr-data/Paper-mill/IMU/MTL-RC00082-097.aac
OK    /Volumes/Samsung 990-2/100 Hours/Paper-mill/MTL-RC00075-155.aac -> gs://100hr-data/Paper-mill/IMU/MTL-RC00075-155.aac
OK    /Volumes/Samsung 990-2/100 Hours/Paper-mill/MTL-RC00067-078.aac -> gs://100hr-data/Paper-mill/IMU/MTL-RC00067-078.aac
OK    /Volumes/Samsung 990-2/100 Hours/Paper-mill/MTL-RC00080-036.txt -> gs://100hr-data/Paper-mill/IMU/MTL-RC00080-036.txt
OK    /Volumes/Samsung 990-2/100 Hours/Paper-mill/MTL-RC00072-032.mp4 -> gs://100hr-data/Paper-mill/Videos/MTL-RC00072-032.mp4
OK    /Volumes/Samsung 990-2/100 Hours/Paper-mill/MTL-RC00072-101.aac -> gs://100hr-data/Paper-mill/IMU/MTL-RC00072-101.aac
OK    /Volumes/Samsung 990-2/100 Hours/Paper-mill/MTL-RC00072-115.aac -> gs://100hr-data/Paper-mill/IMU/MTL-RC00072-115.aac
OK    /Volumes/Samsung 990-2/100 Hours/Paper-mill/MTL-RC00067-050.aac -> gs://100hr-data/Paper-mill/IMU/MTL-RC00067-050.aac
OK    /Volumes/Samsung 990-2/100 Hours/Paper-mill/MTL-RC00072-072.txt -> gs://100hr-data/Paper-mill/IMU/MTL-RC00072-072.txt
OK    /Volumes/Samsung 990-2/100 Hours/Paper-mill/MTL-RC00067-087.aac -> gs://100hr-data/Paper-mill/IMU/MTL-RC00067-087.aac
OK    /Volumes/Samsung 990-2/100 Hours/Paper-mill/MTL-RC00080-062.mp4 -> gs://100hr-data/Paper-mill/Videos/MTL-RC00080-062.mp4
OK    /Volumes/Samsung 990-2/100 Hours/Paper-mill/MTL-RC00080-076.mp4 -> gs://100hr-data/Paper-mill/Videos/MTL-RC00080-076.mp4
OK    /Volumes/Samsung 990-2/100 Hours/Paper-mill/MTL-RC00067-093.aac -> gs://100hr-data/Paper-mill/IMU/MTL-RC00067-093.aac
OK    /Volumes/Samsung 990-2/100 Hours/Paper-mill/MTL-RC00067-097.aac -> gs://100hr-data/Paper-mill/IMU/MTL-RC00067-097.aac
OK    /Volumes/Samsung 990-2/100 Hours/Paper-mill/MTL-RC00080-072.mp4 -> gs://100hr-data/Paper-mill/Videos/MTL-RC00080-072.mp4
OK    /Volumes/Samsung 990-2/100 Hours/Paper-mill/MTL-RC00067-083.aac -> gs://100hr-data/Paper-mill/IMU/MTL-RC00067-083.aac
OK    /Volumes/Samsung 990-2/100 Hours/Paper-mill/MTL-RC00067-068.aac -> gs://100hr-data/Paper-mill/IMU/MTL-RC00067-068.aac
OK    /Volumes/Samsung 990-2/100 Hours/Paper-mill/MTL-RC00080-032.txt -> gs://100hr-data/Paper-mill/IMU/MTL-RC00080-032.txt
OK    /Volumes/Samsung 990-2/100 Hours/Paper-mill/MTL-RC00080-026.txt -> gs://100hr-data/Paper-mill/IMU/MTL-RC00080-026.txt
OK    /Volumes/Samsung 990-2/100 Hours/Paper-mill/MTL-RC00067-054.aac -> gs://100hr-data/Paper-mill/IMU/MTL-RC00067-054.aac
OK    /Volumes/Samsung 990-2/100 Hours/Paper-mill/MTL-RC00072-111.aac -> gs://100hr-data/Paper-mill/IMU/MTL-RC00072-111.aac
OK    /Volumes/Samsung 990-2/100 Hours/Paper-mill/MTL-RC00072-089.txt -> gs://100hr-data/Paper-mill/IMU/MTL-RC00072-089.txt
OK    /Volumes/Samsung 990-2/100 Hours/Paper-mill/MTL-RC00072-105.aac -> gs://100hr-data/Paper-mill/IMU/MTL-RC00072-105.aac
OK    /Volumes/Samsung 990-2/100 Hours/Paper-mill/MTL-RC00082-123.txt -> gs://100hr-data/Paper-mill/IMU/MTL-RC00082-123.txt
OK    /Volumes/Samsung 990-2/100 Hours/Paper-mill/MTL-RC00066-136.txt -> gs://100hr-data/Paper-mill/IMU/MTL-RC00066-136.txt
OK    /Volumes/Samsung 990-2/100 Hours/Paper-mill/MTL-RC00066-122.txt -> gs://100hr-data/Paper-mill/IMU/MTL-RC00066-122.txt
OK    /Volumes/Samsung 990-2/100 Hours/Paper-mill/MTL-RC00070-028.aac -> gs://100hr-data/Paper-mill/IMU/MTL-RC00070-028.aac
OK    /Volumes/Samsung 990-2/100 Hours/Paper-mill/MTL-RC00082-137.txt -> gs://100hr-data/Paper-mill/IMU/MTL-RC00082-137.txt
OK    /Volumes/Samsung 990-2/100 Hours/Paper-mill/MTL-RC00082-093.aac -> gs://100hr-data/Paper-mill/IMU/MTL-RC00082-093.aac
OK    /Volumes/Samsung 990-2/100 Hours/Paper-mill/MTL-RC00070-133.mp4 -> gs://100hr-data/Paper-mill/Videos/MTL-RC00070-133.mp4
OK    /Volumes/Samsung 990-2/100 Hours/Paper-mill/MTL-RC00066-086.aac -> gs://100hr-data/Paper-mill/IMU/MTL-RC00066-086.aac
OK    /Volumes/Samsung 990-2/100 Hours/Paper-mill/MTL-RC00070-014.aac -> gs://100hr-data/Paper-mill/IMU/MTL-RC00070-014.aac
OK    /Volumes/Samsung 990-2/100 Hours/Paper-mill/MTL-RC00070-127.mp4 -> gs://100hr-data/Paper-mill/Videos/MTL-RC00070-127.mp4
OK    /Volumes/Samsung 990-2/100 Hours/Paper-mill/MTL-RC00075-076.mp4 -> gs://100hr-data/Paper-mill/Videos/MTL-RC00075-076.mp4
OK    /Volumes/Samsung 990-2/100 Hours/Paper-mill/MTL-RC00076-086.aac -> gs://100hr-data/Paper-mill/IMU/MTL-RC00076-086.aac
OK    /Volumes/Samsung 990-2/100 Hours/Paper-mill/MTL-RC00082-087.aac -> gs://100hr-data/Paper-mill/IMU/MTL-RC00082-087.aac
OK    /Volumes/Samsung 990-2/100 Hours/Paper-mill/MTL-RC00075-145.aac -> gs://100hr-data/Paper-mill/IMU/MTL-RC00075-145.aac
OK    /Volumes/Samsung 990-2/100 Hours/Paper-mill/MTL-RC00066-079.aac -> gs://100hr-data/Paper-mill/IMU/MTL-RC00066-079.aac
OK    /Volumes/Samsung 990-2/100 Hours/Paper-mill/MTL-RC00075-089.mp4 -> gs://100hr-data/Paper-mill/Videos/MTL-RC00075-089.mp4
OK    /Volumes/Samsung 990-2/100 Hours/Paper-mill/MTL-RC00076-079.aac -> gs://100hr-data/Paper-mill/IMU/MTL-RC00076-079.aac
OK    /Volumes/Samsung 990-2/100 Hours/Paper-mill/MTL-RC00082-078.aac -> gs://100hr-data/Paper-mill/IMU/MTL-RC00082-078.aac
OK    /Volumes/Samsung 990-2/100 Hours/Paper-mill/MTL-RC00076-051.aac -> gs://100hr-data/Paper-mill/IMU/MTL-RC00076-051.aac
OK    /Volumes/Samsung 990-2/100 Hours/Paper-mill/MTL-RC00082-050.aac -> gs://100hr-data/Paper-mill/IMU/MTL-RC00082-050.aac
OK    /Volumes/Samsung 990-2/100 Hours/Paper-mill/MTL-RC00066-045.aac -> gs://100hr-data/Paper-mill/IMU/MTL-RC00066-045.aac
OK    /Volumes/Samsung 990-2/100 Hours/Paper-mill/MTL-RC00076-045.aac -> gs://100hr-data/Paper-mill/IMU/MTL-RC00076-045.aac
OK    /Volumes/Samsung 990-2/100 Hours/Paper-mill/MTL-RC00082-044.aac -> gs://100hr-data/Paper-mill/IMU/MTL-RC00082-044.aac
OK    /Volumes/Samsung 990-2/100 Hours/Paper-mill/MTL-RC00076-056.txt -> gs://100hr-data/Paper-mill/IMU/MTL-RC00076-056.txt
OK    /Volumes/Samsung 990-2/100 Hours/Paper-mill/MTL-RC00082-057.txt -> gs://100hr-data/Paper-mill/IMU/MTL-RC00082-057.txt
OK    /Volumes/Samsung 990-2/100 Hours/Paper-mill/MTL-RC00070-148.aac -> gs://100hr-data/Paper-mill/IMU/MTL-RC00070-148.aac
OK    /Volumes/Samsung 990-2/100 Hours/Paper-mill/MTL-RC00066-042.txt -> gs://100hr-data/Paper-mill/IMU/MTL-RC00066-042.txt
OK    /Volumes/Samsung 990-2/100 Hours/Paper-mill/MTL-RC00066-056.txt -> gs://100hr-data/Paper-mill/IMU/MTL-RC00066-056.txt
OK    /Volumes/Samsung 990-2/100 Hours/Paper-mill/MTL-RC00076-042.txt -> gs://100hr-data/Paper-mill/IMU/MTL-RC00076-042.txt
OK    /Volumes/Samsung 990-2/100 Hours/Paper-mill/MTL-RC00082-043.txt -> gs://100hr-data/Paper-mill/IMU/MTL-RC00082-043.txt
OK    /Volumes/Samsung 990-2/100 Hours/Paper-mill/MTL-RC00075-025.aac -> gs://100hr-data/Paper-mill/IMU/MTL-RC00075-025.aac
OK    /Volumes/Samsung 990-2/100 Hours/Paper-mill/MTL-RC00075-116.mp4 -> gs://100hr-data/Paper-mill/Videos/MTL-RC00075-116.mp4
OK    /Volumes/Samsung 990-2/100 Hours/Paper-mill/MTL-RC00070-053.mp4 -> gs://100hr-data/Paper-mill/Videos/MTL-RC00070-053.mp4
OK    /Volumes/Samsung 990-2/100 Hours/Paper-mill/MTL-RC00075-031.aac -> gs://100hr-data/Paper-mill/IMU/MTL-RC00075-031.aac
OK    /Volumes/Samsung 990-2/100 Hours/Paper-mill/MTL-RC00075-156.txt -> gs://100hr-data/Paper-mill/IMU/MTL-RC00075-156.txt
OK    /Volumes/Samsung 990-2/100 Hours/Paper-mill/MTL-RC00082-094.txt -> gs://100hr-data/Paper-mill/IMU/MTL-RC00082-094.txt
OK    /Volumes/Samsung 990-2/100 Hours/Paper-mill/MTL-RC00076-119.aac -> gs://100hr-data/Paper-mill/IMU/MTL-RC00076-119.aac
OK    /Volumes/Samsung 990-2/100 Hours/Paper-mill/MTL-RC00066-081.txt -> gs://100hr-data/Paper-mill/IMU/MTL-RC00066-081.txt
OK    /Volumes/Samsung 990-2/100 Hours/Paper-mill/MTL-RC00070-013.txt -> gs://100hr-data/Paper-mill/IMU/MTL-RC00070-013.txt
OK    /Volumes/Samsung 990-2/100 Hours/Paper-mill/MTL-RC00066-119.aac -> gs://100hr-data/Paper-mill/IMU/MTL-RC00066-119.aac
OK    /Volumes/Samsung 990-2/100 Hours/Paper-mill/MTL-RC00076-081.txt -> gs://100hr-data/Paper-mill/IMU/MTL-RC00076-081.txt
OK    /Volumes/Samsung 990-2/100 Hours/Paper-mill/MTL-RC00082-080.txt -> gs://100hr-data/Paper-mill/IMU/MTL-RC00082-080.txt
OK    /Volumes/Samsung 990-2/100 Hours/Paper-mill/MTL-RC00082-017.mp4 -> gs://100hr-data/Paper-mill/Videos/MTL-RC00082-017.mp4
OK    /Volumes/Samsung 990-2/100 Hours/Paper-mill/MTL-RC00082-124.aac -> gs://100hr-data/Paper-mill/IMU/MTL-RC00082-124.aac
OK    /Volumes/Samsung 990-2/100 Hours/Paper-mill/MTL-RC00066-131.aac -> gs://100hr-data/Paper-mill/IMU/MTL-RC00066-131.aac
OK    /Volumes/Samsung 990-2/100 Hours/Paper-mill/MTL-RC00070-090.mp4 -> gs://100hr-data/Paper-mill/Videos/MTL-RC00070-090.mp4
OK    /Volumes/Samsung 990-2/100 Hours/Paper-mill/MTL-RC00066-016.mp4 -> gs://100hr-data/Paper-mill/Videos/MTL-RC00066-016.mp4
OK    /Volumes/Samsung 990-2/100 Hours/Paper-mill/MTL-RC00082-130.aac -> gs://100hr-data/Paper-mill/IMU/MTL-RC00082-130.aac
OK    /Volumes/Samsung 990-2/100 Hours/Paper-mill/MTL-RC00067-053.txt -> gs://100hr-data/Paper-mill/IMU/MTL-RC00067-053.txt
OK    /Volumes/Samsung 990-2/100 Hours/Paper-mill/MTL-RC00072-116.txt -> gs://100hr-data/Paper-mill/IMU/MTL-RC00072-116.txt
OK    /Volumes/Samsung 990-2/100 Hours/Paper-mill/MTL-RC00080-035.aac -> gs://100hr-data/Paper-mill/IMU/MTL-RC00080-035.aac
OK    /Volumes/Samsung 990-2/100 Hours/Paper-mill/MTL-RC00080-021.aac -> gs://100hr-data/Paper-mill/IMU/MTL-RC00080-021.aac
OK    /Volumes/Samsung 990-2/100 Hours/Paper-mill/MTL-RC00067-090.txt -> gs://100hr-data/Paper-mill/IMU/MTL-RC00067-090.txt
OK    /Volumes/Samsung 990-2/100 Hours/Paper-mill/MTL-RC00067-108.aac -> gs://100hr-data/Paper-mill/IMU/MTL-RC00067-108.aac
OK    /Volumes/Samsung 990-2/100 Hours/Paper-mill/MTL-RC00072-156.mp4 -> gs://100hr-data/Paper-mill/Videos/MTL-RC00072-156.mp4
OK    /Volumes/Samsung 990-2/100 Hours/Paper-mill/MTL-RC00072-065.aac -> gs://100hr-data/Paper-mill/IMU/MTL-RC00072-065.aac
OK    /Volumes/Samsung 990-2/100 Hours/Paper-mill/MTL-RC00067-013.mp4 -> gs://100hr-data/Paper-mill/Videos/MTL-RC00067-013.mp4
OK    /Volumes/Samsung 990-2/100 Hours/Paper-mill/MTL-RC00072-071.aac -> gs://100hr-data/Paper-mill/IMU/MTL-RC00072-071.aac
OK    /Volumes/Samsung 990-2/100 Hours/Paper-mill/MTL-RC00072-142.mp4 -> gs://100hr-data/Paper-mill/Videos/MTL-RC00072-142.mp4
OK    /Volumes/Samsung 990-2/100 Hours/Paper-mill/MTL-RC00067-012.mp4 -> gs://100hr-data/Paper-mill/Videos/MTL-RC00067-012.mp4
OK    /Volumes/Samsung 990-2/100 Hours/Paper-mill/MTL-RC00072-064.aac -> gs://100hr-data/Paper-mill/IMU/MTL-RC00072-064.aac
OK    /Volumes/Samsung 990-2/100 Hours/Paper-mill/MTL-RC00067-085.txt -> gs://100hr-data/Paper-mill/IMU/MTL-RC00067-085.txt
OK    /Volumes/Samsung 990-2/100 Hours/Paper-mill/MTL-RC00067-109.aac -> gs://100hr-data/Paper-mill/IMU/MTL-RC00067-109.aac
OK    /Volumes/Samsung 990-2/100 Hours/Paper-mill/MTL-RC00072-058.aac -> gs://100hr-data/Paper-mill/IMU/MTL-RC00072-058.aac
OK    /Volumes/Samsung 990-2/100 Hours/Paper-mill/MTL-RC00080-020.aac -> gs://100hr-data/Paper-mill/IMU/MTL-RC00080-020.aac
OK    /Volumes/Samsung 990-2/100 Hours/Paper-mill/MTL-RC00080-034.aac -> gs://100hr-data/Paper-mill/IMU/MTL-RC00080-034.aac
OK    /Volumes/Samsung 990-2/100 Hours/Paper-mill/MTL-RC00067-046.txt -> gs://100hr-data/Paper-mill/IMU/MTL-RC00067-046.txt
OK    /Volumes/Samsung 990-2/100 Hours/Paper-mill/MTL-RC00072-103.txt -> gs://100hr-data/Paper-mill/IMU/MTL-RC00072-103.txt
OK    /Volumes/Samsung 990-2/100 Hours/Paper-mill/MTL-RC00067-052.txt -> gs://100hr-data/Paper-mill/IMU/MTL-RC00067-052.txt
OK    /Volumes/Samsung 990-2/100 Hours/Paper-mill/MTL-RC00066-017.mp4 -> gs://100hr-data/Paper-mill/Videos/MTL-RC00066-017.mp4
OK    /Volumes/Samsung 990-2/100 Hours/Paper-mill/MTL-RC00066-124.aac -> gs://100hr-data/Paper-mill/IMU/MTL-RC00066-124.aac
OK    /Volumes/Samsung 990-2/100 Hours/Paper-mill/MTL-RC00082-131.aac -> gs://100hr-data/Paper-mill/IMU/MTL-RC00082-131.aac
OK    /Volumes/Samsung 990-2/100 Hours/Paper-mill/MTL-RC00082-016.mp4 -> gs://100hr-data/Paper-mill/Videos/MTL-RC00082-016.mp4
OK    /Volumes/Samsung 990-2/100 Hours/Paper-mill/MTL-RC00066-130.aac -> gs://100hr-data/Paper-mill/IMU/MTL-RC00066-130.aac
OK    /Volumes/Samsung 990-2/100 Hours/Paper-mill/MTL-RC00070-085.mp4 -> gs://100hr-data/Paper-mill/Videos/MTL-RC00070-085.mp4
OK    /Volumes/Samsung 990-2/100 Hours/Paper-mill/MTL-RC00066-094.txt -> gs://100hr-data/Paper-mill/IMU/MTL-RC00066-094.txt
OK    /Volumes/Samsung 990-2/100 Hours/Paper-mill/MTL-RC00070-012.txt -> gs://100hr-data/Paper-mill/IMU/MTL-RC00070-012.txt
OK    /Volumes/Samsung 990-2/100 Hours/Paper-mill/MTL-RC00076-080.txt -> gs://100hr-data/Paper-mill/IMU/MTL-RC00076-080.txt
OK    /Volumes/Samsung 990-2/100 Hours/Paper-mill/MTL-RC00082-081.txt -> gs://100hr-data/Paper-mill/IMU/MTL-RC00082-081.txt
OK    /Volumes/Samsung 990-2/100 Hours/Paper-mill/MTL-RC00082-119.aac -> gs://100hr-data/Paper-mill/IMU/MTL-RC00082-119.aac
OK    /Volumes/Samsung 990-2/100 Hours/Paper-mill/MTL-RC00070-052.mp4 -> gs://100hr-data/Paper-mill/Videos/MTL-RC00070-052.mp4
OK    /Volumes/Samsung 990-2/100 Hours/Paper-mill/MTL-RC00075-024.aac -> gs://100hr-data/Paper-mill/IMU/MTL-RC00075-024.aac
OK    /Volumes/Samsung 990-2/100 Hours/Paper-mill/MTL-RC00070-046.mp4 -> gs://100hr-data/Paper-mill/Videos/MTL-RC00070-046.mp4
OK    /Volumes/Samsung 990-2/100 Hours/Paper-mill/MTL-RC00066-057.txt -> gs://100hr-data/Paper-mill/IMU/MTL-RC00066-057.txt
OK    /Volumes/Samsung 990-2/100 Hours/Paper-mill/MTL-RC00076-043.txt -> gs://100hr-data/Paper-mill/IMU/MTL-RC00076-043.txt
OK    /Volumes/Samsung 990-2/100 Hours/Paper-mill/MTL-RC00082-042.txt -> gs://100hr-data/Paper-mill/IMU/MTL-RC00082-042.txt
OK    /Volumes/Samsung 990-2/100 Hours/Paper-mill/MTL-RC00076-057.txt -> gs://100hr-data/Paper-mill/IMU/MTL-RC00076-057.txt
OK    /Volumes/Samsung 990-2/100 Hours/Paper-mill/MTL-RC00082-056.txt -> gs://100hr-data/Paper-mill/IMU/MTL-RC00082-056.txt
OK    /Volumes/Samsung 990-2/100 Hours/Paper-mill/MTL-RC00070-149.aac -> gs://100hr-data/Paper-mill/IMU/MTL-RC00070-149.aac
OK    /Volumes/Samsung 990-2/100 Hours/Paper-mill/MTL-RC00066-050.aac -> gs://100hr-data/Paper-mill/IMU/MTL-RC00066-050.aac
OK    /Volumes/Samsung 990-2/100 Hours/Paper-mill/MTL-RC00076-044.aac -> gs://100hr-data/Paper-mill/IMU/MTL-RC00076-044.aac
OK    /Volumes/Samsung 990-2/100 Hours/Paper-mill/MTL-RC00082-045.aac -> gs://100hr-data/Paper-mill/IMU/MTL-RC00082-045.aac
OK    /Volumes/Samsung 990-2/100 Hours/Paper-mill/MTL-RC00076-050.aac -> gs://100hr-data/Paper-mill/IMU/MTL-RC00076-050.aac
OK    /Volumes/Samsung 990-2/100 Hours/Paper-mill/MTL-RC00082-051.aac -> gs://100hr-data/Paper-mill/IMU/MTL-RC00082-051.aac
OK    /Volumes/Samsung 990-2/100 Hours/Paper-mill/MTL-RC00075-037.txt -> gs://100hr-data/Paper-mill/IMU/MTL-RC00075-037.txt
OK    /Volumes/Samsung 990-2/100 Hours/Paper-mill/MTL-RC00076-078.aac -> gs://100hr-data/Paper-mill/IMU/MTL-RC00076-078.aac
OK    /Volumes/Samsung 990-2/100 Hours/Paper-mill/MTL-RC00082-079.aac -> gs://100hr-data/Paper-mill/IMU/MTL-RC00082-079.aac
OK    /Volumes/Samsung 990-2/100 Hours/Paper-mill/MTL-RC00075-023.txt -> gs://100hr-data/Paper-mill/IMU/MTL-RC00075-023.txt
OK    /Volumes/Samsung 990-2/100 Hours/Paper-mill/MTL-RC00066-078.aac -> gs://100hr-data/Paper-mill/IMU/MTL-RC00066-078.aac
OK    /Volumes/Samsung 990-2/100 Hours/Paper-mill/MTL-RC00066-093.aac -> gs://100hr-data/Paper-mill/IMU/MTL-RC00066-093.aac
OK    /Volumes/Samsung 990-2/100 Hours/Paper-mill/MTL-RC00070-126.mp4 -> gs://100hr-data/Paper-mill/Videos/MTL-RC00070-126.mp4
OK    /Volumes/Samsung 990-2/100 Hours/Paper-mill/MTL-RC00075-144.aac -> gs://100hr-data/Paper-mill/IMU/MTL-RC00075-144.aac
OK    /Volumes/Samsung 990-2/100 Hours/Paper-mill/MTL-RC00076-087.aac -> gs://100hr-data/Paper-mill/IMU/MTL-RC00076-087.aac
OK    /Volumes/Samsung 990-2/100 Hours/Paper-mill/MTL-RC00082-086.aac -> gs://100hr-data/Paper-mill/IMU/MTL-RC00082-086.aac
OK    /Volumes/Samsung 990-2/100 Hours/Paper-mill/MTL-RC00075-063.mp4 -> gs://100hr-data/Paper-mill/Videos/MTL-RC00075-063.mp4
OK    /Volumes/Samsung 990-2/100 Hours/Paper-mill/MTL-RC00066-087.aac -> gs://100hr-data/Paper-mill/IMU/MTL-RC00066-087.aac
OK    /Volumes/Samsung 990-2/100 Hours/Paper-mill/MTL-RC00066-123.txt -> gs://100hr-data/Paper-mill/IMU/MTL-RC00066-123.txt
OK    /Volumes/Samsung 990-2/100 Hours/Paper-mill/MTL-RC00082-136.txt -> gs://100hr-data/Paper-mill/IMU/MTL-RC00082-136.txt
OK    /Volumes/Samsung 990-2/100 Hours/Paper-mill/MTL-RC00082-122.txt -> gs://100hr-data/Paper-mill/IMU/MTL-RC00082-122.txt
OK    /Volumes/Samsung 990-2/100 Hours/Paper-mill/MTL-RC00066-137.txt -> gs://100hr-data/Paper-mill/IMU/MTL-RC00066-137.txt
OK    /Volumes/Samsung 990-2/100 Hours/Paper-mill/MTL-RC00072-104.aac -> gs://100hr-data/Paper-mill/IMU/MTL-RC00072-104.aac
OK    /Volumes/Samsung 990-2/100 Hours/Paper-mill/MTL-RC00072-023.mp4 -> gs://100hr-data/Paper-mill/Videos/MTL-RC00072-023.mp4
OK    /Volumes/Samsung 990-2/100 Hours/Paper-mill/MTL-RC00080-027.txt -> gs://100hr-data/Paper-mill/IMU/MTL-RC00080-027.txt
OK    /Volumes/Samsung 990-2/100 Hours/Paper-mill/MTL-RC00072-138.aac -> gs://100hr-data/Paper-mill/IMU/MTL-RC00072-138.aac
OK    /Volumes/Samsung 990-2/100 Hours/Paper-mill/MTL-RC00067-069.aac -> gs://100hr-data/Paper-mill/IMU/MTL-RC00067-069.aac
OK    /Volumes/Samsung 990-2/100 Hours/Paper-mill/MTL-RC00080-067.mp4 -> gs://100hr-data/Paper-mill/Videos/MTL-RC00080-067.mp4
OK    /Volumes/Samsung 990-2/100 Hours/Paper-mill/MTL-RC00067-082.aac -> gs://100hr-data/Paper-mill/IMU/MTL-RC00067-082.aac
OK    /Volumes/Samsung 990-2/100 Hours/Paper-mill/MTL-RC00080-073.mp4 -> gs://100hr-data/Paper-mill/Videos/MTL-RC00080-073.mp4
OK    /Volumes/Samsung 990-2/100 Hours/Paper-mill/MTL-RC00072-063.txt -> gs://100hr-data/Paper-mill/IMU/MTL-RC00072-063.txt
OK    /Volumes/Samsung 990-2/100 Hours/Paper-mill/MTL-RC00072-075.txt -> gs://100hr-data/Paper-mill/IMU/MTL-RC00072-075.txt
OK    /Volumes/Samsung 990-2/100 Hours/Paper-mill/MTL-RC00072-061.txt -> gs://100hr-data/Paper-mill/IMU/MTL-RC00072-061.txt
OK    /Volumes/Samsung 990-2/100 Hours/Paper-mill/MTL-RC00067-080.aac -> gs://100hr-data/Paper-mill/IMU/MTL-RC00067-080.aac
OK    /Volumes/Samsung 990-2/100 Hours/Paper-mill/MTL-RC00072-049.txt -> gs://100hr-data/Paper-mill/IMU/MTL-RC00072-049.txt
OK    /Volumes/Samsung 990-2/100 Hours/Paper-mill/MTL-RC00080-065.mp4 -> gs://100hr-data/Paper-mill/Videos/MTL-RC00080-065.mp4
OK    /Volumes/Samsung 990-2/100 Hours/Paper-mill/MTL-RC00080-071.mp4 -> gs://100hr-data/Paper-mill/Videos/MTL-RC00080-071.mp4
OK    /Volumes/Samsung 990-2/100 Hours/Paper-mill/MTL-RC00067-094.aac -> gs://100hr-data/Paper-mill/IMU/MTL-RC00067-094.aac
OK    /Volumes/Samsung 990-2/100 Hours/Paper-mill/MTL-RC00072-009.mp4 -> gs://100hr-data/Paper-mill/Videos/MTL-RC00072-009.mp4
OK    /Volumes/Samsung 990-2/100 Hours/Paper-mill/MTL-RC00080-025.txt -> gs://100hr-data/Paper-mill/IMU/MTL-RC00080-025.txt
OK    /Volumes/Samsung 990-2/100 Hours/Paper-mill/MTL-RC00080-031.txt -> gs://100hr-data/Paper-mill/IMU/MTL-RC00080-031.txt
OK    /Volumes/Samsung 990-2/100 Hours/Paper-mill/MTL-RC00072-035.mp4 -> gs://100hr-data/Paper-mill/Videos/MTL-RC00072-035.mp4
OK    /Volumes/Samsung 990-2/100 Hours/Paper-mill/MTL-RC00067-043.aac -> gs://100hr-data/Paper-mill/IMU/MTL-RC00067-043.aac
OK    /Volumes/Samsung 990-2/100 Hours/Paper-mill/MTL-RC00072-021.mp4 -> gs://100hr-data/Paper-mill/Videos/MTL-RC00072-021.mp4
OK    /Volumes/Samsung 990-2/100 Hours/Paper-mill/MTL-RC00067-057.aac -> gs://100hr-data/Paper-mill/IMU/MTL-RC00067-057.aac
OK    /Volumes/Samsung 990-2/100 Hours/Paper-mill/MTL-RC00072-112.aac -> gs://100hr-data/Paper-mill/IMU/MTL-RC00072-112.aac
OK    /Volumes/Samsung 990-2/100 Hours/Paper-mill/MTL-RC00082-134.txt -> gs://100hr-data/Paper-mill/IMU/MTL-RC00082-134.txt
OK    /Volumes/Samsung 990-2/100 Hours/Paper-mill/MTL-RC00075-049.mp4 -> gs://100hr-data/Paper-mill/Videos/MTL-RC00075-049.mp4
OK    /Volumes/Samsung 990-2/100 Hours/Paper-mill/MTL-RC00070-118.mp4 -> gs://100hr-data/Paper-mill/Videos/MTL-RC00070-118.mp4
OK    /Volumes/Samsung 990-2/100 Hours/Paper-mill/MTL-RC00082-120.txt -> gs://100hr-data/Paper-mill/IMU/MTL-RC00082-120.txt
OK    /Volumes/Samsung 990-2/100 Hours/Paper-mill/MTL-RC00075-075.mp4 -> gs://100hr-data/Paper-mill/Videos/MTL-RC00075-075.mp4
OK    /Volumes/Samsung 990-2/100 Hours/Paper-mill/MTL-RC00082-108.txt -> gs://100hr-data/Paper-mill/IMU/MTL-RC00082-108.txt
OK    /Volumes/Samsung 990-2/100 Hours/Paper-mill/MTL-RC00082-084.aac -> gs://100hr-data/Paper-mill/IMU/MTL-RC00082-084.aac
OK    /Volumes/Samsung 990-2/100 Hours/Paper-mill/MTL-RC00075-146.aac -> gs://100hr-data/Paper-mill/IMU/MTL-RC00075-146.aac
OK    /Volumes/Samsung 990-2/100 Hours/Paper-mill/MTL-RC00070-017.aac -> gs://100hr-data/Paper-mill/IMU/MTL-RC00070-017.aac
OK    /Volumes/Samsung 990-2/100 Hours/Paper-mill/MTL-RC00066-091.aac -> gs://100hr-data/Paper-mill/IMU/MTL-RC00066-091.aac
OK    /Volumes/Samsung 990-2/100 Hours/Paper-mill/MTL-RC00070-130.mp4 -> gs://100hr-data/Paper-mill/Videos/MTL-RC00070-130.mp4
OK    /Volumes/Samsung 990-2/100 Hours/Paper-mill/MTL-RC00076-091.aac -> gs://100hr-data/Paper-mill/IMU/MTL-RC00076-091.aac
OK    /Volumes/Samsung 990-2/100 Hours/Paper-mill/MTL-RC00082-090.aac -> gs://100hr-data/Paper-mill/IMU/MTL-RC00082-090.aac
OK    /Volumes/Samsung 990-2/100 Hours/Paper-mill/MTL-RC00075-152.aac -> gs://100hr-data/Paper-mill/IMU/MTL-RC00075-152.aac
OK    /Volumes/Samsung 990-2/100 Hours/Paper-mill/MTL-RC00075-061.mp4 -> gs://100hr-data/Paper-mill/Videos/MTL-RC00075-061.mp4
OK    /Volumes/Samsung 990-2/100 Hours/Paper-mill/MTL-RC00082-148.mp4 -> gs://100hr-data/Paper-mill/Videos/MTL-RC00082-148.mp4
OK    /Volumes/Samsung 990-2/100 Hours/Paper-mill/MTL-RC00075-035.txt -> gs://100hr-data/Paper-mill/IMU/MTL-RC00075-035.txt
OK    /Volumes/Samsung 990-2/100 Hours/Paper-mill/MTL-RC00066-149.mp4 -> gs://100hr-data/Paper-mill/Videos/MTL-RC00066-149.mp4
OK    /Volumes/Samsung 990-2/100 Hours/Paper-mill/MTL-RC00076-046.aac -> gs://100hr-data/Paper-mill/IMU/MTL-RC00076-046.aac
OK    /Volumes/Samsung 990-2/100 Hours/Paper-mill/MTL-RC00082-047.aac -> gs://100hr-data/Paper-mill/IMU/MTL-RC00082-047.aac
OK    /Volumes/Samsung 990-2/100 Hours/Paper-mill/MTL-RC00075-009.txt -> gs://100hr-data/Paper-mill/IMU/MTL-RC00075-009.txt
OK    /Volumes/Samsung 990-2/100 Hours/Paper-mill/MTL-RC00066-046.aac -> gs://100hr-data/Paper-mill/IMU/MTL-RC00066-046.aac
OK    /Volumes/Samsung 990-2/100 Hours/Paper-mill/MTL-RC00082-053.aac -> gs://100hr-data/Paper-mill/IMU/MTL-RC00082-053.aac
OK    /Volumes/Samsung 990-2/100 Hours/Paper-mill/MTL-RC00076-041.txt -> gs://100hr-data/Paper-mill/IMU/MTL-RC00076-041.txt
OK    /Volumes/Samsung 990-2/100 Hours/Paper-mill/MTL-RC00066-041.txt -> gs://100hr-data/Paper-mill/IMU/MTL-RC00066-041.txt
OK    /Volumes/Samsung 990-2/100 Hours/Paper-mill/MTL-RC00070-078.mp4 -> gs://100hr-data/Paper-mill/Videos/MTL-RC00070-078.mp4
OK    /Volumes/Samsung 990-2/100 Hours/Paper-mill/MTL-RC00075-129.mp4 -> gs://100hr-data/Paper-mill/Videos/MTL-RC00075-129.mp4
OK    /Volumes/Samsung 990-2/100 Hours/Paper-mill/MTL-RC00082-054.txt -> gs://100hr-data/Paper-mill/IMU/MTL-RC00082-054.txt
OK    /Volumes/Samsung 990-2/100 Hours/Paper-mill/MTL-RC00075-101.mp4 -> gs://100hr-data/Paper-mill/Videos/MTL-RC00075-101.mp4
OK    /Volumes/Samsung 990-2/100 Hours/Paper-mill/MTL-RC00075-032.aac -> gs://100hr-data/Paper-mill/IMU/MTL-RC00075-032.aac
OK    /Volumes/Samsung 990-2/100 Hours/Paper-mill/MTL-RC00070-050.mp4 -> gs://100hr-data/Paper-mill/Videos/MTL-RC00070-050.mp4
OK    /Volumes/Samsung 990-2/100 Hours/Paper-mill/MTL-RC00076-069.txt -> gs://100hr-data/Paper-mill/IMU/MTL-RC00076-069.txt
OK    /Volumes/Samsung 990-2/100 Hours/Paper-mill/MTL-RC00082-068.txt -> gs://100hr-data/Paper-mill/IMU/MTL-RC00082-068.txt
OK    /Volumes/Samsung 990-2/100 Hours/Paper-mill/MTL-RC00075-115.mp4 -> gs://100hr-data/Paper-mill/Videos/MTL-RC00075-115.mp4
OK    /Volumes/Samsung 990-2/100 Hours/Paper-mill/MTL-RC00075-141.txt -> gs://100hr-data/Paper-mill/IMU/MTL-RC00075-141.txt
OK    /Volumes/Samsung 990-2/100 Hours/Paper-mill/MTL-RC00076-082.txt -> gs://100hr-data/Paper-mill/IMU/MTL-RC00076-082.txt
OK    /Volumes/Samsung 990-2/100 Hours/Paper-mill/MTL-RC00082-083.txt -> gs://100hr-data/Paper-mill/IMU/MTL-RC00082-083.txt
OK    /Volumes/Samsung 990-2/100 Hours/Paper-mill/MTL-RC00066-096.txt -> gs://100hr-data/Paper-mill/IMU/MTL-RC00066-096.txt
OK    /Volumes/Samsung 990-2/100 Hours/Paper-mill/MTL-RC00066-082.txt -> gs://100hr-data/Paper-mill/IMU/MTL-RC00066-082.txt
OK    /Volumes/Samsung 990-2/100 Hours/Paper-mill/MTL-RC00075-155.txt -> gs://100hr-data/Paper-mill/IMU/MTL-RC00075-155.txt
OK    /Volumes/Samsung 990-2/100 Hours/Paper-mill/MTL-RC00082-097.txt -> gs://100hr-data/Paper-mill/IMU/MTL-RC00082-097.txt
OK    /Volumes/Samsung 990-2/100 Hours/Paper-mill/MTL-RC00076-029.mp4 -> gs://100hr-data/Paper-mill/Videos/MTL-RC00076-029.mp4
OK    /Volumes/Samsung 990-2/100 Hours/Paper-mill/MTL-RC00082-028.mp4 -> gs://100hr-data/Paper-mill/Videos/MTL-RC00082-028.mp4
OK    /Volumes/Samsung 990-2/100 Hours/Paper-mill/MTL-RC00082-133.aac -> gs://100hr-data/Paper-mill/IMU/MTL-RC00082-133.aac
OK    /Volumes/Samsung 990-2/100 Hours/Paper-mill/MTL-RC00070-093.mp4 -> gs://100hr-data/Paper-mill/Videos/MTL-RC00070-093.mp4
OK    /Volumes/Samsung 990-2/100 Hours/Paper-mill/MTL-RC00066-126.aac -> gs://100hr-data/Paper-mill/IMU/MTL-RC00066-126.aac
OK    /Volumes/Samsung 990-2/100 Hours/Paper-mill/MTL-RC00070-038.txt -> gs://100hr-data/Paper-mill/IMU/MTL-RC00070-038.txt
OK    /Volumes/Samsung 990-2/100 Hours/Paper-mill/MTL-RC00070-087.mp4 -> gs://100hr-data/Paper-mill/Videos/MTL-RC00070-087.mp4
OK    /Volumes/Samsung 990-2/100 Hours/Paper-mill/MTL-RC00082-014.mp4 -> gs://100hr-data/Paper-mill/Videos/MTL-RC00082-014.mp4
OK    /Volumes/Samsung 990-2/100 Hours/Paper-mill/MTL-RC00082-127.aac -> gs://100hr-data/Paper-mill/IMU/MTL-RC00082-127.aac
OK    /Volumes/Samsung 990-2/100 Hours/Paper-mill/MTL-RC00072-101.txt -> gs://100hr-data/Paper-mill/IMU/MTL-RC00072-101.txt
OK    /Volumes/Samsung 990-2/100 Hours/Paper-mill/MTL-RC00067-050.txt -> gs://100hr-data/Paper-mill/IMU/MTL-RC00067-050.txt
OK    /Volumes/Samsung 990-2/100 Hours/Paper-mill/MTL-RC00072-115.txt -> gs://100hr-data/Paper-mill/IMU/MTL-RC00072-115.txt
OK    /Volumes/Samsung 990-2/100 Hours/Paper-mill/MTL-RC00067-078.txt -> gs://100hr-data/Paper-mill/IMU/MTL-RC00067-078.txt
OK    /Volumes/Samsung 990-2/100 Hours/Paper-mill/MTL-RC00080-022.aac -> gs://100hr-data/Paper-mill/IMU/MTL-RC00080-022.aac
OK    /Volumes/Samsung 990-2/100 Hours/Paper-mill/MTL-RC00080-036.aac -> gs://100hr-data/Paper-mill/IMU/MTL-RC00080-036.aac
OK    /Volumes/Samsung 990-2/100 Hours/Paper-mill/MTL-RC00072-129.txt -> gs://100hr-data/Paper-mill/IMU/MTL-RC00072-129.txt
OK    /Volumes/Samsung 990-2/100 Hours/Paper-mill/MTL-RC00067-038.mp4 -> gs://100hr-data/Paper-mill/Videos/MTL-RC00067-038.mp4
OK    /Volumes/Samsung 990-2/100 Hours/Paper-mill/MTL-RC00067-093.txt -> gs://100hr-data/Paper-mill/IMU/MTL-RC00067-093.txt
OK    /Volumes/Samsung 990-2/100 Hours/Paper-mill/MTL-RC00072-072.aac -> gs://100hr-data/Paper-mill/IMU/MTL-RC00072-072.aac
OK    /Volumes/Samsung 990-2/100 Hours/Paper-mill/MTL-RC00072-141.mp4 -> gs://100hr-data/Paper-mill/Videos/MTL-RC00072-141.mp4
OK    /Volumes/Samsung 990-2/100 Hours/Paper-mill/MTL-RC00072-155.mp4 -> gs://100hr-data/Paper-mill/Videos/MTL-RC00072-155.mp4
OK    /Volumes/Samsung 990-2/100 Hours/Paper-mill/MTL-RC00067-010.mp4 -> gs://100hr-data/Paper-mill/Videos/MTL-RC00067-010.mp4
OK    /Volumes/Samsung 990-2/100 Hours/Paper-mill/MTL-RC00072-067.aac -> gs://100hr-data/Paper-mill/IMU/MTL-RC00072-067.aac
OK    /Volumes/Samsung 990-2/100 Hours/Paper-mill/MTL-RC00072-140.mp4 -> gs://100hr-data/Paper-mill/Videos/MTL-RC00072-140.mp4
OK    /Volumes/Samsung 990-2/100 Hours/Paper-mill/MTL-RC00067-092.txt -> gs://100hr-data/Paper-mill/IMU/MTL-RC00067-092.txt
OK    /Volumes/Samsung 990-2/100 Hours/Paper-mill/MTL-RC00067-039.mp4 -> gs://100hr-data/Paper-mill/Videos/MTL-RC00067-039.mp4
OK    /Volumes/Samsung 990-2/100 Hours/Paper-mill/MTL-RC00067-086.txt -> gs://100hr-data/Paper-mill/IMU/MTL-RC00067-086.txt
OK    /Volumes/Samsung 990-2/100 Hours/Paper-mill/MTL-RC00067-079.txt -> gs://100hr-data/Paper-mill/IMU/MTL-RC00067-079.txt
OK    /Volumes/Samsung 990-2/100 Hours/Paper-mill/MTL-RC00080-023.aac -> gs://100hr-data/Paper-mill/IMU/MTL-RC00080-023.aac
OK    /Volumes/Samsung 990-2/100 Hours/Paper-mill/MTL-RC00072-098.aac -> gs://100hr-data/Paper-mill/IMU/MTL-RC00072-098.aac
OK    /Volumes/Samsung 990-2/100 Hours/Paper-mill/MTL-RC00072-114.txt -> gs://100hr-data/Paper-mill/IMU/MTL-RC00072-114.txt
OK    /Volumes/Samsung 990-2/100 Hours/Paper-mill/MTL-RC00067-045.txt -> gs://100hr-data/Paper-mill/IMU/MTL-RC00067-045.txt
OK    /Volumes/Samsung 990-2/100 Hours/Paper-mill/MTL-RC00072-100.txt -> gs://100hr-data/Paper-mill/IMU/MTL-RC00072-100.txt
OK    /Volumes/Samsung 990-2/100 Hours/Paper-mill/MTL-RC00066-133.aac -> gs://100hr-data/Paper-mill/IMU/MTL-RC00066-133.aac
OK    /Volumes/Samsung 990-2/100 Hours/Paper-mill/MTL-RC00070-086.mp4 -> gs://100hr-data/Paper-mill/Videos/MTL-RC00070-086.mp4
OK    /Volumes/Samsung 990-2/100 Hours/Paper-mill/MTL-RC00070-039.txt -> gs://100hr-data/Paper-mill/IMU/MTL-RC00070-039.txt
OK    /Volumes/Samsung 990-2/100 Hours/Paper-mill/MTL-RC00082-126.aac -> gs://100hr-data/Paper-mill/IMU/MTL-RC00082-126.aac
OK    /Volumes/Samsung 990-2/100 Hours/Paper-mill/MTL-RC00082-132.aac -> gs://100hr-data/Paper-mill/IMU/MTL-RC00082-132.aac
OK    /Volumes/Samsung 990-2/100 Hours/Paper-mill/MTL-RC00066-127.aac -> gs://100hr-data/Paper-mill/IMU/MTL-RC00066-127.aac
OK    /Volumes/Samsung 990-2/100 Hours/Paper-mill/MTL-RC00066-083.txt -> gs://100hr-data/Paper-mill/IMU/MTL-RC00066-083.txt
OK    /Volumes/Samsung 990-2/100 Hours/Paper-mill/MTL-RC00076-028.mp4 -> gs://100hr-data/Paper-mill/Videos/MTL-RC00076-028.mp4
OK    /Volumes/Samsung 990-2/100 Hours/Paper-mill/MTL-RC00082-029.mp4 -> gs://100hr-data/Paper-mill/Videos/MTL-RC00082-029.mp4
OK    /Volumes/Samsung 990-2/100 Hours/Paper-mill/MTL-RC00082-096.txt -> gs://100hr-data/Paper-mill/IMU/MTL-RC00082-096.txt
OK    /Volumes/Samsung 990-2/100 Hours/Paper-mill/MTL-RC00076-083.txt -> gs://100hr-data/Paper-mill/IMU/MTL-RC00076-083.txt
OK    /Volumes/Samsung 990-2/100 Hours/Paper-mill/MTL-RC00082-082.txt -> gs://100hr-data/Paper-mill/IMU/MTL-RC00082-082.txt
OK    /Volumes/Samsung 990-2/100 Hours/Paper-mill/MTL-RC00075-140.txt -> gs://100hr-data/Paper-mill/IMU/MTL-RC00075-140.txt
OK    /Volumes/Samsung 990-2/100 Hours/Paper-mill/MTL-RC00066-097.txt -> gs://100hr-data/Paper-mill/IMU/MTL-RC00066-097.txt
OK    /Volumes/Samsung 990-2/100 Hours/Paper-mill/MTL-RC00066-028.mp4 -> gs://100hr-data/Paper-mill/Videos/MTL-RC00066-028.mp4
OK    /Volumes/Samsung 990-2/100 Hours/Paper-mill/MTL-RC00070-045.mp4 -> gs://100hr-data/Paper-mill/Videos/MTL-RC00070-045.mp4
OK    /Volumes/Samsung 990-2/100 Hours/Paper-mill/MTL-RC00076-068.txt -> gs://100hr-data/Paper-mill/IMU/MTL-RC00076-068.txt
OK    /Volumes/Samsung 990-2/100 Hours/Paper-mill/MTL-RC00082-069.txt -> gs://100hr-data/Paper-mill/IMU/MTL-RC00082-069.txt
OK    /Volumes/Samsung 990-2/100 Hours/Paper-mill/MTL-RC00075-027.aac -> gs://100hr-data/Paper-mill/IMU/MTL-RC00075-027.aac
OK    /Volumes/Samsung 990-2/100 Hours/Paper-mill/MTL-RC00075-100.mp4 -> gs://100hr-data/Paper-mill/Videos/MTL-RC00075-100.mp4
OK    /Volumes/Samsung 990-2/100 Hours/Paper-mill/MTL-RC00066-068.txt -> gs://100hr-data/Paper-mill/IMU/MTL-RC00066-068.txt
OK    /Volumes/Samsung 990-2/100 Hours/Paper-mill/MTL-RC00070-079.mp4 -> gs://100hr-data/Paper-mill/Videos/MTL-RC00070-079.mp4
OK    /Volumes/Samsung 990-2/100 Hours/Paper-mill/MTL-RC00076-054.txt -> gs://100hr-data/Paper-mill/IMU/MTL-RC00076-054.txt
OK    /Volumes/Samsung 990-2/100 Hours/Paper-mill/MTL-RC00082-041.txt -> gs://100hr-data/Paper-mill/IMU/MTL-RC00082-041.txt
OK    /Volumes/Samsung 990-2/100 Hours/Paper-mill/MTL-RC00066-047.aac -> gs://100hr-data/Paper-mill/IMU/MTL-RC00066-047.aac
OK    /Volumes/Samsung 990-2/100 Hours/Paper-mill/MTL-RC00076-053.aac -> gs://100hr-data/Paper-mill/IMU/MTL-RC00076-053.aac
OK    /Volumes/Samsung 990-2/100 Hours/Paper-mill/MTL-RC00075-008.txt -> gs://100hr-data/Paper-mill/IMU/MTL-RC00075-008.txt
OK    /Volumes/Samsung 990-2/100 Hours/Paper-mill/MTL-RC00076-047.aac -> gs://100hr-data/Paper-mill/IMU/MTL-RC00076-047.aac
OK    /Volumes/Samsung 990-2/100 Hours/Paper-mill/MTL-RC00082-046.aac -> gs://100hr-data/Paper-mill/IMU/MTL-RC00082-046.aac
OK    /Volumes/Samsung 990-2/100 Hours/Paper-mill/MTL-RC00066-053.aac -> gs://100hr-data/Paper-mill/IMU/MTL-RC00066-053.aac
OK    /Volumes/Samsung 990-2/100 Hours/Paper-mill/MTL-RC00066-148.mp4 -> gs://100hr-data/Paper-mill/Videos/MTL-RC00066-148.mp4
OK    /Volumes/Samsung 990-2/100 Hours/Paper-mill/MTL-RC00075-020.txt -> gs://100hr-data/Paper-mill/IMU/MTL-RC00075-020.txt
OK    /Volumes/Samsung 990-2/100 Hours/Paper-mill/MTL-RC00075-034.txt -> gs://100hr-data/Paper-mill/IMU/MTL-RC00075-034.txt
OK    /Volumes/Samsung 990-2/100 Hours/Paper-mill/MTL-RC00082-149.mp4 -> gs://100hr-data/Paper-mill/Videos/MTL-RC00082-149.mp4
OK    /Volumes/Samsung 990-2/100 Hours/Paper-mill/MTL-RC00066-108.txt -> gs://100hr-data/Paper-mill/IMU/MTL-RC00066-108.txt
OK    /Volumes/Samsung 990-2/100 Hours/Paper-mill/MTL-RC00070-131.mp4 -> gs://100hr-data/Paper-mill/Videos/MTL-RC00070-131.mp4
OK    /Volumes/Samsung 990-2/100 Hours/Paper-mill/MTL-RC00075-060.mp4 -> gs://100hr-data/Paper-mill/Videos/MTL-RC00075-060.mp4
OK    /Volumes/Samsung 990-2/100 Hours/Paper-mill/MTL-RC00075-153.aac -> gs://100hr-data/Paper-mill/IMU/MTL-RC00075-153.aac
OK    /Volumes/Samsung 990-2/100 Hours/Paper-mill/MTL-RC00076-090.aac -> gs://100hr-data/Paper-mill/IMU/MTL-RC00076-090.aac
OK    /Volumes/Samsung 990-2/100 Hours/Paper-mill/MTL-RC00082-091.aac -> gs://100hr-data/Paper-mill/IMU/MTL-RC00082-091.aac
OK    /Volumes/Samsung 990-2/100 Hours/Paper-mill/MTL-RC00076-084.aac -> gs://100hr-data/Paper-mill/IMU/MTL-RC00076-084.aac
OK    /Volumes/Samsung 990-2/100 Hours/Paper-mill/MTL-RC00082-109.txt -> gs://100hr-data/Paper-mill/IMU/MTL-RC00082-109.txt
OK    /Volumes/Samsung 990-2/100 Hours/Paper-mill/MTL-RC00075-074.mp4 -> gs://100hr-data/Paper-mill/Videos/MTL-RC00075-074.mp4
OK    /Volumes/Samsung 990-2/100 Hours/Paper-mill/MTL-RC00066-090.aac -> gs://100hr-data/Paper-mill/IMU/MTL-RC00066-090.aac
OK    /Volumes/Samsung 990-2/100 Hours/Paper-mill/MTL-RC00070-016.aac -> gs://100hr-data/Paper-mill/IMU/MTL-RC00070-016.aac
OK    /Volumes/Samsung 990-2/100 Hours/Paper-mill/MTL-RC00066-134.txt -> gs://100hr-data/Paper-mill/IMU/MTL-RC00066-134.txt
OK    /Volumes/Samsung 990-2/100 Hours/Paper-mill/MTL-RC00076-120.txt -> gs://100hr-data/Paper-mill/IMU/MTL-RC00076-120.txt
OK    /Volumes/Samsung 990-2/100 Hours/Paper-mill/MTL-RC00082-135.txt -> gs://100hr-data/Paper-mill/IMU/MTL-RC00082-135.txt
OK    /Volumes/Samsung 990-2/100 Hours/Paper-mill/MTL-RC00070-119.mp4 -> gs://100hr-data/Paper-mill/Videos/MTL-RC00070-119.mp4
OK    /Volumes/Samsung 990-2/100 Hours/Paper-mill/MTL-RC00072-113.aac -> gs://100hr-data/Paper-mill/IMU/MTL-RC00072-113.aac
OK    /Volumes/Samsung 990-2/100 Hours/Paper-mill/MTL-RC00067-056.aac -> gs://100hr-data/Paper-mill/IMU/MTL-RC00067-056.aac
OK    /Volumes/Samsung 990-2/100 Hours/Paper-mill/MTL-RC00072-020.mp4 -> gs://100hr-data/Paper-mill/Videos/MTL-RC00072-020.mp4
OK    /Volumes/Samsung 990-2/100 Hours/Paper-mill/MTL-RC00067-042.aac -> gs://100hr-data/Paper-mill/IMU/MTL-RC00067-042.aac
OK    /Volumes/Samsung 990-2/100 Hours/Paper-mill/MTL-RC00072-034.mp4 -> gs://100hr-data/Paper-mill/Videos/MTL-RC00072-034.mp4
OK    /Volumes/Samsung 990-2/100 Hours/Paper-mill/MTL-RC00080-030.txt -> gs://100hr-data/Paper-mill/IMU/MTL-RC00080-030.txt
OK    /Volumes/Samsung 990-2/100 Hours/Paper-mill/MTL-RC00072-008.mp4 -> gs://100hr-data/Paper-mill/Videos/MTL-RC00072-008.mp4
OK    /Volumes/Samsung 990-2/100 Hours/Paper-mill/MTL-RC00080-024.txt -> gs://100hr-data/Paper-mill/IMU/MTL-RC00080-024.txt
OK    /Volumes/Samsung 990-2/100 Hours/Paper-mill/MTL-RC00072-048.txt -> gs://100hr-data/Paper-mill/IMU/MTL-RC00072-048.txt
OK    /Volumes/Samsung 990-2/100 Hours/Paper-mill/MTL-RC00080-064.mp4 -> gs://100hr-data/Paper-mill/Videos/MTL-RC00080-064.mp4
OK    /Volumes/Samsung 990-2/100 Hours/Paper-mill/MTL-RC00072-060.txt -> gs://100hr-data/Paper-mill/IMU/MTL-RC00072-060.txt
OK    /Volumes/Samsung 990-2/100 Hours/Paper-mill/MTL-RC00072-074.txt -> gs://100hr-data/Paper-mill/IMU/MTL-RC00072-074.txt
OK    /Volumes/Samsung 990-2/100 Hours/Paper-mill/MTL-RC00080-058.mp4 -> gs://100hr-data/Paper-mill/Videos/MTL-RC00080-058.mp4
OK    /Volumes/Samsung 990-2/100 Hours/Paper-mill/MTL-RC00072-090.mp4 -> gs://100hr-data/Paper-mill/Videos/MTL-RC00072-090.mp4
OK    /Volumes/Samsung 990-2/100 Hours/Paper-mill/MTL-RC00072-013.txt -> gs://100hr-data/Paper-mill/IMU/MTL-RC00072-013.txt
OK    /Volumes/Samsung 990-2/100 Hours/Paper-mill/MTL-RC00080-080.txt -> gs://100hr-data/Paper-mill/IMU/MTL-RC00080-080.txt
OK    /Volumes/Samsung 990-2/100 Hours/Paper-mill/MTL-RC00072-053.mp4 -> gs://100hr-data/Paper-mill/Videos/MTL-RC00072-053.mp4
OK    /Volumes/Samsung 990-2/100 Hours/Paper-mill/MTL-RC00067-025.aac -> gs://100hr-data/Paper-mill/IMU/MTL-RC00067-025.aac
OK    /Volumes/Samsung 990-2/100 Hours/Paper-mill/MTL-RC00067-116.mp4 -> gs://100hr-data/Paper-mill/Videos/MTL-RC00067-116.mp4
OK    /Volumes/Samsung 990-2/100 Hours/Paper-mill/MTL-RC00067-031.aac -> gs://100hr-data/Paper-mill/IMU/MTL-RC00067-031.aac
OK    /Volumes/Samsung 990-2/100 Hours/Paper-mill/MTL-RC00080-043.txt -> gs://100hr-data/Paper-mill/IMU/MTL-RC00080-043.txt
OK    /Volumes/Samsung 990-2/100 Hours/Paper-mill/MTL-RC00080-057.txt -> gs://100hr-data/Paper-mill/IMU/MTL-RC00080-057.txt
OK    /Volumes/Samsung 990-2/100 Hours/Paper-mill/MTL-RC00072-148.aac -> gs://100hr-data/Paper-mill/IMU/MTL-RC00072-148.aac
OK    /Volumes/Samsung 990-2/100 Hours/Paper-mill/MTL-RC00075-120.aac -> gs://100hr-data/Paper-mill/IMU/MTL-RC00075-120.aac
OK    /Volumes/Samsung 990-2/100 Hours/Paper-mill/MTL-RC00075-013.mp4 -> gs://100hr-data/Paper-mill/Videos/MTL-RC00075-013.mp4
OK    /Volumes/Samsung 990-2/100 Hours/Paper-mill/MTL-RC00070-142.mp4 -> gs://100hr-data/Paper-mill/Videos/MTL-RC00070-142.mp4
OK    /Volumes/Samsung 990-2/100 Hours/Paper-mill/MTL-RC00070-071.aac -> gs://100hr-data/Paper-mill/IMU/MTL-RC00070-071.aac
OK    /Volumes/Samsung 990-2/100 Hours/Paper-mill/MTL-RC00070-065.aac -> gs://100hr-data/Paper-mill/IMU/MTL-RC00070-065.aac
OK    /Volumes/Samsung 990-2/100 Hours/Paper-mill/MTL-RC00075-134.aac -> gs://100hr-data/Paper-mill/IMU/MTL-RC00075-134.aac
OK    /Volumes/Samsung 990-2/100 Hours/Paper-mill/MTL-RC00075-090.txt -> gs://100hr-data/Paper-mill/IMU/MTL-RC00075-090.txt
OK    /Volumes/Samsung 990-2/100 Hours/Paper-mill/MTL-RC00066-147.txt -> gs://100hr-data/Paper-mill/IMU/MTL-RC00066-147.txt
OK    /Volumes/Samsung 990-2/100 Hours/Paper-mill/MTL-RC00082-146.txt -> gs://100hr-data/Paper-mill/IMU/MTL-RC00082-146.txt
OK    /Volumes/Samsung 990-2/100 Hours/Paper-mill/MTL-RC00075-108.aac -> gs://100hr-data/Paper-mill/IMU/MTL-RC00075-108.aac
OK    /Volumes/Samsung 990-2/100 Hours/Paper-mill/MTL-RC00082-112.mp4 -> gs://100hr-data/Paper-mill/Videos/MTL-RC00082-112.mp4
OK    /Volumes/Samsung 990-2/100 Hours/Paper-mill/MTL-RC00076-020.aac -> gs://100hr-data/Paper-mill/IMU/MTL-RC00076-020.aac
OK    /Volumes/Samsung 990-2/100 Hours/Paper-mill/MTL-RC00082-021.aac -> gs://100hr-data/Paper-mill/IMU/MTL-RC00082-021.aac
OK    /Volumes/Samsung 990-2/100 Hours/Paper-mill/MTL-RC00066-107.mp4 -> gs://100hr-data/Paper-mill/Videos/MTL-RC00066-107.mp4
OK    /Volumes/Samsung 990-2/100 Hours/Paper-mill/MTL-RC00066-034.aac -> gs://100hr-data/Paper-mill/IMU/MTL-RC00066-034.aac
OK    /Volumes/Samsung 990-2/100 Hours/Paper-mill/MTL-RC00066-020.aac -> gs://100hr-data/Paper-mill/IMU/MTL-RC00066-020.aac
OK    /Volumes/Samsung 990-2/100 Hours/Paper-mill/MTL-RC00076-034.aac -> gs://100hr-data/Paper-mill/IMU/MTL-RC00076-034.aac
OK    /Volumes/Samsung 990-2/100 Hours/Paper-mill/MTL-RC00082-035.aac -> gs://100hr-data/Paper-mill/IMU/MTL-RC00082-035.aac
OK    /Volumes/Samsung 990-2/100 Hours/Paper-mill/MTL-RC00082-106.mp4 -> gs://100hr-data/Paper-mill/Videos/MTL-RC00082-106.mp4
OK    /Volumes/Samsung 990-2/100 Hours/Paper-mill/MTL-RC00075-053.txt -> gs://100hr-data/Paper-mill/IMU/MTL-RC00075-053.txt
OK    /Volumes/Samsung 990-2/100 Hours/Paper-mill/MTL-RC00070-116.txt -> gs://100hr-data/Paper-mill/IMU/MTL-RC00070-116.txt
OK    /Volumes/Samsung 990-2/100 Hours/Paper-mill/MTL-RC00082-009.aac -> gs://100hr-data/Paper-mill/IMU/MTL-RC00082-009.aac
OK    /Volumes/Samsung 990-2/100 Hours/Paper-mill/MTL-RC00075-054.aac -> gs://100hr-data/Paper-mill/IMU/MTL-RC00075-054.aac
OK    /Volumes/Samsung 990-2/100 Hours/Paper-mill/MTL-RC00070-105.aac -> gs://100hr-data/Paper-mill/IMU/MTL-RC00070-105.aac
OK    /Volumes/Samsung 990-2/100 Hours/Paper-mill/MTL-RC00070-089.txt -> gs://100hr-data/Paper-mill/IMU/MTL-RC00070-089.txt
OK    /Volumes/Samsung 990-2/100 Hours/Paper-mill/MTL-RC00070-111.aac -> gs://100hr-data/Paper-mill/IMU/MTL-RC00070-111.aac
OK    /Volumes/Samsung 990-2/100 Hours/Paper-mill/MTL-RC00075-068.aac -> gs://100hr-data/Paper-mill/IMU/MTL-RC00075-068.aac
OK    /Volumes/Samsung 990-2/100 Hours/Paper-mill/MTL-RC00076-027.txt -> gs://100hr-data/Paper-mill/IMU/MTL-RC00076-027.txt
OK    /Volumes/Samsung 990-2/100 Hours/Paper-mill/MTL-RC00082-026.txt -> gs://100hr-data/Paper-mill/IMU/MTL-RC00082-026.txt
OK    /Volumes/Samsung 990-2/100 Hours/Paper-mill/MTL-RC00066-027.txt -> gs://100hr-data/Paper-mill/IMU/MTL-RC00066-027.txt
OK    /Volumes/Samsung 990-2/100 Hours/Paper-mill/MTL-RC00066-098.mp4 -> gs://100hr-data/Paper-mill/Videos/MTL-RC00066-098.mp4
OK    /Volumes/Samsung 990-2/100 Hours/Paper-mill/MTL-RC00082-032.txt -> gs://100hr-data/Paper-mill/IMU/MTL-RC00082-032.txt
OK    /Volumes/Samsung 990-2/100 Hours/Paper-mill/MTL-RC00076-067.mp4 -> gs://100hr-data/Paper-mill/Videos/MTL-RC00076-067.mp4
OK    /Volumes/Samsung 990-2/100 Hours/Paper-mill/MTL-RC00075-097.aac -> gs://100hr-data/Paper-mill/IMU/MTL-RC00075-097.aac
OK    /Volumes/Samsung 990-2/100 Hours/Paper-mill/MTL-RC00066-067.mp4 -> gs://100hr-data/Paper-mill/Videos/MTL-RC00066-067.mp4
OK    /Volumes/Samsung 990-2/100 Hours/Paper-mill/MTL-RC00082-141.aac -> gs://100hr-data/Paper-mill/IMU/MTL-RC00082-141.aac
OK    /Volumes/Samsung 990-2/100 Hours/Paper-mill/MTL-RC00075-083.aac -> gs://100hr-data/Paper-mill/IMU/MTL-RC00075-083.aac
OK    /Volumes/Samsung 990-2/100 Hours/Paper-mill/MTL-RC00076-073.mp4 -> gs://100hr-data/Paper-mill/Videos/MTL-RC00076-073.mp4
OK    /Volumes/Samsung 990-2/100 Hours/Paper-mill/MTL-RC00082-072.mp4 -> gs://100hr-data/Paper-mill/Videos/MTL-RC00082-072.mp4
OK    /Volumes/Samsung 990-2/100 Hours/Paper-mill/MTL-RC00075-127.txt -> gs://100hr-data/Paper-mill/IMU/MTL-RC00075-127.txt
OK    /Volumes/Samsung 990-2/100 Hours/Paper-mill/MTL-RC00075-133.txt -> gs://100hr-data/Paper-mill/IMU/MTL-RC00075-133.txt
OK    /Volumes/Samsung 990-2/100 Hours/Paper-mill/MTL-RC00080-044.aac -> gs://100hr-data/Paper-mill/IMU/MTL-RC00080-044.aac
OK    /Volumes/Samsung 990-2/100 Hours/Paper-mill/MTL-RC00080-050.aac -> gs://100hr-data/Paper-mill/IMU/MTL-RC00080-050.aac
OK    /Volumes/Samsung 990-2/100 Hours/Paper-mill/MTL-RC00080-078.aac -> gs://100hr-data/Paper-mill/IMU/MTL-RC00080-078.aac
OK    /Volumes/Samsung 990-2/100 Hours/Paper-mill/MTL-RC00067-089.mp4 -> gs://100hr-data/Paper-mill/Videos/MTL-RC00067-089.mp4
OK    /Volumes/Samsung 990-2/100 Hours/Paper-mill/MTL-RC00072-127.mp4 -> gs://100hr-data/Paper-mill/Videos/MTL-RC00072-127.mp4
OK    /Volumes/Samsung 990-2/100 Hours/Paper-mill/MTL-RC00072-014.aac -> gs://100hr-data/Paper-mill/IMU/MTL-RC00072-014.aac
OK    /Volumes/Samsung 990-2/100 Hours/Paper-mill/MTL-RC00080-087.aac -> gs://100hr-data/Paper-mill/IMU/MTL-RC00080-087.aac
OK    /Volumes/Samsung 990-2/100 Hours/Paper-mill/MTL-RC00067-076.mp4 -> gs://100hr-data/Paper-mill/Videos/MTL-RC00067-076.mp4
OK    /Volumes/Samsung 990-2/100 Hours/Paper-mill/MTL-RC00072-133.mp4 -> gs://100hr-data/Paper-mill/Videos/MTL-RC00072-133.mp4
OK    /Volumes/Samsung 990-2/100 Hours/Paper-mill/MTL-RC00072-028.aac -> gs://100hr-data/Paper-mill/IMU/MTL-RC00072-028.aac
OK    /Volumes/Samsung 990-2/100 Hours/Paper-mill/MTL-RC00067-063.mp4 -> gs://100hr-data/Paper-mill/Videos/MTL-RC00067-063.mp4
OK    /Volumes/Samsung 990-2/100 Hours/Paper-mill/MTL-RC00072-126.mp4 -> gs://100hr-data/Paper-mill/Videos/MTL-RC00072-126.mp4
OK    /Volumes/Samsung 990-2/100 Hours/Paper-mill/MTL-RC00080-086.aac -> gs://100hr-data/Paper-mill/IMU/MTL-RC00080-086.aac
OK    /Volumes/Samsung 990-2/100 Hours/Paper-mill/MTL-RC00067-037.txt -> gs://100hr-data/Paper-mill/IMU/MTL-RC00067-037.txt
OK    /Volumes/Samsung 990-2/100 Hours/Paper-mill/MTL-RC00067-023.txt -> gs://100hr-data/Paper-mill/IMU/MTL-RC00067-023.txt
OK    /Volumes/Samsung 990-2/100 Hours/Paper-mill/MTL-RC00080-079.aac -> gs://100hr-data/Paper-mill/IMU/MTL-RC00080-079.aac
OK    /Volumes/Samsung 990-2/100 Hours/Paper-mill/MTL-RC00080-051.aac -> gs://100hr-data/Paper-mill/IMU/MTL-RC00080-051.aac
OK    /Volumes/Samsung 990-2/100 Hours/Paper-mill/MTL-RC00080-045.aac -> gs://100hr-data/Paper-mill/IMU/MTL-RC00080-045.aac
OK    /Volumes/Samsung 990-2/100 Hours/Paper-mill/MTL-RC00070-063.txt -> gs://100hr-data/Paper-mill/IMU/MTL-RC00070-063.txt
OK    /Volumes/Samsung 990-2/100 Hours/Paper-mill/MTL-RC00075-126.txt -> gs://100hr-data/Paper-mill/IMU/MTL-RC00075-126.txt
OK    /Volumes/Samsung 990-2/100 Hours/Paper-mill/MTL-RC00076-072.mp4 -> gs://100hr-data/Paper-mill/Videos/MTL-RC00076-072.mp4
OK    /Volumes/Samsung 990-2/100 Hours/Paper-mill/MTL-RC00082-073.mp4 -> gs://100hr-data/Paper-mill/Videos/MTL-RC00082-073.mp4
OK    /Volumes/Samsung 990-2/100 Hours/Paper-mill/MTL-RC00075-082.aac -> gs://100hr-data/Paper-mill/IMU/MTL-RC00075-082.aac
OK    /Volumes/Samsung 990-2/100 Hours/Paper-mill/MTL-RC00082-067.mp4 -> gs://100hr-data/Paper-mill/Videos/MTL-RC00082-067.mp4
OK    /Volumes/Samsung 990-2/100 Hours/Paper-mill/MTL-RC00066-141.aac -> gs://100hr-data/Paper-mill/IMU/MTL-RC00066-141.aac
OK    /Volumes/Samsung 990-2/100 Hours/Paper-mill/MTL-RC00066-072.mp4 -> gs://100hr-data/Paper-mill/Videos/MTL-RC00066-072.mp4
OK    /Volumes/Samsung 990-2/100 Hours/Paper-mill/MTL-RC00066-026.txt -> gs://100hr-data/Paper-mill/IMU/MTL-RC00066-026.txt
OK    /Volumes/Samsung 990-2/100 Hours/Paper-mill/MTL-RC00076-032.txt -> gs://100hr-data/Paper-mill/IMU/MTL-RC00076-032.txt
OK    /Volumes/Samsung 990-2/100 Hours/Paper-mill/MTL-RC00076-026.txt -> gs://100hr-data/Paper-mill/IMU/MTL-RC00076-026.txt
OK    /Volumes/Samsung 990-2/100 Hours/Paper-mill/MTL-RC00082-027.txt -> gs://100hr-data/Paper-mill/IMU/MTL-RC00082-027.txt
OK    /Volumes/Samsung 990-2/100 Hours/Paper-mill/MTL-RC00075-069.aac -> gs://100hr-data/Paper-mill/IMU/MTL-RC00075-069.aac
OK    /Volumes/Samsung 990-2/100 Hours/Paper-mill/MTL-RC00082-098.mp4 -> gs://100hr-data/Paper-mill/Videos/MTL-RC00082-098.mp4
OK    /Volumes/Samsung 990-2/100 Hours/Paper-mill/MTL-RC00070-138.aac -> gs://100hr-data/Paper-mill/IMU/MTL-RC00070-138.aac
OK    /Volumes/Samsung 990-2/100 Hours/Paper-mill/MTL-RC00070-023.mp4 -> gs://100hr-data/Paper-mill/Videos/MTL-RC00070-023.mp4
OK    /Volumes/Samsung 990-2/100 Hours/Paper-mill/MTL-RC00070-104.aac -> gs://100hr-data/Paper-mill/IMU/MTL-RC00070-104.aac
OK    /Volumes/Samsung 990-2/100 Hours/Paper-mill/MTL-RC00075-046.txt -> gs://100hr-data/Paper-mill/IMU/MTL-RC00075-046.txt
OK    /Volumes/Samsung 990-2/100 Hours/Paper-mill/MTL-RC00075-052.txt -> gs://100hr-data/Paper-mill/IMU/MTL-RC00075-052.txt
OK    /Volumes/Samsung 990-2/100 Hours/Paper-mill/MTL-RC00070-103.txt -> gs://100hr-data/Paper-mill/IMU/MTL-RC00070-103.txt
OK    /Volumes/Samsung 990-2/100 Hours/Paper-mill/MTL-RC00066-009.aac -> gs://100hr-data/Paper-mill/IMU/MTL-RC00066-009.aac
OK    /Volumes/Samsung 990-2/100 Hours/Paper-mill/MTL-RC00066-112.mp4 -> gs://100hr-data/Paper-mill/Videos/MTL-RC00066-112.mp4
OK    /Volumes/Samsung 990-2/100 Hours/Paper-mill/MTL-RC00066-021.aac -> gs://100hr-data/Paper-mill/IMU/MTL-RC00066-021.aac
OK    /Volumes/Samsung 990-2/100 Hours/Paper-mill/MTL-RC00082-107.mp4 -> gs://100hr-data/Paper-mill/Videos/MTL-RC00082-107.mp4
OK    /Volumes/Samsung 990-2/100 Hours/Paper-mill/MTL-RC00076-035.aac -> gs://100hr-data/Paper-mill/IMU/MTL-RC00076-035.aac
OK    /Volumes/Samsung 990-2/100 Hours/Paper-mill/MTL-RC00082-034.aac -> gs://100hr-data/Paper-mill/IMU/MTL-RC00082-034.aac
OK    /Volumes/Samsung 990-2/100 Hours/Paper-mill/MTL-RC00076-021.aac -> gs://100hr-data/Paper-mill/IMU/MTL-RC00076-021.aac
OK    /Volumes/Samsung 990-2/100 Hours/Paper-mill/MTL-RC00082-020.aac -> gs://100hr-data/Paper-mill/IMU/MTL-RC00082-020.aac
OK    /Volumes/Samsung 990-2/100 Hours/Paper-mill/MTL-RC00082-113.mp4 -> gs://100hr-data/Paper-mill/Videos/MTL-RC00082-113.mp4
OK    /Volumes/Samsung 990-2/100 Hours/Paper-mill/MTL-RC00066-035.aac -> gs://100hr-data/Paper-mill/IMU/MTL-RC00066-035.aac
OK    /Volumes/Samsung 990-2/100 Hours/Paper-mill/MTL-RC00070-058.aac -> gs://100hr-data/Paper-mill/IMU/MTL-RC00070-058.aac
OK    /Volumes/Samsung 990-2/100 Hours/Paper-mill/MTL-RC00066-152.txt -> gs://100hr-data/Paper-mill/IMU/MTL-RC00066-152.txt
OK    /Volumes/Samsung 990-2/100 Hours/Paper-mill/MTL-RC00075-109.aac -> gs://100hr-data/Paper-mill/IMU/MTL-RC00075-109.aac
OK    /Volumes/Samsung 990-2/100 Hours/Paper-mill/MTL-RC00082-147.txt -> gs://100hr-data/Paper-mill/IMU/MTL-RC00082-147.txt
OK    /Volumes/Samsung 990-2/100 Hours/Paper-mill/MTL-RC00075-085.txt -> gs://100hr-data/Paper-mill/IMU/MTL-RC00075-085.txt
OK    /Volumes/Samsung 990-2/100 Hours/Paper-mill/MTL-RC00070-064.aac -> gs://100hr-data/Paper-mill/IMU/MTL-RC00070-064.aac
OK    /Volumes/Samsung 990-2/100 Hours/Paper-mill/MTL-RC00075-135.aac -> gs://100hr-data/Paper-mill/IMU/MTL-RC00075-135.aac
OK    /Volumes/Samsung 990-2/100 Hours/Paper-mill/MTL-RC00075-006.mp4 -> gs://100hr-data/Paper-mill/Videos/MTL-RC00075-006.mp4
OK    /Volumes/Samsung 990-2/100 Hours/Paper-mill/MTL-RC00075-012.mp4 -> gs://100hr-data/Paper-mill/Videos/MTL-RC00075-012.mp4
OK    /Volumes/Samsung 990-2/100 Hours/Paper-mill/MTL-RC00080-056.txt -> gs://100hr-data/Paper-mill/IMU/MTL-RC00080-056.txt
OK    /Volumes/Samsung 990-2/100 Hours/Paper-mill/MTL-RC00072-149.aac -> gs://100hr-data/Paper-mill/IMU/MTL-RC00072-149.aac
OK    /Volumes/Samsung 990-2/100 Hours/Paper-mill/MTL-RC00080-042.txt -> gs://100hr-data/Paper-mill/IMU/MTL-RC00080-042.txt
OK    /Volumes/Samsung 990-2/100 Hours/Paper-mill/MTL-RC00072-046.mp4 -> gs://100hr-data/Paper-mill/Videos/MTL-RC00072-046.mp4
OK    /Volumes/Samsung 990-2/100 Hours/Paper-mill/MTL-RC00067-024.aac -> gs://100hr-data/Paper-mill/IMU/MTL-RC00067-024.aac
OK    /Volumes/Samsung 990-2/100 Hours/Paper-mill/MTL-RC00072-052.mp4 -> gs://100hr-data/Paper-mill/Videos/MTL-RC00072-052.mp4
OK    /Volumes/Samsung 990-2/100 Hours/Paper-mill/MTL-RC00072-006.txt -> gs://100hr-data/Paper-mill/IMU/MTL-RC00072-006.txt
OK    /Volumes/Samsung 990-2/100 Hours/Paper-mill/MTL-RC00072-012.txt -> gs://100hr-data/Paper-mill/IMU/MTL-RC00072-012.txt
OK    /Volumes/Samsung 990-2/100 Hours/Paper-mill/MTL-RC00080-081.txt -> gs://100hr-data/Paper-mill/IMU/MTL-RC00080-081.txt
OK    /Volumes/Samsung 990-2/100 Hours/Paper-mill/MTL-RC00072-085.mp4 -> gs://100hr-data/Paper-mill/Videos/MTL-RC00072-085.mp4
OK    /Volumes/Samsung 990-2/100 Hours/Paper-mill/MTL-RC00072-087.mp4 -> gs://100hr-data/Paper-mill/Videos/MTL-RC00072-087.mp4
OK    /Volumes/Samsung 990-2/100 Hours/Paper-mill/MTL-RC00072-038.txt -> gs://100hr-data/Paper-mill/IMU/MTL-RC00072-038.txt
OK    /Volumes/Samsung 990-2/100 Hours/Paper-mill/MTL-RC00072-093.mp4 -> gs://100hr-data/Paper-mill/Videos/MTL-RC00072-093.mp4
OK    /Volumes/Samsung 990-2/100 Hours/Paper-mill/MTL-RC00080-028.mp4 -> gs://100hr-data/Paper-mill/Videos/MTL-RC00080-028.mp4
OK    /Volumes/Samsung 990-2/100 Hours/Paper-mill/MTL-RC00080-083.txt -> gs://100hr-data/Paper-mill/IMU/MTL-RC00080-083.txt
OK    /Volumes/Samsung 990-2/100 Hours/Paper-mill/MTL-RC00067-101.mp4 -> gs://100hr-data/Paper-mill/Videos/MTL-RC00067-101.mp4
OK    /Volumes/Samsung 990-2/100 Hours/Paper-mill/MTL-RC00067-032.aac -> gs://100hr-data/Paper-mill/IMU/MTL-RC00067-032.aac
OK    /Volumes/Samsung 990-2/100 Hours/Paper-mill/MTL-RC00080-068.txt -> gs://100hr-data/Paper-mill/IMU/MTL-RC00080-068.txt
OK    /Volumes/Samsung 990-2/100 Hours/Paper-mill/MTL-RC00072-050.mp4 -> gs://100hr-data/Paper-mill/Videos/MTL-RC00072-050.mp4
OK    /Volumes/Samsung 990-2/100 Hours/Paper-mill/MTL-RC00067-115.mp4 -> gs://100hr-data/Paper-mill/Videos/MTL-RC00067-115.mp4
OK    /Volumes/Samsung 990-2/100 Hours/Paper-mill/MTL-RC00072-078.mp4 -> gs://100hr-data/Paper-mill/Videos/MTL-RC00072-078.mp4
OK    /Volumes/Samsung 990-2/100 Hours/Paper-mill/MTL-RC00080-054.txt -> gs://100hr-data/Paper-mill/IMU/MTL-RC00080-054.txt
OK    /Volumes/Samsung 990-2/100 Hours/Paper-mill/MTL-RC00075-137.aac -> gs://100hr-data/Paper-mill/IMU/MTL-RC00075-137.aac
OK    /Volumes/Samsung 990-2/100 Hours/Paper-mill/MTL-RC00070-141.mp4 -> gs://100hr-data/Paper-mill/Videos/MTL-RC00070-141.mp4
OK    /Volumes/Samsung 990-2/100 Hours/Paper-mill/MTL-RC00070-072.aac -> gs://100hr-data/Paper-mill/IMU/MTL-RC00070-072.aac
OK    /Volumes/Samsung 990-2/100 Hours/Paper-mill/MTL-RC00075-123.aac -> gs://100hr-data/Paper-mill/IMU/MTL-RC00075-123.aac
OK    /Volumes/Samsung 990-2/100 Hours/Paper-mill/MTL-RC00075-010.mp4 -> gs://100hr-data/Paper-mill/Videos/MTL-RC00075-010.mp4
OK    /Volumes/Samsung 990-2/100 Hours/Paper-mill/MTL-RC00082-145.txt -> gs://100hr-data/Paper-mill/IMU/MTL-RC00082-145.txt
OK    /Volumes/Samsung 990-2/100 Hours/Paper-mill/MTL-RC00075-038.mp4 -> gs://100hr-data/Paper-mill/Videos/MTL-RC00075-038.mp4
OK    /Volumes/Samsung 990-2/100 Hours/Paper-mill/MTL-RC00066-144.txt -> gs://100hr-data/Paper-mill/IMU/MTL-RC00066-144.txt
OK    /Volumes/Samsung 990-2/100 Hours/Paper-mill/MTL-RC00075-093.txt -> gs://100hr-data/Paper-mill/IMU/MTL-RC00075-093.txt
OK    /Volumes/Samsung 990-2/100 Hours/Paper-mill/MTL-RC00082-036.aac -> gs://100hr-data/Paper-mill/IMU/MTL-RC00082-036.aac
OK    /Volumes/Samsung 990-2/100 Hours/Paper-mill/MTL-RC00075-078.txt -> gs://100hr-data/Paper-mill/IMU/MTL-RC00075-078.txt
OK    /Volumes/Samsung 990-2/100 Hours/Paper-mill/MTL-RC00082-105.mp4 -> gs://100hr-data/Paper-mill/Videos/MTL-RC00082-105.mp4
OK    /Volumes/Samsung 990-2/100 Hours/Paper-mill/MTL-RC00066-023.aac -> gs://100hr-data/Paper-mill/IMU/MTL-RC00066-023.aac
OK    /Volumes/Samsung 990-2/100 Hours/Paper-mill/MTL-RC00070-129.txt -> gs://100hr-data/Paper-mill/IMU/MTL-RC00070-129.txt
OK    /Volumes/Samsung 990-2/100 Hours/Paper-mill/MTL-RC00066-104.mp4 -> gs://100hr-data/Paper-mill/Videos/MTL-RC00066-104.mp4
OK    /Volumes/Samsung 990-2/100 Hours/Paper-mill/MTL-RC00082-111.mp4 -> gs://100hr-data/Paper-mill/Videos/MTL-RC00082-111.mp4
OK    /Volumes/Samsung 990-2/100 Hours/Paper-mill/MTL-RC00076-023.aac -> gs://100hr-data/Paper-mill/IMU/MTL-RC00076-023.aac
OK    /Volumes/Samsung 990-2/100 Hours/Paper-mill/MTL-RC00082-022.aac -> gs://100hr-data/Paper-mill/IMU/MTL-RC00082-022.aac
OK    /Volumes/Samsung 990-2/100 Hours/Paper-mill/MTL-RC00082-139.mp4 -> gs://100hr-data/Paper-mill/Videos/MTL-RC00082-139.mp4
OK    /Volumes/Samsung 990-2/100 Hours/Paper-mill/MTL-RC00070-115.txt -> gs://100hr-data/Paper-mill/IMU/MTL-RC00070-115.txt
OK    /Volumes/Samsung 990-2/100 Hours/Paper-mill/MTL-RC00070-101.txt -> gs://100hr-data/Paper-mill/IMU/MTL-RC00070-101.txt
OK    /Volumes/Samsung 990-2/100 Hours/Paper-mill/MTL-RC00066-138.mp4 -> gs://100hr-data/Paper-mill/Videos/MTL-RC00066-138.mp4
OK    /Volumes/Samsung 990-2/100 Hours/Paper-mill/MTL-RC00075-050.txt -> gs://100hr-data/Paper-mill/IMU/MTL-RC00075-050.txt
OK    /Volumes/Samsung 990-2/100 Hours/Paper-mill/MTL-RC00075-043.aac -> gs://100hr-data/Paper-mill/IMU/MTL-RC00075-043.aac
OK    /Volumes/Samsung 990-2/100 Hours/Paper-mill/MTL-RC00070-112.aac -> gs://100hr-data/Paper-mill/IMU/MTL-RC00070-112.aac
OK    /Volumes/Samsung 990-2/100 Hours/Paper-mill/MTL-RC00070-021.mp4 -> gs://100hr-data/Paper-mill/Videos/MTL-RC00070-021.mp4
OK    /Volumes/Samsung 990-2/100 Hours/Paper-mill/MTL-RC00070-035.mp4 -> gs://100hr-data/Paper-mill/Videos/MTL-RC00070-035.mp4
OK    /Volumes/Samsung 990-2/100 Hours/Paper-mill/MTL-RC00075-057.aac -> gs://100hr-data/Paper-mill/IMU/MTL-RC00075-057.aac
OK    /Volumes/Samsung 990-2/100 Hours/Paper-mill/MTL-RC00082-019.txt -> gs://100hr-data/Paper-mill/IMU/MTL-RC00082-019.txt
OK    /Volumes/Samsung 990-2/100 Hours/Paper-mill/MTL-RC00076-030.txt -> gs://100hr-data/Paper-mill/IMU/MTL-RC00076-030.txt
OK    /Volumes/Samsung 990-2/100 Hours/Paper-mill/MTL-RC00082-031.txt -> gs://100hr-data/Paper-mill/IMU/MTL-RC00082-031.txt
OK    /Volumes/Samsung 990-2/100 Hours/Paper-mill/MTL-RC00066-024.txt -> gs://100hr-data/Paper-mill/IMU/MTL-RC00066-024.txt
OK    /Volumes/Samsung 990-2/100 Hours/Paper-mill/MTL-RC00070-009.mp4 -> gs://100hr-data/Paper-mill/Videos/MTL-RC00070-009.mp4
OK    /Volumes/Samsung 990-2/100 Hours/Paper-mill/MTL-RC00066-030.txt -> gs://100hr-data/Paper-mill/IMU/MTL-RC00066-030.txt
OK    /Volumes/Samsung 990-2/100 Hours/Paper-mill/MTL-RC00076-024.txt -> gs://100hr-data/Paper-mill/IMU/MTL-RC00076-024.txt
OK    /Volumes/Samsung 990-2/100 Hours/Paper-mill/MTL-RC00082-025.txt -> gs://100hr-data/Paper-mill/IMU/MTL-RC00082-025.txt
OK    /Volumes/Samsung 990-2/100 Hours/Paper-mill/MTL-RC00082-142.aac -> gs://100hr-data/Paper-mill/IMU/MTL-RC00082-142.aac
OK    /Volumes/Samsung 990-2/100 Hours/Paper-mill/MTL-RC00075-080.aac -> gs://100hr-data/Paper-mill/IMU/MTL-RC00075-080.aac
OK    /Volumes/Samsung 990-2/100 Hours/Paper-mill/MTL-RC00082-071.mp4 -> gs://100hr-data/Paper-mill/Videos/MTL-RC00082-071.mp4
OK    /Volumes/Samsung 990-2/100 Hours/Paper-mill/MTL-RC00066-064.mp4 -> gs://100hr-data/Paper-mill/Videos/MTL-RC00066-064.mp4
OK    /Volumes/Samsung 990-2/100 Hours/Paper-mill/MTL-RC00070-049.txt -> gs://100hr-data/Paper-mill/IMU/MTL-RC00070-049.txt
OK    /Volumes/Samsung 990-2/100 Hours/Paper-mill/MTL-RC00076-064.mp4 -> gs://100hr-data/Paper-mill/Videos/MTL-RC00076-064.mp4
OK    /Volumes/Samsung 990-2/100 Hours/Paper-mill/MTL-RC00082-065.mp4 -> gs://100hr-data/Paper-mill/Videos/MTL-RC00082-065.mp4
OK    /Volumes/Samsung 990-2/100 Hours/Paper-mill/MTL-RC00075-118.txt -> gs://100hr-data/Paper-mill/IMU/MTL-RC00075-118.txt
OK    /Volumes/Samsung 990-2/100 Hours/Paper-mill/MTL-RC00075-094.aac -> gs://100hr-data/Paper-mill/IMU/MTL-RC00075-094.aac
OK    /Volumes/Samsung 990-2/100 Hours/Paper-mill/MTL-RC00075-130.txt -> gs://100hr-data/Paper-mill/IMU/MTL-RC00075-130.txt
OK    /Volumes/Samsung 990-2/100 Hours/Paper-mill/MTL-RC00070-061.txt -> gs://100hr-data/Paper-mill/IMU/MTL-RC00070-061.txt
OK    /Volumes/Samsung 990-2/100 Hours/Paper-mill/MTL-RC00070-075.txt -> gs://100hr-data/Paper-mill/IMU/MTL-RC00070-075.txt
OK    /Volumes/Samsung 990-2/100 Hours/Paper-mill/MTL-RC00076-058.mp4 -> gs://100hr-data/Paper-mill/Videos/MTL-RC00076-058.mp4
OK    /Volumes/Samsung 990-2/100 Hours/Paper-mill/MTL-RC00067-009.txt -> gs://100hr-data/Paper-mill/IMU/MTL-RC00067-009.txt
OK    /Volumes/Samsung 990-2/100 Hours/Paper-mill/MTL-RC00080-053.aac -> gs://100hr-data/Paper-mill/IMU/MTL-RC00080-053.aac
OK    /Volumes/Samsung 990-2/100 Hours/Paper-mill/MTL-RC00080-047.aac -> gs://100hr-data/Paper-mill/IMU/MTL-RC00080-047.aac
OK    /Volumes/Samsung 990-2/100 Hours/Paper-mill/MTL-RC00067-035.txt -> gs://100hr-data/Paper-mill/IMU/MTL-RC00067-035.txt
OK    /Volumes/Samsung 990-2/100 Hours/Paper-mill/MTL-RC00067-075.mp4 -> gs://100hr-data/Paper-mill/Videos/MTL-RC00067-075.mp4
OK    /Volumes/Samsung 990-2/100 Hours/Paper-mill/MTL-RC00072-130.mp4 -> gs://100hr-data/Paper-mill/Videos/MTL-RC00072-130.mp4
OK    /Volumes/Samsung 990-2/100 Hours/Paper-mill/MTL-RC00080-084.aac -> gs://100hr-data/Paper-mill/IMU/MTL-RC00080-084.aac
OK    /Volumes/Samsung 990-2/100 Hours/Paper-mill/MTL-RC00072-017.aac -> gs://100hr-data/Paper-mill/IMU/MTL-RC00072-017.aac
OK    /Volumes/Samsung 990-2/100 Hours/Paper-mill/MTL-RC00067-061.mp4 -> gs://100hr-data/Paper-mill/Videos/MTL-RC00067-061.mp4
OK    /Volumes/Samsung 990-2/100 Hours/Paper-mill/MTL-RC00067-049.mp4 -> gs://100hr-data/Paper-mill/Videos/MTL-RC00067-049.mp4
OK    /Volumes/Samsung 990-2/100 Hours/Paper-mill/MTL-RC00072-118.mp4 -> gs://100hr-data/Paper-mill/Videos/MTL-RC00072-118.mp4
OK    /Volumes/Samsung 990-2/100 Hours/Paper-mill/MTL-RC00072-119.mp4 -> gs://100hr-data/Paper-mill/Videos/MTL-RC00072-119.mp4
OK    /Volumes/Samsung 990-2/100 Hours/Paper-mill/MTL-RC00067-060.mp4 -> gs://100hr-data/Paper-mill/Videos/MTL-RC00067-060.mp4
OK    /Volumes/Samsung 990-2/100 Hours/Paper-mill/MTL-RC00072-016.aac -> gs://100hr-data/Paper-mill/IMU/MTL-RC00072-016.aac
OK    /Volumes/Samsung 990-2/100 Hours/Paper-mill/MTL-RC00072-131.mp4 -> gs://100hr-data/Paper-mill/Videos/MTL-RC00072-131.mp4
OK    /Volumes/Samsung 990-2/100 Hours/Paper-mill/MTL-RC00067-074.mp4 -> gs://100hr-data/Paper-mill/Videos/MTL-RC00067-074.mp4
OK    /Volumes/Samsung 990-2/100 Hours/Paper-mill/MTL-RC00067-020.txt -> gs://100hr-data/Paper-mill/IMU/MTL-RC00067-020.txt
OK    /Volumes/Samsung 990-2/100 Hours/Paper-mill/MTL-RC00067-034.txt -> gs://100hr-data/Paper-mill/IMU/MTL-RC00067-034.txt
OK    /Volumes/Samsung 990-2/100 Hours/Paper-mill/MTL-RC00080-046.aac -> gs://100hr-data/Paper-mill/IMU/MTL-RC00080-046.aac
OK    /Volumes/Samsung 990-2/100 Hours/Paper-mill/MTL-RC00070-074.txt -> gs://100hr-data/Paper-mill/IMU/MTL-RC00070-074.txt
OK    /Volumes/Samsung 990-2/100 Hours/Paper-mill/MTL-RC00082-058.mp4 -> gs://100hr-data/Paper-mill/Videos/MTL-RC00082-058.mp4
OK    /Volumes/Samsung 990-2/100 Hours/Paper-mill/MTL-RC00075-125.txt -> gs://100hr-data/Paper-mill/IMU/MTL-RC00075-125.txt
OK    /Volumes/Samsung 990-2/100 Hours/Paper-mill/MTL-RC00070-060.txt -> gs://100hr-data/Paper-mill/IMU/MTL-RC00070-060.txt
OK    /Volumes/Samsung 990-2/100 Hours/Paper-mill/MTL-RC00066-142.aac -> gs://100hr-data/Paper-mill/IMU/MTL-RC00066-142.aac
OK    /Volumes/Samsung 990-2/100 Hours/Paper-mill/MTL-RC00070-048.txt -> gs://100hr-data/Paper-mill/IMU/MTL-RC00070-048.txt
OK    /Volumes/Samsung 990-2/100 Hours/Paper-mill/MTL-RC00066-071.mp4 -> gs://100hr-data/Paper-mill/Videos/MTL-RC00066-071.mp4
OK    /Volumes/Samsung 990-2/100 Hours/Paper-mill/MTL-RC00075-119.txt -> gs://100hr-data/Paper-mill/IMU/MTL-RC00075-119.txt
OK    /Volumes/Samsung 990-2/100 Hours/Paper-mill/MTL-RC00076-065.mp4 -> gs://100hr-data/Paper-mill/Videos/MTL-RC00076-065.mp4
OK    /Volumes/Samsung 990-2/100 Hours/Paper-mill/MTL-RC00082-064.mp4 -> gs://100hr-data/Paper-mill/Videos/MTL-RC00082-064.mp4
OK    /Volumes/Samsung 990-2/100 Hours/Paper-mill/MTL-RC00076-071.mp4 -> gs://100hr-data/Paper-mill/Videos/MTL-RC00076-071.mp4
OK    /Volumes/Samsung 990-2/100 Hours/Paper-mill/MTL-RC00082-143.aac -> gs://100hr-data/Paper-mill/IMU/MTL-RC00082-143.aac
OK    /Volumes/Samsung 990-2/100 Hours/Paper-mill/MTL-RC00066-065.mp4 -> gs://100hr-data/Paper-mill/Videos/MTL-RC00066-065.mp4
OK    /Volumes/Samsung 990-2/100 Hours/Paper-mill/MTL-RC00066-031.txt -> gs://100hr-data/Paper-mill/IMU/MTL-RC00066-031.txt
OK    /Volumes/Samsung 990-2/100 Hours/Paper-mill/MTL-RC00076-025.txt -> gs://100hr-data/Paper-mill/IMU/MTL-RC00076-025.txt
OK    /Volumes/Samsung 990-2/100 Hours/Paper-mill/MTL-RC00082-024.txt -> gs://100hr-data/Paper-mill/IMU/MTL-RC00082-024.txt
OK    /Volumes/Samsung 990-2/100 Hours/Paper-mill/MTL-RC00075-159.mp4 -> gs://100hr-data/Paper-mill/Videos/MTL-RC00075-159.mp4
OK    /Volumes/Samsung 990-2/100 Hours/Paper-mill/MTL-RC00076-031.txt -> gs://100hr-data/Paper-mill/IMU/MTL-RC00076-031.txt
OK    /Volumes/Samsung 990-2/100 Hours/Paper-mill/MTL-RC00082-030.txt -> gs://100hr-data/Paper-mill/IMU/MTL-RC00082-030.txt
OK    /Volumes/Samsung 990-2/100 Hours/Paper-mill/MTL-RC00070-034.mp4 -> gs://100hr-data/Paper-mill/Videos/MTL-RC00070-034.mp4
OK    /Volumes/Samsung 990-2/100 Hours/Paper-mill/MTL-RC00075-056.aac -> gs://100hr-data/Paper-mill/IMU/MTL-RC00075-056.aac
OK    /Volumes/Samsung 990-2/100 Hours/Paper-mill/MTL-RC00075-042.aac -> gs://100hr-data/Paper-mill/IMU/MTL-RC00075-042.aac
OK    /Volumes/Samsung 990-2/100 Hours/Paper-mill/MTL-RC00066-019.txt -> gs://100hr-data/Paper-mill/IMU/MTL-RC00066-019.txt
OK    /Volumes/Samsung 990-2/100 Hours/Paper-mill/MTL-RC00070-020.mp4 -> gs://100hr-data/Paper-mill/Videos/MTL-RC00070-020.mp4
OK    /Volumes/Samsung 990-2/100 Hours/Paper-mill/MTL-RC00070-113.aac -> gs://100hr-data/Paper-mill/IMU/MTL-RC00070-113.aac
OK    /Volumes/Samsung 990-2/100 Hours/Paper-mill/MTL-RC00070-100.txt -> gs://100hr-data/Paper-mill/IMU/MTL-RC00070-100.txt
OK    /Volumes/Samsung 990-2/100 Hours/Paper-mill/MTL-RC00075-045.txt -> gs://100hr-data/Paper-mill/IMU/MTL-RC00075-045.txt
OK    /Volumes/Samsung 990-2/100 Hours/Paper-mill/MTL-RC00082-138.mp4 -> gs://100hr-data/Paper-mill/Videos/MTL-RC00082-138.mp4
OK    /Volumes/Samsung 990-2/100 Hours/Paper-mill/MTL-RC00070-114.txt -> gs://100hr-data/Paper-mill/IMU/MTL-RC00070-114.txt
OK    /Volumes/Samsung 990-2/100 Hours/Paper-mill/MTL-RC00070-098.aac -> gs://100hr-data/Paper-mill/IMU/MTL-RC00070-098.aac
OK    /Volumes/Samsung 990-2/100 Hours/Paper-mill/MTL-RC00066-036.aac -> gs://100hr-data/Paper-mill/IMU/MTL-RC00066-036.aac
OK    /Volumes/Samsung 990-2/100 Hours/Paper-mill/MTL-RC00066-105.mp4 -> gs://100hr-data/Paper-mill/Videos/MTL-RC00066-105.mp4
OK    /Volumes/Samsung 990-2/100 Hours/Paper-mill/MTL-RC00076-022.aac -> gs://100hr-data/Paper-mill/IMU/MTL-RC00076-022.aac
OK    /Volumes/Samsung 990-2/100 Hours/Paper-mill/MTL-RC00082-023.aac -> gs://100hr-data/Paper-mill/IMU/MTL-RC00082-023.aac
OK    /Volumes/Samsung 990-2/100 Hours/Paper-mill/MTL-RC00082-104.mp4 -> gs://100hr-data/Paper-mill/Videos/MTL-RC00082-104.mp4
OK    /Volumes/Samsung 990-2/100 Hours/Paper-mill/MTL-RC00075-079.txt -> gs://100hr-data/Paper-mill/IMU/MTL-RC00075-079.txt
OK    /Volumes/Samsung 990-2/100 Hours/Paper-mill/MTL-RC00076-036.aac -> gs://100hr-data/Paper-mill/IMU/MTL-RC00076-036.aac
OK    /Volumes/Samsung 990-2/100 Hours/Paper-mill/MTL-RC00066-111.mp4 -> gs://100hr-data/Paper-mill/Videos/MTL-RC00066-111.mp4
OK    /Volumes/Samsung 990-2/100 Hours/Paper-mill/MTL-RC00066-145.txt -> gs://100hr-data/Paper-mill/IMU/MTL-RC00066-145.txt
OK    /Volumes/Samsung 990-2/100 Hours/Paper-mill/MTL-RC00075-092.txt -> gs://100hr-data/Paper-mill/IMU/MTL-RC00075-092.txt
OK    /Volumes/Samsung 990-2/100 Hours/Paper-mill/MTL-RC00075-039.mp4 -> gs://100hr-data/Paper-mill/Videos/MTL-RC00075-039.mp4
OK    /Volumes/Samsung 990-2/100 Hours/Paper-mill/MTL-RC00082-144.txt -> gs://100hr-data/Paper-mill/IMU/MTL-RC00082-144.txt
OK    /Volumes/Samsung 990-2/100 Hours/Paper-mill/MTL-RC00075-086.txt -> gs://100hr-data/Paper-mill/IMU/MTL-RC00075-086.txt
OK    /Volumes/Samsung 990-2/100 Hours/Paper-mill/MTL-RC00066-151.txt -> gs://100hr-data/Paper-mill/IMU/MTL-RC00066-151.txt
OK    /Volumes/Samsung 990-2/100 Hours/Paper-mill/MTL-RC00070-140.mp4 -> gs://100hr-data/Paper-mill/Videos/MTL-RC00070-140.mp4
OK    /Volumes/Samsung 990-2/100 Hours/Paper-mill/MTL-RC00075-122.aac -> gs://100hr-data/Paper-mill/IMU/MTL-RC00075-122.aac
OK    /Volumes/Samsung 990-2/100 Hours/Paper-mill/MTL-RC00075-005.mp4 -> gs://100hr-data/Paper-mill/Videos/MTL-RC00075-005.mp4
OK    /Volumes/Samsung 990-2/100 Hours/Paper-mill/MTL-RC00070-067.aac -> gs://100hr-data/Paper-mill/IMU/MTL-RC00070-067.aac
OK    /Volumes/Samsung 990-2/100 Hours/Paper-mill/MTL-RC00080-041.txt -> gs://100hr-data/Paper-mill/IMU/MTL-RC00080-041.txt
OK    /Volumes/Samsung 990-2/100 Hours/Paper-mill/MTL-RC00072-079.mp4 -> gs://100hr-data/Paper-mill/Videos/MTL-RC00072-079.mp4
OK    /Volumes/Samsung 990-2/100 Hours/Paper-mill/MTL-RC00067-027.aac -> gs://100hr-data/Paper-mill/IMU/MTL-RC00067-027.aac
OK    /Volumes/Samsung 990-2/100 Hours/Paper-mill/MTL-RC00072-045.mp4 -> gs://100hr-data/Paper-mill/Videos/MTL-RC00072-045.mp4
OK    /Volumes/Samsung 990-2/100 Hours/Paper-mill/MTL-RC00067-100.mp4 -> gs://100hr-data/Paper-mill/Videos/MTL-RC00067-100.mp4
OK    /Volumes/Samsung 990-2/100 Hours/Paper-mill/MTL-RC00080-069.txt -> gs://100hr-data/Paper-mill/IMU/MTL-RC00080-069.txt
OK    /Volumes/Samsung 990-2/100 Hours/Paper-mill/MTL-RC00080-082.txt -> gs://100hr-data/Paper-mill/IMU/MTL-RC00080-082.txt
OK    /Volumes/Samsung 990-2/100 Hours/Paper-mill/MTL-RC00072-005.txt -> gs://100hr-data/Paper-mill/IMU/MTL-RC00072-005.txt
OK    /Volumes/Samsung 990-2/100 Hours/Paper-mill/MTL-RC00080-029.mp4 -> gs://100hr-data/Paper-mill/Videos/MTL-RC00080-029.mp4
OK    /Volumes/Samsung 990-2/100 Hours/Paper-mill/MTL-RC00072-039.txt -> gs://100hr-data/Paper-mill/IMU/MTL-RC00072-039.txt
OK    /Volumes/Samsung 990-2/100 Hours/Paper-mill/MTL-RC00072-086.mp4 -> gs://100hr-data/Paper-mill/Videos/MTL-RC00072-086.mp4
OK    /Volumes/Samsung 990-2/100 Hours/Paper-mill/MTL-RC00072-015.txt -> gs://100hr-data/Paper-mill/IMU/MTL-RC00072-015.txt
OK    /Volumes/Samsung 990-2/100 Hours/Paper-mill/MTL-RC00080-086.txt -> gs://100hr-data/Paper-mill/IMU/MTL-RC00080-086.txt
OK    /Volumes/Samsung 990-2/100 Hours/Paper-mill/MTL-RC00080-039.mp4 -> gs://100hr-data/Paper-mill/Videos/MTL-RC00080-039.mp4
OK    /Volumes/Samsung 990-2/100 Hours/Paper-mill/MTL-RC00072-082.mp4 -> gs://100hr-data/Paper-mill/Videos/MTL-RC00072-082.mp4
OK    /Volumes/Samsung 990-2/100 Hours/Paper-mill/MTL-RC00072-096.mp4 -> gs://100hr-data/Paper-mill/Videos/MTL-RC00072-096.mp4
OK    /Volumes/Samsung 990-2/100 Hours/Paper-mill/MTL-RC00080-045.txt -> gs://100hr-data/Paper-mill/IMU/MTL-RC00080-045.txt
OK    /Volumes/Samsung 990-2/100 Hours/Paper-mill/MTL-RC00067-104.mp4 -> gs://100hr-data/Paper-mill/Videos/MTL-RC00067-104.mp4
OK    /Volumes/Samsung 990-2/100 Hours/Paper-mill/MTL-RC00072-041.mp4 -> gs://100hr-data/Paper-mill/Videos/MTL-RC00072-041.mp4
OK    /Volumes/Samsung 990-2/100 Hours/Paper-mill/MTL-RC00067-023.aac -> gs://100hr-data/Paper-mill/IMU/MTL-RC00067-023.aac
OK    /Volumes/Samsung 990-2/100 Hours/Paper-mill/MTL-RC00080-079.txt -> gs://100hr-data/Paper-mill/IMU/MTL-RC00080-079.txt
OK    /Volumes/Samsung 990-2/100 Hours/Paper-mill/MTL-RC00082-140.txt -> gs://100hr-data/Paper-mill/IMU/MTL-RC00082-140.txt
OK    /Volumes/Samsung 990-2/100 Hours/Paper-mill/MTL-RC00075-082.txt -> gs://100hr-data/Paper-mill/IMU/MTL-RC00075-082.txt
OK    /Volumes/Samsung 990-2/100 Hours/Paper-mill/MTL-RC00075-096.txt -> gs://100hr-data/Paper-mill/IMU/MTL-RC00075-096.txt
OK    /Volumes/Samsung 990-2/100 Hours/Paper-mill/MTL-RC00066-141.txt -> gs://100hr-data/Paper-mill/IMU/MTL-RC00066-141.txt
OK    /Volumes/Samsung 990-2/100 Hours/Paper-mill/MTL-RC00075-126.aac -> gs://100hr-data/Paper-mill/IMU/MTL-RC00075-126.aac
OK    /Volumes/Samsung 990-2/100 Hours/Paper-mill/MTL-RC00070-144.mp4 -> gs://100hr-data/Paper-mill/Videos/MTL-RC00070-144.mp4
OK    /Volumes/Samsung 990-2/100 Hours/Paper-mill/MTL-RC00066-129.mp4 -> gs://100hr-data/Paper-mill/Videos/MTL-RC00066-129.mp4
OK    /Volumes/Samsung 990-2/100 Hours/Paper-mill/MTL-RC00075-041.txt -> gs://100hr-data/Paper-mill/IMU/MTL-RC00075-041.txt
OK    /Volumes/Samsung 990-2/100 Hours/Paper-mill/MTL-RC00082-128.mp4 -> gs://100hr-data/Paper-mill/Videos/MTL-RC00082-128.mp4
OK    /Volumes/Samsung 990-2/100 Hours/Paper-mill/MTL-RC00070-104.txt -> gs://100hr-data/Paper-mill/IMU/MTL-RC00070-104.txt
OK    /Volumes/Samsung 990-2/100 Hours/Paper-mill/MTL-RC00066-115.mp4 -> gs://100hr-data/Paper-mill/Videos/MTL-RC00066-115.mp4
OK    /Volumes/Samsung 990-2/100 Hours/Paper-mill/MTL-RC00076-032.aac -> gs://100hr-data/Paper-mill/IMU/MTL-RC00076-032.aac
OK    /Volumes/Samsung 990-2/100 Hours/Paper-mill/MTL-RC00082-033.aac -> gs://100hr-data/Paper-mill/IMU/MTL-RC00082-033.aac
OK    /Volumes/Samsung 990-2/100 Hours/Paper-mill/MTL-RC00082-100.mp4 -> gs://100hr-data/Paper-mill/Videos/MTL-RC00082-100.mp4
OK    /Volumes/Samsung 990-2/100 Hours/Paper-mill/MTL-RC00082-027.aac -> gs://100hr-data/Paper-mill/IMU/MTL-RC00082-027.aac
OK    /Volumes/Samsung 990-2/100 Hours/Paper-mill/MTL-RC00066-101.mp4 -> gs://100hr-data/Paper-mill/Videos/MTL-RC00066-101.mp4
OK    /Volumes/Samsung 990-2/100 Hours/Paper-mill/MTL-RC00070-138.txt -> gs://100hr-data/Paper-mill/IMU/MTL-RC00070-138.txt
OK    /Volumes/Samsung 990-2/100 Hours/Paper-mill/MTL-RC00066-032.aac -> gs://100hr-data/Paper-mill/IMU/MTL-RC00066-032.aac
OK    /Volumes/Samsung 990-2/100 Hours/Paper-mill/MTL-RC00076-035.txt -> gs://100hr-data/Paper-mill/IMU/MTL-RC00076-035.txt
OK    /Volumes/Samsung 990-2/100 Hours/Paper-mill/MTL-RC00082-034.txt -> gs://100hr-data/Paper-mill/IMU/MTL-RC00082-034.txt
OK    /Volumes/Samsung 990-2/100 Hours/Paper-mill/MTL-RC00075-149.mp4 -> gs://100hr-data/Paper-mill/Videos/MTL-RC00075-149.mp4
OK    /Volumes/Samsung 990-2/100 Hours/Paper-mill/MTL-RC00076-021.txt -> gs://100hr-data/Paper-mill/IMU/MTL-RC00076-021.txt
OK    /Volumes/Samsung 990-2/100 Hours/Paper-mill/MTL-RC00082-020.txt -> gs://100hr-data/Paper-mill/IMU/MTL-RC00082-020.txt
OK    /Volumes/Samsung 990-2/100 Hours/Paper-mill/MTL-RC00066-035.txt -> gs://100hr-data/Paper-mill/IMU/MTL-RC00066-035.txt
OK    /Volumes/Samsung 990-2/100 Hours/Paper-mill/MTL-RC00070-024.mp4 -> gs://100hr-data/Paper-mill/Videos/MTL-RC00070-024.mp4
OK    /Volumes/Samsung 990-2/100 Hours/Paper-mill/MTL-RC00075-046.aac -> gs://100hr-data/Paper-mill/IMU/MTL-RC00075-046.aac
OK    /Volumes/Samsung 990-2/100 Hours/Paper-mill/MTL-RC00082-008.txt -> gs://100hr-data/Paper-mill/IMU/MTL-RC00082-008.txt
OK    /Volumes/Samsung 990-2/100 Hours/Paper-mill/MTL-RC00066-009.txt -> gs://100hr-data/Paper-mill/IMU/MTL-RC00066-009.txt
OK    /Volumes/Samsung 990-2/100 Hours/Paper-mill/MTL-RC00070-030.mp4 -> gs://100hr-data/Paper-mill/Videos/MTL-RC00070-030.mp4
OK    /Volumes/Samsung 990-2/100 Hours/Paper-mill/MTL-RC00070-064.txt -> gs://100hr-data/Paper-mill/IMU/MTL-RC00070-064.txt
OK    /Volumes/Samsung 990-2/100 Hours/Paper-mill/MTL-RC00076-049.mp4 -> gs://100hr-data/Paper-mill/Videos/MTL-RC00076-049.mp4
OK    /Volumes/Samsung 990-2/100 Hours/Paper-mill/MTL-RC00070-070.txt -> gs://100hr-data/Paper-mill/IMU/MTL-RC00070-070.txt
OK    /Volumes/Samsung 990-2/100 Hours/Paper-mill/MTL-RC00066-049.mp4 -> gs://100hr-data/Paper-mill/Videos/MTL-RC00066-049.mp4
OK    /Volumes/Samsung 990-2/100 Hours/Paper-mill/MTL-RC00066-152.aac -> gs://100hr-data/Paper-mill/IMU/MTL-RC00066-152.aac
OK    /Volumes/Samsung 990-2/100 Hours/Paper-mill/MTL-RC00066-061.mp4 -> gs://100hr-data/Paper-mill/Videos/MTL-RC00066-061.mp4
OK    /Volumes/Samsung 990-2/100 Hours/Paper-mill/MTL-RC00076-075.mp4 -> gs://100hr-data/Paper-mill/Videos/MTL-RC00076-075.mp4
OK    /Volumes/Samsung 990-2/100 Hours/Paper-mill/MTL-RC00082-074.mp4 -> gs://100hr-data/Paper-mill/Videos/MTL-RC00082-074.mp4
OK    /Volumes/Samsung 990-2/100 Hours/Paper-mill/MTL-RC00076-061.mp4 -> gs://100hr-data/Paper-mill/Videos/MTL-RC00076-061.mp4
OK    /Volumes/Samsung 990-2/100 Hours/Paper-mill/MTL-RC00082-060.mp4 -> gs://100hr-data/Paper-mill/Videos/MTL-RC00082-060.mp4
OK    /Volumes/Samsung 990-2/100 Hours/Paper-mill/MTL-RC00075-091.aac -> gs://100hr-data/Paper-mill/IMU/MTL-RC00075-091.aac
OK    /Volumes/Samsung 990-2/100 Hours/Paper-mill/MTL-RC00066-075.mp4 -> gs://100hr-data/Paper-mill/Videos/MTL-RC00066-075.mp4
OK    /Volumes/Samsung 990-2/100 Hours/Paper-mill/MTL-RC00066-146.aac -> gs://100hr-data/Paper-mill/IMU/MTL-RC00066-146.aac
OK    /Volumes/Samsung 990-2/100 Hours/Paper-mill/MTL-RC00067-030.txt -> gs://100hr-data/Paper-mill/IMU/MTL-RC00067-030.txt
OK    /Volumes/Samsung 990-2/100 Hours/Paper-mill/MTL-RC00067-024.txt -> gs://100hr-data/Paper-mill/IMU/MTL-RC00067-024.txt
OK    /Volumes/Samsung 990-2/100 Hours/Paper-mill/MTL-RC00080-056.aac -> gs://100hr-data/Paper-mill/IMU/MTL-RC00080-056.aac
OK    /Volumes/Samsung 990-2/100 Hours/Paper-mill/MTL-RC00072-149.txt -> gs://100hr-data/Paper-mill/IMU/MTL-RC00072-149.txt
OK    /Volumes/Samsung 990-2/100 Hours/Paper-mill/MTL-RC00080-042.aac -> gs://100hr-data/Paper-mill/IMU/MTL-RC00080-042.aac
OK    /Volumes/Samsung 990-2/100 Hours/Paper-mill/MTL-RC00072-109.mp4 -> gs://100hr-data/Paper-mill/Videos/MTL-RC00072-109.mp4
OK    /Volumes/Samsung 990-2/100 Hours/Paper-mill/MTL-RC00072-006.aac -> gs://100hr-data/Paper-mill/IMU/MTL-RC00072-006.aac
OK    /Volumes/Samsung 990-2/100 Hours/Paper-mill/MTL-RC00072-012.aac -> gs://100hr-data/Paper-mill/IMU/MTL-RC00072-012.aac
OK    /Volumes/Samsung 990-2/100 Hours/Paper-mill/MTL-RC00067-064.mp4 -> gs://100hr-data/Paper-mill/Videos/MTL-RC00067-064.mp4
OK    /Volumes/Samsung 990-2/100 Hours/Paper-mill/MTL-RC00067-065.mp4 -> gs://100hr-data/Paper-mill/Videos/MTL-RC00067-065.mp4
OK    /Volumes/Samsung 990-2/100 Hours/Paper-mill/MTL-RC00072-013.aac -> gs://100hr-data/Paper-mill/IMU/MTL-RC00072-013.aac
OK    /Volumes/Samsung 990-2/100 Hours/Paper-mill/MTL-RC00072-120.mp4 -> gs://100hr-data/Paper-mill/Videos/MTL-RC00072-120.mp4
OK    /Volumes/Samsung 990-2/100 Hours/Paper-mill/MTL-RC00080-080.aac -> gs://100hr-data/Paper-mill/IMU/MTL-RC00080-080.aac
OK    /Volumes/Samsung 990-2/100 Hours/Paper-mill/MTL-RC00072-134.mp4 -> gs://100hr-data/Paper-mill/Videos/MTL-RC00072-134.mp4
OK    /Volumes/Samsung 990-2/100 Hours/Paper-mill/MTL-RC00067-071.mp4 -> gs://100hr-data/Paper-mill/Videos/MTL-RC00067-071.mp4
OK    /Volumes/Samsung 990-2/100 Hours/Paper-mill/MTL-RC00072-108.mp4 -> gs://100hr-data/Paper-mill/Videos/MTL-RC00072-108.mp4
OK    /Volumes/Samsung 990-2/100 Hours/Paper-mill/MTL-RC00067-019.txt -> gs://100hr-data/Paper-mill/IMU/MTL-RC00067-019.txt
OK    /Volumes/Samsung 990-2/100 Hours/Paper-mill/MTL-RC00080-043.aac -> gs://100hr-data/Paper-mill/IMU/MTL-RC00080-043.aac
OK    /Volumes/Samsung 990-2/100 Hours/Paper-mill/MTL-RC00080-057.aac -> gs://100hr-data/Paper-mill/IMU/MTL-RC00080-057.aac
OK    /Volumes/Samsung 990-2/100 Hours/Paper-mill/MTL-RC00072-148.txt -> gs://100hr-data/Paper-mill/IMU/MTL-RC00072-148.txt
OK    /Volumes/Samsung 990-2/100 Hours/Paper-mill/MTL-RC00067-031.txt -> gs://100hr-data/Paper-mill/IMU/MTL-RC00067-031.txt
OK    /Volumes/Samsung 990-2/100 Hours/Paper-mill/MTL-RC00075-090.aac -> gs://100hr-data/Paper-mill/IMU/MTL-RC00075-090.aac
OK    /Volumes/Samsung 990-2/100 Hours/Paper-mill/MTL-RC00076-060.mp4 -> gs://100hr-data/Paper-mill/Videos/MTL-RC00076-060.mp4
OK    /Volumes/Samsung 990-2/100 Hours/Paper-mill/MTL-RC00082-061.mp4 -> gs://100hr-data/Paper-mill/Videos/MTL-RC00082-061.mp4
OK    /Volumes/Samsung 990-2/100 Hours/Paper-mill/MTL-RC00066-074.mp4 -> gs://100hr-data/Paper-mill/Videos/MTL-RC00066-074.mp4
OK    /Volumes/Samsung 990-2/100 Hours/Paper-mill/MTL-RC00066-060.mp4 -> gs://100hr-data/Paper-mill/Videos/MTL-RC00066-060.mp4
OK    /Volumes/Samsung 990-2/100 Hours/Paper-mill/MTL-RC00070-059.txt -> gs://100hr-data/Paper-mill/IMU/MTL-RC00070-059.txt
OK    /Volumes/Samsung 990-2/100 Hours/Paper-mill/MTL-RC00066-153.aac -> gs://100hr-data/Paper-mill/IMU/MTL-RC00066-153.aac
OK    /Volumes/Samsung 990-2/100 Hours/Paper-mill/MTL-RC00076-074.mp4 -> gs://100hr-data/Paper-mill/Videos/MTL-RC00076-074.mp4
OK    /Volumes/Samsung 990-2/100 Hours/Paper-mill/MTL-RC00082-075.mp4 -> gs://100hr-data/Paper-mill/Videos/MTL-RC00082-075.mp4
OK    /Volumes/Samsung 990-2/100 Hours/Paper-mill/MTL-RC00082-146.aac -> gs://100hr-data/Paper-mill/IMU/MTL-RC00082-146.aac
OK    /Volumes/Samsung 990-2/100 Hours/Paper-mill/MTL-RC00075-108.txt -> gs://100hr-data/Paper-mill/IMU/MTL-RC00075-108.txt
OK    /Volumes/Samsung 990-2/100 Hours/Paper-mill/MTL-RC00070-071.txt -> gs://100hr-data/Paper-mill/IMU/MTL-RC00070-071.txt
OK    /Volumes/Samsung 990-2/100 Hours/Paper-mill/MTL-RC00075-134.txt -> gs://100hr-data/Paper-mill/IMU/MTL-RC00075-134.txt
OK    /Volumes/Samsung 990-2/100 Hours/Paper-mill/MTL-RC00082-049.mp4 -> gs://100hr-data/Paper-mill/Videos/MTL-RC00082-049.mp4
OK    /Volumes/Samsung 990-2/100 Hours/Paper-mill/MTL-RC00075-160.mp4 -> gs://100hr-data/Paper-mill/Videos/MTL-RC00075-160.mp4
OK    /Volumes/Samsung 990-2/100 Hours/Paper-mill/MTL-RC00075-053.aac -> gs://100hr-data/Paper-mill/IMU/MTL-RC00075-053.aac
OK    /Volumes/Samsung 990-2/100 Hours/Paper-mill/MTL-RC00070-102.aac -> gs://100hr-data/Paper-mill/IMU/MTL-RC00070-102.aac
OK    /Volumes/Samsung 990-2/100 Hours/Paper-mill/MTL-RC00070-031.mp4 -> gs://100hr-data/Paper-mill/Videos/MTL-RC00070-031.mp4
OK    /Volumes/Samsung 990-2/100 Hours/Paper-mill/MTL-RC00066-008.txt -> gs://100hr-data/Paper-mill/IMU/MTL-RC00066-008.txt
OK    /Volumes/Samsung 990-2/100 Hours/Paper-mill/MTL-RC00070-116.aac -> gs://100hr-data/Paper-mill/IMU/MTL-RC00070-116.aac
OK    /Volumes/Samsung 990-2/100 Hours/Paper-mill/MTL-RC00082-009.txt -> gs://100hr-data/Paper-mill/IMU/MTL-RC00082-009.txt
OK    /Volumes/Samsung 990-2/100 Hours/Paper-mill/MTL-RC00075-047.aac -> gs://100hr-data/Paper-mill/IMU/MTL-RC00075-047.aac
OK    /Volumes/Samsung 990-2/100 Hours/Paper-mill/MTL-RC00076-020.txt -> gs://100hr-data/Paper-mill/IMU/MTL-RC00076-020.txt
OK    /Volumes/Samsung 990-2/100 Hours/Paper-mill/MTL-RC00082-021.txt -> gs://100hr-data/Paper-mill/IMU/MTL-RC00082-021.txt
OK    /Volumes/Samsung 990-2/100 Hours/Paper-mill/MTL-RC00066-034.txt -> gs://100hr-data/Paper-mill/IMU/MTL-RC00066-034.txt
OK    /Volumes/Samsung 990-2/100 Hours/Paper-mill/MTL-RC00070-019.mp4 -> gs://100hr-data/Paper-mill/Videos/MTL-RC00070-019.mp4
OK    /Volumes/Samsung 990-2/100 Hours/Paper-mill/MTL-RC00066-020.txt -> gs://100hr-data/Paper-mill/IMU/MTL-RC00066-020.txt
OK    /Volumes/Samsung 990-2/100 Hours/Paper-mill/MTL-RC00075-148.mp4 -> gs://100hr-data/Paper-mill/Videos/MTL-RC00075-148.mp4
OK    /Volumes/Samsung 990-2/100 Hours/Paper-mill/MTL-RC00076-034.txt -> gs://100hr-data/Paper-mill/IMU/MTL-RC00076-034.txt
OK    /Volumes/Samsung 990-2/100 Hours/Paper-mill/MTL-RC00082-035.txt -> gs://100hr-data/Paper-mill/IMU/MTL-RC00082-035.txt
OK    /Volumes/Samsung 990-2/100 Hours/Paper-mill/MTL-RC00075-068.txt -> gs://100hr-data/Paper-mill/IMU/MTL-RC00075-068.txt
OK    /Volumes/Samsung 990-2/100 Hours/Paper-mill/MTL-RC00076-027.aac -> gs://100hr-data/Paper-mill/IMU/MTL-RC00076-027.aac
OK    /Volumes/Samsung 990-2/100 Hours/Paper-mill/MTL-RC00082-115.mp4 -> gs://100hr-data/Paper-mill/Videos/MTL-RC00082-115.mp4
OK    /Volumes/Samsung 990-2/100 Hours/Paper-mill/MTL-RC00066-100.mp4 -> gs://100hr-data/Paper-mill/Videos/MTL-RC00066-100.mp4
OK    /Volumes/Samsung 990-2/100 Hours/Paper-mill/MTL-RC00066-027.aac -> gs://100hr-data/Paper-mill/IMU/MTL-RC00066-027.aac
OK    /Volumes/Samsung 990-2/100 Hours/Paper-mill/MTL-RC00082-101.mp4 -> gs://100hr-data/Paper-mill/Videos/MTL-RC00082-101.mp4
OK    /Volumes/Samsung 990-2/100 Hours/Paper-mill/MTL-RC00076-033.aac -> gs://100hr-data/Paper-mill/IMU/MTL-RC00076-033.aac
OK    /Volumes/Samsung 990-2/100 Hours/Paper-mill/MTL-RC00082-032.aac -> gs://100hr-data/Paper-mill/IMU/MTL-RC00082-032.aac
OK    /Volumes/Samsung 990-2/100 Hours/Paper-mill/MTL-RC00082-129.mp4 -> gs://100hr-data/Paper-mill/Videos/MTL-RC00082-129.mp4
OK    /Volumes/Samsung 990-2/100 Hours/Paper-mill/MTL-RC00070-105.txt -> gs://100hr-data/Paper-mill/IMU/MTL-RC00070-105.txt
OK    /Volumes/Samsung 990-2/100 Hours/Paper-mill/MTL-RC00070-089.aac -> gs://100hr-data/Paper-mill/IMU/MTL-RC00070-089.aac
OK    /Volumes/Samsung 990-2/100 Hours/Paper-mill/MTL-RC00070-111.txt -> gs://100hr-data/Paper-mill/IMU/MTL-RC00070-111.txt
OK    /Volumes/Samsung 990-2/100 Hours/Paper-mill/MTL-RC00075-127.aac -> gs://100hr-data/Paper-mill/IMU/MTL-RC00075-127.aac
OK    /Volumes/Samsung 990-2/100 Hours/Paper-mill/MTL-RC00070-076.aac -> gs://100hr-data/Paper-mill/IMU/MTL-RC00070-076.aac
OK    /Volumes/Samsung 990-2/100 Hours/Paper-mill/MTL-RC00070-145.mp4 -> gs://100hr-data/Paper-mill/Videos/MTL-RC00070-145.mp4
OK    /Volumes/Samsung 990-2/100 Hours/Paper-mill/MTL-RC00075-133.aac -> gs://100hr-data/Paper-mill/IMU/MTL-RC00075-133.aac
OK    /Volumes/Samsung 990-2/100 Hours/Paper-mill/MTL-RC00075-097.txt -> gs://100hr-data/Paper-mill/IMU/MTL-RC00075-097.txt
OK    /Volumes/Samsung 990-2/100 Hours/Paper-mill/MTL-RC00075-028.mp4 -> gs://100hr-data/Paper-mill/Videos/MTL-RC00075-028.mp4
OK    /Volumes/Samsung 990-2/100 Hours/Paper-mill/MTL-RC00066-140.txt -> gs://100hr-data/Paper-mill/IMU/MTL-RC00066-140.txt
OK    /Volumes/Samsung 990-2/100 Hours/Paper-mill/MTL-RC00075-083.txt -> gs://100hr-data/Paper-mill/IMU/MTL-RC00075-083.txt
OK    /Volumes/Samsung 990-2/100 Hours/Paper-mill/MTL-RC00082-141.txt -> gs://100hr-data/Paper-mill/IMU/MTL-RC00082-141.txt
OK    /Volumes/Samsung 990-2/100 Hours/Paper-mill/MTL-RC00067-111.mp4 -> gs://100hr-data/Paper-mill/Videos/MTL-RC00067-111.mp4
OK    /Volumes/Samsung 990-2/100 Hours/Paper-mill/MTL-RC00072-054.mp4 -> gs://100hr-data/Paper-mill/Videos/MTL-RC00072-054.mp4
OK    /Volumes/Samsung 990-2/100 Hours/Paper-mill/MTL-RC00080-078.txt -> gs://100hr-data/Paper-mill/IMU/MTL-RC00080-078.txt
OK    /Volumes/Samsung 990-2/100 Hours/Paper-mill/MTL-RC00067-036.aac -> gs://100hr-data/Paper-mill/IMU/MTL-RC00067-036.aac
OK    /Volumes/Samsung 990-2/100 Hours/Paper-mill/MTL-RC00067-105.mp4 -> gs://100hr-data/Paper-mill/Videos/MTL-RC00067-105.mp4
OK    /Volumes/Samsung 990-2/100 Hours/Paper-mill/MTL-RC00072-068.mp4 -> gs://100hr-data/Paper-mill/Videos/MTL-RC00072-068.mp4
OK    /Volumes/Samsung 990-2/100 Hours/Paper-mill/MTL-RC00080-050.txt -> gs://100hr-data/Paper-mill/IMU/MTL-RC00080-050.txt
OK    /Volumes/Samsung 990-2/100 Hours/Paper-mill/MTL-RC00072-097.mp4 -> gs://100hr-data/Paper-mill/Videos/MTL-RC00072-097.mp4
OK    /Volumes/Samsung 990-2/100 Hours/Paper-mill/MTL-RC00072-028.txt -> gs://100hr-data/Paper-mill/IMU/MTL-RC00072-028.txt
OK    /Volumes/Samsung 990-2/100 Hours/Paper-mill/MTL-RC00072-083.mp4 -> gs://100hr-data/Paper-mill/Videos/MTL-RC00072-083.mp4
OK    /Volumes/Samsung 990-2/100 Hours/Paper-mill/MTL-RC00080-038.mp4 -> gs://100hr-data/Paper-mill/Videos/MTL-RC00080-038.mp4
OK    /Volumes/Samsung 990-2/100 Hours/Paper-mill/MTL-RC00080-087.txt -> gs://100hr-data/Paper-mill/IMU/MTL-RC00080-087.txt
OK    /Volumes/Samsung 990-2/100 Hours/Paper-mill/MTL-RC00080-085.txt -> gs://100hr-data/Paper-mill/IMU/MTL-RC00080-085.txt
OK    /Volumes/Samsung 990-2/100 Hours/Paper-mill/MTL-RC00072-016.txt -> gs://100hr-data/Paper-mill/IMU/MTL-RC00072-016.txt
OK    /Volumes/Samsung 990-2/100 Hours/Paper-mill/MTL-RC00080-046.txt -> gs://100hr-data/Paper-mill/IMU/MTL-RC00080-046.txt
OK    /Volumes/Samsung 990-2/100 Hours/Paper-mill/MTL-RC00080-052.txt -> gs://100hr-data/Paper-mill/IMU/MTL-RC00080-052.txt
OK    /Volumes/Samsung 990-2/100 Hours/Paper-mill/MTL-RC00072-056.mp4 -> gs://100hr-data/Paper-mill/Videos/MTL-RC00072-056.mp4
OK    /Volumes/Samsung 990-2/100 Hours/Paper-mill/MTL-RC00067-020.aac -> gs://100hr-data/Paper-mill/IMU/MTL-RC00067-020.aac
OK    /Volumes/Samsung 990-2/100 Hours/Paper-mill/MTL-RC00067-107.mp4 -> gs://100hr-data/Paper-mill/Videos/MTL-RC00067-107.mp4
OK    /Volumes/Samsung 990-2/100 Hours/Paper-mill/MTL-RC00072-042.mp4 -> gs://100hr-data/Paper-mill/Videos/MTL-RC00072-042.mp4
OK    /Volumes/Samsung 990-2/100 Hours/Paper-mill/MTL-RC00067-034.aac -> gs://100hr-data/Paper-mill/IMU/MTL-RC00067-034.aac
OK    /Volumes/Samsung 990-2/100 Hours/Paper-mill/MTL-RC00075-119.aac -> gs://100hr-data/Paper-mill/IMU/MTL-RC00075-119.aac
OK    /Volumes/Samsung 990-2/100 Hours/Paper-mill/MTL-RC00075-081.txt -> gs://100hr-data/Paper-mill/IMU/MTL-RC00075-081.txt
OK    /Volumes/Samsung 990-2/100 Hours/Paper-mill/MTL-RC00075-016.mp4 -> gs://100hr-data/Paper-mill/Videos/MTL-RC00075-016.mp4
OK    /Volumes/Samsung 990-2/100 Hours/Paper-mill/MTL-RC00075-131.aac -> gs://100hr-data/Paper-mill/IMU/MTL-RC00075-131.aac
OK    /Volumes/Samsung 990-2/100 Hours/Paper-mill/MTL-RC00070-060.aac -> gs://100hr-data/Paper-mill/IMU/MTL-RC00070-060.aac
OK    /Volumes/Samsung 990-2/100 Hours/Paper-mill/MTL-RC00070-107.txt -> gs://100hr-data/Paper-mill/IMU/MTL-RC00070-107.txt
OK    /Volumes/Samsung 990-2/100 Hours/Paper-mill/MTL-RC00082-018.aac -> gs://100hr-data/Paper-mill/IMU/MTL-RC00082-018.aac
OK    /Volumes/Samsung 990-2/100 Hours/Paper-mill/MTL-RC00075-056.txt -> gs://100hr-data/Paper-mill/IMU/MTL-RC00075-056.txt
OK    /Volumes/Samsung 990-2/100 Hours/Paper-mill/MTL-RC00075-042.txt -> gs://100hr-data/Paper-mill/IMU/MTL-RC00075-042.txt
OK    /Volumes/Samsung 990-2/100 Hours/Paper-mill/MTL-RC00066-031.aac -> gs://100hr-data/Paper-mill/IMU/MTL-RC00066-031.aac
OK    /Volumes/Samsung 990-2/100 Hours/Paper-mill/MTL-RC00082-117.mp4 -> gs://100hr-data/Paper-mill/Videos/MTL-RC00082-117.mp4
OK    /Volumes/Samsung 990-2/100 Hours/Paper-mill/MTL-RC00076-025.aac -> gs://100hr-data/Paper-mill/IMU/MTL-RC00076-025.aac
OK    /Volumes/Samsung 990-2/100 Hours/Paper-mill/MTL-RC00082-024.aac -> gs://100hr-data/Paper-mill/IMU/MTL-RC00082-024.aac
OK    /Volumes/Samsung 990-2/100 Hours/Paper-mill/MTL-RC00076-031.aac -> gs://100hr-data/Paper-mill/IMU/MTL-RC00076-031.aac
OK    /Volumes/Samsung 990-2/100 Hours/Paper-mill/MTL-RC00066-025.aac -> gs://100hr-data/Paper-mill/IMU/MTL-RC00066-025.aac
OK    /Volumes/Samsung 990-2/100 Hours/Paper-mill/MTL-RC00066-116.mp4 -> gs://100hr-data/Paper-mill/Videos/MTL-RC00066-116.mp4
OK    /Volumes/Samsung 990-2/100 Hours/Paper-mill/MTL-RC00066-089.mp4 -> gs://100hr-data/Paper-mill/Videos/MTL-RC00066-089.mp4
OK    /Volumes/Samsung 990-2/100 Hours/Paper-mill/MTL-RC00082-023.txt -> gs://100hr-data/Paper-mill/IMU/MTL-RC00082-023.txt
OK    /Volumes/Samsung 990-2/100 Hours/Paper-mill/MTL-RC00075-079.aac -> gs://100hr-data/Paper-mill/IMU/MTL-RC00075-079.aac
OK    /Volumes/Samsung 990-2/100 Hours/Paper-mill/MTL-RC00076-036.txt -> gs://100hr-data/Paper-mill/IMU/MTL-RC00076-036.txt
OK    /Volumes/Samsung 990-2/100 Hours/Paper-mill/MTL-RC00082-037.txt -> gs://100hr-data/Paper-mill/IMU/MTL-RC00082-037.txt
OK    /Volumes/Samsung 990-2/100 Hours/Paper-mill/MTL-RC00076-089.mp4 -> gs://100hr-data/Paper-mill/Videos/MTL-RC00076-089.mp4
OK    /Volumes/Samsung 990-2/100 Hours/Paper-mill/MTL-RC00070-100.aac -> gs://100hr-data/Paper-mill/IMU/MTL-RC00070-100.aac
OK    /Volumes/Samsung 990-2/100 Hours/Paper-mill/MTL-RC00075-162.mp4 -> gs://100hr-data/Paper-mill/Videos/MTL-RC00075-162.mp4
OK    /Volumes/Samsung 990-2/100 Hours/Paper-mill/MTL-RC00075-045.aac -> gs://100hr-data/Paper-mill/IMU/MTL-RC00075-045.aac
OK    /Volumes/Samsung 990-2/100 Hours/Paper-mill/MTL-RC00070-027.mp4 -> gs://100hr-data/Paper-mill/Videos/MTL-RC00070-027.mp4
OK    /Volumes/Samsung 990-2/100 Hours/Paper-mill/MTL-RC00075-122.txt -> gs://100hr-data/Paper-mill/IMU/MTL-RC00075-122.txt
OK    /Volumes/Samsung 990-2/100 Hours/Paper-mill/MTL-RC00075-136.txt -> gs://100hr-data/Paper-mill/IMU/MTL-RC00075-136.txt
OK    /Volumes/Samsung 990-2/100 Hours/Paper-mill/MTL-RC00070-067.txt -> gs://100hr-data/Paper-mill/IMU/MTL-RC00070-067.txt
OK    /Volumes/Samsung 990-2/100 Hours/Paper-mill/MTL-RC00066-076.mp4 -> gs://100hr-data/Paper-mill/Videos/MTL-RC00066-076.mp4
OK    /Volumes/Samsung 990-2/100 Hours/Paper-mill/MTL-RC00066-145.aac -> gs://100hr-data/Paper-mill/IMU/MTL-RC00066-145.aac
OK    /Volumes/Samsung 990-2/100 Hours/Paper-mill/MTL-RC00076-062.mp4 -> gs://100hr-data/Paper-mill/Videos/MTL-RC00076-062.mp4
OK    /Volumes/Samsung 990-2/100 Hours/Paper-mill/MTL-RC00082-063.mp4 -> gs://100hr-data/Paper-mill/Videos/MTL-RC00082-063.mp4
OK    /Volumes/Samsung 990-2/100 Hours/Paper-mill/MTL-RC00075-086.aac -> gs://100hr-data/Paper-mill/IMU/MTL-RC00075-086.aac
OK    /Volumes/Samsung 990-2/100 Hours/Paper-mill/MTL-RC00082-144.aac -> gs://100hr-data/Paper-mill/IMU/MTL-RC00082-144.aac
OK    /Volumes/Samsung 990-2/100 Hours/Paper-mill/MTL-RC00076-076.mp4 -> gs://100hr-data/Paper-mill/Videos/MTL-RC00076-076.mp4
OK    /Volumes/Samsung 990-2/100 Hours/Paper-mill/MTL-RC00067-027.txt -> gs://100hr-data/Paper-mill/IMU/MTL-RC00067-027.txt
OK    /Volumes/Samsung 990-2/100 Hours/Paper-mill/MTL-RC00067-098.mp4 -> gs://100hr-data/Paper-mill/Videos/MTL-RC00067-098.mp4
OK    /Volumes/Samsung 990-2/100 Hours/Paper-mill/MTL-RC00080-069.aac -> gs://100hr-data/Paper-mill/IMU/MTL-RC00080-069.aac
OK    /Volumes/Samsung 990-2/100 Hours/Paper-mill/MTL-RC00080-055.aac -> gs://100hr-data/Paper-mill/IMU/MTL-RC00080-055.aac
OK    /Volumes/Samsung 990-2/100 Hours/Paper-mill/MTL-RC00072-039.aac -> gs://100hr-data/Paper-mill/IMU/MTL-RC00072-039.aac
OK    /Volumes/Samsung 990-2/100 Hours/Paper-mill/MTL-RC00080-082.aac -> gs://100hr-data/Paper-mill/IMU/MTL-RC00080-082.aac
OK    /Volumes/Samsung 990-2/100 Hours/Paper-mill/MTL-RC00072-122.mp4 -> gs://100hr-data/Paper-mill/Videos/MTL-RC00072-122.mp4
OK    /Volumes/Samsung 990-2/100 Hours/Paper-mill/MTL-RC00067-067.mp4 -> gs://100hr-data/Paper-mill/Videos/MTL-RC00067-067.mp4
OK    /Volumes/Samsung 990-2/100 Hours/Paper-mill/MTL-RC00072-005.aac -> gs://100hr-data/Paper-mill/IMU/MTL-RC00072-005.aac
OK    /Volumes/Samsung 990-2/100 Hours/Paper-mill/MTL-RC00072-137.mp4 -> gs://100hr-data/Paper-mill/Videos/MTL-RC00072-137.mp4
OK    /Volumes/Samsung 990-2/100 Hours/Paper-mill/MTL-RC00067-072.mp4 -> gs://100hr-data/Paper-mill/Videos/MTL-RC00067-072.mp4
OK    /Volumes/Samsung 990-2/100 Hours/Paper-mill/MTL-RC00080-083.aac -> gs://100hr-data/Paper-mill/IMU/MTL-RC00080-083.aac
OK    /Volumes/Samsung 990-2/100 Hours/Paper-mill/MTL-RC00072-010.aac -> gs://100hr-data/Paper-mill/IMU/MTL-RC00072-010.aac
OK    /Volumes/Samsung 990-2/100 Hours/Paper-mill/MTL-RC00072-123.mp4 -> gs://100hr-data/Paper-mill/Videos/MTL-RC00072-123.mp4
OK    /Volumes/Samsung 990-2/100 Hours/Paper-mill/MTL-RC00072-038.aac -> gs://100hr-data/Paper-mill/IMU/MTL-RC00072-038.aac
OK    /Volumes/Samsung 990-2/100 Hours/Paper-mill/MTL-RC00080-054.aac -> gs://100hr-data/Paper-mill/IMU/MTL-RC00080-054.aac
OK    /Volumes/Samsung 990-2/100 Hours/Paper-mill/MTL-RC00080-040.aac -> gs://100hr-data/Paper-mill/IMU/MTL-RC00080-040.aac
OK    /Volumes/Samsung 990-2/100 Hours/Paper-mill/MTL-RC00080-068.aac -> gs://100hr-data/Paper-mill/IMU/MTL-RC00080-068.aac
OK    /Volumes/Samsung 990-2/100 Hours/Paper-mill/MTL-RC00067-026.txt -> gs://100hr-data/Paper-mill/IMU/MTL-RC00067-026.txt
OK    /Volumes/Samsung 990-2/100 Hours/Paper-mill/MTL-RC00082-076.mp4 -> gs://100hr-data/Paper-mill/Videos/MTL-RC00082-076.mp4
OK    /Volumes/Samsung 990-2/100 Hours/Paper-mill/MTL-RC00082-145.aac -> gs://100hr-data/Paper-mill/IMU/MTL-RC00082-145.aac
OK    /Volumes/Samsung 990-2/100 Hours/Paper-mill/MTL-RC00075-087.aac -> gs://100hr-data/Paper-mill/IMU/MTL-RC00075-087.aac
OK    /Volumes/Samsung 990-2/100 Hours/Paper-mill/MTL-RC00066-063.mp4 -> gs://100hr-data/Paper-mill/Videos/MTL-RC00066-063.mp4
OK    /Volumes/Samsung 990-2/100 Hours/Paper-mill/MTL-RC00066-144.aac -> gs://100hr-data/Paper-mill/IMU/MTL-RC00066-144.aac
OK    /Volumes/Samsung 990-2/100 Hours/Paper-mill/MTL-RC00075-093.aac -> gs://100hr-data/Paper-mill/IMU/MTL-RC00075-093.aac
OK    /Volumes/Samsung 990-2/100 Hours/Paper-mill/MTL-RC00076-063.mp4 -> gs://100hr-data/Paper-mill/Videos/MTL-RC00076-063.mp4
OK    /Volumes/Samsung 990-2/100 Hours/Paper-mill/MTL-RC00082-062.mp4 -> gs://100hr-data/Paper-mill/Videos/MTL-RC00082-062.mp4
OK    /Volumes/Samsung 990-2/100 Hours/Paper-mill/MTL-RC00075-137.txt -> gs://100hr-data/Paper-mill/IMU/MTL-RC00075-137.txt
OK    /Volumes/Samsung 990-2/100 Hours/Paper-mill/MTL-RC00070-072.txt -> gs://100hr-data/Paper-mill/IMU/MTL-RC00070-072.txt
OK    /Volumes/Samsung 990-2/100 Hours/Paper-mill/MTL-RC00075-123.txt -> gs://100hr-data/Paper-mill/IMU/MTL-RC00075-123.txt
OK    /Volumes/Samsung 990-2/100 Hours/Paper-mill/MTL-RC00070-115.aac -> gs://100hr-data/Paper-mill/IMU/MTL-RC00070-115.aac
OK    /Volumes/Samsung 990-2/100 Hours/Paper-mill/MTL-RC00070-101.aac -> gs://100hr-data/Paper-mill/IMU/MTL-RC00070-101.aac
OK    /Volumes/Samsung 990-2/100 Hours/Paper-mill/MTL-RC00070-032.mp4 -> gs://100hr-data/Paper-mill/Videos/MTL-RC00070-032.mp4
OK    /Volumes/Samsung 990-2/100 Hours/Paper-mill/MTL-RC00075-163.mp4 -> gs://100hr-data/Paper-mill/Videos/MTL-RC00075-163.mp4
OK    /Volumes/Samsung 990-2/100 Hours/Paper-mill/MTL-RC00075-050.aac -> gs://100hr-data/Paper-mill/IMU/MTL-RC00075-050.aac
OK    /Volumes/Samsung 990-2/100 Hours/Paper-mill/MTL-RC00082-089.mp4 -> gs://100hr-data/Paper-mill/Videos/MTL-RC00082-089.mp4
OK    /Volumes/Samsung 990-2/100 Hours/Paper-mill/MTL-RC00076-037.txt -> gs://100hr-data/Paper-mill/IMU/MTL-RC00076-037.txt
OK    /Volumes/Samsung 990-2/100 Hours/Paper-mill/MTL-RC00082-036.txt -> gs://100hr-data/Paper-mill/IMU/MTL-RC00082-036.txt
OK    /Volumes/Samsung 990-2/100 Hours/Paper-mill/MTL-RC00075-078.aac -> gs://100hr-data/Paper-mill/IMU/MTL-RC00075-078.aac
OK    /Volumes/Samsung 990-2/100 Hours/Paper-mill/MTL-RC00066-023.txt -> gs://100hr-data/Paper-mill/IMU/MTL-RC00066-023.txt
OK    /Volumes/Samsung 990-2/100 Hours/Paper-mill/MTL-RC00066-037.txt -> gs://100hr-data/Paper-mill/IMU/MTL-RC00066-037.txt
OK    /Volumes/Samsung 990-2/100 Hours/Paper-mill/MTL-RC00076-023.txt -> gs://100hr-data/Paper-mill/IMU/MTL-RC00076-023.txt
OK    /Volumes/Samsung 990-2/100 Hours/Paper-mill/MTL-RC00082-102.mp4 -> gs://100hr-data/Paper-mill/Videos/MTL-RC00082-102.mp4
OK    /Volumes/Samsung 990-2/100 Hours/Paper-mill/MTL-RC00082-031.aac -> gs://100hr-data/Paper-mill/IMU/MTL-RC00082-031.aac
OK    /Volumes/Samsung 990-2/100 Hours/Paper-mill/MTL-RC00066-024.aac -> gs://100hr-data/Paper-mill/IMU/MTL-RC00066-024.aac
OK    /Volumes/Samsung 990-2/100 Hours/Paper-mill/MTL-RC00076-024.aac -> gs://100hr-data/Paper-mill/IMU/MTL-RC00076-024.aac
OK    /Volumes/Samsung 990-2/100 Hours/Paper-mill/MTL-RC00082-025.aac -> gs://100hr-data/Paper-mill/IMU/MTL-RC00082-025.aac
OK    /Volumes/Samsung 990-2/100 Hours/Paper-mill/MTL-RC00076-117.mp4 -> gs://100hr-data/Paper-mill/Videos/MTL-RC00076-117.mp4
OK    /Volumes/Samsung 990-2/100 Hours/Paper-mill/MTL-RC00082-116.mp4 -> gs://100hr-data/Paper-mill/Videos/MTL-RC00082-116.mp4
OK    /Volumes/Samsung 990-2/100 Hours/Paper-mill/MTL-RC00070-112.txt -> gs://100hr-data/Paper-mill/IMU/MTL-RC00070-112.txt
OK    /Volumes/Samsung 990-2/100 Hours/Paper-mill/MTL-RC00075-057.txt -> gs://100hr-data/Paper-mill/IMU/MTL-RC00075-057.txt
OK    /Volumes/Samsung 990-2/100 Hours/Paper-mill/MTL-RC00075-130.aac -> gs://100hr-data/Paper-mill/IMU/MTL-RC00075-130.aac
OK    /Volumes/Samsung 990-2/100 Hours/Paper-mill/MTL-RC00070-061.aac -> gs://100hr-data/Paper-mill/IMU/MTL-RC00070-061.aac
OK    /Volumes/Samsung 990-2/100 Hours/Paper-mill/MTL-RC00070-075.aac -> gs://100hr-data/Paper-mill/IMU/MTL-RC00070-075.aac
OK    /Volumes/Samsung 990-2/100 Hours/Paper-mill/MTL-RC00075-017.mp4 -> gs://100hr-data/Paper-mill/Videos/MTL-RC00075-017.mp4
OK    /Volumes/Samsung 990-2/100 Hours/Paper-mill/MTL-RC00075-124.aac -> gs://100hr-data/Paper-mill/IMU/MTL-RC00075-124.aac
OK    /Volumes/Samsung 990-2/100 Hours/Paper-mill/MTL-RC00082-142.txt -> gs://100hr-data/Paper-mill/IMU/MTL-RC00082-142.txt
OK    /Volumes/Samsung 990-2/100 Hours/Paper-mill/MTL-RC00070-049.aac -> gs://100hr-data/Paper-mill/IMU/MTL-RC00070-049.aac
OK    /Volumes/Samsung 990-2/100 Hours/Paper-mill/MTL-RC00075-094.txt -> gs://100hr-data/Paper-mill/IMU/MTL-RC00075-094.txt
OK    /Volumes/Samsung 990-2/100 Hours/Paper-mill/MTL-RC00067-035.aac -> gs://100hr-data/Paper-mill/IMU/MTL-RC00067-035.aac
OK    /Volumes/Samsung 990-2/100 Hours/Paper-mill/MTL-RC00072-043.mp4 -> gs://100hr-data/Paper-mill/Videos/MTL-RC00072-043.mp4
OK    /Volumes/Samsung 990-2/100 Hours/Paper-mill/MTL-RC00067-112.mp4 -> gs://100hr-data/Paper-mill/Videos/MTL-RC00067-112.mp4
OK    /Volumes/Samsung 990-2/100 Hours/Paper-mill/MTL-RC00067-021.aac -> gs://100hr-data/Paper-mill/IMU/MTL-RC00067-021.aac
OK    /Volumes/Samsung 990-2/100 Hours/Paper-mill/MTL-RC00072-057.mp4 -> gs://100hr-data/Paper-mill/Videos/MTL-RC00072-057.mp4
OK    /Volumes/Samsung 990-2/100 Hours/Paper-mill/MTL-RC00067-009.aac -> gs://100hr-data/Paper-mill/IMU/MTL-RC00067-009.aac
OK    /Volumes/Samsung 990-2/100 Hours/Paper-mill/MTL-RC00080-053.txt -> gs://100hr-data/Paper-mill/IMU/MTL-RC00080-053.txt
OK    /Volumes/Samsung 990-2/100 Hours/Paper-mill/MTL-RC00080-047.txt -> gs://100hr-data/Paper-mill/IMU/MTL-RC00080-047.txt
OK    /Volumes/Samsung 990-2/100 Hours/Paper-mill/MTL-RC00072-094.mp4 -> gs://100hr-data/Paper-mill/Videos/MTL-RC00072-094.mp4
OK    /Volumes/Samsung 990-2/100 Hours/Paper-mill/MTL-RC00072-017.txt -> gs://100hr-data/Paper-mill/IMU/MTL-RC00072-017.txt
OK    /Volumes/Samsung 990-2/100 Hours/Paper-mill/MTL-RC00080-036.mp4 -> gs://100hr-data/Paper-mill/Videos/MTL-RC00080-036.mp4
OK    /Volumes/Samsung 990-2/100 Hours/Paper-mill/MTL-RC00072-026.txt -> gs://100hr-data/Paper-mill/IMU/MTL-RC00072-026.txt
OK    /Volumes/Samsung 990-2/100 Hours/Paper-mill/MTL-RC00072-141.aac -> gs://100hr-data/Paper-mill/IMU/MTL-RC00072-141.aac
OK    /Volumes/Samsung 990-2/100 Hours/Paper-mill/MTL-RC00072-072.mp4 -> gs://100hr-data/Paper-mill/Videos/MTL-RC00072-072.mp4
OK    /Volumes/Samsung 990-2/100 Hours/Paper-mill/MTL-RC00067-010.aac -> gs://100hr-data/Paper-mill/IMU/MTL-RC00067-010.aac
OK    /Volumes/Samsung 990-2/100 Hours/Paper-mill/MTL-RC00072-155.aac -> gs://100hr-data/Paper-mill/IMU/MTL-RC00072-155.aac
OK    /Volumes/Samsung 990-2/100 Hours/Paper-mill/MTL-RC00067-038.aac -> gs://100hr-data/Paper-mill/IMU/MTL-RC00067-038.aac
OK    /Volumes/Samsung 990-2/100 Hours/Paper-mill/MTL-RC00080-076.txt -> gs://100hr-data/Paper-mill/IMU/MTL-RC00080-076.txt
OK    /Volumes/Samsung 990-2/100 Hours/Paper-mill/MTL-RC00075-032.mp4 -> gs://100hr-data/Paper-mill/Videos/MTL-RC00075-032.mp4
OK    /Volumes/Samsung 990-2/100 Hours/Paper-mill/MTL-RC00075-101.aac -> gs://100hr-data/Paper-mill/IMU/MTL-RC00075-101.aac
OK    /Volumes/Samsung 990-2/100 Hours/Paper-mill/MTL-RC00070-050.aac -> gs://100hr-data/Paper-mill/IMU/MTL-RC00070-050.aac
OK    /Volumes/Samsung 990-2/100 Hours/Paper-mill/MTL-RC00075-115.aac -> gs://100hr-data/Paper-mill/IMU/MTL-RC00075-115.aac
OK    /Volumes/Samsung 990-2/100 Hours/Paper-mill/MTL-RC00070-078.aac -> gs://100hr-data/Paper-mill/IMU/MTL-RC00070-078.aac
OK    /Volumes/Samsung 990-2/100 Hours/Paper-mill/MTL-RC00082-133.mp4 -> gs://100hr-data/Paper-mill/Videos/MTL-RC00082-133.mp4
OK    /Volumes/Samsung 990-2/100 Hours/Paper-mill/MTL-RC00070-093.aac -> gs://100hr-data/Paper-mill/IMU/MTL-RC00070-093.aac
OK    /Volumes/Samsung 990-2/100 Hours/Paper-mill/MTL-RC00066-126.mp4 -> gs://100hr-data/Paper-mill/Videos/MTL-RC00066-126.mp4
OK    /Volumes/Samsung 990-2/100 Hours/Paper-mill/MTL-RC00070-087.aac -> gs://100hr-data/Paper-mill/IMU/MTL-RC00070-087.aac
OK    /Volumes/Samsung 990-2/100 Hours/Paper-mill/MTL-RC00082-127.mp4 -> gs://100hr-data/Paper-mill/Videos/MTL-RC00082-127.mp4
OK    /Volumes/Samsung 990-2/100 Hours/Paper-mill/MTL-RC00082-014.aac -> gs://100hr-data/Paper-mill/IMU/MTL-RC00082-014.aac
OK    /Volumes/Samsung 990-2/100 Hours/Paper-mill/MTL-RC00075-072.txt -> gs://100hr-data/Paper-mill/IMU/MTL-RC00075-072.txt
OK    /Volumes/Samsung 990-2/100 Hours/Paper-mill/MTL-RC00070-123.txt -> gs://100hr-data/Paper-mill/IMU/MTL-RC00070-123.txt
OK    /Volumes/Samsung 990-2/100 Hours/Paper-mill/MTL-RC00070-137.txt -> gs://100hr-data/Paper-mill/IMU/MTL-RC00070-137.txt
OK    /Volumes/Samsung 990-2/100 Hours/Paper-mill/MTL-RC00076-029.aac -> gs://100hr-data/Paper-mill/IMU/MTL-RC00076-029.aac
OK    /Volumes/Samsung 990-2/100 Hours/Paper-mill/MTL-RC00082-028.aac -> gs://100hr-data/Paper-mill/IMU/MTL-RC00082-028.aac
OK    /Volumes/Samsung 990-2/100 Hours/Paper-mill/MTL-RC00076-085.mp4 -> gs://100hr-data/Paper-mill/Videos/MTL-RC00076-085.mp4
OK    /Volumes/Samsung 990-2/100 Hours/Paper-mill/MTL-RC00082-084.mp4 -> gs://100hr-data/Paper-mill/Videos/MTL-RC00082-084.mp4
OK    /Volumes/Samsung 990-2/100 Hours/Paper-mill/MTL-RC00075-075.aac -> gs://100hr-data/Paper-mill/IMU/MTL-RC00075-075.aac
OK    /Volumes/Samsung 990-2/100 Hours/Paper-mill/MTL-RC00070-124.aac -> gs://100hr-data/Paper-mill/IMU/MTL-RC00070-124.aac
OK    /Volumes/Samsung 990-2/100 Hours/Paper-mill/MTL-RC00070-017.mp4 -> gs://100hr-data/Paper-mill/Videos/MTL-RC00070-017.mp4
OK    /Volumes/Samsung 990-2/100 Hours/Paper-mill/MTL-RC00070-130.aac -> gs://100hr-data/Paper-mill/IMU/MTL-RC00070-130.aac
OK    /Volumes/Samsung 990-2/100 Hours/Paper-mill/MTL-RC00066-085.mp4 -> gs://100hr-data/Paper-mill/Videos/MTL-RC00066-085.mp4
OK    /Volumes/Samsung 990-2/100 Hours/Paper-mill/MTL-RC00075-061.aac -> gs://100hr-data/Paper-mill/IMU/MTL-RC00075-061.aac
OK    /Volumes/Samsung 990-2/100 Hours/Paper-mill/MTL-RC00075-152.mp4 -> gs://100hr-data/Paper-mill/Videos/MTL-RC00075-152.mp4
OK    /Volumes/Samsung 990-2/100 Hours/Paper-mill/MTL-RC00076-091.mp4 -> gs://100hr-data/Paper-mill/Videos/MTL-RC00076-091.mp4
OK    /Volumes/Samsung 990-2/100 Hours/Paper-mill/MTL-RC00082-090.mp4 -> gs://100hr-data/Paper-mill/Videos/MTL-RC00082-090.mp4
OK    /Volumes/Samsung 990-2/100 Hours/Paper-mill/MTL-RC00075-049.aac -> gs://100hr-data/Paper-mill/IMU/MTL-RC00075-049.aac
OK    /Volumes/Samsung 990-2/100 Hours/Paper-mill/MTL-RC00066-012.txt -> gs://100hr-data/Paper-mill/IMU/MTL-RC00066-012.txt
OK    /Volumes/Samsung 990-2/100 Hours/Paper-mill/MTL-RC00070-094.txt -> gs://100hr-data/Paper-mill/IMU/MTL-RC00070-094.txt
OK    /Volumes/Samsung 990-2/100 Hours/Paper-mill/MTL-RC00066-006.txt -> gs://100hr-data/Paper-mill/IMU/MTL-RC00066-006.txt
OK    /Volumes/Samsung 990-2/100 Hours/Paper-mill/MTL-RC00082-013.txt -> gs://100hr-data/Paper-mill/IMU/MTL-RC00082-013.txt
OK    /Volumes/Samsung 990-2/100 Hours/Paper-mill/MTL-RC00076-046.mp4 -> gs://100hr-data/Paper-mill/Videos/MTL-RC00076-046.mp4
OK    /Volumes/Samsung 990-2/100 Hours/Paper-mill/MTL-RC00082-047.mp4 -> gs://100hr-data/Paper-mill/Videos/MTL-RC00082-047.mp4
OK    /Volumes/Samsung 990-2/100 Hours/Paper-mill/MTL-RC00066-052.mp4 -> gs://100hr-data/Paper-mill/Videos/MTL-RC00066-052.mp4
OK    /Volumes/Samsung 990-2/100 Hours/Paper-mill/MTL-RC00066-046.mp4 -> gs://100hr-data/Paper-mill/Videos/MTL-RC00066-046.mp4
OK    /Volumes/Samsung 990-2/100 Hours/Paper-mill/MTL-RC00076-052.mp4 -> gs://100hr-data/Paper-mill/Videos/MTL-RC00076-052.mp4
OK    /Volumes/Samsung 990-2/100 Hours/Paper-mill/MTL-RC00082-053.mp4 -> gs://100hr-data/Paper-mill/Videos/MTL-RC00082-053.mp4
OK    /Volumes/Samsung 990-2/100 Hours/Paper-mill/MTL-RC00082-148.aac -> gs://100hr-data/Paper-mill/IMU/MTL-RC00082-148.aac
OK    /Volumes/Samsung 990-2/100 Hours/Paper-mill/MTL-RC00070-057.txt -> gs://100hr-data/Paper-mill/IMU/MTL-RC00070-057.txt
OK    /Volumes/Samsung 990-2/100 Hours/Paper-mill/MTL-RC00066-149.aac -> gs://100hr-data/Paper-mill/IMU/MTL-RC00066-149.aac
OK    /Volumes/Samsung 990-2/100 Hours/Paper-mill/MTL-RC00075-112.txt -> gs://100hr-data/Paper-mill/IMU/MTL-RC00075-112.txt
OK    /Volumes/Samsung 990-2/100 Hours/Paper-mill/MTL-RC00080-065.aac -> gs://100hr-data/Paper-mill/IMU/MTL-RC00080-065.aac
OK    /Volumes/Samsung 990-2/100 Hours/Paper-mill/MTL-RC00080-071.aac -> gs://100hr-data/Paper-mill/IMU/MTL-RC00080-071.aac
OK    /Volumes/Samsung 990-2/100 Hours/Paper-mill/MTL-RC00067-094.mp4 -> gs://100hr-data/Paper-mill/Videos/MTL-RC00067-094.mp4
OK    /Volumes/Samsung 990-2/100 Hours/Paper-mill/MTL-RC00067-017.txt -> gs://100hr-data/Paper-mill/IMU/MTL-RC00067-017.txt
OK    /Volumes/Samsung 990-2/100 Hours/Paper-mill/MTL-RC00072-152.txt -> gs://100hr-data/Paper-mill/IMU/MTL-RC00072-152.txt
OK    /Volumes/Samsung 990-2/100 Hours/Paper-mill/MTL-RC00072-035.aac -> gs://100hr-data/Paper-mill/IMU/MTL-RC00072-035.aac
OK    /Volumes/Samsung 990-2/100 Hours/Paper-mill/MTL-RC00067-043.mp4 -> gs://100hr-data/Paper-mill/Videos/MTL-RC00067-043.mp4
OK    /Volumes/Samsung 990-2/100 Hours/Paper-mill/MTL-RC00072-112.mp4 -> gs://100hr-data/Paper-mill/Videos/MTL-RC00072-112.mp4
OK    /Volumes/Samsung 990-2/100 Hours/Paper-mill/MTL-RC00072-021.aac -> gs://100hr-data/Paper-mill/IMU/MTL-RC00072-021.aac
OK    /Volumes/Samsung 990-2/100 Hours/Paper-mill/MTL-RC00067-057.mp4 -> gs://100hr-data/Paper-mill/Videos/MTL-RC00067-057.mp4
OK    /Volumes/Samsung 990-2/100 Hours/Paper-mill/MTL-RC00072-009.aac -> gs://100hr-data/Paper-mill/IMU/MTL-RC00072-009.aac
OK    /Volumes/Samsung 990-2/100 Hours/Paper-mill/MTL-RC00067-056.mp4 -> gs://100hr-data/Paper-mill/Videos/MTL-RC00067-056.mp4
OK    /Volumes/Samsung 990-2/100 Hours/Paper-mill/MTL-RC00072-020.aac -> gs://100hr-data/Paper-mill/IMU/MTL-RC00072-020.aac
OK    /Volumes/Samsung 990-2/100 Hours/Paper-mill/MTL-RC00072-107.mp4 -> gs://100hr-data/Paper-mill/Videos/MTL-RC00072-107.mp4
OK    /Volumes/Samsung 990-2/100 Hours/Paper-mill/MTL-RC00067-042.mp4 -> gs://100hr-data/Paper-mill/Videos/MTL-RC00067-042.mp4
OK    /Volumes/Samsung 990-2/100 Hours/Paper-mill/MTL-RC00072-034.aac -> gs://100hr-data/Paper-mill/IMU/MTL-RC00072-034.aac
OK    /Volumes/Samsung 990-2/100 Hours/Paper-mill/MTL-RC00067-016.txt -> gs://100hr-data/Paper-mill/IMU/MTL-RC00067-016.txt
OK    /Volumes/Samsung 990-2/100 Hours/Paper-mill/MTL-RC00072-147.txt -> gs://100hr-data/Paper-mill/IMU/MTL-RC00072-147.txt
OK    /Volumes/Samsung 990-2/100 Hours/Paper-mill/MTL-RC00080-058.aac -> gs://100hr-data/Paper-mill/IMU/MTL-RC00080-058.aac
OK    /Volumes/Samsung 990-2/100 Hours/Paper-mill/MTL-RC00080-064.aac -> gs://100hr-data/Paper-mill/IMU/MTL-RC00080-064.aac
OK    /Volumes/Samsung 990-2/100 Hours/Paper-mill/MTL-RC00070-042.txt -> gs://100hr-data/Paper-mill/IMU/MTL-RC00070-042.txt
OK    /Volumes/Samsung 990-2/100 Hours/Paper-mill/MTL-RC00066-148.aac -> gs://100hr-data/Paper-mill/IMU/MTL-RC00066-148.aac
OK    /Volumes/Samsung 990-2/100 Hours/Paper-mill/MTL-RC00082-149.aac -> gs://100hr-data/Paper-mill/IMU/MTL-RC00082-149.aac
OK    /Volumes/Samsung 990-2/100 Hours/Paper-mill/MTL-RC00075-107.txt -> gs://100hr-data/Paper-mill/IMU/MTL-RC00075-107.txt
OK    /Volumes/Samsung 990-2/100 Hours/Paper-mill/MTL-RC00070-056.txt -> gs://100hr-data/Paper-mill/IMU/MTL-RC00070-056.txt
OK    /Volumes/Samsung 990-2/100 Hours/Paper-mill/MTL-RC00076-053.mp4 -> gs://100hr-data/Paper-mill/Videos/MTL-RC00076-053.mp4
OK    /Volumes/Samsung 990-2/100 Hours/Paper-mill/MTL-RC00082-052.mp4 -> gs://100hr-data/Paper-mill/Videos/MTL-RC00082-052.mp4
OK    /Volumes/Samsung 990-2/100 Hours/Paper-mill/MTL-RC00076-047.mp4 -> gs://100hr-data/Paper-mill/Videos/MTL-RC00076-047.mp4
OK    /Volumes/Samsung 990-2/100 Hours/Paper-mill/MTL-RC00082-046.mp4 -> gs://100hr-data/Paper-mill/Videos/MTL-RC00082-046.mp4
OK    /Volumes/Samsung 990-2/100 Hours/Paper-mill/MTL-RC00066-053.mp4 -> gs://100hr-data/Paper-mill/Videos/MTL-RC00066-053.mp4
OK    /Volumes/Samsung 990-2/100 Hours/Paper-mill/MTL-RC00070-081.txt -> gs://100hr-data/Paper-mill/IMU/MTL-RC00070-081.txt
OK    /Volumes/Samsung 990-2/100 Hours/Paper-mill/MTL-RC00082-012.txt -> gs://100hr-data/Paper-mill/IMU/MTL-RC00082-012.txt
OK    /Volumes/Samsung 990-2/100 Hours/Paper-mill/MTL-RC00082-006.txt -> gs://100hr-data/Paper-mill/IMU/MTL-RC00082-006.txt
OK    /Volumes/Samsung 990-2/100 Hours/Paper-mill/MTL-RC00070-119.aac -> gs://100hr-data/Paper-mill/IMU/MTL-RC00070-119.aac
OK    /Volumes/Samsung 990-2/100 Hours/Paper-mill/MTL-RC00066-013.txt -> gs://100hr-data/Paper-mill/IMU/MTL-RC00066-013.txt
OK    /Volumes/Samsung 990-2/100 Hours/Paper-mill/MTL-RC00070-131.aac -> gs://100hr-data/Paper-mill/IMU/MTL-RC00070-131.aac
OK    /Volumes/Samsung 990-2/100 Hours/Paper-mill/MTL-RC00076-090.mp4 -> gs://100hr-data/Paper-mill/Videos/MTL-RC00076-090.mp4
OK    /Volumes/Samsung 990-2/100 Hours/Paper-mill/MTL-RC00082-091.mp4 -> gs://100hr-data/Paper-mill/Videos/MTL-RC00082-091.mp4
OK    /Volumes/Samsung 990-2/100 Hours/Paper-mill/MTL-RC00075-153.mp4 -> gs://100hr-data/Paper-mill/Videos/MTL-RC00075-153.mp4
OK    /Volumes/Samsung 990-2/100 Hours/Paper-mill/MTL-RC00075-060.aac -> gs://100hr-data/Paper-mill/IMU/MTL-RC00075-060.aac
OK    /Volumes/Samsung 990-2/100 Hours/Paper-mill/MTL-RC00076-084.mp4 -> gs://100hr-data/Paper-mill/Videos/MTL-RC00076-084.mp4
OK    /Volumes/Samsung 990-2/100 Hours/Paper-mill/MTL-RC00082-085.mp4 -> gs://100hr-data/Paper-mill/Videos/MTL-RC00082-085.mp4
OK    /Volumes/Samsung 990-2/100 Hours/Paper-mill/MTL-RC00070-016.mp4 -> gs://100hr-data/Paper-mill/Videos/MTL-RC00070-016.mp4
OK    /Volumes/Samsung 990-2/100 Hours/Paper-mill/MTL-RC00066-090.mp4 -> gs://100hr-data/Paper-mill/Videos/MTL-RC00066-090.mp4
OK    /Volumes/Samsung 990-2/100 Hours/Paper-mill/MTL-RC00070-136.txt -> gs://100hr-data/Paper-mill/IMU/MTL-RC00070-136.txt
OK    /Volumes/Samsung 990-2/100 Hours/Paper-mill/MTL-RC00075-067.txt -> gs://100hr-data/Paper-mill/IMU/MTL-RC00075-067.txt
OK    /Volumes/Samsung 990-2/100 Hours/Paper-mill/MTL-RC00076-028.aac -> gs://100hr-data/Paper-mill/IMU/MTL-RC00076-028.aac
OK    /Volumes/Samsung 990-2/100 Hours/Paper-mill/MTL-RC00082-029.aac -> gs://100hr-data/Paper-mill/IMU/MTL-RC00082-029.aac
OK    /Volumes/Samsung 990-2/100 Hours/Paper-mill/MTL-RC00066-028.aac -> gs://100hr-data/Paper-mill/IMU/MTL-RC00066-028.aac
OK    /Volumes/Samsung 990-2/100 Hours/Paper-mill/MTL-RC00070-122.txt -> gs://100hr-data/Paper-mill/IMU/MTL-RC00070-122.txt
OK    /Volumes/Samsung 990-2/100 Hours/Paper-mill/MTL-RC00066-133.mp4 -> gs://100hr-data/Paper-mill/Videos/MTL-RC00066-133.mp4
OK    /Volumes/Samsung 990-2/100 Hours/Paper-mill/MTL-RC00070-086.aac -> gs://100hr-data/Paper-mill/IMU/MTL-RC00070-086.aac
OK    /Volumes/Samsung 990-2/100 Hours/Paper-mill/MTL-RC00082-126.mp4 -> gs://100hr-data/Paper-mill/Videos/MTL-RC00082-126.mp4
OK    /Volumes/Samsung 990-2/100 Hours/Paper-mill/MTL-RC00066-127.mp4 -> gs://100hr-data/Paper-mill/Videos/MTL-RC00066-127.mp4
OK    /Volumes/Samsung 990-2/100 Hours/Paper-mill/MTL-RC00066-014.aac -> gs://100hr-data/Paper-mill/IMU/MTL-RC00066-014.aac
OK    /Volumes/Samsung 990-2/100 Hours/Paper-mill/MTL-RC00070-079.aac -> gs://100hr-data/Paper-mill/IMU/MTL-RC00070-079.aac
OK    /Volumes/Samsung 990-2/100 Hours/Paper-mill/MTL-RC00070-045.aac -> gs://100hr-data/Paper-mill/IMU/MTL-RC00070-045.aac
OK    /Volumes/Samsung 990-2/100 Hours/Paper-mill/MTL-RC00075-027.mp4 -> gs://100hr-data/Paper-mill/Videos/MTL-RC00075-027.mp4
OK    /Volumes/Samsung 990-2/100 Hours/Paper-mill/MTL-RC00075-100.aac -> gs://100hr-data/Paper-mill/IMU/MTL-RC00075-100.aac
OK    /Volumes/Samsung 990-2/100 Hours/Paper-mill/MTL-RC00067-039.aac -> gs://100hr-data/Paper-mill/IMU/MTL-RC00067-039.aac
OK    /Volumes/Samsung 990-2/100 Hours/Paper-mill/MTL-RC00080-063.txt -> gs://100hr-data/Paper-mill/IMU/MTL-RC00080-063.txt
OK    /Volumes/Samsung 990-2/100 Hours/Paper-mill/MTL-RC00072-067.mp4 -> gs://100hr-data/Paper-mill/Videos/MTL-RC00072-067.mp4
OK    /Volumes/Samsung 990-2/100 Hours/Paper-mill/MTL-RC00072-027.txt -> gs://100hr-data/Paper-mill/IMU/MTL-RC00072-027.txt
OK    /Volumes/Samsung 990-2/100 Hours/Paper-mill/MTL-RC00072-098.mp4 -> gs://100hr-data/Paper-mill/Videos/MTL-RC00072-098.mp4
OK    /Volumes/Samsung 990-2/100 Hours/Paper-mill/MTL-RC00080-023.mp4 -> gs://100hr-data/Paper-mill/Videos/MTL-RC00080-023.mp4
OK    /Volumes/Samsung 990-2/100 Hours/Paper-mill/MTL-RC00072-019.txt -> gs://100hr-data/Paper-mill/IMU/MTL-RC00072-019.txt
OK    /Volumes/Samsung 990-2/100 Hours/Paper-mill/MTL-RC00080-035.mp4 -> gs://100hr-data/Paper-mill/Videos/MTL-RC00080-035.mp4
OK    /Volumes/Samsung 990-2/100 Hours/Paper-mill/MTL-RC00080-021.mp4 -> gs://100hr-data/Paper-mill/Videos/MTL-RC00080-021.mp4
OK    /Volumes/Samsung 990-2/100 Hours/Paper-mill/MTL-RC00072-031.txt -> gs://100hr-data/Paper-mill/IMU/MTL-RC00072-031.txt
OK    /Volumes/Samsung 990-2/100 Hours/Paper-mill/MTL-RC00072-065.mp4 -> gs://100hr-data/Paper-mill/Videos/MTL-RC00072-065.mp4
OK    /Volumes/Samsung 990-2/100 Hours/Paper-mill/MTL-RC00067-013.aac -> gs://100hr-data/Paper-mill/IMU/MTL-RC00067-013.aac
OK    /Volumes/Samsung 990-2/100 Hours/Paper-mill/MTL-RC00072-156.aac -> gs://100hr-data/Paper-mill/IMU/MTL-RC00072-156.aac
OK    /Volumes/Samsung 990-2/100 Hours/Paper-mill/MTL-RC00080-049.txt -> gs://100hr-data/Paper-mill/IMU/MTL-RC00080-049.txt
OK    /Volumes/Samsung 990-2/100 Hours/Paper-mill/MTL-RC00072-142.aac -> gs://100hr-data/Paper-mill/IMU/MTL-RC00072-142.aac
OK    /Volumes/Samsung 990-2/100 Hours/Paper-mill/MTL-RC00072-071.mp4 -> gs://100hr-data/Paper-mill/Videos/MTL-RC00072-071.mp4
OK    /Volumes/Samsung 990-2/100 Hours/Paper-mill/MTL-RC00080-075.txt -> gs://100hr-data/Paper-mill/IMU/MTL-RC00080-075.txt
OK    /Volumes/Samsung 990-2/100 Hours/Paper-mill/MTL-RC00080-061.txt -> gs://100hr-data/Paper-mill/IMU/MTL-RC00080-061.txt
OK    /Volumes/Samsung 990-2/100 Hours/Paper-mill/MTL-RC00067-108.mp4 -> gs://100hr-data/Paper-mill/Videos/MTL-RC00067-108.mp4
OK    /Volumes/Samsung 990-2/100 Hours/Paper-mill/MTL-RC00075-116.aac -> gs://100hr-data/Paper-mill/IMU/MTL-RC00075-116.aac
OK    /Volumes/Samsung 990-2/100 Hours/Paper-mill/MTL-RC00070-047.aac -> gs://100hr-data/Paper-mill/IMU/MTL-RC00070-047.aac
OK    /Volumes/Samsung 990-2/100 Hours/Paper-mill/MTL-RC00070-053.aac -> gs://100hr-data/Paper-mill/IMU/MTL-RC00070-053.aac
OK    /Volumes/Samsung 990-2/100 Hours/Paper-mill/MTL-RC00075-031.mp4 -> gs://100hr-data/Paper-mill/Videos/MTL-RC00075-031.mp4
OK    /Volumes/Samsung 990-2/100 Hours/Paper-mill/MTL-RC00075-102.aac -> gs://100hr-data/Paper-mill/IMU/MTL-RC00075-102.aac
OK    /Volumes/Samsung 990-2/100 Hours/Paper-mill/MTL-RC00075-019.mp4 -> gs://100hr-data/Paper-mill/Videos/MTL-RC00075-019.mp4
OK    /Volumes/Samsung 990-2/100 Hours/Paper-mill/MTL-RC00070-148.mp4 -> gs://100hr-data/Paper-mill/Videos/MTL-RC00070-148.mp4
OK    /Volumes/Samsung 990-2/100 Hours/Paper-mill/MTL-RC00082-124.mp4 -> gs://100hr-data/Paper-mill/Videos/MTL-RC00082-124.mp4
OK    /Volumes/Samsung 990-2/100 Hours/Paper-mill/MTL-RC00082-017.aac -> gs://100hr-data/Paper-mill/IMU/MTL-RC00082-017.aac
OK    /Volumes/Samsung 990-2/100 Hours/Paper-mill/MTL-RC00075-059.txt -> gs://100hr-data/Paper-mill/IMU/MTL-RC00075-059.txt
OK    /Volumes/Samsung 990-2/100 Hours/Paper-mill/MTL-RC00070-108.txt -> gs://100hr-data/Paper-mill/IMU/MTL-RC00070-108.txt
OK    /Volumes/Samsung 990-2/100 Hours/Paper-mill/MTL-RC00066-131.mp4 -> gs://100hr-data/Paper-mill/Videos/MTL-RC00066-131.mp4
OK    /Volumes/Samsung 990-2/100 Hours/Paper-mill/MTL-RC00066-016.aac -> gs://100hr-data/Paper-mill/IMU/MTL-RC00066-016.aac
OK    /Volumes/Samsung 990-2/100 Hours/Paper-mill/MTL-RC00070-090.aac -> gs://100hr-data/Paper-mill/IMU/MTL-RC00070-090.aac
OK    /Volumes/Samsung 990-2/100 Hours/Paper-mill/MTL-RC00082-130.mp4 -> gs://100hr-data/Paper-mill/Videos/MTL-RC00082-130.mp4
OK    /Volumes/Samsung 990-2/100 Hours/Paper-mill/MTL-RC00076-119.mp4 -> gs://100hr-data/Paper-mill/Videos/MTL-RC00076-119.mp4
OK    /Volumes/Samsung 990-2/100 Hours/Paper-mill/MTL-RC00082-118.mp4 -> gs://100hr-data/Paper-mill/Videos/MTL-RC00082-118.mp4
OK    /Volumes/Samsung 990-2/100 Hours/Paper-mill/MTL-RC00070-134.txt -> gs://100hr-data/Paper-mill/IMU/MTL-RC00070-134.txt
OK    /Volumes/Samsung 990-2/100 Hours/Paper-mill/MTL-RC00066-119.mp4 -> gs://100hr-data/Paper-mill/Videos/MTL-RC00066-119.mp4
OK    /Volumes/Samsung 990-2/100 Hours/Paper-mill/MTL-RC00075-071.txt -> gs://100hr-data/Paper-mill/IMU/MTL-RC00075-071.txt
OK    /Volumes/Samsung 990-2/100 Hours/Paper-mill/MTL-RC00075-151.mp4 -> gs://100hr-data/Paper-mill/Videos/MTL-RC00075-151.mp4
OK    /Volumes/Samsung 990-2/100 Hours/Paper-mill/MTL-RC00082-093.mp4 -> gs://100hr-data/Paper-mill/Videos/MTL-RC00082-093.mp4
OK    /Volumes/Samsung 990-2/100 Hours/Paper-mill/MTL-RC00066-039.txt -> gs://100hr-data/Paper-mill/IMU/MTL-RC00066-039.txt
OK    /Volumes/Samsung 990-2/100 Hours/Paper-mill/MTL-RC00070-133.aac -> gs://100hr-data/Paper-mill/IMU/MTL-RC00070-133.aac
OK    /Volumes/Samsung 990-2/100 Hours/Paper-mill/MTL-RC00066-086.mp4 -> gs://100hr-data/Paper-mill/Videos/MTL-RC00066-086.mp4
OK    /Volumes/Samsung 990-2/100 Hours/Paper-mill/MTL-RC00070-127.aac -> gs://100hr-data/Paper-mill/IMU/MTL-RC00070-127.aac
OK    /Volumes/Samsung 990-2/100 Hours/Paper-mill/MTL-RC00075-145.mp4 -> gs://100hr-data/Paper-mill/Videos/MTL-RC00075-145.mp4
OK    /Volumes/Samsung 990-2/100 Hours/Paper-mill/MTL-RC00076-086.mp4 -> gs://100hr-data/Paper-mill/Videos/MTL-RC00076-086.mp4
OK    /Volumes/Samsung 990-2/100 Hours/Paper-mill/MTL-RC00082-087.mp4 -> gs://100hr-data/Paper-mill/Videos/MTL-RC00082-087.mp4
OK    /Volumes/Samsung 990-2/100 Hours/Paper-mill/MTL-RC00075-076.aac -> gs://100hr-data/Paper-mill/IMU/MTL-RC00075-076.aac
OK    /Volumes/Samsung 990-2/100 Hours/Paper-mill/MTL-RC00076-039.txt -> gs://100hr-data/Paper-mill/IMU/MTL-RC00076-039.txt
OK    /Volumes/Samsung 990-2/100 Hours/Paper-mill/MTL-RC00082-038.txt -> gs://100hr-data/Paper-mill/IMU/MTL-RC00082-038.txt
OK    /Volumes/Samsung 990-2/100 Hours/Paper-mill/MTL-RC00082-010.txt -> gs://100hr-data/Paper-mill/IMU/MTL-RC00082-010.txt
OK    /Volumes/Samsung 990-2/100 Hours/Paper-mill/MTL-RC00070-083.txt -> gs://100hr-data/Paper-mill/IMU/MTL-RC00070-083.txt
OK    /Volumes/Samsung 990-2/100 Hours/Paper-mill/MTL-RC00066-005.txt -> gs://100hr-data/Paper-mill/IMU/MTL-RC00066-005.txt
OK    /Volumes/Samsung 990-2/100 Hours/Paper-mill/MTL-RC00070-028.mp4 -> gs://100hr-data/Paper-mill/Videos/MTL-RC00070-028.mp4
OK    /Volumes/Samsung 990-2/100 Hours/Paper-mill/MTL-RC00070-097.txt -> gs://100hr-data/Paper-mill/IMU/MTL-RC00070-097.txt
OK    /Volumes/Samsung 990-2/100 Hours/Paper-mill/MTL-RC00076-051.mp4 -> gs://100hr-data/Paper-mill/Videos/MTL-RC00076-051.mp4
OK    /Volumes/Samsung 990-2/100 Hours/Paper-mill/MTL-RC00082-050.mp4 -> gs://100hr-data/Paper-mill/Videos/MTL-RC00082-050.mp4
OK    /Volumes/Samsung 990-2/100 Hours/Paper-mill/MTL-RC00066-045.mp4 -> gs://100hr-data/Paper-mill/Videos/MTL-RC00066-045.mp4
OK    /Volumes/Samsung 990-2/100 Hours/Paper-mill/MTL-RC00070-068.txt -> gs://100hr-data/Paper-mill/IMU/MTL-RC00070-068.txt
OK    /Volumes/Samsung 990-2/100 Hours/Paper-mill/MTL-RC00076-045.mp4 -> gs://100hr-data/Paper-mill/Videos/MTL-RC00076-045.mp4
OK    /Volumes/Samsung 990-2/100 Hours/Paper-mill/MTL-RC00075-111.txt -> gs://100hr-data/Paper-mill/IMU/MTL-RC00075-111.txt
OK    /Volumes/Samsung 990-2/100 Hours/Paper-mill/MTL-RC00066-079.mp4 -> gs://100hr-data/Paper-mill/Videos/MTL-RC00066-079.mp4
OK    /Volumes/Samsung 990-2/100 Hours/Paper-mill/MTL-RC00076-079.mp4 -> gs://100hr-data/Paper-mill/Videos/MTL-RC00076-079.mp4
OK    /Volumes/Samsung 990-2/100 Hours/Paper-mill/MTL-RC00082-078.mp4 -> gs://100hr-data/Paper-mill/Videos/MTL-RC00082-078.mp4
OK    /Volumes/Samsung 990-2/100 Hours/Paper-mill/MTL-RC00075-105.txt -> gs://100hr-data/Paper-mill/IMU/MTL-RC00075-105.txt
OK    /Volumes/Samsung 990-2/100 Hours/Paper-mill/MTL-RC00075-089.aac -> gs://100hr-data/Paper-mill/IMU/MTL-RC00075-089.aac
OK    /Volumes/Samsung 990-2/100 Hours/Paper-mill/MTL-RC00067-097.mp4 -> gs://100hr-data/Paper-mill/Videos/MTL-RC00067-097.mp4
OK    /Volumes/Samsung 990-2/100 Hours/Paper-mill/MTL-RC00067-028.txt -> gs://100hr-data/Paper-mill/IMU/MTL-RC00067-028.txt
OK    /Volumes/Samsung 990-2/100 Hours/Paper-mill/MTL-RC00080-072.aac -> gs://100hr-data/Paper-mill/IMU/MTL-RC00080-072.aac
OK    /Volumes/Samsung 990-2/100 Hours/Paper-mill/MTL-RC00080-066.aac -> gs://100hr-data/Paper-mill/IMU/MTL-RC00080-066.aac
OK    /Volumes/Samsung 990-2/100 Hours/Paper-mill/MTL-RC00067-083.mp4 -> gs://100hr-data/Paper-mill/Videos/MTL-RC00067-083.mp4
OK    /Volumes/Samsung 990-2/100 Hours/Paper-mill/MTL-RC00072-151.txt -> gs://100hr-data/Paper-mill/IMU/MTL-RC00072-151.txt
OK    /Volumes/Samsung 990-2/100 Hours/Paper-mill/MTL-RC00072-145.txt -> gs://100hr-data/Paper-mill/IMU/MTL-RC00072-145.txt
OK    /Volumes/Samsung 990-2/100 Hours/Paper-mill/MTL-RC00072-111.mp4 -> gs://100hr-data/Paper-mill/Videos/MTL-RC00072-111.mp4
OK    /Volumes/Samsung 990-2/100 Hours/Paper-mill/MTL-RC00067-054.mp4 -> gs://100hr-data/Paper-mill/Videos/MTL-RC00067-054.mp4
OK    /Volumes/Samsung 990-2/100 Hours/Paper-mill/MTL-RC00072-036.aac -> gs://100hr-data/Paper-mill/IMU/MTL-RC00072-036.aac
OK    /Volumes/Samsung 990-2/100 Hours/Paper-mill/MTL-RC00072-105.mp4 -> gs://100hr-data/Paper-mill/Videos/MTL-RC00072-105.mp4
OK    /Volumes/Samsung 990-2/100 Hours/Paper-mill/MTL-RC00067-068.mp4 -> gs://100hr-data/Paper-mill/Videos/MTL-RC00067-068.mp4
OK    /Volumes/Samsung 990-2/100 Hours/Paper-mill/MTL-RC00072-138.mp4 -> gs://100hr-data/Paper-mill/Videos/MTL-RC00072-138.mp4
OK    /Volumes/Samsung 990-2/100 Hours/Paper-mill/MTL-RC00072-104.mp4 -> gs://100hr-data/Paper-mill/Videos/MTL-RC00072-104.mp4
OK    /Volumes/Samsung 990-2/100 Hours/Paper-mill/MTL-RC00067-041.mp4 -> gs://100hr-data/Paper-mill/Videos/MTL-RC00067-041.mp4
OK    /Volumes/Samsung 990-2/100 Hours/Paper-mill/MTL-RC00072-023.aac -> gs://100hr-data/Paper-mill/IMU/MTL-RC00072-023.aac
OK    /Volumes/Samsung 990-2/100 Hours/Paper-mill/MTL-RC00072-144.txt -> gs://100hr-data/Paper-mill/IMU/MTL-RC00072-144.txt
OK    /Volumes/Samsung 990-2/100 Hours/Paper-mill/MTL-RC00067-015.txt -> gs://100hr-data/Paper-mill/IMU/MTL-RC00067-015.txt
OK    /Volumes/Samsung 990-2/100 Hours/Paper-mill/MTL-RC00080-067.aac -> gs://100hr-data/Paper-mill/IMU/MTL-RC00080-067.aac
OK    /Volumes/Samsung 990-2/100 Hours/Paper-mill/MTL-RC00067-082.mp4 -> gs://100hr-data/Paper-mill/Videos/MTL-RC00067-082.mp4
OK    /Volumes/Samsung 990-2/100 Hours/Paper-mill/MTL-RC00067-096.mp4 -> gs://100hr-data/Paper-mill/Videos/MTL-RC00067-096.mp4
OK    /Volumes/Samsung 990-2/100 Hours/Paper-mill/MTL-RC00080-073.aac -> gs://100hr-data/Paper-mill/IMU/MTL-RC00080-073.aac
OK    /Volumes/Samsung 990-2/100 Hours/Paper-mill/MTL-RC00075-104.txt -> gs://100hr-data/Paper-mill/IMU/MTL-RC00075-104.txt
OK    /Volumes/Samsung 990-2/100 Hours/Paper-mill/MTL-RC00076-078.mp4 -> gs://100hr-data/Paper-mill/Videos/MTL-RC00076-078.mp4
OK    /Volumes/Samsung 990-2/100 Hours/Paper-mill/MTL-RC00082-079.mp4 -> gs://100hr-data/Paper-mill/Videos/MTL-RC00082-079.mp4
OK    /Volumes/Samsung 990-2/100 Hours/Paper-mill/MTL-RC00070-041.txt -> gs://100hr-data/Paper-mill/IMU/MTL-RC00070-041.txt
OK    /Volumes/Samsung 990-2/100 Hours/Paper-mill/MTL-RC00066-078.mp4 -> gs://100hr-data/Paper-mill/Videos/MTL-RC00066-078.mp4
OK    /Volumes/Samsung 990-2/100 Hours/Paper-mill/MTL-RC00066-050.mp4 -> gs://100hr-data/Paper-mill/Videos/MTL-RC00066-050.mp4
OK    /Volumes/Samsung 990-2/100 Hours/Paper-mill/MTL-RC00082-045.mp4 -> gs://100hr-data/Paper-mill/Videos/MTL-RC00082-045.mp4
OK    /Volumes/Samsung 990-2/100 Hours/Paper-mill/MTL-RC00075-138.txt -> gs://100hr-data/Paper-mill/IMU/MTL-RC00075-138.txt
OK    /Volumes/Samsung 990-2/100 Hours/Paper-mill/MTL-RC00076-050.mp4 -> gs://100hr-data/Paper-mill/Videos/MTL-RC00076-050.mp4
OK    /Volumes/Samsung 990-2/100 Hours/Paper-mill/MTL-RC00082-051.mp4 -> gs://100hr-data/Paper-mill/Videos/MTL-RC00082-051.mp4
OK    /Volumes/Samsung 990-2/100 Hours/Paper-mill/MTL-RC00070-096.txt -> gs://100hr-data/Paper-mill/IMU/MTL-RC00070-096.txt
OK    /Volumes/Samsung 990-2/100 Hours/Paper-mill/MTL-RC00082-005.txt -> gs://100hr-data/Paper-mill/IMU/MTL-RC00082-005.txt
OK    /Volumes/Samsung 990-2/100 Hours/Paper-mill/MTL-RC00070-082.txt -> gs://100hr-data/Paper-mill/IMU/MTL-RC00070-082.txt
OK    /Volumes/Samsung 990-2/100 Hours/Paper-mill/MTL-RC00066-093.mp4 -> gs://100hr-data/Paper-mill/Videos/MTL-RC00066-093.mp4
OK    /Volumes/Samsung 990-2/100 Hours/Paper-mill/MTL-RC00070-126.aac -> gs://100hr-data/Paper-mill/IMU/MTL-RC00070-126.aac
OK    /Volumes/Samsung 990-2/100 Hours/Paper-mill/MTL-RC00076-038.txt -> gs://100hr-data/Paper-mill/IMU/MTL-RC00076-038.txt
OK    /Volumes/Samsung 990-2/100 Hours/Paper-mill/MTL-RC00082-039.txt -> gs://100hr-data/Paper-mill/IMU/MTL-RC00082-039.txt
OK    /Volumes/Samsung 990-2/100 Hours/Paper-mill/MTL-RC00076-087.mp4 -> gs://100hr-data/Paper-mill/Videos/MTL-RC00076-087.mp4
OK    /Volumes/Samsung 990-2/100 Hours/Paper-mill/MTL-RC00082-086.mp4 -> gs://100hr-data/Paper-mill/Videos/MTL-RC00082-086.mp4
OK    /Volumes/Samsung 990-2/100 Hours/Paper-mill/MTL-RC00075-144.mp4 -> gs://100hr-data/Paper-mill/Videos/MTL-RC00075-144.mp4
OK    /Volumes/Samsung 990-2/100 Hours/Paper-mill/MTL-RC00066-087.mp4 -> gs://100hr-data/Paper-mill/Videos/MTL-RC00066-087.mp4
OK    /Volumes/Samsung 990-2/100 Hours/Paper-mill/MTL-RC00066-038.txt -> gs://100hr-data/Paper-mill/IMU/MTL-RC00066-038.txt
OK    /Volumes/Samsung 990-2/100 Hours/Paper-mill/MTL-RC00066-118.mp4 -> gs://100hr-data/Paper-mill/Videos/MTL-RC00066-118.mp4
OK    /Volumes/Samsung 990-2/100 Hours/Paper-mill/MTL-RC00075-070.txt -> gs://100hr-data/Paper-mill/IMU/MTL-RC00075-070.txt
OK    /Volumes/Samsung 990-2/100 Hours/Paper-mill/MTL-RC00076-118.mp4 -> gs://100hr-data/Paper-mill/Videos/MTL-RC00076-118.mp4
OK    /Volumes/Samsung 990-2/100 Hours/Paper-mill/MTL-RC00082-119.mp4 -> gs://100hr-data/Paper-mill/Videos/MTL-RC00082-119.mp4
OK    /Volumes/Samsung 990-2/100 Hours/Paper-mill/MTL-RC00075-064.txt -> gs://100hr-data/Paper-mill/IMU/MTL-RC00075-064.txt
OK    /Volumes/Samsung 990-2/100 Hours/Paper-mill/MTL-RC00070-091.aac -> gs://100hr-data/Paper-mill/IMU/MTL-RC00070-091.aac
OK    /Volumes/Samsung 990-2/100 Hours/Paper-mill/MTL-RC00066-017.aac -> gs://100hr-data/Paper-mill/IMU/MTL-RC00066-017.aac
OK    /Volumes/Samsung 990-2/100 Hours/Paper-mill/MTL-RC00082-131.mp4 -> gs://100hr-data/Paper-mill/Videos/MTL-RC00082-131.mp4
OK    /Volumes/Samsung 990-2/100 Hours/Paper-mill/MTL-RC00082-016.aac -> gs://100hr-data/Paper-mill/IMU/MTL-RC00082-016.aac
OK    /Volumes/Samsung 990-2/100 Hours/Paper-mill/MTL-RC00066-130.mp4 -> gs://100hr-data/Paper-mill/Videos/MTL-RC00066-130.mp4
OK    /Volumes/Samsung 990-2/100 Hours/Paper-mill/MTL-RC00070-149.mp4 -> gs://100hr-data/Paper-mill/Videos/MTL-RC00070-149.mp4
OK    /Volumes/Samsung 990-2/100 Hours/Paper-mill/MTL-RC00075-030.mp4 -> gs://100hr-data/Paper-mill/Videos/MTL-RC00075-030.mp4
OK    /Volumes/Samsung 990-2/100 Hours/Paper-mill/MTL-RC00075-024.mp4 -> gs://100hr-data/Paper-mill/Videos/MTL-RC00075-024.mp4
OK    /Volumes/Samsung 990-2/100 Hours/Paper-mill/MTL-RC00070-046.aac -> gs://100hr-data/Paper-mill/IMU/MTL-RC00070-046.aac
OK    /Volumes/Samsung 990-2/100 Hours/Paper-mill/MTL-RC00080-060.txt -> gs://100hr-data/Paper-mill/IMU/MTL-RC00080-060.txt
OK    /Volumes/Samsung 990-2/100 Hours/Paper-mill/MTL-RC00067-109.mp4 -> gs://100hr-data/Paper-mill/Videos/MTL-RC00067-109.mp4
OK    /Volumes/Samsung 990-2/100 Hours/Paper-mill/MTL-RC00080-074.txt -> gs://100hr-data/Paper-mill/IMU/MTL-RC00080-074.txt
OK    /Volumes/Samsung 990-2/100 Hours/Paper-mill/MTL-RC00067-012.aac -> gs://100hr-data/Paper-mill/IMU/MTL-RC00067-012.aac
OK    /Volumes/Samsung 990-2/100 Hours/Paper-mill/MTL-RC00072-064.mp4 -> gs://100hr-data/Paper-mill/Videos/MTL-RC00072-064.mp4
OK    /Volumes/Samsung 990-2/100 Hours/Paper-mill/MTL-RC00080-048.txt -> gs://100hr-data/Paper-mill/IMU/MTL-RC00080-048.txt
OK    /Volumes/Samsung 990-2/100 Hours/Paper-mill/MTL-RC00072-030.txt -> gs://100hr-data/Paper-mill/IMU/MTL-RC00072-030.txt
OK    /Volumes/Samsung 990-2/100 Hours/Paper-mill/MTL-RC00072-024.txt -> gs://100hr-data/Paper-mill/IMU/MTL-RC00072-024.txt
OK    /Volumes/Samsung 990-2/100 Hours/Paper-mill/MTL-RC00080-020.mp4 -> gs://100hr-data/Paper-mill/Videos/MTL-RC00080-020.mp4
OK    /Volumes/Samsung 990-2/100 Hours/Paper-mill/MTL-RC00080-034.mp4 -> gs://100hr-data/Paper-mill/Videos/MTL-RC00080-034.mp4
OK    /Volumes/Samsung 990-2/100 Hours/Paper-mill/MTL-RC00072-020.txt -> gs://100hr-data/Paper-mill/IMU/MTL-RC00072-020.txt
OK    /Volumes/Samsung 990-2/100 Hours/Paper-mill/MTL-RC00072-034.txt -> gs://100hr-data/Paper-mill/IMU/MTL-RC00072-034.txt
OK    /Volumes/Samsung 990-2/100 Hours/Paper-mill/MTL-RC00080-030.mp4 -> gs://100hr-data/Paper-mill/Videos/MTL-RC00080-030.mp4
OK    /Volumes/Samsung 990-2/100 Hours/Paper-mill/MTL-RC00072-008.txt -> gs://100hr-data/Paper-mill/IMU/MTL-RC00072-008.txt
OK    /Volumes/Samsung 990-2/100 Hours/Paper-mill/MTL-RC00080-024.mp4 -> gs://100hr-data/Paper-mill/Videos/MTL-RC00080-024.mp4
OK    /Volumes/Samsung 990-2/100 Hours/Paper-mill/MTL-RC00080-070.txt -> gs://100hr-data/Paper-mill/IMU/MTL-RC00080-070.txt
OK    /Volumes/Samsung 990-2/100 Hours/Paper-mill/MTL-RC00080-064.txt -> gs://100hr-data/Paper-mill/IMU/MTL-RC00080-064.txt
OK    /Volumes/Samsung 990-2/100 Hours/Paper-mill/MTL-RC00072-060.mp4 -> gs://100hr-data/Paper-mill/Videos/MTL-RC00072-060.mp4
OK    /Volumes/Samsung 990-2/100 Hours/Paper-mill/MTL-RC00067-016.aac -> gs://100hr-data/Paper-mill/IMU/MTL-RC00067-016.aac
OK    /Volumes/Samsung 990-2/100 Hours/Paper-mill/MTL-RC00072-153.aac -> gs://100hr-data/Paper-mill/IMU/MTL-RC00072-153.aac
OK    /Volumes/Samsung 990-2/100 Hours/Paper-mill/MTL-RC00072-074.mp4 -> gs://100hr-data/Paper-mill/Videos/MTL-RC00072-074.mp4
OK    /Volumes/Samsung 990-2/100 Hours/Paper-mill/MTL-RC00080-058.txt -> gs://100hr-data/Paper-mill/IMU/MTL-RC00080-058.txt
OK    /Volumes/Samsung 990-2/100 Hours/Paper-mill/MTL-RC00075-008.mp4 -> gs://100hr-data/Paper-mill/Videos/MTL-RC00075-008.mp4
OK    /Volumes/Samsung 990-2/100 Hours/Paper-mill/MTL-RC00066-148.txt -> gs://100hr-data/Paper-mill/IMU/MTL-RC00066-148.txt
OK    /Volumes/Samsung 990-2/100 Hours/Paper-mill/MTL-RC00070-042.aac -> gs://100hr-data/Paper-mill/IMU/MTL-RC00070-042.aac
OK    /Volumes/Samsung 990-2/100 Hours/Paper-mill/MTL-RC00075-113.aac -> gs://100hr-data/Paper-mill/IMU/MTL-RC00075-113.aac
OK    /Volumes/Samsung 990-2/100 Hours/Paper-mill/MTL-RC00075-020.mp4 -> gs://100hr-data/Paper-mill/Videos/MTL-RC00075-020.mp4
OK    /Volumes/Samsung 990-2/100 Hours/Paper-mill/MTL-RC00075-034.mp4 -> gs://100hr-data/Paper-mill/Videos/MTL-RC00075-034.mp4
OK    /Volumes/Samsung 990-2/100 Hours/Paper-mill/MTL-RC00082-149.txt -> gs://100hr-data/Paper-mill/IMU/MTL-RC00082-149.txt
OK    /Volumes/Samsung 990-2/100 Hours/Paper-mill/MTL-RC00070-056.aac -> gs://100hr-data/Paper-mill/IMU/MTL-RC00070-056.aac
OK    /Volumes/Samsung 990-2/100 Hours/Paper-mill/MTL-RC00066-108.mp4 -> gs://100hr-data/Paper-mill/Videos/MTL-RC00066-108.mp4
OK    /Volumes/Samsung 990-2/100 Hours/Paper-mill/MTL-RC00075-060.txt -> gs://100hr-data/Paper-mill/IMU/MTL-RC00075-060.txt
OK    /Volumes/Samsung 990-2/100 Hours/Paper-mill/MTL-RC00082-109.mp4 -> gs://100hr-data/Paper-mill/Videos/MTL-RC00082-109.mp4
OK    /Volumes/Samsung 990-2/100 Hours/Paper-mill/MTL-RC00075-074.txt -> gs://100hr-data/Paper-mill/IMU/MTL-RC00075-074.txt
OK    /Volumes/Samsung 990-2/100 Hours/Paper-mill/MTL-RC00070-125.txt -> gs://100hr-data/Paper-mill/IMU/MTL-RC00070-125.txt
OK    /Volumes/Samsung 990-2/100 Hours/Paper-mill/MTL-RC00066-134.mp4 -> gs://100hr-data/Paper-mill/Videos/MTL-RC00066-134.mp4
OK    /Volumes/Samsung 990-2/100 Hours/Paper-mill/MTL-RC00076-120.mp4 -> gs://100hr-data/Paper-mill/Videos/MTL-RC00076-120.mp4
OK    /Volumes/Samsung 990-2/100 Hours/Paper-mill/MTL-RC00082-012.aac -> gs://100hr-data/Paper-mill/IMU/MTL-RC00082-012.aac
OK    /Volumes/Samsung 990-2/100 Hours/Paper-mill/MTL-RC00082-006.aac -> gs://100hr-data/Paper-mill/IMU/MTL-RC00082-006.aac
OK    /Volumes/Samsung 990-2/100 Hours/Paper-mill/MTL-RC00075-048.txt -> gs://100hr-data/Paper-mill/IMU/MTL-RC00075-048.txt
OK    /Volumes/Samsung 990-2/100 Hours/Paper-mill/MTL-RC00082-135.mp4 -> gs://100hr-data/Paper-mill/Videos/MTL-RC00082-135.mp4
OK    /Volumes/Samsung 990-2/100 Hours/Paper-mill/MTL-RC00066-013.aac -> gs://100hr-data/Paper-mill/IMU/MTL-RC00066-013.aac
OK    /Volumes/Samsung 990-2/100 Hours/Paper-mill/MTL-RC00066-120.mp4 -> gs://100hr-data/Paper-mill/Videos/MTL-RC00066-120.mp4
OK    /Volumes/Samsung 990-2/100 Hours/Paper-mill/MTL-RC00070-119.txt -> gs://100hr-data/Paper-mill/IMU/MTL-RC00070-119.txt
OK    /Volumes/Samsung 990-2/100 Hours/Paper-mill/MTL-RC00070-086.txt -> gs://100hr-data/Paper-mill/IMU/MTL-RC00070-086.txt
OK    /Volumes/Samsung 990-2/100 Hours/Paper-mill/MTL-RC00070-039.mp4 -> gs://100hr-data/Paper-mill/Videos/MTL-RC00070-039.mp4
OK    /Volumes/Samsung 990-2/100 Hours/Paper-mill/MTL-RC00082-015.txt -> gs://100hr-data/Paper-mill/IMU/MTL-RC00082-015.txt
OK    /Volumes/Samsung 990-2/100 Hours/Paper-mill/MTL-RC00070-092.txt -> gs://100hr-data/Paper-mill/IMU/MTL-RC00070-092.txt
OK    /Volumes/Samsung 990-2/100 Hours/Paper-mill/MTL-RC00066-083.mp4 -> gs://100hr-data/Paper-mill/Videos/MTL-RC00066-083.mp4
OK    /Volumes/Samsung 990-2/100 Hours/Paper-mill/MTL-RC00075-067.aac -> gs://100hr-data/Paper-mill/IMU/MTL-RC00075-067.aac
OK    /Volumes/Samsung 990-2/100 Hours/Paper-mill/MTL-RC00076-028.txt -> gs://100hr-data/Paper-mill/IMU/MTL-RC00076-028.txt
OK    /Volumes/Samsung 990-2/100 Hours/Paper-mill/MTL-RC00082-096.mp4 -> gs://100hr-data/Paper-mill/Videos/MTL-RC00082-096.mp4
OK    /Volumes/Samsung 990-2/100 Hours/Paper-mill/MTL-RC00076-083.mp4 -> gs://100hr-data/Paper-mill/Videos/MTL-RC00076-083.mp4
OK    /Volumes/Samsung 990-2/100 Hours/Paper-mill/MTL-RC00082-082.mp4 -> gs://100hr-data/Paper-mill/Videos/MTL-RC00082-082.mp4
OK    /Volumes/Samsung 990-2/100 Hours/Paper-mill/MTL-RC00075-140.mp4 -> gs://100hr-data/Paper-mill/Videos/MTL-RC00075-140.mp4
OK    /Volumes/Samsung 990-2/100 Hours/Paper-mill/MTL-RC00070-122.aac -> gs://100hr-data/Paper-mill/IMU/MTL-RC00070-122.aac
OK    /Volumes/Samsung 990-2/100 Hours/Paper-mill/MTL-RC00066-097.mp4 -> gs://100hr-data/Paper-mill/Videos/MTL-RC00066-097.mp4
OK    /Volumes/Samsung 990-2/100 Hours/Paper-mill/MTL-RC00066-028.txt -> gs://100hr-data/Paper-mill/IMU/MTL-RC00066-028.txt
OK    /Volumes/Samsung 990-2/100 Hours/Paper-mill/MTL-RC00070-045.txt -> gs://100hr-data/Paper-mill/IMU/MTL-RC00070-045.txt
OK    /Volumes/Samsung 990-2/100 Hours/Paper-mill/MTL-RC00075-114.txt -> gs://100hr-data/Paper-mill/IMU/MTL-RC00075-114.txt
OK    /Volumes/Samsung 990-2/100 Hours/Paper-mill/MTL-RC00075-098.aac -> gs://100hr-data/Paper-mill/IMU/MTL-RC00075-098.aac
OK    /Volumes/Samsung 990-2/100 Hours/Paper-mill/MTL-RC00076-068.mp4 -> gs://100hr-data/Paper-mill/Videos/MTL-RC00076-068.mp4
OK    /Volumes/Samsung 990-2/100 Hours/Paper-mill/MTL-RC00082-069.mp4 -> gs://100hr-data/Paper-mill/Videos/MTL-RC00082-069.mp4
OK    /Volumes/Samsung 990-2/100 Hours/Paper-mill/MTL-RC00075-100.txt -> gs://100hr-data/Paper-mill/IMU/MTL-RC00075-100.txt
OK    /Volumes/Samsung 990-2/100 Hours/Paper-mill/MTL-RC00066-068.mp4 -> gs://100hr-data/Paper-mill/Videos/MTL-RC00066-068.mp4
OK    /Volumes/Samsung 990-2/100 Hours/Paper-mill/MTL-RC00070-079.txt -> gs://100hr-data/Paper-mill/IMU/MTL-RC00070-079.txt
OK    /Volumes/Samsung 990-2/100 Hours/Paper-mill/MTL-RC00076-054.mp4 -> gs://100hr-data/Paper-mill/Videos/MTL-RC00076-054.mp4
OK    /Volumes/Samsung 990-2/100 Hours/Paper-mill/MTL-RC00076-040.mp4 -> gs://100hr-data/Paper-mill/Videos/MTL-RC00076-040.mp4
OK    /Volumes/Samsung 990-2/100 Hours/Paper-mill/MTL-RC00082-041.mp4 -> gs://100hr-data/Paper-mill/Videos/MTL-RC00082-041.mp4
OK    /Volumes/Samsung 990-2/100 Hours/Paper-mill/MTL-RC00066-054.mp4 -> gs://100hr-data/Paper-mill/Videos/MTL-RC00066-054.mp4
OK    /Volumes/Samsung 990-2/100 Hours/Paper-mill/MTL-RC00072-140.txt -> gs://100hr-data/Paper-mill/IMU/MTL-RC00072-140.txt
OK    /Volumes/Samsung 990-2/100 Hours/Paper-mill/MTL-RC00080-077.aac -> gs://100hr-data/Paper-mill/IMU/MTL-RC00080-077.aac
OK    /Volumes/Samsung 990-2/100 Hours/Paper-mill/MTL-RC00067-039.txt -> gs://100hr-data/Paper-mill/IMU/MTL-RC00067-039.txt
OK    /Volumes/Samsung 990-2/100 Hours/Paper-mill/MTL-RC00067-086.mp4 -> gs://100hr-data/Paper-mill/Videos/MTL-RC00067-086.mp4
OK    /Volumes/Samsung 990-2/100 Hours/Paper-mill/MTL-RC00067-079.mp4 -> gs://100hr-data/Paper-mill/Videos/MTL-RC00067-079.mp4
OK    /Volumes/Samsung 990-2/100 Hours/Paper-mill/MTL-RC00072-027.aac -> gs://100hr-data/Paper-mill/IMU/MTL-RC00072-027.aac
OK    /Volumes/Samsung 990-2/100 Hours/Paper-mill/MTL-RC00067-045.mp4 -> gs://100hr-data/Paper-mill/Videos/MTL-RC00067-045.mp4
OK    /Volumes/Samsung 990-2/100 Hours/Paper-mill/MTL-RC00072-100.mp4 -> gs://100hr-data/Paper-mill/Videos/MTL-RC00072-100.mp4
OK    /Volumes/Samsung 990-2/100 Hours/Paper-mill/MTL-RC00072-101.mp4 -> gs://100hr-data/Paper-mill/Videos/MTL-RC00072-101.mp4
OK    /Volumes/Samsung 990-2/100 Hours/Paper-mill/MTL-RC00072-032.aac -> gs://100hr-data/Paper-mill/IMU/MTL-RC00072-032.aac
OK    /Volumes/Samsung 990-2/100 Hours/Paper-mill/MTL-RC00067-050.mp4 -> gs://100hr-data/Paper-mill/Videos/MTL-RC00067-050.mp4
OK    /Volumes/Samsung 990-2/100 Hours/Paper-mill/MTL-RC00072-115.mp4 -> gs://100hr-data/Paper-mill/Videos/MTL-RC00072-115.mp4
OK    /Volumes/Samsung 990-2/100 Hours/Paper-mill/MTL-RC00067-078.mp4 -> gs://100hr-data/Paper-mill/Videos/MTL-RC00067-078.mp4
OK    /Volumes/Samsung 990-2/100 Hours/Paper-mill/MTL-RC00072-129.mp4 -> gs://100hr-data/Paper-mill/Videos/MTL-RC00072-129.mp4
OK    /Volumes/Samsung 990-2/100 Hours/Paper-mill/MTL-RC00067-087.mp4 -> gs://100hr-data/Paper-mill/Videos/MTL-RC00067-087.mp4
OK    /Volumes/Samsung 990-2/100 Hours/Paper-mill/MTL-RC00067-038.txt -> gs://100hr-data/Paper-mill/IMU/MTL-RC00067-038.txt
OK    /Volumes/Samsung 990-2/100 Hours/Paper-mill/MTL-RC00080-062.aac -> gs://100hr-data/Paper-mill/IMU/MTL-RC00080-062.aac
OK    /Volumes/Samsung 990-2/100 Hours/Paper-mill/MTL-RC00080-076.aac -> gs://100hr-data/Paper-mill/IMU/MTL-RC00080-076.aac
OK    /Volumes/Samsung 990-2/100 Hours/Paper-mill/MTL-RC00067-093.mp4 -> gs://100hr-data/Paper-mill/Videos/MTL-RC00067-093.mp4
OK    /Volumes/Samsung 990-2/100 Hours/Paper-mill/MTL-RC00072-141.txt -> gs://100hr-data/Paper-mill/IMU/MTL-RC00072-141.txt
OK    /Volumes/Samsung 990-2/100 Hours/Paper-mill/MTL-RC00072-155.txt -> gs://100hr-data/Paper-mill/IMU/MTL-RC00072-155.txt
OK    /Volumes/Samsung 990-2/100 Hours/Paper-mill/MTL-RC00076-041.mp4 -> gs://100hr-data/Paper-mill/Videos/MTL-RC00076-041.mp4
OK    /Volumes/Samsung 990-2/100 Hours/Paper-mill/MTL-RC00082-040.mp4 -> gs://100hr-data/Paper-mill/Videos/MTL-RC00082-040.mp4
OK    /Volumes/Samsung 990-2/100 Hours/Paper-mill/MTL-RC00066-041.mp4 -> gs://100hr-data/Paper-mill/Videos/MTL-RC00066-041.mp4
OK    /Volumes/Samsung 990-2/100 Hours/Paper-mill/MTL-RC00070-078.txt -> gs://100hr-data/Paper-mill/IMU/MTL-RC00070-078.txt
OK    /Volumes/Samsung 990-2/100 Hours/Paper-mill/MTL-RC00075-129.txt -> gs://100hr-data/Paper-mill/IMU/MTL-RC00075-129.txt
OK    /Volumes/Samsung 990-2/100 Hours/Paper-mill/MTL-RC00082-054.mp4 -> gs://100hr-data/Paper-mill/Videos/MTL-RC00082-054.mp4
OK    /Volumes/Samsung 990-2/100 Hours/Paper-mill/MTL-RC00075-101.txt -> gs://100hr-data/Paper-mill/IMU/MTL-RC00075-101.txt
OK    /Volumes/Samsung 990-2/100 Hours/Paper-mill/MTL-RC00070-050.txt -> gs://100hr-data/Paper-mill/IMU/MTL-RC00070-050.txt
OK    /Volumes/Samsung 990-2/100 Hours/Paper-mill/MTL-RC00076-069.mp4 -> gs://100hr-data/Paper-mill/Videos/MTL-RC00076-069.mp4
OK    /Volumes/Samsung 990-2/100 Hours/Paper-mill/MTL-RC00082-068.mp4 -> gs://100hr-data/Paper-mill/Videos/MTL-RC00082-068.mp4
OK    /Volumes/Samsung 990-2/100 Hours/Paper-mill/MTL-RC00075-115.txt -> gs://100hr-data/Paper-mill/IMU/MTL-RC00075-115.txt
OK    /Volumes/Samsung 990-2/100 Hours/Paper-mill/MTL-RC00075-072.aac -> gs://100hr-data/Paper-mill/IMU/MTL-RC00075-072.aac
OK    /Volumes/Samsung 990-2/100 Hours/Paper-mill/MTL-RC00075-141.mp4 -> gs://100hr-data/Paper-mill/Videos/MTL-RC00075-141.mp4
OK    /Volumes/Samsung 990-2/100 Hours/Paper-mill/MTL-RC00076-082.mp4 -> gs://100hr-data/Paper-mill/Videos/MTL-RC00076-082.mp4
OK    /Volumes/Samsung 990-2/100 Hours/Paper-mill/MTL-RC00082-083.mp4 -> gs://100hr-data/Paper-mill/Videos/MTL-RC00082-083.mp4
OK    /Volumes/Samsung 990-2/100 Hours/Paper-mill/MTL-RC00070-010.mp4 -> gs://100hr-data/Paper-mill/Videos/MTL-RC00070-010.mp4
OK    /Volumes/Samsung 990-2/100 Hours/Paper-mill/MTL-RC00066-096.mp4 -> gs://100hr-data/Paper-mill/Videos/MTL-RC00066-096.mp4
OK    /Volumes/Samsung 990-2/100 Hours/Paper-mill/MTL-RC00070-123.aac -> gs://100hr-data/Paper-mill/IMU/MTL-RC00070-123.aac
OK    /Volumes/Samsung 990-2/100 Hours/Paper-mill/MTL-RC00066-082.mp4 -> gs://100hr-data/Paper-mill/Videos/MTL-RC00066-082.mp4
OK    /Volumes/Samsung 990-2/100 Hours/Paper-mill/MTL-RC00070-137.aac -> gs://100hr-data/Paper-mill/IMU/MTL-RC00070-137.aac
OK    /Volumes/Samsung 990-2/100 Hours/Paper-mill/MTL-RC00075-155.mp4 -> gs://100hr-data/Paper-mill/Videos/MTL-RC00075-155.mp4
OK    /Volumes/Samsung 990-2/100 Hours/Paper-mill/MTL-RC00082-097.mp4 -> gs://100hr-data/Paper-mill/Videos/MTL-RC00082-097.mp4
OK    /Volumes/Samsung 990-2/100 Hours/Paper-mill/MTL-RC00082-028.txt -> gs://100hr-data/Paper-mill/IMU/MTL-RC00082-028.txt
OK    /Volumes/Samsung 990-2/100 Hours/Paper-mill/MTL-RC00070-093.txt -> gs://100hr-data/Paper-mill/IMU/MTL-RC00070-093.txt
OK    /Volumes/Samsung 990-2/100 Hours/Paper-mill/MTL-RC00066-015.txt -> gs://100hr-data/Paper-mill/IMU/MTL-RC00066-015.txt
OK    /Volumes/Samsung 990-2/100 Hours/Paper-mill/MTL-RC00070-038.mp4 -> gs://100hr-data/Paper-mill/Videos/MTL-RC00070-038.mp4
OK    /Volumes/Samsung 990-2/100 Hours/Paper-mill/MTL-RC00082-014.txt -> gs://100hr-data/Paper-mill/IMU/MTL-RC00082-014.txt
OK    /Volumes/Samsung 990-2/100 Hours/Paper-mill/MTL-RC00082-134.mp4 -> gs://100hr-data/Paper-mill/Videos/MTL-RC00082-134.mp4
OK    /Volumes/Samsung 990-2/100 Hours/Paper-mill/MTL-RC00075-049.txt -> gs://100hr-data/Paper-mill/IMU/MTL-RC00075-049.txt
OK    /Volumes/Samsung 990-2/100 Hours/Paper-mill/MTL-RC00082-007.aac -> gs://100hr-data/Paper-mill/IMU/MTL-RC00082-007.aac
OK    /Volumes/Samsung 990-2/100 Hours/Paper-mill/MTL-RC00070-118.txt -> gs://100hr-data/Paper-mill/IMU/MTL-RC00070-118.txt
OK    /Volumes/Samsung 990-2/100 Hours/Paper-mill/MTL-RC00070-094.aac -> gs://100hr-data/Paper-mill/IMU/MTL-RC00070-094.aac
OK    /Volumes/Samsung 990-2/100 Hours/Paper-mill/MTL-RC00066-012.aac -> gs://100hr-data/Paper-mill/IMU/MTL-RC00066-012.aac
OK    /Volumes/Samsung 990-2/100 Hours/Paper-mill/MTL-RC00066-006.aac -> gs://100hr-data/Paper-mill/IMU/MTL-RC00066-006.aac
OK    /Volumes/Samsung 990-2/100 Hours/Paper-mill/MTL-RC00070-080.aac -> gs://100hr-data/Paper-mill/IMU/MTL-RC00070-080.aac
OK    /Volumes/Samsung 990-2/100 Hours/Paper-mill/MTL-RC00082-013.aac -> gs://100hr-data/Paper-mill/IMU/MTL-RC00082-013.aac
OK    /Volumes/Samsung 990-2/100 Hours/Paper-mill/MTL-RC00082-120.mp4 -> gs://100hr-data/Paper-mill/Videos/MTL-RC00082-120.mp4
OK    /Volumes/Samsung 990-2/100 Hours/Paper-mill/MTL-RC00075-075.txt -> gs://100hr-data/Paper-mill/IMU/MTL-RC00075-075.txt
OK    /Volumes/Samsung 990-2/100 Hours/Paper-mill/MTL-RC00082-108.mp4 -> gs://100hr-data/Paper-mill/Videos/MTL-RC00082-108.mp4
OK    /Volumes/Samsung 990-2/100 Hours/Paper-mill/MTL-RC00070-130.txt -> gs://100hr-data/Paper-mill/IMU/MTL-RC00070-130.txt
OK    /Volumes/Samsung 990-2/100 Hours/Paper-mill/MTL-RC00066-109.mp4 -> gs://100hr-data/Paper-mill/Videos/MTL-RC00066-109.mp4
OK    /Volumes/Samsung 990-2/100 Hours/Paper-mill/MTL-RC00075-061.txt -> gs://100hr-data/Paper-mill/IMU/MTL-RC00075-061.txt
OK    /Volumes/Samsung 990-2/100 Hours/Paper-mill/MTL-RC00082-148.txt -> gs://100hr-data/Paper-mill/IMU/MTL-RC00082-148.txt
OK    /Volumes/Samsung 990-2/100 Hours/Paper-mill/MTL-RC00075-035.mp4 -> gs://100hr-data/Paper-mill/Videos/MTL-RC00075-035.mp4
OK    /Volumes/Samsung 990-2/100 Hours/Paper-mill/MTL-RC00070-057.aac -> gs://100hr-data/Paper-mill/IMU/MTL-RC00070-057.aac
OK    /Volumes/Samsung 990-2/100 Hours/Paper-mill/MTL-RC00070-043.aac -> gs://100hr-data/Paper-mill/IMU/MTL-RC00070-043.aac
OK    /Volumes/Samsung 990-2/100 Hours/Paper-mill/MTL-RC00066-149.txt -> gs://100hr-data/Paper-mill/IMU/MTL-RC00066-149.txt
OK    /Volumes/Samsung 990-2/100 Hours/Paper-mill/MTL-RC00075-021.mp4 -> gs://100hr-data/Paper-mill/Videos/MTL-RC00075-021.mp4
OK    /Volumes/Samsung 990-2/100 Hours/Paper-mill/MTL-RC00075-112.aac -> gs://100hr-data/Paper-mill/IMU/MTL-RC00075-112.aac
OK    /Volumes/Samsung 990-2/100 Hours/Paper-mill/MTL-RC00075-009.mp4 -> gs://100hr-data/Paper-mill/Videos/MTL-RC00075-009.mp4
OK    /Volumes/Samsung 990-2/100 Hours/Paper-mill/MTL-RC00072-075.mp4 -> gs://100hr-data/Paper-mill/Videos/MTL-RC00072-075.mp4
OK    /Volumes/Samsung 990-2/100 Hours/Paper-mill/MTL-RC00072-146.aac -> gs://100hr-data/Paper-mill/IMU/MTL-RC00072-146.aac
OK    /Volumes/Samsung 990-2/100 Hours/Paper-mill/MTL-RC00080-059.txt -> gs://100hr-data/Paper-mill/IMU/MTL-RC00080-059.txt
OK    /Volumes/Samsung 990-2/100 Hours/Paper-mill/MTL-RC00072-152.aac -> gs://100hr-data/Paper-mill/IMU/MTL-RC00072-152.aac
OK    /Volumes/Samsung 990-2/100 Hours/Paper-mill/MTL-RC00067-017.aac -> gs://100hr-data/Paper-mill/IMU/MTL-RC00067-017.aac
OK    /Volumes/Samsung 990-2/100 Hours/Paper-mill/MTL-RC00072-061.mp4 -> gs://100hr-data/Paper-mill/Videos/MTL-RC00072-061.mp4
OK    /Volumes/Samsung 990-2/100 Hours/Paper-mill/MTL-RC00072-049.mp4 -> gs://100hr-data/Paper-mill/Videos/MTL-RC00072-049.mp4
OK    /Volumes/Samsung 990-2/100 Hours/Paper-mill/MTL-RC00080-065.txt -> gs://100hr-data/Paper-mill/IMU/MTL-RC00080-065.txt
OK    /Volumes/Samsung 990-2/100 Hours/Paper-mill/MTL-RC00080-071.txt -> gs://100hr-data/Paper-mill/IMU/MTL-RC00080-071.txt
OK    /Volumes/Samsung 990-2/100 Hours/Paper-mill/MTL-RC00072-009.txt -> gs://100hr-data/Paper-mill/IMU/MTL-RC00072-009.txt
OK    /Volumes/Samsung 990-2/100 Hours/Paper-mill/MTL-RC00080-025.mp4 -> gs://100hr-data/Paper-mill/Videos/MTL-RC00080-025.mp4
OK    /Volumes/Samsung 990-2/100 Hours/Paper-mill/MTL-RC00080-031.mp4 -> gs://100hr-data/Paper-mill/Videos/MTL-RC00080-031.mp4
OK    /Volumes/Samsung 990-2/100 Hours/Paper-mill/MTL-RC00072-035.txt -> gs://100hr-data/Paper-mill/IMU/MTL-RC00072-035.txt
OK    /Volumes/Samsung 990-2/100 Hours/Paper-mill/MTL-RC00072-037.txt -> gs://100hr-data/Paper-mill/IMU/MTL-RC00072-037.txt
OK    /Volumes/Samsung 990-2/100 Hours/Paper-mill/MTL-RC00072-023.txt -> gs://100hr-data/Paper-mill/IMU/MTL-RC00072-023.txt
OK    /Volumes/Samsung 990-2/100 Hours/Paper-mill/MTL-RC00080-027.mp4 -> gs://100hr-data/Paper-mill/Videos/MTL-RC00080-027.mp4
OK    /Volumes/Samsung 990-2/100 Hours/Paper-mill/MTL-RC00080-067.txt -> gs://100hr-data/Paper-mill/IMU/MTL-RC00080-067.txt
OK    /Volumes/Samsung 990-2/100 Hours/Paper-mill/MTL-RC00072-144.aac -> gs://100hr-data/Paper-mill/IMU/MTL-RC00072-144.aac
OK    /Volumes/Samsung 990-2/100 Hours/Paper-mill/MTL-RC00072-063.mp4 -> gs://100hr-data/Paper-mill/Videos/MTL-RC00072-063.mp4
OK    /Volumes/Samsung 990-2/100 Hours/Paper-mill/MTL-RC00070-069.aac -> gs://100hr-data/Paper-mill/IMU/MTL-RC00070-069.aac
OK    /Volumes/Samsung 990-2/100 Hours/Paper-mill/MTL-RC00075-138.aac -> gs://100hr-data/Paper-mill/IMU/MTL-RC00075-138.aac
OK    /Volumes/Samsung 990-2/100 Hours/Paper-mill/MTL-RC00075-104.aac -> gs://100hr-data/Paper-mill/IMU/MTL-RC00075-104.aac
OK    /Volumes/Samsung 990-2/100 Hours/Paper-mill/MTL-RC00075-023.mp4 -> gs://100hr-data/Paper-mill/Videos/MTL-RC00075-023.mp4
OK    /Volumes/Samsung 990-2/100 Hours/Paper-mill/MTL-RC00070-126.txt -> gs://100hr-data/Paper-mill/IMU/MTL-RC00070-126.txt
OK    /Volumes/Samsung 990-2/100 Hours/Paper-mill/MTL-RC00076-038.aac -> gs://100hr-data/Paper-mill/IMU/MTL-RC00076-038.aac
OK    /Volumes/Samsung 990-2/100 Hours/Paper-mill/MTL-RC00082-039.aac -> gs://100hr-data/Paper-mill/IMU/MTL-RC00082-039.aac
OK    /Volumes/Samsung 990-2/100 Hours/Paper-mill/MTL-RC00075-063.txt -> gs://100hr-data/Paper-mill/IMU/MTL-RC00075-063.txt
OK    /Volumes/Samsung 990-2/100 Hours/Paper-mill/MTL-RC00066-038.aac -> gs://100hr-data/Paper-mill/IMU/MTL-RC00066-038.aac
OK    /Volumes/Samsung 990-2/100 Hours/Paper-mill/MTL-RC00066-010.aac -> gs://100hr-data/Paper-mill/IMU/MTL-RC00066-010.aac
OK    /Volumes/Samsung 990-2/100 Hours/Paper-mill/MTL-RC00066-123.mp4 -> gs://100hr-data/Paper-mill/Videos/MTL-RC00066-123.mp4
OK    /Volumes/Samsung 990-2/100 Hours/Paper-mill/MTL-RC00082-005.aac -> gs://100hr-data/Paper-mill/IMU/MTL-RC00082-005.aac
OK    /Volumes/Samsung 990-2/100 Hours/Paper-mill/MTL-RC00082-122.mp4 -> gs://100hr-data/Paper-mill/Videos/MTL-RC00082-122.mp4
OK    /Volumes/Samsung 990-2/100 Hours/Paper-mill/MTL-RC00082-011.aac -> gs://100hr-data/Paper-mill/IMU/MTL-RC00082-011.aac
OK    /Volumes/Samsung 990-2/100 Hours/Paper-mill/MTL-RC00070-082.aac -> gs://100hr-data/Paper-mill/IMU/MTL-RC00070-082.aac
OK    /Volumes/Samsung 990-2/100 Hours/Paper-mill/MTL-RC00066-137.mp4 -> gs://100hr-data/Paper-mill/Videos/MTL-RC00066-137.mp4
OK    /Volumes/Samsung 990-2/100 Hours/Paper-mill/MTL-RC00066-017.txt -> gs://100hr-data/Paper-mill/IMU/MTL-RC00066-017.txt
OK    /Volumes/Samsung 990-2/100 Hours/Paper-mill/MTL-RC00075-058.aac -> gs://100hr-data/Paper-mill/IMU/MTL-RC00075-058.aac
OK    /Volumes/Samsung 990-2/100 Hours/Paper-mill/MTL-RC00082-016.txt -> gs://100hr-data/Paper-mill/IMU/MTL-RC00082-016.txt
OK    /Volumes/Samsung 990-2/100 Hours/Paper-mill/MTL-RC00070-109.aac -> gs://100hr-data/Paper-mill/IMU/MTL-RC00070-109.aac
OK    /Volumes/Samsung 990-2/100 Hours/Paper-mill/MTL-RC00070-085.txt -> gs://100hr-data/Paper-mill/IMU/MTL-RC00070-085.txt
OK    /Volumes/Samsung 990-2/100 Hours/Paper-mill/MTL-RC00066-094.mp4 -> gs://100hr-data/Paper-mill/Videos/MTL-RC00066-094.mp4
OK    /Volumes/Samsung 990-2/100 Hours/Paper-mill/MTL-RC00070-012.mp4 -> gs://100hr-data/Paper-mill/Videos/MTL-RC00070-012.mp4
OK    /Volumes/Samsung 990-2/100 Hours/Paper-mill/MTL-RC00076-080.mp4 -> gs://100hr-data/Paper-mill/Videos/MTL-RC00076-080.mp4
OK    /Volumes/Samsung 990-2/100 Hours/Paper-mill/MTL-RC00075-064.aac -> gs://100hr-data/Paper-mill/IMU/MTL-RC00075-064.aac
OK    /Volumes/Samsung 990-2/100 Hours/Paper-mill/MTL-RC00082-095.mp4 -> gs://100hr-data/Paper-mill/Videos/MTL-RC00082-095.mp4
OK    /Volumes/Samsung 990-2/100 Hours/Paper-mill/MTL-RC00070-135.aac -> gs://100hr-data/Paper-mill/IMU/MTL-RC00070-135.aac
OK    /Volumes/Samsung 990-2/100 Hours/Paper-mill/MTL-RC00070-052.txt -> gs://100hr-data/Paper-mill/IMU/MTL-RC00070-052.txt
OK    /Volumes/Samsung 990-2/100 Hours/Paper-mill/MTL-RC00075-103.txt -> gs://100hr-data/Paper-mill/IMU/MTL-RC00075-103.txt
OK    /Volumes/Samsung 990-2/100 Hours/Paper-mill/MTL-RC00070-046.txt -> gs://100hr-data/Paper-mill/IMU/MTL-RC00070-046.txt
OK    /Volumes/Samsung 990-2/100 Hours/Paper-mill/MTL-RC00066-057.mp4 -> gs://100hr-data/Paper-mill/Videos/MTL-RC00066-057.mp4
OK    /Volumes/Samsung 990-2/100 Hours/Paper-mill/MTL-RC00076-043.mp4 -> gs://100hr-data/Paper-mill/Videos/MTL-RC00076-043.mp4
OK    /Volumes/Samsung 990-2/100 Hours/Paper-mill/MTL-RC00082-042.mp4 -> gs://100hr-data/Paper-mill/Videos/MTL-RC00082-042.mp4
OK    /Volumes/Samsung 990-2/100 Hours/Paper-mill/MTL-RC00076-057.mp4 -> gs://100hr-data/Paper-mill/Videos/MTL-RC00076-057.mp4
OK    /Volumes/Samsung 990-2/100 Hours/Paper-mill/MTL-RC00082-056.mp4 -> gs://100hr-data/Paper-mill/Videos/MTL-RC00082-056.mp4
OK    /Volumes/Samsung 990-2/100 Hours/Paper-mill/MTL-RC00066-043.mp4 -> gs://100hr-data/Paper-mill/Videos/MTL-RC00066-043.mp4
OK    /Volumes/Samsung 990-2/100 Hours/Paper-mill/MTL-RC00067-012.txt -> gs://100hr-data/Paper-mill/IMU/MTL-RC00067-012.txt
OK    /Volumes/Samsung 990-2/100 Hours/Paper-mill/MTL-RC00080-060.aac -> gs://100hr-data/Paper-mill/IMU/MTL-RC00080-060.aac
OK    /Volumes/Samsung 990-2/100 Hours/Paper-mill/MTL-RC00067-085.mp4 -> gs://100hr-data/Paper-mill/Videos/MTL-RC00067-085.mp4
OK    /Volumes/Samsung 990-2/100 Hours/Paper-mill/MTL-RC00067-046.mp4 -> gs://100hr-data/Paper-mill/Videos/MTL-RC00067-046.mp4
OK    /Volumes/Samsung 990-2/100 Hours/Paper-mill/MTL-RC00072-024.aac -> gs://100hr-data/Paper-mill/IMU/MTL-RC00072-024.aac
OK    /Volumes/Samsung 990-2/100 Hours/Paper-mill/MTL-RC00067-052.mp4 -> gs://100hr-data/Paper-mill/Videos/MTL-RC00067-052.mp4
OK    /Volumes/Samsung 990-2/100 Hours/Paper-mill/MTL-RC00067-053.mp4 -> gs://100hr-data/Paper-mill/Videos/MTL-RC00067-053.mp4
OK    /Volumes/Samsung 990-2/100 Hours/Paper-mill/MTL-RC00072-025.aac -> gs://100hr-data/Paper-mill/IMU/MTL-RC00072-025.aac
OK    /Volumes/Samsung 990-2/100 Hours/Paper-mill/MTL-RC00072-116.mp4 -> gs://100hr-data/Paper-mill/Videos/MTL-RC00072-116.mp4
OK    /Volumes/Samsung 990-2/100 Hours/Paper-mill/MTL-RC00072-031.aac -> gs://100hr-data/Paper-mill/IMU/MTL-RC00072-031.aac
OK    /Volumes/Samsung 990-2/100 Hours/Paper-mill/MTL-RC00067-090.mp4 -> gs://100hr-data/Paper-mill/Videos/MTL-RC00067-090.mp4
OK    /Volumes/Samsung 990-2/100 Hours/Paper-mill/MTL-RC00080-075.aac -> gs://100hr-data/Paper-mill/IMU/MTL-RC00080-075.aac
OK    /Volumes/Samsung 990-2/100 Hours/Paper-mill/MTL-RC00080-061.aac -> gs://100hr-data/Paper-mill/IMU/MTL-RC00080-061.aac
OK    /Volumes/Samsung 990-2/100 Hours/Paper-mill/MTL-RC00072-156.txt -> gs://100hr-data/Paper-mill/IMU/MTL-RC00072-156.txt
OK    /Volumes/Samsung 990-2/100 Hours/Paper-mill/MTL-RC00067-013.txt -> gs://100hr-data/Paper-mill/IMU/MTL-RC00067-013.txt
OK    /Volumes/Samsung 990-2/100 Hours/Paper-mill/MTL-RC00080-049.aac -> gs://100hr-data/Paper-mill/IMU/MTL-RC00080-049.aac
OK    /Volumes/Samsung 990-2/100 Hours/Paper-mill/MTL-RC00076-056.mp4 -> gs://100hr-data/Paper-mill/Videos/MTL-RC00076-056.mp4
OK    /Volumes/Samsung 990-2/100 Hours/Paper-mill/MTL-RC00082-057.mp4 -> gs://100hr-data/Paper-mill/Videos/MTL-RC00082-057.mp4
OK    /Volumes/Samsung 990-2/100 Hours/Paper-mill/MTL-RC00066-042.mp4 -> gs://100hr-data/Paper-mill/Videos/MTL-RC00066-042.mp4
OK    /Volumes/Samsung 990-2/100 Hours/Paper-mill/MTL-RC00066-056.mp4 -> gs://100hr-data/Paper-mill/Videos/MTL-RC00066-056.mp4
OK    /Volumes/Samsung 990-2/100 Hours/Paper-mill/MTL-RC00076-042.mp4 -> gs://100hr-data/Paper-mill/Videos/MTL-RC00076-042.mp4
OK    /Volumes/Samsung 990-2/100 Hours/Paper-mill/MTL-RC00082-043.mp4 -> gs://100hr-data/Paper-mill/Videos/MTL-RC00082-043.mp4
OK    /Volumes/Samsung 990-2/100 Hours/Paper-mill/MTL-RC00075-116.txt -> gs://100hr-data/Paper-mill/IMU/MTL-RC00075-116.txt
OK    /Volumes/Samsung 990-2/100 Hours/Paper-mill/MTL-RC00070-053.txt -> gs://100hr-data/Paper-mill/IMU/MTL-RC00070-053.txt
OK    /Volumes/Samsung 990-2/100 Hours/Paper-mill/MTL-RC00075-156.mp4 -> gs://100hr-data/Paper-mill/Videos/MTL-RC00075-156.mp4
OK    /Volumes/Samsung 990-2/100 Hours/Paper-mill/MTL-RC00082-094.mp4 -> gs://100hr-data/Paper-mill/Videos/MTL-RC00082-094.mp4
OK    /Volumes/Samsung 990-2/100 Hours/Paper-mill/MTL-RC00075-065.aac -> gs://100hr-data/Paper-mill/IMU/MTL-RC00075-065.aac
OK    /Volumes/Samsung 990-2/100 Hours/Paper-mill/MTL-RC00070-134.aac -> gs://100hr-data/Paper-mill/IMU/MTL-RC00070-134.aac
OK    /Volumes/Samsung 990-2/100 Hours/Paper-mill/MTL-RC00070-013.mp4 -> gs://100hr-data/Paper-mill/Videos/MTL-RC00070-013.mp4
OK    /Volumes/Samsung 990-2/100 Hours/Paper-mill/MTL-RC00070-120.aac -> gs://100hr-data/Paper-mill/IMU/MTL-RC00070-120.aac
OK    /Volumes/Samsung 990-2/100 Hours/Paper-mill/MTL-RC00075-071.aac -> gs://100hr-data/Paper-mill/IMU/MTL-RC00075-071.aac
OK    /Volumes/Samsung 990-2/100 Hours/Paper-mill/MTL-RC00075-142.mp4 -> gs://100hr-data/Paper-mill/Videos/MTL-RC00075-142.mp4
OK    /Volumes/Samsung 990-2/100 Hours/Paper-mill/MTL-RC00082-080.mp4 -> gs://100hr-data/Paper-mill/Videos/MTL-RC00082-080.mp4
OK    /Volumes/Samsung 990-2/100 Hours/Paper-mill/MTL-RC00082-017.txt -> gs://100hr-data/Paper-mill/IMU/MTL-RC00082-017.txt
OK    /Volumes/Samsung 990-2/100 Hours/Paper-mill/MTL-RC00070-108.aac -> gs://100hr-data/Paper-mill/IMU/MTL-RC00070-108.aac
OK    /Volumes/Samsung 990-2/100 Hours/Paper-mill/MTL-RC00070-090.txt -> gs://100hr-data/Paper-mill/IMU/MTL-RC00070-090.txt
OK    /Volumes/Samsung 990-2/100 Hours/Paper-mill/MTL-RC00066-016.txt -> gs://100hr-data/Paper-mill/IMU/MTL-RC00066-016.txt
OK    /Volumes/Samsung 990-2/100 Hours/Paper-mill/MTL-RC00082-010.aac -> gs://100hr-data/Paper-mill/IMU/MTL-RC00082-010.aac
OK    /Volumes/Samsung 990-2/100 Hours/Paper-mill/MTL-RC00082-123.mp4 -> gs://100hr-data/Paper-mill/Videos/MTL-RC00082-123.mp4
OK    /Volumes/Samsung 990-2/100 Hours/Paper-mill/MTL-RC00066-005.aac -> gs://100hr-data/Paper-mill/IMU/MTL-RC00066-005.aac
OK    /Volumes/Samsung 990-2/100 Hours/Paper-mill/MTL-RC00070-083.aac -> gs://100hr-data/Paper-mill/IMU/MTL-RC00070-083.aac
OK    /Volumes/Samsung 990-2/100 Hours/Paper-mill/MTL-RC00066-122.mp4 -> gs://100hr-data/Paper-mill/Videos/MTL-RC00066-122.mp4
OK    /Volumes/Samsung 990-2/100 Hours/Paper-mill/MTL-RC00070-097.aac -> gs://100hr-data/Paper-mill/IMU/MTL-RC00070-097.aac
OK    /Volumes/Samsung 990-2/100 Hours/Paper-mill/MTL-RC00082-137.mp4 -> gs://100hr-data/Paper-mill/Videos/MTL-RC00082-137.mp4
OK    /Volumes/Samsung 990-2/100 Hours/Paper-mill/MTL-RC00070-133.txt -> gs://100hr-data/Paper-mill/IMU/MTL-RC00070-133.txt
OK    /Volumes/Samsung 990-2/100 Hours/Paper-mill/MTL-RC00066-039.aac -> gs://100hr-data/Paper-mill/IMU/MTL-RC00066-039.aac
OK    /Volumes/Samsung 990-2/100 Hours/Paper-mill/MTL-RC00070-127.txt -> gs://100hr-data/Paper-mill/IMU/MTL-RC00070-127.txt
OK    /Volumes/Samsung 990-2/100 Hours/Paper-mill/MTL-RC00076-039.aac -> gs://100hr-data/Paper-mill/IMU/MTL-RC00076-039.aac
OK    /Volumes/Samsung 990-2/100 Hours/Paper-mill/MTL-RC00082-038.aac -> gs://100hr-data/Paper-mill/IMU/MTL-RC00082-038.aac
OK    /Volumes/Samsung 990-2/100 Hours/Paper-mill/MTL-RC00075-111.aac -> gs://100hr-data/Paper-mill/IMU/MTL-RC00075-111.aac
OK    /Volumes/Samsung 990-2/100 Hours/Paper-mill/MTL-RC00070-054.aac -> gs://100hr-data/Paper-mill/IMU/MTL-RC00070-054.aac
OK    /Volumes/Samsung 990-2/100 Hours/Paper-mill/MTL-RC00075-105.aac -> gs://100hr-data/Paper-mill/IMU/MTL-RC00075-105.aac
OK    /Volumes/Samsung 990-2/100 Hours/Paper-mill/MTL-RC00075-089.txt -> gs://100hr-data/Paper-mill/IMU/MTL-RC00075-089.txt
OK    /Volumes/Samsung 990-2/100 Hours/Paper-mill/MTL-RC00070-068.aac -> gs://100hr-data/Paper-mill/IMU/MTL-RC00070-068.aac
OK    /Volumes/Samsung 990-2/100 Hours/Paper-mill/MTL-RC00067-014.aac -> gs://100hr-data/Paper-mill/IMU/MTL-RC00067-014.aac
OK    /Volumes/Samsung 990-2/100 Hours/Paper-mill/MTL-RC00072-076.mp4 -> gs://100hr-data/Paper-mill/Videos/MTL-RC00072-076.mp4
OK    /Volumes/Samsung 990-2/100 Hours/Paper-mill/MTL-RC00072-145.aac -> gs://100hr-data/Paper-mill/IMU/MTL-RC00072-145.aac
OK    /Volumes/Samsung 990-2/100 Hours/Paper-mill/MTL-RC00067-028.aac -> gs://100hr-data/Paper-mill/IMU/MTL-RC00067-028.aac
OK    /Volumes/Samsung 990-2/100 Hours/Paper-mill/MTL-RC00080-072.txt -> gs://100hr-data/Paper-mill/IMU/MTL-RC00080-072.txt
OK    /Volumes/Samsung 990-2/100 Hours/Paper-mill/MTL-RC00080-032.mp4 -> gs://100hr-data/Paper-mill/Videos/MTL-RC00080-032.mp4
OK    /Volumes/Samsung 990-2/100 Hours/Paper-mill/MTL-RC00072-089.mp4 -> gs://100hr-data/Paper-mill/Videos/MTL-RC00072-089.mp4
OK    /Volumes/Samsung 990-2/100 Hours/Paper-mill/MTL-RC00080-041.mp4 -> gs://100hr-data/Paper-mill/Videos/MTL-RC00080-041.mp4
OK    /Volumes/Samsung 990-2/100 Hours/Paper-mill/MTL-RC00072-079.txt -> gs://100hr-data/Paper-mill/IMU/MTL-RC00072-079.txt
OK    /Volumes/Samsung 990-2/100 Hours/Paper-mill/MTL-RC00067-098.aac -> gs://100hr-data/Paper-mill/IMU/MTL-RC00067-098.aac
OK    /Volumes/Samsung 990-2/100 Hours/Paper-mill/MTL-RC00067-114.txt -> gs://100hr-data/Paper-mill/IMU/MTL-RC00067-114.txt
OK    /Volumes/Samsung 990-2/100 Hours/Paper-mill/MTL-RC00072-045.txt -> gs://100hr-data/Paper-mill/IMU/MTL-RC00072-045.txt
OK    /Volumes/Samsung 990-2/100 Hours/Paper-mill/MTL-RC00067-100.txt -> gs://100hr-data/Paper-mill/IMU/MTL-RC00067-100.txt
OK    /Volumes/Samsung 990-2/100 Hours/Paper-mill/MTL-RC00080-069.mp4 -> gs://100hr-data/Paper-mill/Videos/MTL-RC00080-069.mp4
OK    /Volumes/Samsung 990-2/100 Hours/Paper-mill/MTL-RC00080-082.mp4 -> gs://100hr-data/Paper-mill/Videos/MTL-RC00080-082.mp4
OK    /Volumes/Samsung 990-2/100 Hours/Paper-mill/MTL-RC00067-067.aac -> gs://100hr-data/Paper-mill/IMU/MTL-RC00067-067.aac
OK    /Volumes/Samsung 990-2/100 Hours/Paper-mill/MTL-RC00072-122.aac -> gs://100hr-data/Paper-mill/IMU/MTL-RC00072-122.aac
OK    /Volumes/Samsung 990-2/100 Hours/Paper-mill/MTL-RC00072-005.mp4 -> gs://100hr-data/Paper-mill/Videos/MTL-RC00072-005.mp4
OK    /Volumes/Samsung 990-2/100 Hours/Paper-mill/MTL-RC00072-092.txt -> gs://100hr-data/Paper-mill/IMU/MTL-RC00072-092.txt
OK    /Volumes/Samsung 990-2/100 Hours/Paper-mill/MTL-RC00072-039.mp4 -> gs://100hr-data/Paper-mill/Videos/MTL-RC00072-039.mp4
OK    /Volumes/Samsung 990-2/100 Hours/Paper-mill/MTL-RC00072-086.txt -> gs://100hr-data/Paper-mill/IMU/MTL-RC00072-086.txt
OK    /Volumes/Samsung 990-2/100 Hours/Paper-mill/MTL-RC00070-100.mp4 -> gs://100hr-data/Paper-mill/Videos/MTL-RC00070-100.mp4
OK    /Volumes/Samsung 990-2/100 Hours/Paper-mill/MTL-RC00075-045.mp4 -> gs://100hr-data/Paper-mill/Videos/MTL-RC00075-045.mp4
OK    /Volumes/Samsung 990-2/100 Hours/Paper-mill/MTL-RC00082-138.txt -> gs://100hr-data/Paper-mill/IMU/MTL-RC00082-138.txt
OK    /Volumes/Samsung 990-2/100 Hours/Paper-mill/MTL-RC00070-027.aac -> gs://100hr-data/Paper-mill/IMU/MTL-RC00070-027.aac
OK    /Volumes/Samsung 990-2/100 Hours/Paper-mill/MTL-RC00066-105.txt -> gs://100hr-data/Paper-mill/IMU/MTL-RC00066-105.txt
OK    /Volumes/Samsung 990-2/100 Hours/Paper-mill/MTL-RC00066-089.aac -> gs://100hr-data/Paper-mill/IMU/MTL-RC00066-089.aac
OK    /Volumes/Samsung 990-2/100 Hours/Paper-mill/MTL-RC00082-104.txt -> gs://100hr-data/Paper-mill/IMU/MTL-RC00082-104.txt
OK    /Volumes/Samsung 990-2/100 Hours/Paper-mill/MTL-RC00076-089.aac -> gs://100hr-data/Paper-mill/IMU/MTL-RC00076-089.aac
OK    /Volumes/Samsung 990-2/100 Hours/Paper-mill/MTL-RC00082-088.aac -> gs://100hr-data/Paper-mill/IMU/MTL-RC00082-088.aac
OK    /Volumes/Samsung 990-2/100 Hours/Paper-mill/MTL-RC00075-079.mp4 -> gs://100hr-data/Paper-mill/Videos/MTL-RC00075-079.mp4
OK    /Volumes/Samsung 990-2/100 Hours/Paper-mill/MTL-RC00066-111.txt -> gs://100hr-data/Paper-mill/IMU/MTL-RC00066-111.txt
OK    /Volumes/Samsung 990-2/100 Hours/Paper-mill/MTL-RC00066-145.mp4 -> gs://100hr-data/Paper-mill/Videos/MTL-RC00066-145.mp4
OK    /Volumes/Samsung 990-2/100 Hours/Paper-mill/MTL-RC00066-076.aac -> gs://100hr-data/Paper-mill/IMU/MTL-RC00066-076.aac
OK    /Volumes/Samsung 990-2/100 Hours/Paper-mill/MTL-RC00076-062.aac -> gs://100hr-data/Paper-mill/IMU/MTL-RC00076-062.aac
OK    /Volumes/Samsung 990-2/100 Hours/Paper-mill/MTL-RC00076-076.aac -> gs://100hr-data/Paper-mill/IMU/MTL-RC00076-076.aac
OK    /Volumes/Samsung 990-2/100 Hours/Paper-mill/MTL-RC00082-077.aac -> gs://100hr-data/Paper-mill/IMU/MTL-RC00082-077.aac
OK    /Volumes/Samsung 990-2/100 Hours/Paper-mill/MTL-RC00075-039.txt -> gs://100hr-data/Paper-mill/IMU/MTL-RC00075-039.txt
OK    /Volumes/Samsung 990-2/100 Hours/Paper-mill/MTL-RC00082-144.mp4 -> gs://100hr-data/Paper-mill/Videos/MTL-RC00082-144.mp4
OK    /Volumes/Samsung 990-2/100 Hours/Paper-mill/MTL-RC00075-086.mp4 -> gs://100hr-data/Paper-mill/Videos/MTL-RC00075-086.mp4
OK    /Volumes/Samsung 990-2/100 Hours/Paper-mill/MTL-RC00066-151.mp4 -> gs://100hr-data/Paper-mill/Videos/MTL-RC00066-151.mp4
OK    /Volumes/Samsung 990-2/100 Hours/Paper-mill/MTL-RC00070-140.txt -> gs://100hr-data/Paper-mill/IMU/MTL-RC00070-140.txt
OK    /Volumes/Samsung 990-2/100 Hours/Paper-mill/MTL-RC00075-005.txt -> gs://100hr-data/Paper-mill/IMU/MTL-RC00075-005.txt
OK    /Volumes/Samsung 990-2/100 Hours/Paper-mill/MTL-RC00070-074.mp4 -> gs://100hr-data/Paper-mill/Videos/MTL-RC00070-074.mp4
OK    /Volumes/Samsung 990-2/100 Hours/Paper-mill/MTL-RC00075-016.aac -> gs://100hr-data/Paper-mill/IMU/MTL-RC00075-016.aac
OK    /Volumes/Samsung 990-2/100 Hours/Paper-mill/MTL-RC00076-059.txt -> gs://100hr-data/Paper-mill/IMU/MTL-RC00076-059.txt
OK    /Volumes/Samsung 990-2/100 Hours/Paper-mill/MTL-RC00082-058.txt -> gs://100hr-data/Paper-mill/IMU/MTL-RC00082-058.txt
OK    /Volumes/Samsung 990-2/100 Hours/Paper-mill/MTL-RC00075-131.mp4 -> gs://100hr-data/Paper-mill/Videos/MTL-RC00075-131.mp4
OK    /Volumes/Samsung 990-2/100 Hours/Paper-mill/MTL-RC00070-060.mp4 -> gs://100hr-data/Paper-mill/Videos/MTL-RC00070-060.mp4
OK    /Volumes/Samsung 990-2/100 Hours/Paper-mill/MTL-RC00066-059.txt -> gs://100hr-data/Paper-mill/IMU/MTL-RC00066-059.txt
OK    /Volumes/Samsung 990-2/100 Hours/Paper-mill/MTL-RC00066-071.txt -> gs://100hr-data/Paper-mill/IMU/MTL-RC00066-071.txt
OK    /Volumes/Samsung 990-2/100 Hours/Paper-mill/MTL-RC00075-119.mp4 -> gs://100hr-data/Paper-mill/Videos/MTL-RC00075-119.mp4
OK    /Volumes/Samsung 990-2/100 Hours/Paper-mill/MTL-RC00076-065.txt -> gs://100hr-data/Paper-mill/IMU/MTL-RC00076-065.txt
OK    /Volumes/Samsung 990-2/100 Hours/Paper-mill/MTL-RC00082-064.txt -> gs://100hr-data/Paper-mill/IMU/MTL-RC00082-064.txt
OK    /Volumes/Samsung 990-2/100 Hours/Paper-mill/MTL-RC00076-071.txt -> gs://100hr-data/Paper-mill/IMU/MTL-RC00076-071.txt
OK    /Volumes/Samsung 990-2/100 Hours/Paper-mill/MTL-RC00082-070.txt -> gs://100hr-data/Paper-mill/IMU/MTL-RC00082-070.txt
OK    /Volumes/Samsung 990-2/100 Hours/Paper-mill/MTL-RC00066-031.mp4 -> gs://100hr-data/Paper-mill/Videos/MTL-RC00066-031.mp4
OK    /Volumes/Samsung 990-2/100 Hours/Paper-mill/MTL-RC00066-102.aac -> gs://100hr-data/Paper-mill/IMU/MTL-RC00066-102.aac
OK    /Volumes/Samsung 990-2/100 Hours/Paper-mill/MTL-RC00076-025.mp4 -> gs://100hr-data/Paper-mill/Videos/MTL-RC00076-025.mp4
OK    /Volumes/Samsung 990-2/100 Hours/Paper-mill/MTL-RC00082-024.mp4 -> gs://100hr-data/Paper-mill/Videos/MTL-RC00082-024.mp4
OK    /Volumes/Samsung 990-2/100 Hours/Paper-mill/MTL-RC00075-159.txt -> gs://100hr-data/Paper-mill/IMU/MTL-RC00075-159.txt
OK    /Volumes/Samsung 990-2/100 Hours/Paper-mill/MTL-RC00082-117.aac -> gs://100hr-data/Paper-mill/IMU/MTL-RC00082-117.aac
OK    /Volumes/Samsung 990-2/100 Hours/Paper-mill/MTL-RC00076-031.mp4 -> gs://100hr-data/Paper-mill/Videos/MTL-RC00076-031.mp4
OK    /Volumes/Samsung 990-2/100 Hours/Paper-mill/MTL-RC00082-030.mp4 -> gs://100hr-data/Paper-mill/Videos/MTL-RC00082-030.mp4
OK    /Volumes/Samsung 990-2/100 Hours/Paper-mill/MTL-RC00066-116.aac -> gs://100hr-data/Paper-mill/IMU/MTL-RC00066-116.aac
OK    /Volumes/Samsung 990-2/100 Hours/Paper-mill/MTL-RC00070-034.txt -> gs://100hr-data/Paper-mill/IMU/MTL-RC00070-034.txt
OK    /Volumes/Samsung 990-2/100 Hours/Paper-mill/MTL-RC00082-018.mp4 -> gs://100hr-data/Paper-mill/Videos/MTL-RC00082-018.mp4
OK    /Volumes/Samsung 990-2/100 Hours/Paper-mill/MTL-RC00066-019.mp4 -> gs://100hr-data/Paper-mill/Videos/MTL-RC00066-019.mp4
OK    /Volumes/Samsung 990-2/100 Hours/Paper-mill/MTL-RC00070-020.txt -> gs://100hr-data/Paper-mill/IMU/MTL-RC00070-020.txt
OK    /Volumes/Samsung 990-2/100 Hours/Paper-mill/MTL-RC00072-119.txt -> gs://100hr-data/Paper-mill/IMU/MTL-RC00072-119.txt
OK    /Volumes/Samsung 990-2/100 Hours/Paper-mill/MTL-RC00067-048.txt -> gs://100hr-data/Paper-mill/IMU/MTL-RC00067-048.txt
OK    /Volumes/Samsung 990-2/100 Hours/Paper-mill/MTL-RC00067-060.txt -> gs://100hr-data/Paper-mill/IMU/MTL-RC00067-060.txt
OK    /Volumes/Samsung 990-2/100 Hours/Paper-mill/MTL-RC00072-125.txt -> gs://100hr-data/Paper-mill/IMU/MTL-RC00072-125.txt
OK    /Volumes/Samsung 990-2/100 Hours/Paper-mill/MTL-RC00067-074.txt -> gs://100hr-data/Paper-mill/IMU/MTL-RC00067-074.txt
OK    /Volumes/Samsung 990-2/100 Hours/Paper-mill/MTL-RC00067-113.aac -> gs://100hr-data/Paper-mill/IMU/MTL-RC00067-113.aac
OK    /Volumes/Samsung 990-2/100 Hours/Paper-mill/MTL-RC00072-056.aac -> gs://100hr-data/Paper-mill/IMU/MTL-RC00072-056.aac
OK    /Volumes/Samsung 990-2/100 Hours/Paper-mill/MTL-RC00067-020.mp4 -> gs://100hr-data/Paper-mill/Videos/MTL-RC00067-020.mp4
OK    /Volumes/Samsung 990-2/100 Hours/Paper-mill/MTL-RC00072-042.aac -> gs://100hr-data/Paper-mill/IMU/MTL-RC00072-042.aac
OK    /Volumes/Samsung 990-2/100 Hours/Paper-mill/MTL-RC00067-034.mp4 -> gs://100hr-data/Paper-mill/Videos/MTL-RC00067-034.mp4
OK    /Volumes/Samsung 990-2/100 Hours/Paper-mill/MTL-RC00067-009.mp4 -> gs://100hr-data/Paper-mill/Videos/MTL-RC00067-009.mp4
OK    /Volumes/Samsung 990-2/100 Hours/Paper-mill/MTL-RC00067-035.mp4 -> gs://100hr-data/Paper-mill/Videos/MTL-RC00067-035.mp4
OK    /Volumes/Samsung 990-2/100 Hours/Paper-mill/MTL-RC00072-043.aac -> gs://100hr-data/Paper-mill/IMU/MTL-RC00072-043.aac
OK    /Volumes/Samsung 990-2/100 Hours/Paper-mill/MTL-RC00067-021.mp4 -> gs://100hr-data/Paper-mill/Videos/MTL-RC00067-021.mp4
OK    /Volumes/Samsung 990-2/100 Hours/Paper-mill/MTL-RC00072-057.aac -> gs://100hr-data/Paper-mill/IMU/MTL-RC00072-057.aac
OK    /Volumes/Samsung 990-2/100 Hours/Paper-mill/MTL-RC00067-112.aac -> gs://100hr-data/Paper-mill/IMU/MTL-RC00067-112.aac
OK    /Volumes/Samsung 990-2/100 Hours/Paper-mill/MTL-RC00067-075.txt -> gs://100hr-data/Paper-mill/IMU/MTL-RC00067-075.txt
OK    /Volumes/Samsung 990-2/100 Hours/Paper-mill/MTL-RC00072-130.txt -> gs://100hr-data/Paper-mill/IMU/MTL-RC00072-130.txt
OK    /Volumes/Samsung 990-2/100 Hours/Paper-mill/MTL-RC00067-061.txt -> gs://100hr-data/Paper-mill/IMU/MTL-RC00067-061.txt
OK    /Volumes/Samsung 990-2/100 Hours/Paper-mill/MTL-RC00072-080.aac -> gs://100hr-data/Paper-mill/IMU/MTL-RC00072-080.aac
OK    /Volumes/Samsung 990-2/100 Hours/Paper-mill/MTL-RC00067-049.txt -> gs://100hr-data/Paper-mill/IMU/MTL-RC00067-049.txt
OK    /Volumes/Samsung 990-2/100 Hours/Paper-mill/MTL-RC00072-094.aac -> gs://100hr-data/Paper-mill/IMU/MTL-RC00072-094.aac
OK    /Volumes/Samsung 990-2/100 Hours/Paper-mill/MTL-RC00072-118.txt -> gs://100hr-data/Paper-mill/IMU/MTL-RC00072-118.txt
OK    /Volumes/Samsung 990-2/100 Hours/Paper-mill/MTL-RC00070-035.txt -> gs://100hr-data/Paper-mill/IMU/MTL-RC00070-035.txt
OK    /Volumes/Samsung 990-2/100 Hours/Paper-mill/MTL-RC00082-019.mp4 -> gs://100hr-data/Paper-mill/Videos/MTL-RC00082-019.mp4
OK    /Volumes/Samsung 990-2/100 Hours/Paper-mill/MTL-RC00076-030.mp4 -> gs://100hr-data/Paper-mill/Videos/MTL-RC00076-030.mp4
OK    /Volumes/Samsung 990-2/100 Hours/Paper-mill/MTL-RC00082-031.mp4 -> gs://100hr-data/Paper-mill/Videos/MTL-RC00082-031.mp4
OK    /Volumes/Samsung 990-2/100 Hours/Paper-mill/MTL-RC00082-102.aac -> gs://100hr-data/Paper-mill/IMU/MTL-RC00082-102.aac
OK    /Volumes/Samsung 990-2/100 Hours/Paper-mill/MTL-RC00066-024.mp4 -> gs://100hr-data/Paper-mill/Videos/MTL-RC00066-024.mp4
OK    /Volumes/Samsung 990-2/100 Hours/Paper-mill/MTL-RC00070-009.txt -> gs://100hr-data/Paper-mill/IMU/MTL-RC00070-009.txt
OK    /Volumes/Samsung 990-2/100 Hours/Paper-mill/MTL-RC00066-030.mp4 -> gs://100hr-data/Paper-mill/Videos/MTL-RC00066-030.mp4
OK    /Volumes/Samsung 990-2/100 Hours/Paper-mill/MTL-RC00082-116.aac -> gs://100hr-data/Paper-mill/IMU/MTL-RC00082-116.aac
OK    /Volumes/Samsung 990-2/100 Hours/Paper-mill/MTL-RC00075-158.txt -> gs://100hr-data/Paper-mill/IMU/MTL-RC00075-158.txt
OK    /Volumes/Samsung 990-2/100 Hours/Paper-mill/MTL-RC00076-024.mp4 -> gs://100hr-data/Paper-mill/Videos/MTL-RC00076-024.mp4
OK    /Volumes/Samsung 990-2/100 Hours/Paper-mill/MTL-RC00082-025.mp4 -> gs://100hr-data/Paper-mill/Videos/MTL-RC00082-025.mp4
OK    /Volumes/Samsung 990-2/100 Hours/Paper-mill/MTL-RC00076-070.txt -> gs://100hr-data/Paper-mill/IMU/MTL-RC00076-070.txt
OK    /Volumes/Samsung 990-2/100 Hours/Paper-mill/MTL-RC00082-071.txt -> gs://100hr-data/Paper-mill/IMU/MTL-RC00082-071.txt
OK    /Volumes/Samsung 990-2/100 Hours/Paper-mill/MTL-RC00066-064.txt -> gs://100hr-data/Paper-mill/IMU/MTL-RC00066-064.txt
OK    /Volumes/Samsung 990-2/100 Hours/Paper-mill/MTL-RC00066-070.txt -> gs://100hr-data/Paper-mill/IMU/MTL-RC00066-070.txt
OK    /Volumes/Samsung 990-2/100 Hours/Paper-mill/MTL-RC00070-049.mp4 -> gs://100hr-data/Paper-mill/Videos/MTL-RC00070-049.mp4
OK    /Volumes/Samsung 990-2/100 Hours/Paper-mill/MTL-RC00076-064.txt -> gs://100hr-data/Paper-mill/IMU/MTL-RC00076-064.txt
OK    /Volumes/Samsung 990-2/100 Hours/Paper-mill/MTL-RC00082-065.txt -> gs://100hr-data/Paper-mill/IMU/MTL-RC00082-065.txt
OK    /Volumes/Samsung 990-2/100 Hours/Paper-mill/MTL-RC00075-118.mp4 -> gs://100hr-data/Paper-mill/Videos/MTL-RC00075-118.mp4
OK    /Volumes/Samsung 990-2/100 Hours/Paper-mill/MTL-RC00075-130.mp4 -> gs://100hr-data/Paper-mill/Videos/MTL-RC00075-130.mp4
OK    /Volumes/Samsung 990-2/100 Hours/Paper-mill/MTL-RC00070-061.mp4 -> gs://100hr-data/Paper-mill/Videos/MTL-RC00070-061.mp4
OK    /Volumes/Samsung 990-2/100 Hours/Paper-mill/MTL-RC00070-146.aac -> gs://100hr-data/Paper-mill/IMU/MTL-RC00070-146.aac
OK    /Volumes/Samsung 990-2/100 Hours/Paper-mill/MTL-RC00070-075.mp4 -> gs://100hr-data/Paper-mill/Videos/MTL-RC00070-075.mp4
OK    /Volumes/Samsung 990-2/100 Hours/Paper-mill/MTL-RC00076-058.txt -> gs://100hr-data/Paper-mill/IMU/MTL-RC00076-058.txt
OK    /Volumes/Samsung 990-2/100 Hours/Paper-mill/MTL-RC00082-059.txt -> gs://100hr-data/Paper-mill/IMU/MTL-RC00082-059.txt
OK    /Volumes/Samsung 990-2/100 Hours/Paper-mill/MTL-RC00075-017.aac -> gs://100hr-data/Paper-mill/IMU/MTL-RC00075-017.aac
OK    /Volumes/Samsung 990-2/100 Hours/Paper-mill/MTL-RC00075-004.txt -> gs://100hr-data/Paper-mill/IMU/MTL-RC00075-004.txt
OK    /Volumes/Samsung 990-2/100 Hours/Paper-mill/MTL-RC00070-141.txt -> gs://100hr-data/Paper-mill/IMU/MTL-RC00070-141.txt
OK    /Volumes/Samsung 990-2/100 Hours/Paper-mill/MTL-RC00075-087.mp4 -> gs://100hr-data/Paper-mill/Videos/MTL-RC00075-087.mp4
OK    /Volumes/Samsung 990-2/100 Hours/Paper-mill/MTL-RC00082-145.mp4 -> gs://100hr-data/Paper-mill/Videos/MTL-RC00082-145.mp4
OK    /Volumes/Samsung 990-2/100 Hours/Paper-mill/MTL-RC00075-038.txt -> gs://100hr-data/Paper-mill/IMU/MTL-RC00075-038.txt
OK    /Volumes/Samsung 990-2/100 Hours/Paper-mill/MTL-RC00076-077.aac -> gs://100hr-data/Paper-mill/IMU/MTL-RC00076-077.aac
OK    /Volumes/Samsung 990-2/100 Hours/Paper-mill/MTL-RC00082-076.aac -> gs://100hr-data/Paper-mill/IMU/MTL-RC00082-076.aac
OK    /Volumes/Samsung 990-2/100 Hours/Paper-mill/MTL-RC00066-144.mp4 -> gs://100hr-data/Paper-mill/Videos/MTL-RC00066-144.mp4
OK    /Volumes/Samsung 990-2/100 Hours/Paper-mill/MTL-RC00082-062.aac -> gs://100hr-data/Paper-mill/IMU/MTL-RC00082-062.aac
OK    /Volumes/Samsung 990-2/100 Hours/Paper-mill/MTL-RC00075-093.mp4 -> gs://100hr-data/Paper-mill/Videos/MTL-RC00075-093.mp4
OK    /Volumes/Samsung 990-2/100 Hours/Paper-mill/MTL-RC00075-078.mp4 -> gs://100hr-data/Paper-mill/Videos/MTL-RC00075-078.mp4
OK    /Volumes/Samsung 990-2/100 Hours/Paper-mill/MTL-RC00076-088.aac -> gs://100hr-data/Paper-mill/IMU/MTL-RC00076-088.aac
OK    /Volumes/Samsung 990-2/100 Hours/Paper-mill/MTL-RC00082-089.aac -> gs://100hr-data/Paper-mill/IMU/MTL-RC00082-089.aac
OK    /Volumes/Samsung 990-2/100 Hours/Paper-mill/MTL-RC00082-105.txt -> gs://100hr-data/Paper-mill/IMU/MTL-RC00082-105.txt
OK    /Volumes/Samsung 990-2/100 Hours/Paper-mill/MTL-RC00070-129.mp4 -> gs://100hr-data/Paper-mill/Videos/MTL-RC00070-129.mp4
OK    /Volumes/Samsung 990-2/100 Hours/Paper-mill/MTL-RC00066-104.txt -> gs://100hr-data/Paper-mill/IMU/MTL-RC00066-104.txt
OK    /Volumes/Samsung 990-2/100 Hours/Paper-mill/MTL-RC00082-111.txt -> gs://100hr-data/Paper-mill/IMU/MTL-RC00082-111.txt
OK    /Volumes/Samsung 990-2/100 Hours/Paper-mill/MTL-RC00070-115.mp4 -> gs://100hr-data/Paper-mill/Videos/MTL-RC00070-115.mp4
OK    /Volumes/Samsung 990-2/100 Hours/Paper-mill/MTL-RC00070-032.aac -> gs://100hr-data/Paper-mill/IMU/MTL-RC00070-032.aac
OK    /Volumes/Samsung 990-2/100 Hours/Paper-mill/MTL-RC00070-101.mp4 -> gs://100hr-data/Paper-mill/Videos/MTL-RC00070-101.mp4
OK    /Volumes/Samsung 990-2/100 Hours/Paper-mill/MTL-RC00066-138.txt -> gs://100hr-data/Paper-mill/IMU/MTL-RC00066-138.txt
OK    /Volumes/Samsung 990-2/100 Hours/Paper-mill/MTL-RC00075-050.mp4 -> gs://100hr-data/Paper-mill/Videos/MTL-RC00075-050.mp4
OK    /Volumes/Samsung 990-2/100 Hours/Paper-mill/MTL-RC00075-163.aac -> gs://100hr-data/Paper-mill/IMU/MTL-RC00075-163.aac
OK    /Volumes/Samsung 990-2/100 Hours/Paper-mill/MTL-RC00072-038.mp4 -> gs://100hr-data/Paper-mill/Videos/MTL-RC00072-038.mp4
OK    /Volumes/Samsung 990-2/100 Hours/Paper-mill/MTL-RC00072-093.txt -> gs://100hr-data/Paper-mill/IMU/MTL-RC00072-093.txt
OK    /Volumes/Samsung 990-2/100 Hours/Paper-mill/MTL-RC00067-072.aac -> gs://100hr-data/Paper-mill/IMU/MTL-RC00067-072.aac
OK    /Volumes/Samsung 990-2/100 Hours/Paper-mill/MTL-RC00072-137.aac -> gs://100hr-data/Paper-mill/IMU/MTL-RC00072-137.aac
OK    /Volumes/Samsung 990-2/100 Hours/Paper-mill/MTL-RC00080-028.txt -> gs://100hr-data/Paper-mill/IMU/MTL-RC00080-028.txt
OK    /Volumes/Samsung 990-2/100 Hours/Paper-mill/MTL-RC00080-083.mp4 -> gs://100hr-data/Paper-mill/Videos/MTL-RC00080-083.mp4
OK    /Volumes/Samsung 990-2/100 Hours/Paper-mill/MTL-RC00072-123.aac -> gs://100hr-data/Paper-mill/IMU/MTL-RC00072-123.aac
OK    /Volumes/Samsung 990-2/100 Hours/Paper-mill/MTL-RC00072-010.mp4 -> gs://100hr-data/Paper-mill/Videos/MTL-RC00072-010.mp4
OK    /Volumes/Samsung 990-2/100 Hours/Paper-mill/MTL-RC00067-101.txt -> gs://100hr-data/Paper-mill/IMU/MTL-RC00067-101.txt
OK    /Volumes/Samsung 990-2/100 Hours/Paper-mill/MTL-RC00080-068.mp4 -> gs://100hr-data/Paper-mill/Videos/MTL-RC00080-068.mp4
OK    /Volumes/Samsung 990-2/100 Hours/Paper-mill/MTL-RC00072-050.txt -> gs://100hr-data/Paper-mill/IMU/MTL-RC00072-050.txt
OK    /Volumes/Samsung 990-2/100 Hours/Paper-mill/MTL-RC00067-115.txt -> gs://100hr-data/Paper-mill/IMU/MTL-RC00067-115.txt
OK    /Volumes/Samsung 990-2/100 Hours/Paper-mill/MTL-RC00072-078.txt -> gs://100hr-data/Paper-mill/IMU/MTL-RC00072-078.txt
OK    /Volumes/Samsung 990-2/100 Hours/Paper-mill/MTL-RC00080-054.mp4 -> gs://100hr-data/Paper-mill/Videos/MTL-RC00080-054.mp4
OK    /Volumes/Samsung 990-2/100 Hours/Paper-mill/MTL-RC00080-040.mp4 -> gs://100hr-data/Paper-mill/Videos/MTL-RC00080-040.mp4
OK    /Volumes/Samsung 990-2/100 Hours/Paper-mill/MTL-RC00080-056.mp4 -> gs://100hr-data/Paper-mill/Videos/MTL-RC00080-056.mp4
OK    /Volumes/Samsung 990-2/100 Hours/Paper-mill/MTL-RC00080-042.mp4 -> gs://100hr-data/Paper-mill/Videos/MTL-RC00080-042.mp4
OK    /Volumes/Samsung 990-2/100 Hours/Paper-mill/MTL-RC00072-046.txt -> gs://100hr-data/Paper-mill/IMU/MTL-RC00072-046.txt
OK    /Volumes/Samsung 990-2/100 Hours/Paper-mill/MTL-RC00067-103.txt -> gs://100hr-data/Paper-mill/IMU/MTL-RC00067-103.txt
OK    /Volumes/Samsung 990-2/100 Hours/Paper-mill/MTL-RC00072-052.txt -> gs://100hr-data/Paper-mill/IMU/MTL-RC00072-052.txt
OK    /Volumes/Samsung 990-2/100 Hours/Paper-mill/MTL-RC00072-135.aac -> gs://100hr-data/Paper-mill/IMU/MTL-RC00072-135.aac
OK    /Volumes/Samsung 990-2/100 Hours/Paper-mill/MTL-RC00072-006.mp4 -> gs://100hr-data/Paper-mill/Videos/MTL-RC00072-006.mp4
OK    /Volumes/Samsung 990-2/100 Hours/Paper-mill/MTL-RC00072-012.mp4 -> gs://100hr-data/Paper-mill/Videos/MTL-RC00072-012.mp4
OK    /Volumes/Samsung 990-2/100 Hours/Paper-mill/MTL-RC00067-064.aac -> gs://100hr-data/Paper-mill/IMU/MTL-RC00067-064.aac
OK    /Volumes/Samsung 990-2/100 Hours/Paper-mill/MTL-RC00072-085.txt -> gs://100hr-data/Paper-mill/IMU/MTL-RC00072-085.txt
OK    /Volumes/Samsung 990-2/100 Hours/Paper-mill/MTL-RC00072-109.aac -> gs://100hr-data/Paper-mill/IMU/MTL-RC00072-109.aac
OK    /Volumes/Samsung 990-2/100 Hours/Paper-mill/MTL-RC00067-058.aac -> gs://100hr-data/Paper-mill/IMU/MTL-RC00067-058.aac
OK    /Volumes/Samsung 990-2/100 Hours/Paper-mill/MTL-RC00070-024.aac -> gs://100hr-data/Paper-mill/IMU/MTL-RC00070-024.aac
OK    /Volumes/Samsung 990-2/100 Hours/Paper-mill/MTL-RC00075-046.mp4 -> gs://100hr-data/Paper-mill/Videos/MTL-RC00075-046.mp4
OK    /Volumes/Samsung 990-2/100 Hours/Paper-mill/MTL-RC00075-052.mp4 -> gs://100hr-data/Paper-mill/Videos/MTL-RC00075-052.mp4
OK    /Volumes/Samsung 990-2/100 Hours/Paper-mill/MTL-RC00066-112.txt -> gs://100hr-data/Paper-mill/IMU/MTL-RC00066-112.txt
OK    /Volumes/Samsung 990-2/100 Hours/Paper-mill/MTL-RC00082-107.txt -> gs://100hr-data/Paper-mill/IMU/MTL-RC00082-107.txt
OK    /Volumes/Samsung 990-2/100 Hours/Paper-mill/MTL-RC00075-149.aac -> gs://100hr-data/Paper-mill/IMU/MTL-RC00075-149.aac
OK    /Volumes/Samsung 990-2/100 Hours/Paper-mill/MTL-RC00082-113.txt -> gs://100hr-data/Paper-mill/IMU/MTL-RC00082-113.txt
OK    /Volumes/Samsung 990-2/100 Hours/Paper-mill/MTL-RC00066-061.aac -> gs://100hr-data/Paper-mill/IMU/MTL-RC00066-061.aac
OK    /Volumes/Samsung 990-2/100 Hours/Paper-mill/MTL-RC00066-152.mp4 -> gs://100hr-data/Paper-mill/Videos/MTL-RC00066-152.mp4
OK    /Volumes/Samsung 990-2/100 Hours/Paper-mill/MTL-RC00076-075.aac -> gs://100hr-data/Paper-mill/IMU/MTL-RC00076-075.aac
OK    /Volumes/Samsung 990-2/100 Hours/Paper-mill/MTL-RC00075-085.mp4 -> gs://100hr-data/Paper-mill/Videos/MTL-RC00075-085.mp4
OK    /Volumes/Samsung 990-2/100 Hours/Paper-mill/MTL-RC00076-061.aac -> gs://100hr-data/Paper-mill/IMU/MTL-RC00076-061.aac
OK    /Volumes/Samsung 990-2/100 Hours/Paper-mill/MTL-RC00082-060.aac -> gs://100hr-data/Paper-mill/IMU/MTL-RC00082-060.aac
OK    /Volumes/Samsung 990-2/100 Hours/Paper-mill/MTL-RC00066-075.aac -> gs://100hr-data/Paper-mill/IMU/MTL-RC00066-075.aac
OK    /Volumes/Samsung 990-2/100 Hours/Paper-mill/MTL-RC00076-049.aac -> gs://100hr-data/Paper-mill/IMU/MTL-RC00076-049.aac
OK    /Volumes/Samsung 990-2/100 Hours/Paper-mill/MTL-RC00075-006.txt -> gs://100hr-data/Paper-mill/IMU/MTL-RC00075-006.txt
OK    /Volumes/Samsung 990-2/100 Hours/Paper-mill/MTL-RC00075-012.txt -> gs://100hr-data/Paper-mill/IMU/MTL-RC00075-012.txt
OK    /Volumes/Samsung 990-2/100 Hours/Paper-mill/MTL-RC00066-049.aac -> gs://100hr-data/Paper-mill/IMU/MTL-RC00066-049.aac
OK    /Volumes/Samsung 990-2/100 Hours/Paper-mill/MTL-RC00070-063.mp4 -> gs://100hr-data/Paper-mill/Videos/MTL-RC00070-063.mp4
OK    /Volumes/Samsung 990-2/100 Hours/Paper-mill/MTL-RC00075-126.mp4 -> gs://100hr-data/Paper-mill/Videos/MTL-RC00075-126.mp4
OK    /Volumes/Samsung 990-2/100 Hours/Paper-mill/MTL-RC00070-144.aac -> gs://100hr-data/Paper-mill/IMU/MTL-RC00070-144.aac
OK    /Volumes/Samsung 990-2/100 Hours/Paper-mill/MTL-RC00076-072.txt -> gs://100hr-data/Paper-mill/IMU/MTL-RC00076-072.txt
OK    /Volumes/Samsung 990-2/100 Hours/Paper-mill/MTL-RC00082-067.txt -> gs://100hr-data/Paper-mill/IMU/MTL-RC00082-067.txt
OK    /Volumes/Samsung 990-2/100 Hours/Paper-mill/MTL-RC00066-072.txt -> gs://100hr-data/Paper-mill/IMU/MTL-RC00066-072.txt
OK    /Volumes/Samsung 990-2/100 Hours/Paper-mill/MTL-RC00066-115.aac -> gs://100hr-data/Paper-mill/IMU/MTL-RC00066-115.aac
OK    /Volumes/Samsung 990-2/100 Hours/Paper-mill/MTL-RC00082-100.aac -> gs://100hr-data/Paper-mill/IMU/MTL-RC00082-100.aac
OK    /Volumes/Samsung 990-2/100 Hours/Paper-mill/MTL-RC00076-032.mp4 -> gs://100hr-data/Paper-mill/Videos/MTL-RC00076-032.mp4
OK    /Volumes/Samsung 990-2/100 Hours/Paper-mill/MTL-RC00082-027.mp4 -> gs://100hr-data/Paper-mill/Videos/MTL-RC00082-027.mp4
OK    /Volumes/Samsung 990-2/100 Hours/Paper-mill/MTL-RC00082-098.txt -> gs://100hr-data/Paper-mill/IMU/MTL-RC00082-098.txt
OK    /Volumes/Samsung 990-2/100 Hours/Paper-mill/MTL-RC00066-032.mp4 -> gs://100hr-data/Paper-mill/Videos/MTL-RC00066-032.mp4
OK    /Volumes/Samsung 990-2/100 Hours/Paper-mill/MTL-RC00066-101.aac -> gs://100hr-data/Paper-mill/IMU/MTL-RC00066-101.aac
OK    /Volumes/Samsung 990-2/100 Hours/Paper-mill/MTL-RC00070-023.txt -> gs://100hr-data/Paper-mill/IMU/MTL-RC00070-023.txt
OK    /Volumes/Samsung 990-2/100 Hours/Paper-mill/MTL-RC00082-128.aac -> gs://100hr-data/Paper-mill/IMU/MTL-RC00082-128.aac
OK    /Volumes/Samsung 990-2/100 Hours/Paper-mill/MTL-RC00070-037.txt -> gs://100hr-data/Paper-mill/IMU/MTL-RC00070-037.txt
OK    /Volumes/Samsung 990-2/100 Hours/Paper-mill/MTL-RC00072-082.aac -> gs://100hr-data/Paper-mill/IMU/MTL-RC00072-082.aac
OK    /Volumes/Samsung 990-2/100 Hours/Paper-mill/MTL-RC00067-063.txt -> gs://100hr-data/Paper-mill/IMU/MTL-RC00067-063.txt
OK    /Volumes/Samsung 990-2/100 Hours/Paper-mill/MTL-RC00072-126.txt -> gs://100hr-data/Paper-mill/IMU/MTL-RC00072-126.txt
OK    /Volumes/Samsung 990-2/100 Hours/Paper-mill/MTL-RC00080-039.aac -> gs://100hr-data/Paper-mill/IMU/MTL-RC00080-039.aac
OK    /Volumes/Samsung 990-2/100 Hours/Paper-mill/MTL-RC00067-104.aac -> gs://100hr-data/Paper-mill/IMU/MTL-RC00067-104.aac
OK    /Volumes/Samsung 990-2/100 Hours/Paper-mill/MTL-RC00067-023.mp4 -> gs://100hr-data/Paper-mill/Videos/MTL-RC00067-023.mp4
OK    /Volumes/Samsung 990-2/100 Hours/Paper-mill/MTL-RC00072-069.aac -> gs://100hr-data/Paper-mill/IMU/MTL-RC00072-069.aac
OK    /Volumes/Samsung 990-2/100 Hours/Paper-mill/MTL-RC00072-068.aac -> gs://100hr-data/Paper-mill/IMU/MTL-RC00072-068.aac
OK    /Volumes/Samsung 990-2/100 Hours/Paper-mill/MTL-RC00072-054.aac -> gs://100hr-data/Paper-mill/IMU/MTL-RC00072-054.aac
OK    /Volumes/Samsung 990-2/100 Hours/Paper-mill/MTL-RC00067-111.aac -> gs://100hr-data/Paper-mill/IMU/MTL-RC00067-111.aac
OK    /Volumes/Samsung 990-2/100 Hours/Paper-mill/MTL-RC00067-089.txt -> gs://100hr-data/Paper-mill/IMU/MTL-RC00067-089.txt
OK    /Volumes/Samsung 990-2/100 Hours/Paper-mill/MTL-RC00067-105.aac -> gs://100hr-data/Paper-mill/IMU/MTL-RC00067-105.aac
OK    /Volumes/Samsung 990-2/100 Hours/Paper-mill/MTL-RC00072-127.txt -> gs://100hr-data/Paper-mill/IMU/MTL-RC00072-127.txt
OK    /Volumes/Samsung 990-2/100 Hours/Paper-mill/MTL-RC00080-038.aac -> gs://100hr-data/Paper-mill/IMU/MTL-RC00080-038.aac
OK    /Volumes/Samsung 990-2/100 Hours/Paper-mill/MTL-RC00072-133.txt -> gs://100hr-data/Paper-mill/IMU/MTL-RC00072-133.txt
OK    /Volumes/Samsung 990-2/100 Hours/Paper-mill/MTL-RC00072-097.aac -> gs://100hr-data/Paper-mill/IMU/MTL-RC00072-097.aac
OK    /Volumes/Samsung 990-2/100 Hours/Paper-mill/MTL-RC00072-083.aac -> gs://100hr-data/Paper-mill/IMU/MTL-RC00072-083.aac
OK    /Volumes/Samsung 990-2/100 Hours/Paper-mill/MTL-RC00070-089.mp4 -> gs://100hr-data/Paper-mill/Videos/MTL-RC00070-089.mp4
OK    /Volumes/Samsung 990-2/100 Hours/Paper-mill/MTL-RC00082-115.aac -> gs://100hr-data/Paper-mill/IMU/MTL-RC00082-115.aac
OK    /Volumes/Samsung 990-2/100 Hours/Paper-mill/MTL-RC00076-027.mp4 -> gs://100hr-data/Paper-mill/Videos/MTL-RC00076-027.mp4
OK    /Volumes/Samsung 990-2/100 Hours/Paper-mill/MTL-RC00066-100.aac -> gs://100hr-data/Paper-mill/IMU/MTL-RC00066-100.aac
OK    /Volumes/Samsung 990-2/100 Hours/Paper-mill/MTL-RC00066-027.mp4 -> gs://100hr-data/Paper-mill/Videos/MTL-RC00066-027.mp4
OK    /Volumes/Samsung 990-2/100 Hours/Paper-mill/MTL-RC00082-032.mp4 -> gs://100hr-data/Paper-mill/Videos/MTL-RC00082-032.mp4
OK    /Volumes/Samsung 990-2/100 Hours/Paper-mill/MTL-RC00082-101.aac -> gs://100hr-data/Paper-mill/IMU/MTL-RC00082-101.aac
OK    /Volumes/Samsung 990-2/100 Hours/Paper-mill/MTL-RC00076-067.txt -> gs://100hr-data/Paper-mill/IMU/MTL-RC00076-067.txt
OK    /Volumes/Samsung 990-2/100 Hours/Paper-mill/MTL-RC00075-028.aac -> gs://100hr-data/Paper-mill/IMU/MTL-RC00075-028.aac
OK    /Volumes/Samsung 990-2/100 Hours/Paper-mill/MTL-RC00066-067.txt -> gs://100hr-data/Paper-mill/IMU/MTL-RC00066-067.txt
OK    /Volumes/Samsung 990-2/100 Hours/Paper-mill/MTL-RC00082-072.txt -> gs://100hr-data/Paper-mill/IMU/MTL-RC00082-072.txt
OK    /Volumes/Samsung 990-2/100 Hours/Paper-mill/MTL-RC00075-127.mp4 -> gs://100hr-data/Paper-mill/Videos/MTL-RC00075-127.mp4
OK    /Volumes/Samsung 990-2/100 Hours/Paper-mill/MTL-RC00075-014.aac -> gs://100hr-data/Paper-mill/IMU/MTL-RC00075-014.aac
OK    /Volumes/Samsung 990-2/100 Hours/Paper-mill/MTL-RC00070-145.aac -> gs://100hr-data/Paper-mill/IMU/MTL-RC00070-145.aac
OK    /Volumes/Samsung 990-2/100 Hours/Paper-mill/MTL-RC00070-076.mp4 -> gs://100hr-data/Paper-mill/Videos/MTL-RC00070-076.mp4
OK    /Volumes/Samsung 990-2/100 Hours/Paper-mill/MTL-RC00075-133.mp4 -> gs://100hr-data/Paper-mill/Videos/MTL-RC00075-133.mp4
OK    /Volumes/Samsung 990-2/100 Hours/Paper-mill/MTL-RC00075-013.txt -> gs://100hr-data/Paper-mill/IMU/MTL-RC00075-013.txt
OK    /Volumes/Samsung 990-2/100 Hours/Paper-mill/MTL-RC00082-049.aac -> gs://100hr-data/Paper-mill/IMU/MTL-RC00082-049.aac
OK    /Volumes/Samsung 990-2/100 Hours/Paper-mill/MTL-RC00076-060.aac -> gs://100hr-data/Paper-mill/IMU/MTL-RC00076-060.aac
OK    /Volumes/Samsung 990-2/100 Hours/Paper-mill/MTL-RC00082-061.aac -> gs://100hr-data/Paper-mill/IMU/MTL-RC00082-061.aac
OK    /Volumes/Samsung 990-2/100 Hours/Paper-mill/MTL-RC00075-090.mp4 -> gs://100hr-data/Paper-mill/Videos/MTL-RC00075-090.mp4
OK    /Volumes/Samsung 990-2/100 Hours/Paper-mill/MTL-RC00066-153.mp4 -> gs://100hr-data/Paper-mill/Videos/MTL-RC00066-153.mp4
OK    /Volumes/Samsung 990-2/100 Hours/Paper-mill/MTL-RC00066-060.aac -> gs://100hr-data/Paper-mill/IMU/MTL-RC00066-060.aac
OK    /Volumes/Samsung 990-2/100 Hours/Paper-mill/MTL-RC00082-146.mp4 -> gs://100hr-data/Paper-mill/Videos/MTL-RC00082-146.mp4
OK    /Volumes/Samsung 990-2/100 Hours/Paper-mill/MTL-RC00082-075.aac -> gs://100hr-data/Paper-mill/IMU/MTL-RC00082-075.aac
OK    /Volumes/Samsung 990-2/100 Hours/Paper-mill/MTL-RC00082-112.txt -> gs://100hr-data/Paper-mill/IMU/MTL-RC00082-112.txt
OK    /Volumes/Samsung 990-2/100 Hours/Paper-mill/MTL-RC00066-107.txt -> gs://100hr-data/Paper-mill/IMU/MTL-RC00066-107.txt
OK    /Volumes/Samsung 990-2/100 Hours/Paper-mill/MTL-RC00075-148.aac -> gs://100hr-data/Paper-mill/IMU/MTL-RC00075-148.aac
OK    /Volumes/Samsung 990-2/100 Hours/Paper-mill/MTL-RC00075-053.mp4 -> gs://100hr-data/Paper-mill/Videos/MTL-RC00075-053.mp4
OK    /Volumes/Samsung 990-2/100 Hours/Paper-mill/MTL-RC00075-160.aac -> gs://100hr-data/Paper-mill/IMU/MTL-RC00075-160.aac
OK    /Volumes/Samsung 990-2/100 Hours/Paper-mill/MTL-RC00070-031.aac -> gs://100hr-data/Paper-mill/IMU/MTL-RC00070-031.aac
OK    /Volumes/Samsung 990-2/100 Hours/Paper-mill/MTL-RC00070-116.mp4 -> gs://100hr-data/Paper-mill/Videos/MTL-RC00070-116.mp4
OK    /Volumes/Samsung 990-2/100 Hours/Paper-mill/MTL-RC00070-025.aac -> gs://100hr-data/Paper-mill/IMU/MTL-RC00070-025.aac
OK    /Volumes/Samsung 990-2/100 Hours/Paper-mill/MTL-RC00072-090.txt -> gs://100hr-data/Paper-mill/IMU/MTL-RC00072-090.txt
OK    /Volumes/Samsung 990-2/100 Hours/Paper-mill/MTL-RC00072-108.aac -> gs://100hr-data/Paper-mill/IMU/MTL-RC00072-108.aac
OK    /Volumes/Samsung 990-2/100 Hours/Paper-mill/MTL-RC00072-120.aac -> gs://100hr-data/Paper-mill/IMU/MTL-RC00072-120.aac
OK    /Volumes/Samsung 990-2/100 Hours/Paper-mill/MTL-RC00067-065.aac -> gs://100hr-data/Paper-mill/IMU/MTL-RC00067-065.aac
OK    /Volumes/Samsung 990-2/100 Hours/Paper-mill/MTL-RC00072-013.mp4 -> gs://100hr-data/Paper-mill/Videos/MTL-RC00072-013.mp4
OK    /Volumes/Samsung 990-2/100 Hours/Paper-mill/MTL-RC00080-080.mp4 -> gs://100hr-data/Paper-mill/Videos/MTL-RC00080-080.mp4
OK    /Volumes/Samsung 990-2/100 Hours/Paper-mill/MTL-RC00067-071.aac -> gs://100hr-data/Paper-mill/IMU/MTL-RC00067-071.aac
OK    /Volumes/Samsung 990-2/100 Hours/Paper-mill/MTL-RC00072-134.aac -> gs://100hr-data/Paper-mill/IMU/MTL-RC00072-134.aac
OK    /Volumes/Samsung 990-2/100 Hours/Paper-mill/MTL-RC00072-053.txt -> gs://100hr-data/Paper-mill/IMU/MTL-RC00072-053.txt
OK    /Volumes/Samsung 990-2/100 Hours/Paper-mill/MTL-RC00067-116.txt -> gs://100hr-data/Paper-mill/IMU/MTL-RC00067-116.txt
OK    /Volumes/Samsung 990-2/100 Hours/Paper-mill/MTL-RC00080-043.mp4 -> gs://100hr-data/Paper-mill/Videos/MTL-RC00080-043.mp4
OK    /Volumes/Samsung 990-2/100 Hours/Paper-mill/MTL-RC00080-057.mp4 -> gs://100hr-data/Paper-mill/Videos/MTL-RC00080-057.mp4
OK    /Volumes/Samsung 990-2/100 Hours/Paper-mill/MTL-RC00067-112.txt -> gs://100hr-data/Paper-mill/IMU/MTL-RC00067-112.txt
OK    /Volumes/Samsung 990-2/100 Hours/Paper-mill/MTL-RC00072-057.txt -> gs://100hr-data/Paper-mill/IMU/MTL-RC00072-057.txt
OK    /Volumes/Samsung 990-2/100 Hours/Paper-mill/MTL-RC00080-053.mp4 -> gs://100hr-data/Paper-mill/Videos/MTL-RC00080-053.mp4
OK    /Volumes/Samsung 990-2/100 Hours/Paper-mill/MTL-RC00080-047.mp4 -> gs://100hr-data/Paper-mill/Videos/MTL-RC00080-047.mp4
OK    /Volumes/Samsung 990-2/100 Hours/Paper-mill/MTL-RC00067-049.aac -> gs://100hr-data/Paper-mill/IMU/MTL-RC00067-049.aac
OK    /Volumes/Samsung 990-2/100 Hours/Paper-mill/MTL-RC00072-094.txt -> gs://100hr-data/Paper-mill/IMU/MTL-RC00072-094.txt
OK    /Volumes/Samsung 990-2/100 Hours/Paper-mill/MTL-RC00072-130.aac -> gs://100hr-data/Paper-mill/IMU/MTL-RC00072-130.aac
OK    /Volumes/Samsung 990-2/100 Hours/Paper-mill/MTL-RC00067-075.aac -> gs://100hr-data/Paper-mill/IMU/MTL-RC00067-075.aac
OK    /Volumes/Samsung 990-2/100 Hours/Paper-mill/MTL-RC00080-084.mp4 -> gs://100hr-data/Paper-mill/Videos/MTL-RC00080-084.mp4
OK    /Volumes/Samsung 990-2/100 Hours/Paper-mill/MTL-RC00072-017.mp4 -> gs://100hr-data/Paper-mill/Videos/MTL-RC00072-017.mp4
OK    /Volumes/Samsung 990-2/100 Hours/Paper-mill/MTL-RC00067-061.aac -> gs://100hr-data/Paper-mill/IMU/MTL-RC00067-061.aac
OK    /Volumes/Samsung 990-2/100 Hours/Paper-mill/MTL-RC00072-124.aac -> gs://100hr-data/Paper-mill/IMU/MTL-RC00072-124.aac
OK    /Volumes/Samsung 990-2/100 Hours/Paper-mill/MTL-RC00082-102.txt -> gs://100hr-data/Paper-mill/IMU/MTL-RC00082-102.txt
OK    /Volumes/Samsung 990-2/100 Hours/Paper-mill/MTL-RC00070-009.aac -> gs://100hr-data/Paper-mill/IMU/MTL-RC00070-009.aac
OK    /Volumes/Samsung 990-2/100 Hours/Paper-mill/MTL-RC00066-103.txt -> gs://100hr-data/Paper-mill/IMU/MTL-RC00066-103.txt
OK    /Volumes/Samsung 990-2/100 Hours/Paper-mill/MTL-RC00082-116.txt -> gs://100hr-data/Paper-mill/IMU/MTL-RC00082-116.txt
OK    /Volumes/Samsung 990-2/100 Hours/Paper-mill/MTL-RC00075-043.mp4 -> gs://100hr-data/Paper-mill/Videos/MTL-RC00075-043.mp4
OK    /Volumes/Samsung 990-2/100 Hours/Paper-mill/MTL-RC00070-021.aac -> gs://100hr-data/Paper-mill/IMU/MTL-RC00070-021.aac
OK    /Volumes/Samsung 990-2/100 Hours/Paper-mill/MTL-RC00070-112.mp4 -> gs://100hr-data/Paper-mill/Videos/MTL-RC00070-112.mp4
OK    /Volumes/Samsung 990-2/100 Hours/Paper-mill/MTL-RC00070-035.aac -> gs://100hr-data/Paper-mill/IMU/MTL-RC00070-035.aac
OK    /Volumes/Samsung 990-2/100 Hours/Paper-mill/MTL-RC00075-057.mp4 -> gs://100hr-data/Paper-mill/Videos/MTL-RC00075-057.mp4
OK    /Volumes/Samsung 990-2/100 Hours/Paper-mill/MTL-RC00066-058.aac -> gs://100hr-data/Paper-mill/IMU/MTL-RC00066-058.aac
OK    /Volumes/Samsung 990-2/100 Hours/Paper-mill/MTL-RC00076-058.aac -> gs://100hr-data/Paper-mill/IMU/MTL-RC00076-058.aac
OK    /Volumes/Samsung 990-2/100 Hours/Paper-mill/MTL-RC00075-017.txt -> gs://100hr-data/Paper-mill/IMU/MTL-RC00075-017.txt
OK    /Volumes/Samsung 990-2/100 Hours/Paper-mill/MTL-RC00082-071.aac -> gs://100hr-data/Paper-mill/IMU/MTL-RC00082-071.aac
OK    /Volumes/Samsung 990-2/100 Hours/Paper-mill/MTL-RC00082-142.mp4 -> gs://100hr-data/Paper-mill/Videos/MTL-RC00082-142.mp4
OK    /Volumes/Samsung 990-2/100 Hours/Paper-mill/MTL-RC00066-064.aac -> gs://100hr-data/Paper-mill/IMU/MTL-RC00066-064.aac
OK    /Volumes/Samsung 990-2/100 Hours/Paper-mill/MTL-RC00075-094.mp4 -> gs://100hr-data/Paper-mill/Videos/MTL-RC00075-094.mp4
OK    /Volumes/Samsung 990-2/100 Hours/Paper-mill/MTL-RC00076-064.aac -> gs://100hr-data/Paper-mill/IMU/MTL-RC00076-064.aac
OK    /Volumes/Samsung 990-2/100 Hours/Paper-mill/MTL-RC00082-065.aac -> gs://100hr-data/Paper-mill/IMU/MTL-RC00082-065.aac
OK    /Volumes/Samsung 990-2/100 Hours/Paper-mill/MTL-RC00075-038.aac -> gs://100hr-data/Paper-mill/IMU/MTL-RC00075-038.aac
OK    /Volumes/Samsung 990-2/100 Hours/Paper-mill/MTL-RC00082-076.txt -> gs://100hr-data/Paper-mill/IMU/MTL-RC00082-076.txt
OK    /Volumes/Samsung 990-2/100 Hours/Paper-mill/MTL-RC00066-063.txt -> gs://100hr-data/Paper-mill/IMU/MTL-RC00066-063.txt
OK    /Volumes/Samsung 990-2/100 Hours/Paper-mill/MTL-RC00076-063.txt -> gs://100hr-data/Paper-mill/IMU/MTL-RC00076-063.txt
OK    /Volumes/Samsung 990-2/100 Hours/Paper-mill/MTL-RC00075-137.mp4 -> gs://100hr-data/Paper-mill/Videos/MTL-RC00075-137.mp4
OK    /Volumes/Samsung 990-2/100 Hours/Paper-mill/MTL-RC00070-072.mp4 -> gs://100hr-data/Paper-mill/Videos/MTL-RC00070-072.mp4
OK    /Volumes/Samsung 990-2/100 Hours/Paper-mill/MTL-RC00070-141.aac -> gs://100hr-data/Paper-mill/IMU/MTL-RC00070-141.aac
OK    /Volumes/Samsung 990-2/100 Hours/Paper-mill/MTL-RC00075-010.aac -> gs://100hr-data/Paper-mill/IMU/MTL-RC00075-010.aac
OK    /Volumes/Samsung 990-2/100 Hours/Paper-mill/MTL-RC00075-123.mp4 -> gs://100hr-data/Paper-mill/Videos/MTL-RC00075-123.mp4
OK    /Volumes/Samsung 990-2/100 Hours/Paper-mill/MTL-RC00082-139.aac -> gs://100hr-data/Paper-mill/IMU/MTL-RC00082-139.aac
OK    /Volumes/Samsung 990-2/100 Hours/Paper-mill/MTL-RC00070-026.txt -> gs://100hr-data/Paper-mill/IMU/MTL-RC00070-026.txt
OK    /Volumes/Samsung 990-2/100 Hours/Paper-mill/MTL-RC00066-138.aac -> gs://100hr-data/Paper-mill/IMU/MTL-RC00066-138.aac
OK    /Volumes/Samsung 990-2/100 Hours/Paper-mill/MTL-RC00075-163.txt -> gs://100hr-data/Paper-mill/IMU/MTL-RC00075-163.txt
OK    /Volumes/Samsung 990-2/100 Hours/Paper-mill/MTL-RC00082-089.txt -> gs://100hr-data/Paper-mill/IMU/MTL-RC00082-089.txt
OK    /Volumes/Samsung 990-2/100 Hours/Paper-mill/MTL-RC00082-105.aac -> gs://100hr-data/Paper-mill/IMU/MTL-RC00082-105.aac
OK    /Volumes/Samsung 990-2/100 Hours/Paper-mill/MTL-RC00082-036.mp4 -> gs://100hr-data/Paper-mill/Videos/MTL-RC00082-036.mp4
OK    /Volumes/Samsung 990-2/100 Hours/Paper-mill/MTL-RC00066-023.mp4 -> gs://100hr-data/Paper-mill/Videos/MTL-RC00066-023.mp4
OK    /Volumes/Samsung 990-2/100 Hours/Paper-mill/MTL-RC00066-104.aac -> gs://100hr-data/Paper-mill/IMU/MTL-RC00066-104.aac
OK    /Volumes/Samsung 990-2/100 Hours/Paper-mill/MTL-RC00076-023.mp4 -> gs://100hr-data/Paper-mill/Videos/MTL-RC00076-023.mp4
OK    /Volumes/Samsung 990-2/100 Hours/Paper-mill/MTL-RC00082-111.aac -> gs://100hr-data/Paper-mill/IMU/MTL-RC00082-111.aac
OK    /Volumes/Samsung 990-2/100 Hours/Paper-mill/MTL-RC00072-137.txt -> gs://100hr-data/Paper-mill/IMU/MTL-RC00072-137.txt
OK    /Volumes/Samsung 990-2/100 Hours/Paper-mill/MTL-RC00067-072.txt -> gs://100hr-data/Paper-mill/IMU/MTL-RC00067-072.txt
OK    /Volumes/Samsung 990-2/100 Hours/Paper-mill/MTL-RC00080-028.aac -> gs://100hr-data/Paper-mill/IMU/MTL-RC00080-028.aac
OK    /Volumes/Samsung 990-2/100 Hours/Paper-mill/MTL-RC00072-123.txt -> gs://100hr-data/Paper-mill/IMU/MTL-RC00072-123.txt
OK    /Volumes/Samsung 990-2/100 Hours/Paper-mill/MTL-RC00072-087.aac -> gs://100hr-data/Paper-mill/IMU/MTL-RC00072-087.aac
OK    /Volumes/Samsung 990-2/100 Hours/Paper-mill/MTL-RC00072-093.aac -> gs://100hr-data/Paper-mill/IMU/MTL-RC00072-093.aac
OK    /Volumes/Samsung 990-2/100 Hours/Paper-mill/MTL-RC00072-078.aac -> gs://100hr-data/Paper-mill/IMU/MTL-RC00072-078.aac
OK    /Volumes/Samsung 990-2/100 Hours/Paper-mill/MTL-RC00067-032.mp4 -> gs://100hr-data/Paper-mill/Videos/MTL-RC00067-032.mp4
OK    /Volumes/Samsung 990-2/100 Hours/Paper-mill/MTL-RC00067-101.aac -> gs://100hr-data/Paper-mill/IMU/MTL-RC00067-101.aac
OK    /Volumes/Samsung 990-2/100 Hours/Paper-mill/MTL-RC00067-115.aac -> gs://100hr-data/Paper-mill/IMU/MTL-RC00067-115.aac
OK    /Volumes/Samsung 990-2/100 Hours/Paper-mill/MTL-RC00072-050.aac -> gs://100hr-data/Paper-mill/IMU/MTL-RC00072-050.aac
OK    /Volumes/Samsung 990-2/100 Hours/Paper-mill/MTL-RC00067-027.mp4 -> gs://100hr-data/Paper-mill/Videos/MTL-RC00067-027.mp4
OK    /Volumes/Samsung 990-2/100 Hours/Paper-mill/MTL-RC00067-100.aac -> gs://100hr-data/Paper-mill/IMU/MTL-RC00067-100.aac
OK    /Volumes/Samsung 990-2/100 Hours/Paper-mill/MTL-RC00072-045.aac -> gs://100hr-data/Paper-mill/IMU/MTL-RC00072-045.aac
OK    /Volumes/Samsung 990-2/100 Hours/Paper-mill/MTL-RC00072-079.aac -> gs://100hr-data/Paper-mill/IMU/MTL-RC00072-079.aac
OK    /Volumes/Samsung 990-2/100 Hours/Paper-mill/MTL-RC00072-086.aac -> gs://100hr-data/Paper-mill/IMU/MTL-RC00072-086.aac
OK    /Volumes/Samsung 990-2/100 Hours/Paper-mill/MTL-RC00072-122.txt -> gs://100hr-data/Paper-mill/IMU/MTL-RC00072-122.txt
OK    /Volumes/Samsung 990-2/100 Hours/Paper-mill/MTL-RC00067-067.txt -> gs://100hr-data/Paper-mill/IMU/MTL-RC00067-067.txt
OK    /Volumes/Samsung 990-2/100 Hours/Paper-mill/MTL-RC00072-136.txt -> gs://100hr-data/Paper-mill/IMU/MTL-RC00072-136.txt
OK    /Volumes/Samsung 990-2/100 Hours/Paper-mill/MTL-RC00080-029.aac -> gs://100hr-data/Paper-mill/IMU/MTL-RC00080-029.aac
OK    /Volumes/Samsung 990-2/100 Hours/Paper-mill/MTL-RC00066-105.aac -> gs://100hr-data/Paper-mill/IMU/MTL-RC00066-105.aac
OK    /Volumes/Samsung 990-2/100 Hours/Paper-mill/MTL-RC00066-089.txt -> gs://100hr-data/Paper-mill/IMU/MTL-RC00066-089.txt
OK    /Volumes/Samsung 990-2/100 Hours/Paper-mill/MTL-RC00082-110.aac -> gs://100hr-data/Paper-mill/IMU/MTL-RC00082-110.aac
OK    /Volumes/Samsung 990-2/100 Hours/Paper-mill/MTL-RC00082-023.mp4 -> gs://100hr-data/Paper-mill/Videos/MTL-RC00082-023.mp4
OK    /Volumes/Samsung 990-2/100 Hours/Paper-mill/MTL-RC00076-036.mp4 -> gs://100hr-data/Paper-mill/Videos/MTL-RC00076-036.mp4
OK    /Volumes/Samsung 990-2/100 Hours/Paper-mill/MTL-RC00082-104.aac -> gs://100hr-data/Paper-mill/IMU/MTL-RC00082-104.aac
OK    /Volumes/Samsung 990-2/100 Hours/Paper-mill/MTL-RC00076-089.txt -> gs://100hr-data/Paper-mill/IMU/MTL-RC00076-089.txt
OK    /Volumes/Samsung 990-2/100 Hours/Paper-mill/MTL-RC00066-111.aac -> gs://100hr-data/Paper-mill/IMU/MTL-RC00066-111.aac
OK    /Volumes/Samsung 990-2/100 Hours/Paper-mill/MTL-RC00075-162.txt -> gs://100hr-data/Paper-mill/IMU/MTL-RC00075-162.txt
OK    /Volumes/Samsung 990-2/100 Hours/Paper-mill/MTL-RC00082-138.aac -> gs://100hr-data/Paper-mill/IMU/MTL-RC00082-138.aac
OK    /Volumes/Samsung 990-2/100 Hours/Paper-mill/MTL-RC00070-098.mp4 -> gs://100hr-data/Paper-mill/Videos/MTL-RC00070-098.mp4
OK    /Volumes/Samsung 990-2/100 Hours/Paper-mill/MTL-RC00070-027.txt -> gs://100hr-data/Paper-mill/IMU/MTL-RC00070-027.txt
OK    /Volumes/Samsung 990-2/100 Hours/Paper-mill/MTL-RC00075-122.mp4 -> gs://100hr-data/Paper-mill/Videos/MTL-RC00075-122.mp4
OK    /Volumes/Samsung 990-2/100 Hours/Paper-mill/MTL-RC00075-005.aac -> gs://100hr-data/Paper-mill/IMU/MTL-RC00075-005.aac
OK    /Volumes/Samsung 990-2/100 Hours/Paper-mill/MTL-RC00070-067.mp4 -> gs://100hr-data/Paper-mill/Videos/MTL-RC00070-067.mp4
OK    /Volumes/Samsung 990-2/100 Hours/Paper-mill/MTL-RC00082-063.txt -> gs://100hr-data/Paper-mill/IMU/MTL-RC00082-063.txt
OK    /Volumes/Samsung 990-2/100 Hours/Paper-mill/MTL-RC00076-076.txt -> gs://100hr-data/Paper-mill/IMU/MTL-RC00076-076.txt
OK    /Volumes/Samsung 990-2/100 Hours/Paper-mill/MTL-RC00075-039.aac -> gs://100hr-data/Paper-mill/IMU/MTL-RC00075-039.aac
OK    /Volumes/Samsung 990-2/100 Hours/Paper-mill/MTL-RC00066-071.aac -> gs://100hr-data/Paper-mill/IMU/MTL-RC00066-071.aac
OK    /Volumes/Samsung 990-2/100 Hours/Paper-mill/MTL-RC00066-142.mp4 -> gs://100hr-data/Paper-mill/Videos/MTL-RC00066-142.mp4
OK    /Volumes/Samsung 990-2/100 Hours/Paper-mill/MTL-RC00076-065.aac -> gs://100hr-data/Paper-mill/IMU/MTL-RC00076-065.aac
OK    /Volumes/Samsung 990-2/100 Hours/Paper-mill/MTL-RC00082-064.aac -> gs://100hr-data/Paper-mill/IMU/MTL-RC00082-064.aac
OK    /Volumes/Samsung 990-2/100 Hours/Paper-mill/MTL-RC00076-071.aac -> gs://100hr-data/Paper-mill/IMU/MTL-RC00076-071.aac
OK    /Volumes/Samsung 990-2/100 Hours/Paper-mill/MTL-RC00066-065.aac -> gs://100hr-data/Paper-mill/IMU/MTL-RC00066-065.aac
OK    /Volumes/Samsung 990-2/100 Hours/Paper-mill/MTL-RC00070-147.txt -> gs://100hr-data/Paper-mill/IMU/MTL-RC00070-147.txt
OK    /Volumes/Samsung 990-2/100 Hours/Paper-mill/MTL-RC00075-016.txt -> gs://100hr-data/Paper-mill/IMU/MTL-RC00075-016.txt
OK    /Volumes/Samsung 990-2/100 Hours/Paper-mill/MTL-RC00082-058.aac -> gs://100hr-data/Paper-mill/IMU/MTL-RC00082-058.aac
OK    /Volumes/Samsung 990-2/100 Hours/Paper-mill/MTL-RC00070-034.aac -> gs://100hr-data/Paper-mill/IMU/MTL-RC00070-034.aac
OK    /Volumes/Samsung 990-2/100 Hours/Paper-mill/MTL-RC00070-107.mp4 -> gs://100hr-data/Paper-mill/Videos/MTL-RC00070-107.mp4
OK    /Volumes/Samsung 990-2/100 Hours/Paper-mill/MTL-RC00075-056.mp4 -> gs://100hr-data/Paper-mill/Videos/MTL-RC00075-056.mp4
OK    /Volumes/Samsung 990-2/100 Hours/Paper-mill/MTL-RC00075-042.mp4 -> gs://100hr-data/Paper-mill/Videos/MTL-RC00075-042.mp4
OK    /Volumes/Samsung 990-2/100 Hours/Paper-mill/MTL-RC00070-020.aac -> gs://100hr-data/Paper-mill/IMU/MTL-RC00070-020.aac
OK    /Volumes/Samsung 990-2/100 Hours/Paper-mill/MTL-RC00075-159.aac -> gs://100hr-data/Paper-mill/IMU/MTL-RC00075-159.aac
OK    /Volumes/Samsung 990-2/100 Hours/Paper-mill/MTL-RC00082-103.txt -> gs://100hr-data/Paper-mill/IMU/MTL-RC00082-103.txt
OK    /Volumes/Samsung 990-2/100 Hours/Paper-mill/MTL-RC00066-116.txt -> gs://100hr-data/Paper-mill/IMU/MTL-RC00066-116.txt
OK    /Volumes/Samsung 990-2/100 Hours/Paper-mill/MTL-RC00080-085.mp4 -> gs://100hr-data/Paper-mill/Videos/MTL-RC00080-085.mp4
OK    /Volumes/Samsung 990-2/100 Hours/Paper-mill/MTL-RC00067-060.aac -> gs://100hr-data/Paper-mill/IMU/MTL-RC00067-060.aac
OK    /Volumes/Samsung 990-2/100 Hours/Paper-mill/MTL-RC00072-016.mp4 -> gs://100hr-data/Paper-mill/Videos/MTL-RC00072-016.mp4
OK    /Volumes/Samsung 990-2/100 Hours/Paper-mill/MTL-RC00072-131.aac -> gs://100hr-data/Paper-mill/IMU/MTL-RC00072-131.aac
OK    /Volumes/Samsung 990-2/100 Hours/Paper-mill/MTL-RC00072-119.aac -> gs://100hr-data/Paper-mill/IMU/MTL-RC00072-119.aac
OK    /Volumes/Samsung 990-2/100 Hours/Paper-mill/MTL-RC00072-081.txt -> gs://100hr-data/Paper-mill/IMU/MTL-RC00072-081.txt
OK    /Volumes/Samsung 990-2/100 Hours/Paper-mill/MTL-RC00080-046.mp4 -> gs://100hr-data/Paper-mill/Videos/MTL-RC00080-046.mp4
OK    /Volumes/Samsung 990-2/100 Hours/Paper-mill/MTL-RC00080-052.mp4 -> gs://100hr-data/Paper-mill/Videos/MTL-RC00080-052.mp4
OK    /Volumes/Samsung 990-2/100 Hours/Paper-mill/MTL-RC00072-056.txt -> gs://100hr-data/Paper-mill/IMU/MTL-RC00072-056.txt
OK    /Volumes/Samsung 990-2/100 Hours/Paper-mill/MTL-RC00067-107.txt -> gs://100hr-data/Paper-mill/IMU/MTL-RC00067-107.txt
OK    /Volumes/Samsung 990-2/100 Hours/Paper-mill/MTL-RC00072-042.txt -> gs://100hr-data/Paper-mill/IMU/MTL-RC00072-042.txt
OK    /Volumes/Samsung 990-2/100 Hours/Paper-mill/MTL-RC00067-111.txt -> gs://100hr-data/Paper-mill/IMU/MTL-RC00067-111.txt
OK    /Volumes/Samsung 990-2/100 Hours/Paper-mill/MTL-RC00080-078.mp4 -> gs://100hr-data/Paper-mill/Videos/MTL-RC00080-078.mp4
OK    /Volumes/Samsung 990-2/100 Hours/Paper-mill/MTL-RC00067-089.aac -> gs://100hr-data/Paper-mill/IMU/MTL-RC00067-089.aac
OK    /Volumes/Samsung 990-2/100 Hours/Paper-mill/MTL-RC00067-105.txt -> gs://100hr-data/Paper-mill/IMU/MTL-RC00067-105.txt
OK    /Volumes/Samsung 990-2/100 Hours/Paper-mill/MTL-RC00072-068.txt -> gs://100hr-data/Paper-mill/IMU/MTL-RC00072-068.txt
OK    /Volumes/Samsung 990-2/100 Hours/Paper-mill/MTL-RC00080-050.mp4 -> gs://100hr-data/Paper-mill/Videos/MTL-RC00080-050.mp4
OK    /Volumes/Samsung 990-2/100 Hours/Paper-mill/MTL-RC00072-097.txt -> gs://100hr-data/Paper-mill/IMU/MTL-RC00072-097.txt
OK    /Volumes/Samsung 990-2/100 Hours/Paper-mill/MTL-RC00072-028.mp4 -> gs://100hr-data/Paper-mill/Videos/MTL-RC00072-028.mp4
OK    /Volumes/Samsung 990-2/100 Hours/Paper-mill/MTL-RC00072-083.txt -> gs://100hr-data/Paper-mill/IMU/MTL-RC00072-083.txt
OK    /Volumes/Samsung 990-2/100 Hours/Paper-mill/MTL-RC00072-127.aac -> gs://100hr-data/Paper-mill/IMU/MTL-RC00072-127.aac
OK    /Volumes/Samsung 990-2/100 Hours/Paper-mill/MTL-RC00080-038.txt -> gs://100hr-data/Paper-mill/IMU/MTL-RC00080-038.txt
OK    /Volumes/Samsung 990-2/100 Hours/Paper-mill/MTL-RC00080-087.mp4 -> gs://100hr-data/Paper-mill/Videos/MTL-RC00080-087.mp4
OK    /Volumes/Samsung 990-2/100 Hours/Paper-mill/MTL-RC00072-133.aac -> gs://100hr-data/Paper-mill/IMU/MTL-RC00072-133.aac
OK    /Volumes/Samsung 990-2/100 Hours/Paper-mill/MTL-RC00067-076.aac -> gs://100hr-data/Paper-mill/IMU/MTL-RC00067-076.aac
OK    /Volumes/Samsung 990-2/100 Hours/Paper-mill/MTL-RC00075-068.mp4 -> gs://100hr-data/Paper-mill/Videos/MTL-RC00075-068.mp4
OK    /Volumes/Samsung 990-2/100 Hours/Paper-mill/MTL-RC00082-115.txt -> gs://100hr-data/Paper-mill/IMU/MTL-RC00082-115.txt
OK    /Volumes/Samsung 990-2/100 Hours/Paper-mill/MTL-RC00082-099.aac -> gs://100hr-data/Paper-mill/IMU/MTL-RC00082-099.aac
OK    /Volumes/Samsung 990-2/100 Hours/Paper-mill/MTL-RC00066-100.txt -> gs://100hr-data/Paper-mill/IMU/MTL-RC00066-100.txt
OK    /Volumes/Samsung 990-2/100 Hours/Paper-mill/MTL-RC00066-114.txt -> gs://100hr-data/Paper-mill/IMU/MTL-RC00066-114.txt
OK    /Volumes/Samsung 990-2/100 Hours/Paper-mill/MTL-RC00066-098.aac -> gs://100hr-data/Paper-mill/IMU/MTL-RC00066-098.aac
OK    /Volumes/Samsung 990-2/100 Hours/Paper-mill/MTL-RC00082-101.txt -> gs://100hr-data/Paper-mill/IMU/MTL-RC00082-101.txt
OK    /Volumes/Samsung 990-2/100 Hours/Paper-mill/MTL-RC00082-129.txt -> gs://100hr-data/Paper-mill/IMU/MTL-RC00082-129.txt
OK    /Volumes/Samsung 990-2/100 Hours/Paper-mill/MTL-RC00075-054.mp4 -> gs://100hr-data/Paper-mill/Videos/MTL-RC00075-054.mp4
OK    /Volumes/Samsung 990-2/100 Hours/Paper-mill/MTL-RC00070-105.mp4 -> gs://100hr-data/Paper-mill/Videos/MTL-RC00070-105.mp4
OK    /Volumes/Samsung 990-2/100 Hours/Paper-mill/MTL-RC00070-036.aac -> gs://100hr-data/Paper-mill/IMU/MTL-RC00070-036.aac
OK    /Volumes/Samsung 990-2/100 Hours/Paper-mill/MTL-RC00070-111.mp4 -> gs://100hr-data/Paper-mill/Videos/MTL-RC00070-111.mp4
OK    /Volumes/Samsung 990-2/100 Hours/Paper-mill/MTL-RC00070-145.txt -> gs://100hr-data/Paper-mill/IMU/MTL-RC00070-145.txt
OK    /Volumes/Samsung 990-2/100 Hours/Paper-mill/MTL-RC00075-097.mp4 -> gs://100hr-data/Paper-mill/Videos/MTL-RC00075-097.mp4
OK    /Volumes/Samsung 990-2/100 Hours/Paper-mill/MTL-RC00076-067.aac -> gs://100hr-data/Paper-mill/IMU/MTL-RC00076-067.aac
OK    /Volumes/Samsung 990-2/100 Hours/Paper-mill/MTL-RC00082-066.aac -> gs://100hr-data/Paper-mill/IMU/MTL-RC00082-066.aac
OK    /Volumes/Samsung 990-2/100 Hours/Paper-mill/MTL-RC00075-028.txt -> gs://100hr-data/Paper-mill/IMU/MTL-RC00075-028.txt
OK    /Volumes/Samsung 990-2/100 Hours/Paper-mill/MTL-RC00066-140.mp4 -> gs://100hr-data/Paper-mill/Videos/MTL-RC00066-140.mp4
OK    /Volumes/Samsung 990-2/100 Hours/Paper-mill/MTL-RC00066-067.aac -> gs://100hr-data/Paper-mill/IMU/MTL-RC00066-067.aac
OK    /Volumes/Samsung 990-2/100 Hours/Paper-mill/MTL-RC00076-073.aac -> gs://100hr-data/Paper-mill/IMU/MTL-RC00076-073.aac
OK    /Volumes/Samsung 990-2/100 Hours/Paper-mill/MTL-RC00082-072.aac -> gs://100hr-data/Paper-mill/IMU/MTL-RC00082-072.aac
OK    /Volumes/Samsung 990-2/100 Hours/Paper-mill/MTL-RC00075-083.mp4 -> gs://100hr-data/Paper-mill/Videos/MTL-RC00075-083.mp4
OK    /Volumes/Samsung 990-2/100 Hours/Paper-mill/MTL-RC00082-141.mp4 -> gs://100hr-data/Paper-mill/Videos/MTL-RC00082-141.mp4
OK    /Volumes/Samsung 990-2/100 Hours/Paper-mill/MTL-RC00076-060.txt -> gs://100hr-data/Paper-mill/IMU/MTL-RC00076-060.txt
OK    /Volumes/Samsung 990-2/100 Hours/Paper-mill/MTL-RC00082-061.txt -> gs://100hr-data/Paper-mill/IMU/MTL-RC00082-061.txt
OK    /Volumes/Samsung 990-2/100 Hours/Paper-mill/MTL-RC00066-074.txt -> gs://100hr-data/Paper-mill/IMU/MTL-RC00066-074.txt
OK    /Volumes/Samsung 990-2/100 Hours/Paper-mill/MTL-RC00066-060.txt -> gs://100hr-data/Paper-mill/IMU/MTL-RC00066-060.txt
OK    /Volumes/Samsung 990-2/100 Hours/Paper-mill/MTL-RC00076-074.txt -> gs://100hr-data/Paper-mill/IMU/MTL-RC00076-074.txt
OK    /Volumes/Samsung 990-2/100 Hours/Paper-mill/MTL-RC00082-075.txt -> gs://100hr-data/Paper-mill/IMU/MTL-RC00082-075.txt
OK    /Volumes/Samsung 990-2/100 Hours/Paper-mill/MTL-RC00075-108.mp4 -> gs://100hr-data/Paper-mill/Videos/MTL-RC00075-108.mp4
OK    /Volumes/Samsung 990-2/100 Hours/Paper-mill/MTL-RC00075-013.aac -> gs://100hr-data/Paper-mill/IMU/MTL-RC00075-013.aac
OK    /Volumes/Samsung 990-2/100 Hours/Paper-mill/MTL-RC00075-120.mp4 -> gs://100hr-data/Paper-mill/Videos/MTL-RC00075-120.mp4
OK    /Volumes/Samsung 990-2/100 Hours/Paper-mill/MTL-RC00066-048.txt -> gs://100hr-data/Paper-mill/IMU/MTL-RC00066-048.txt
OK    /Volumes/Samsung 990-2/100 Hours/Paper-mill/MTL-RC00070-071.mp4 -> gs://100hr-data/Paper-mill/Videos/MTL-RC00070-071.mp4
OK    /Volumes/Samsung 990-2/100 Hours/Paper-mill/MTL-RC00070-142.aac -> gs://100hr-data/Paper-mill/IMU/MTL-RC00070-142.aac
OK    /Volumes/Samsung 990-2/100 Hours/Paper-mill/MTL-RC00070-065.mp4 -> gs://100hr-data/Paper-mill/Videos/MTL-RC00070-065.mp4
OK    /Volumes/Samsung 990-2/100 Hours/Paper-mill/MTL-RC00075-134.mp4 -> gs://100hr-data/Paper-mill/Videos/MTL-RC00075-134.mp4
OK    /Volumes/Samsung 990-2/100 Hours/Paper-mill/MTL-RC00076-048.txt -> gs://100hr-data/Paper-mill/IMU/MTL-RC00076-048.txt
OK    /Volumes/Samsung 990-2/100 Hours/Paper-mill/MTL-RC00082-049.txt -> gs://100hr-data/Paper-mill/IMU/MTL-RC00082-049.txt
OK    /Volumes/Samsung 990-2/100 Hours/Paper-mill/MTL-RC00075-160.txt -> gs://100hr-data/Paper-mill/IMU/MTL-RC00075-160.txt
OK    /Volumes/Samsung 990-2/100 Hours/Paper-mill/MTL-RC00070-031.txt -> gs://100hr-data/Paper-mill/IMU/MTL-RC00070-031.txt
OK    /Volumes/Samsung 990-2/100 Hours/Paper-mill/MTL-RC00066-008.mp4 -> gs://100hr-data/Paper-mill/Videos/MTL-RC00066-008.mp4
OK    /Volumes/Samsung 990-2/100 Hours/Paper-mill/MTL-RC00082-009.mp4 -> gs://100hr-data/Paper-mill/Videos/MTL-RC00082-009.mp4
OK    /Volumes/Samsung 990-2/100 Hours/Paper-mill/MTL-RC00076-020.mp4 -> gs://100hr-data/Paper-mill/Videos/MTL-RC00076-020.mp4
OK    /Volumes/Samsung 990-2/100 Hours/Paper-mill/MTL-RC00082-021.mp4 -> gs://100hr-data/Paper-mill/Videos/MTL-RC00082-021.mp4
OK    /Volumes/Samsung 990-2/100 Hours/Paper-mill/MTL-RC00082-112.aac -> gs://100hr-data/Paper-mill/IMU/MTL-RC00082-112.aac
OK    /Volumes/Samsung 990-2/100 Hours/Paper-mill/MTL-RC00066-034.mp4 -> gs://100hr-data/Paper-mill/Videos/MTL-RC00066-034.mp4
OK    /Volumes/Samsung 990-2/100 Hours/Paper-mill/MTL-RC00066-113.aac -> gs://100hr-data/Paper-mill/IMU/MTL-RC00066-113.aac
OK    /Volumes/Samsung 990-2/100 Hours/Paper-mill/MTL-RC00070-019.txt -> gs://100hr-data/Paper-mill/IMU/MTL-RC00070-019.txt
OK    /Volumes/Samsung 990-2/100 Hours/Paper-mill/MTL-RC00066-020.mp4 -> gs://100hr-data/Paper-mill/Videos/MTL-RC00066-020.mp4
OK    /Volumes/Samsung 990-2/100 Hours/Paper-mill/MTL-RC00075-148.txt -> gs://100hr-data/Paper-mill/IMU/MTL-RC00075-148.txt
OK    /Volumes/Samsung 990-2/100 Hours/Paper-mill/MTL-RC00082-106.aac -> gs://100hr-data/Paper-mill/IMU/MTL-RC00082-106.aac
OK    /Volumes/Samsung 990-2/100 Hours/Paper-mill/MTL-RC00076-034.mp4 -> gs://100hr-data/Paper-mill/Videos/MTL-RC00076-034.mp4
OK    /Volumes/Samsung 990-2/100 Hours/Paper-mill/MTL-RC00082-035.mp4 -> gs://100hr-data/Paper-mill/Videos/MTL-RC00082-035.mp4
OK    /Volumes/Samsung 990-2/100 Hours/Paper-mill/MTL-RC00072-134.txt -> gs://100hr-data/Paper-mill/IMU/MTL-RC00072-134.txt
OK    /Volumes/Samsung 990-2/100 Hours/Paper-mill/MTL-RC00067-071.txt -> gs://100hr-data/Paper-mill/IMU/MTL-RC00067-071.txt
OK    /Volumes/Samsung 990-2/100 Hours/Paper-mill/MTL-RC00072-090.aac -> gs://100hr-data/Paper-mill/IMU/MTL-RC00072-090.aac
OK    /Volumes/Samsung 990-2/100 Hours/Paper-mill/MTL-RC00067-059.txt -> gs://100hr-data/Paper-mill/IMU/MTL-RC00067-059.txt
OK    /Volumes/Samsung 990-2/100 Hours/Paper-mill/MTL-RC00072-108.txt -> gs://100hr-data/Paper-mill/IMU/MTL-RC00072-108.txt
OK    /Volumes/Samsung 990-2/100 Hours/Paper-mill/MTL-RC00067-019.mp4 -> gs://100hr-data/Paper-mill/Videos/MTL-RC00067-019.mp4
OK    /Volumes/Samsung 990-2/100 Hours/Paper-mill/MTL-RC00072-148.mp4 -> gs://100hr-data/Paper-mill/Videos/MTL-RC00072-148.mp4
OK    /Volumes/Samsung 990-2/100 Hours/Paper-mill/MTL-RC00067-116.aac -> gs://100hr-data/Paper-mill/IMU/MTL-RC00067-116.aac
OK    /Volumes/Samsung 990-2/100 Hours/Paper-mill/MTL-RC00072-053.aac -> gs://100hr-data/Paper-mill/IMU/MTL-RC00072-053.aac
OK    /Volumes/Samsung 990-2/100 Hours/Paper-mill/MTL-RC00072-047.aac -> gs://100hr-data/Paper-mill/IMU/MTL-RC00072-047.aac
OK    /Volumes/Samsung 990-2/100 Hours/Paper-mill/MTL-RC00067-031.mp4 -> gs://100hr-data/Paper-mill/Videos/MTL-RC00067-031.mp4
OK    /Volumes/Samsung 990-2/100 Hours/Paper-mill/MTL-RC00067-102.aac -> gs://100hr-data/Paper-mill/IMU/MTL-RC00067-102.aac
OK    /Volumes/Samsung 990-2/100 Hours/Paper-mill/MTL-RC00067-030.mp4 -> gs://100hr-data/Paper-mill/Videos/MTL-RC00067-030.mp4
OK    /Volumes/Samsung 990-2/100 Hours/Paper-mill/MTL-RC00072-046.aac -> gs://100hr-data/Paper-mill/IMU/MTL-RC00072-046.aac
OK    /Volumes/Samsung 990-2/100 Hours/Paper-mill/MTL-RC00067-024.mp4 -> gs://100hr-data/Paper-mill/Videos/MTL-RC00067-024.mp4
OK    /Volumes/Samsung 990-2/100 Hours/Paper-mill/MTL-RC00072-149.mp4 -> gs://100hr-data/Paper-mill/Videos/MTL-RC00072-149.mp4
OK    /Volumes/Samsung 990-2/100 Hours/Paper-mill/MTL-RC00072-091.aac -> gs://100hr-data/Paper-mill/IMU/MTL-RC00072-091.aac
OK    /Volumes/Samsung 990-2/100 Hours/Paper-mill/MTL-RC00067-070.txt -> gs://100hr-data/Paper-mill/IMU/MTL-RC00067-070.txt
OK    /Volumes/Samsung 990-2/100 Hours/Paper-mill/MTL-RC00067-064.txt -> gs://100hr-data/Paper-mill/IMU/MTL-RC00067-064.txt
OK    /Volumes/Samsung 990-2/100 Hours/Paper-mill/MTL-RC00066-021.mp4 -> gs://100hr-data/Paper-mill/Videos/MTL-RC00066-021.mp4
OK    /Volumes/Samsung 990-2/100 Hours/Paper-mill/MTL-RC00066-112.aac -> gs://100hr-data/Paper-mill/IMU/MTL-RC00066-112.aac
OK    /Volumes/Samsung 990-2/100 Hours/Paper-mill/MTL-RC00076-035.mp4 -> gs://100hr-data/Paper-mill/Videos/MTL-RC00076-035.mp4
OK    /Volumes/Samsung 990-2/100 Hours/Paper-mill/MTL-RC00082-034.mp4 -> gs://100hr-data/Paper-mill/Videos/MTL-RC00082-034.mp4
OK    /Volumes/Samsung 990-2/100 Hours/Paper-mill/MTL-RC00075-149.txt -> gs://100hr-data/Paper-mill/IMU/MTL-RC00075-149.txt
OK    /Volumes/Samsung 990-2/100 Hours/Paper-mill/MTL-RC00082-113.aac -> gs://100hr-data/Paper-mill/IMU/MTL-RC00082-113.aac
OK    /Volumes/Samsung 990-2/100 Hours/Paper-mill/MTL-RC00076-021.mp4 -> gs://100hr-data/Paper-mill/Videos/MTL-RC00076-021.mp4
OK    /Volumes/Samsung 990-2/100 Hours/Paper-mill/MTL-RC00082-020.mp4 -> gs://100hr-data/Paper-mill/Videos/MTL-RC00082-020.mp4
OK    /Volumes/Samsung 990-2/100 Hours/Paper-mill/MTL-RC00066-035.mp4 -> gs://100hr-data/Paper-mill/Videos/MTL-RC00066-035.mp4
OK    /Volumes/Samsung 990-2/100 Hours/Paper-mill/MTL-RC00070-024.txt -> gs://100hr-data/Paper-mill/IMU/MTL-RC00070-024.txt
OK    /Volumes/Samsung 990-2/100 Hours/Paper-mill/MTL-RC00082-008.mp4 -> gs://100hr-data/Paper-mill/Videos/MTL-RC00082-008.mp4
OK    /Volumes/Samsung 990-2/100 Hours/Paper-mill/MTL-RC00066-009.mp4 -> gs://100hr-data/Paper-mill/Videos/MTL-RC00066-009.mp4
OK    /Volumes/Samsung 990-2/100 Hours/Paper-mill/MTL-RC00070-030.txt -> gs://100hr-data/Paper-mill/IMU/MTL-RC00070-030.txt
OK    /Volumes/Samsung 990-2/100 Hours/Paper-mill/MTL-RC00070-064.mp4 -> gs://100hr-data/Paper-mill/Videos/MTL-RC00070-064.mp4
OK    /Volumes/Samsung 990-2/100 Hours/Paper-mill/MTL-RC00076-049.txt -> gs://100hr-data/Paper-mill/IMU/MTL-RC00076-049.txt
OK    /Volumes/Samsung 990-2/100 Hours/Paper-mill/MTL-RC00082-048.txt -> gs://100hr-data/Paper-mill/IMU/MTL-RC00082-048.txt
OK    /Volumes/Samsung 990-2/100 Hours/Paper-mill/MTL-RC00075-006.aac -> gs://100hr-data/Paper-mill/IMU/MTL-RC00075-006.aac
OK    /Volumes/Samsung 990-2/100 Hours/Paper-mill/MTL-RC00075-012.aac -> gs://100hr-data/Paper-mill/IMU/MTL-RC00075-012.aac
OK    /Volumes/Samsung 990-2/100 Hours/Paper-mill/MTL-RC00066-049.txt -> gs://100hr-data/Paper-mill/IMU/MTL-RC00066-049.txt
OK    /Volumes/Samsung 990-2/100 Hours/Paper-mill/MTL-RC00066-061.txt -> gs://100hr-data/Paper-mill/IMU/MTL-RC00066-061.txt
OK    /Volumes/Samsung 990-2/100 Hours/Paper-mill/MTL-RC00075-109.mp4 -> gs://100hr-data/Paper-mill/Videos/MTL-RC00075-109.mp4
OK    /Volumes/Samsung 990-2/100 Hours/Paper-mill/MTL-RC00076-075.txt -> gs://100hr-data/Paper-mill/IMU/MTL-RC00076-075.txt
OK    /Volumes/Samsung 990-2/100 Hours/Paper-mill/MTL-RC00082-074.txt -> gs://100hr-data/Paper-mill/IMU/MTL-RC00082-074.txt
OK    /Volumes/Samsung 990-2/100 Hours/Paper-mill/MTL-RC00076-061.txt -> gs://100hr-data/Paper-mill/IMU/MTL-RC00076-061.txt
OK    /Volumes/Samsung 990-2/100 Hours/Paper-mill/MTL-RC00082-060.txt -> gs://100hr-data/Paper-mill/IMU/MTL-RC00082-060.txt
OK    /Volumes/Samsung 990-2/100 Hours/Paper-mill/MTL-RC00066-075.txt -> gs://100hr-data/Paper-mill/IMU/MTL-RC00066-075.txt
OK    /Volumes/Samsung 990-2/100 Hours/Paper-mill/MTL-RC00082-140.mp4 -> gs://100hr-data/Paper-mill/Videos/MTL-RC00082-140.mp4
OK    /Volumes/Samsung 990-2/100 Hours/Paper-mill/MTL-RC00075-082.mp4 -> gs://100hr-data/Paper-mill/Videos/MTL-RC00075-082.mp4
OK    /Volumes/Samsung 990-2/100 Hours/Paper-mill/MTL-RC00076-072.aac -> gs://100hr-data/Paper-mill/IMU/MTL-RC00076-072.aac
OK    /Volumes/Samsung 990-2/100 Hours/Paper-mill/MTL-RC00082-073.aac -> gs://100hr-data/Paper-mill/IMU/MTL-RC00082-073.aac
OK    /Volumes/Samsung 990-2/100 Hours/Paper-mill/MTL-RC00076-066.aac -> gs://100hr-data/Paper-mill/IMU/MTL-RC00076-066.aac
OK    /Volumes/Samsung 990-2/100 Hours/Paper-mill/MTL-RC00082-067.aac -> gs://100hr-data/Paper-mill/IMU/MTL-RC00082-067.aac
OK    /Volumes/Samsung 990-2/100 Hours/Paper-mill/MTL-RC00075-096.mp4 -> gs://100hr-data/Paper-mill/Videos/MTL-RC00075-096.mp4
OK    /Volumes/Samsung 990-2/100 Hours/Paper-mill/MTL-RC00066-072.aac -> gs://100hr-data/Paper-mill/IMU/MTL-RC00066-072.aac
OK    /Volumes/Samsung 990-2/100 Hours/Paper-mill/MTL-RC00066-141.mp4 -> gs://100hr-data/Paper-mill/Videos/MTL-RC00066-141.mp4
OK    /Volumes/Samsung 990-2/100 Hours/Paper-mill/MTL-RC00075-015.txt -> gs://100hr-data/Paper-mill/IMU/MTL-RC00075-015.txt
OK    /Volumes/Samsung 990-2/100 Hours/Paper-mill/MTL-RC00070-144.txt -> gs://100hr-data/Paper-mill/IMU/MTL-RC00070-144.txt
OK    /Volumes/Samsung 990-2/100 Hours/Paper-mill/MTL-RC00066-129.txt -> gs://100hr-data/Paper-mill/IMU/MTL-RC00066-129.txt
OK    /Volumes/Samsung 990-2/100 Hours/Paper-mill/MTL-RC00070-023.aac -> gs://100hr-data/Paper-mill/IMU/MTL-RC00070-023.aac
OK    /Volumes/Samsung 990-2/100 Hours/Paper-mill/MTL-RC00075-041.mp4 -> gs://100hr-data/Paper-mill/Videos/MTL-RC00075-041.mp4
OK    /Volumes/Samsung 990-2/100 Hours/Paper-mill/MTL-RC00070-104.mp4 -> gs://100hr-data/Paper-mill/Videos/MTL-RC00070-104.mp4
OK    /Volumes/Samsung 990-2/100 Hours/Paper-mill/MTL-RC00066-115.txt -> gs://100hr-data/Paper-mill/IMU/MTL-RC00066-115.txt
OK    /Volumes/Samsung 990-2/100 Hours/Paper-mill/MTL-RC00082-100.txt -> gs://100hr-data/Paper-mill/IMU/MTL-RC00082-100.txt
OK    /Volumes/Samsung 990-2/100 Hours/Paper-mill/MTL-RC00082-098.aac -> gs://100hr-data/Paper-mill/IMU/MTL-RC00082-098.aac
OK    /Volumes/Samsung 990-2/100 Hours/Paper-mill/MTL-RC00082-114.txt -> gs://100hr-data/Paper-mill/IMU/MTL-RC00082-114.txt
OK    /Volumes/Samsung 990-2/100 Hours/Paper-mill/MTL-RC00066-101.txt -> gs://100hr-data/Paper-mill/IMU/MTL-RC00066-101.txt
OK    /Volumes/Samsung 990-2/100 Hours/Paper-mill/MTL-RC00070-138.mp4 -> gs://100hr-data/Paper-mill/Videos/MTL-RC00070-138.mp4
OK    /Volumes/Samsung 990-2/100 Hours/Paper-mill/MTL-RC00072-126.aac -> gs://100hr-data/Paper-mill/IMU/MTL-RC00072-126.aac
OK    /Volumes/Samsung 990-2/100 Hours/Paper-mill/MTL-RC00080-086.mp4 -> gs://100hr-data/Paper-mill/Videos/MTL-RC00080-086.mp4
OK    /Volumes/Samsung 990-2/100 Hours/Paper-mill/MTL-RC00080-039.txt -> gs://100hr-data/Paper-mill/IMU/MTL-RC00080-039.txt
OK    /Volumes/Samsung 990-2/100 Hours/Paper-mill/MTL-RC00072-082.txt -> gs://100hr-data/Paper-mill/IMU/MTL-RC00072-082.txt
OK    /Volumes/Samsung 990-2/100 Hours/Paper-mill/MTL-RC00072-096.txt -> gs://100hr-data/Paper-mill/IMU/MTL-RC00072-096.txt
OK    /Volumes/Samsung 990-2/100 Hours/Paper-mill/MTL-RC00080-051.mp4 -> gs://100hr-data/Paper-mill/Videos/MTL-RC00080-051.mp4
OK    /Volumes/Samsung 990-2/100 Hours/Paper-mill/MTL-RC00080-045.mp4 -> gs://100hr-data/Paper-mill/Videos/MTL-RC00080-045.mp4
OK    /Volumes/Samsung 990-2/100 Hours/Paper-mill/MTL-RC00067-104.txt -> gs://100hr-data/Paper-mill/IMU/MTL-RC00067-104.txt
OK    /Volumes/Samsung 990-2/100 Hours/Paper-mill/MTL-RC00072-041.txt -> gs://100hr-data/Paper-mill/IMU/MTL-RC00072-041.txt
OK    /Volumes/Samsung 990-2/100 Hours/Paper-mill/MTL-RC00080-079.mp4 -> gs://100hr-data/Paper-mill/Videos/MTL-RC00080-079.mp4
Summary: success=2074 skipped=0 failed=0
