Upload started: 2026-08-26T13:03:57Z
Source: /Volumes/Samsung 990-2/100 Hours/Furniture
Destination: gs://100hr-data/Furniture/
OK    /Volumes/Samsung 990-2/100 Hours/Furniture/MTL-SGF00111-038.aac -> gs://100hr-data/Furniture/IMU/MTL-SGF00111-038.aac
OK    /Volumes/Samsung 990-2/100 Hours/Furniture/MTL-SGF00119-079.mp4 -> gs://100hr-data/Furniture/Videos/MTL-SGF00119-079.mp4
OK    /Volumes/Samsung 990-2/100 Hours/Furniture/MTL-SGF00119-086.mp4 -> gs://100hr-data/Furniture/Videos/MTL-SGF00119-086.mp4
OK    /Volumes/Samsung 990-2/100 Hours/Furniture/MTL-SGF00118-040.mp4 -> gs://100hr-data/Furniture/Videos/MTL-SGF00118-040.mp4
OK    /Volumes/Samsung 990-2/100 Hours/Furniture/MTL-SGF00125-070.txt -> gs://100hr-data/Furniture/IMU/MTL-SGF00125-070.txt
OK    /Volumes/Samsung 990-2/100 Hours/Furniture/MTL-SGF00115-063.mp4 -> gs://100hr-data/Furniture/Videos/MTL-SGF00115-063.mp4
OK    /Volumes/Samsung 990-2/100 Hours/Furniture/MTL-SGF00108-040.mp4 -> gs://100hr-data/Furniture/Videos/MTL-SGF00108-040.mp4
OK    /Volumes/Samsung 990-2/100 Hours/Furniture/MTL-SGF00125-064.txt -> gs://100hr-data/Furniture/IMU/MTL-SGF00125-064.txt
OK    /Volumes/Samsung 990-2/100 Hours/Furniture/MTL-SGF00118-054.mp4 -> gs://100hr-data/Furniture/Videos/MTL-SGF00118-054.mp4
OK    /Volumes/Samsung 990-2/100 Hours/Furniture/MTL-SGF00118-068.mp4 -> gs://100hr-data/Furniture/Videos/MTL-SGF00118-068.mp4
OK    /Volumes/Samsung 990-2/100 Hours/Furniture/MTL-SGF00113-072.txt -> gs://100hr-data/Furniture/IMU/MTL-SGF00113-072.txt
OK    /Volumes/Samsung 990-2/100 Hours/Furniture/MTL-SGF00126-017.aac -> gs://100hr-data/Furniture/IMU/MTL-SGF00126-017.aac
OK    /Volumes/Samsung 990-2/100 Hours/Furniture/MTL-SGF00125-058.txt -> gs://100hr-data/Furniture/IMU/MTL-SGF00125-058.txt
OK    /Volumes/Samsung 990-2/100 Hours/Furniture/MTL-SGF00106-050.aac -> gs://100hr-data/Furniture/IMU/MTL-SGF00106-050.aac
OK    /Volumes/Samsung 990-2/100 Hours/Furniture/MTL-SGF00118-083.mp4 -> gs://100hr-data/Furniture/Videos/MTL-SGF00118-083.mp4
OK    /Volumes/Samsung 990-2/100 Hours/Furniture/MTL-SGF00108-028.txt -> gs://100hr-data/Furniture/IMU/MTL-SGF00108-028.txt
OK    /Volumes/Samsung 990-2/100 Hours/Furniture/MTL-SGF00123-021.txt -> gs://100hr-data/Furniture/IMU/MTL-SGF00123-021.txt
OK    /Volumes/Samsung 990-2/100 Hours/Furniture/MTL-SGF00123-035.txt -> gs://100hr-data/Furniture/IMU/MTL-SGF00123-035.txt
OK    /Volumes/Samsung 990-2/100 Hours/Furniture/MTL-SGF00113-101.aac -> gs://100hr-data/Furniture/IMU/MTL-SGF00113-101.aac
OK    /Volumes/Samsung 990-2/100 Hours/Furniture/MTL-SGF00125-018.mp4 -> gs://100hr-data/Furniture/Videos/MTL-SGF00125-018.mp4
OK    /Volumes/Samsung 990-2/100 Hours/Furniture/MTL-SGF00118-097.mp4 -> gs://100hr-data/Furniture/Videos/MTL-SGF00118-097.mp4
OK    /Volumes/Samsung 990-2/100 Hours/Furniture/MTL-SGF00106-044.aac -> gs://100hr-data/Furniture/IMU/MTL-SGF00106-044.aac
OK    /Volumes/Samsung 990-2/100 Hours/Furniture/MTL-SGF00113-032.mp4 -> gs://100hr-data/Furniture/Videos/MTL-SGF00113-032.mp4
OK    /Volumes/Samsung 990-2/100 Hours/Furniture/MTL-SGF00118-028.txt -> gs://100hr-data/Furniture/IMU/MTL-SGF00118-028.txt
OK    /Volumes/Samsung 990-2/100 Hours/Furniture/MTL-SGF00125-030.mp4 -> gs://100hr-data/Furniture/Videos/MTL-SGF00125-030.mp4
OK    /Volumes/Samsung 990-2/100 Hours/Furniture/MTL-SGF00108-014.txt -> gs://100hr-data/Furniture/IMU/MTL-SGF00108-014.txt
OK    /Volumes/Samsung 990-2/100 Hours/Furniture/MTL-SGF00115-037.txt -> gs://100hr-data/Furniture/IMU/MTL-SGF00115-037.txt
OK    /Volumes/Samsung 990-2/100 Hours/Furniture/MTL-SGF00115-023.txt -> gs://100hr-data/Furniture/IMU/MTL-SGF00115-023.txt
OK    /Volumes/Samsung 990-2/100 Hours/Furniture/MTL-SGF00123-009.txt -> gs://100hr-data/Furniture/IMU/MTL-SGF00123-009.txt
OK    /Volumes/Samsung 990-2/100 Hours/Furniture/MTL-SGF00118-014.txt -> gs://100hr-data/Furniture/IMU/MTL-SGF00118-014.txt
OK    /Volumes/Samsung 990-2/100 Hours/Furniture/MTL-SGF00125-024.mp4 -> gs://100hr-data/Furniture/Videos/MTL-SGF00125-024.mp4
OK    /Volumes/Samsung 990-2/100 Hours/Furniture/MTL-SGF00126-078.mp4 -> gs://100hr-data/Furniture/Videos/MTL-SGF00126-078.mp4
OK    /Volumes/Samsung 990-2/100 Hours/Furniture/MTL-SGF00118-134.mp4 -> gs://100hr-data/Furniture/Videos/MTL-SGF00118-134.mp4
OK    /Volumes/Samsung 990-2/100 Hours/Furniture/MTL-SGF00118-007.aac -> gs://100hr-data/Furniture/IMU/MTL-SGF00118-007.aac
OK    /Volumes/Samsung 990-2/100 Hours/Furniture/MTL-SGF00125-104.txt -> gs://100hr-data/Furniture/IMU/MTL-SGF00125-104.txt
OK    /Volumes/Samsung 990-2/100 Hours/Furniture/MTL-SGF00125-088.aac -> gs://100hr-data/Furniture/IMU/MTL-SGF00125-088.aac
OK    /Volumes/Samsung 990-2/100 Hours/Furniture/MTL-SGF00108-013.aac -> gs://100hr-data/Furniture/IMU/MTL-SGF00108-013.aac
OK    /Volumes/Samsung 990-2/100 Hours/Furniture/MTL-SGF00108-007.aac -> gs://100hr-data/Furniture/IMU/MTL-SGF00108-007.aac
OK    /Volumes/Samsung 990-2/100 Hours/Furniture/MTL-SGF00115-024.aac -> gs://100hr-data/Furniture/IMU/MTL-SGF00115-024.aac
OK    /Volumes/Samsung 990-2/100 Hours/Furniture/MTL-SGF00118-013.aac -> gs://100hr-data/Furniture/IMU/MTL-SGF00118-013.aac
OK    /Volumes/Samsung 990-2/100 Hours/Furniture/MTL-SGF00118-120.mp4 -> gs://100hr-data/Furniture/Videos/MTL-SGF00118-120.mp4
OK    /Volumes/Samsung 990-2/100 Hours/Furniture/MTL-SGF00106-057.txt -> gs://100hr-data/Furniture/IMU/MTL-SGF00106-057.txt
OK    /Volumes/Samsung 990-2/100 Hours/Furniture/MTL-SGF00118-108.mp4 -> gs://100hr-data/Furniture/Videos/MTL-SGF00118-108.mp4
OK    /Volumes/Samsung 990-2/100 Hours/Furniture/MTL-SGF00123-032.aac -> gs://100hr-data/Furniture/IMU/MTL-SGF00123-032.aac
OK    /Volumes/Samsung 990-2/100 Hours/Furniture/MTL-SGF00115-018.aac -> gs://100hr-data/Furniture/IMU/MTL-SGF00115-018.aac
OK    /Volumes/Samsung 990-2/100 Hours/Furniture/MTL-SGF00126-050.mp4 -> gs://100hr-data/Furniture/Videos/MTL-SGF00126-050.mp4
OK    /Volumes/Samsung 990-2/100 Hours/Furniture/MTL-SGF00106-043.txt -> gs://100hr-data/Furniture/IMU/MTL-SGF00106-043.txt
OK    /Volumes/Samsung 990-2/100 Hours/Furniture/MTL-SGF00113-061.aac -> gs://100hr-data/Furniture/IMU/MTL-SGF00113-061.aac
OK    /Volumes/Samsung 990-2/100 Hours/Furniture/MTL-SGF00113-075.aac -> gs://100hr-data/Furniture/IMU/MTL-SGF00113-075.aac
OK    /Volumes/Samsung 990-2/100 Hours/Furniture/MTL-SGF00126-010.txt -> gs://100hr-data/Furniture/IMU/MTL-SGF00126-010.txt
OK    /Volumes/Samsung 990-2/100 Hours/Furniture/MTL-SGF00126-087.mp4 -> gs://100hr-data/Furniture/Videos/MTL-SGF00126-087.mp4
OK    /Volumes/Samsung 990-2/100 Hours/Furniture/MTL-SGF00125-077.aac -> gs://100hr-data/Furniture/IMU/MTL-SGF00125-077.aac
OK    /Volumes/Samsung 990-2/100 Hours/Furniture/MTL-SGF00126-038.txt -> gs://100hr-data/Furniture/IMU/MTL-SGF00126-038.txt
OK    /Volumes/Samsung 990-2/100 Hours/Furniture/MTL-SGF00113-049.aac -> gs://100hr-data/Furniture/IMU/MTL-SGF00113-049.aac
OK    /Volumes/Samsung 990-2/100 Hours/Furniture/MTL-SGF00126-093.mp4 -> gs://100hr-data/Furniture/Videos/MTL-SGF00126-093.mp4
OK    /Volumes/Samsung 990-2/100 Hours/Furniture/MTL-SGF00111-043.mp4 -> gs://100hr-data/Furniture/Videos/MTL-SGF00111-043.mp4
OK    /Volumes/Samsung 990-2/100 Hours/Furniture/MTL-SGF00111-057.mp4 -> gs://100hr-data/Furniture/Videos/MTL-SGF00111-057.mp4
OK    /Volumes/Samsung 990-2/100 Hours/Furniture/MTL-SGF00111-080.mp4 -> gs://100hr-data/Furniture/Videos/MTL-SGF00111-080.mp4
OK    /Volumes/Samsung 990-2/100 Hours/Furniture/MTL-SGF00111-017.txt -> gs://100hr-data/Furniture/IMU/MTL-SGF00111-017.txt
OK    /Volumes/Samsung 990-2/100 Hours/Furniture/MTL-SGF00111-016.txt -> gs://100hr-data/Furniture/IMU/MTL-SGF00111-016.txt
OK    /Volumes/Samsung 990-2/100 Hours/Furniture/MTL-SGF00111-056.mp4 -> gs://100hr-data/Furniture/Videos/MTL-SGF00111-056.mp4
OK    /Volumes/Samsung 990-2/100 Hours/Furniture/MTL-SGF00111-042.mp4 -> gs://100hr-data/Furniture/Videos/MTL-SGF00111-042.mp4
OK    /Volumes/Samsung 990-2/100 Hours/Furniture/MTL-SGF00125-062.aac -> gs://100hr-data/Furniture/IMU/MTL-SGF00125-062.aac
OK    /Volumes/Samsung 990-2/100 Hours/Furniture/MTL-SGF00126-039.txt -> gs://100hr-data/Furniture/IMU/MTL-SGF00126-039.txt
OK    /Volumes/Samsung 990-2/100 Hours/Furniture/MTL-SGF00125-076.aac -> gs://100hr-data/Furniture/IMU/MTL-SGF00125-076.aac
OK    /Volumes/Samsung 990-2/100 Hours/Furniture/MTL-SGF00126-086.mp4 -> gs://100hr-data/Furniture/Videos/MTL-SGF00126-086.mp4
OK    /Volumes/Samsung 990-2/100 Hours/Furniture/MTL-SGF00113-060.aac -> gs://100hr-data/Furniture/IMU/MTL-SGF00113-060.aac
OK    /Volumes/Samsung 990-2/100 Hours/Furniture/MTL-SGF00123-033.aac -> gs://100hr-data/Furniture/IMU/MTL-SGF00123-033.aac
OK    /Volumes/Samsung 990-2/100 Hours/Furniture/MTL-SGF00106-042.txt -> gs://100hr-data/Furniture/IMU/MTL-SGF00106-042.txt
OK    /Volumes/Samsung 990-2/100 Hours/Furniture/MTL-SGF00113-107.txt -> gs://100hr-data/Furniture/IMU/MTL-SGF00113-107.txt
OK    /Volumes/Samsung 990-2/100 Hours/Furniture/MTL-SGF00126-051.mp4 -> gs://100hr-data/Furniture/Videos/MTL-SGF00126-051.mp4
OK    /Volumes/Samsung 990-2/100 Hours/Furniture/MTL-SGF00118-109.mp4 -> gs://100hr-data/Furniture/Videos/MTL-SGF00118-109.mp4
OK    /Volumes/Samsung 990-2/100 Hours/Furniture/MTL-SGF00126-045.mp4 -> gs://100hr-data/Furniture/Videos/MTL-SGF00126-045.mp4
OK    /Volumes/Samsung 990-2/100 Hours/Furniture/MTL-SGF00106-056.txt -> gs://100hr-data/Furniture/IMU/MTL-SGF00106-056.txt
OK    /Volumes/Samsung 990-2/100 Hours/Furniture/MTL-SGF00123-027.aac -> gs://100hr-data/Furniture/IMU/MTL-SGF00123-027.aac
OK    /Volumes/Samsung 990-2/100 Hours/Furniture/MTL-SGF00108-006.aac -> gs://100hr-data/Furniture/IMU/MTL-SGF00108-006.aac
OK    /Volumes/Samsung 990-2/100 Hours/Furniture/MTL-SGF00115-025.aac -> gs://100hr-data/Furniture/IMU/MTL-SGF00115-025.aac
OK    /Volumes/Samsung 990-2/100 Hours/Furniture/MTL-SGF00125-111.txt -> gs://100hr-data/Furniture/IMU/MTL-SGF00125-111.txt
OK    /Volumes/Samsung 990-2/100 Hours/Furniture/MTL-SGF00118-012.aac -> gs://100hr-data/Furniture/IMU/MTL-SGF00118-012.aac
OK    /Volumes/Samsung 990-2/100 Hours/Furniture/MTL-SGF00125-089.aac -> gs://100hr-data/Furniture/IMU/MTL-SGF00125-089.aac
OK    /Volumes/Samsung 990-2/100 Hours/Furniture/MTL-SGF00125-105.txt -> gs://100hr-data/Furniture/IMU/MTL-SGF00125-105.txt
OK    /Volumes/Samsung 990-2/100 Hours/Furniture/MTL-SGF00118-006.aac -> gs://100hr-data/Furniture/IMU/MTL-SGF00118-006.aac
OK    /Volumes/Samsung 990-2/100 Hours/Furniture/MTL-SGF00118-135.mp4 -> gs://100hr-data/Furniture/Videos/MTL-SGF00118-135.mp4
OK    /Volumes/Samsung 990-2/100 Hours/Furniture/MTL-SGF00126-079.mp4 -> gs://100hr-data/Furniture/Videos/MTL-SGF00126-079.mp4
OK    /Volumes/Samsung 990-2/100 Hours/Furniture/MTL-SGF00115-031.aac -> gs://100hr-data/Furniture/IMU/MTL-SGF00115-031.aac
OK    /Volumes/Samsung 990-2/100 Hours/Furniture/MTL-SGF00108-012.aac -> gs://100hr-data/Furniture/IMU/MTL-SGF00108-012.aac
OK    /Volumes/Samsung 990-2/100 Hours/Furniture/MTL-SGF00125-025.mp4 -> gs://100hr-data/Furniture/Videos/MTL-SGF00125-025.mp4
OK    /Volumes/Samsung 990-2/100 Hours/Furniture/MTL-SGF00118-015.txt -> gs://100hr-data/Furniture/IMU/MTL-SGF00118-015.txt
OK    /Volumes/Samsung 990-2/100 Hours/Furniture/MTL-SGF00125-102.aac -> gs://100hr-data/Furniture/IMU/MTL-SGF00125-102.aac
OK    /Volumes/Samsung 990-2/100 Hours/Furniture/MTL-SGF00125-031.mp4 -> gs://100hr-data/Furniture/Videos/MTL-SGF00125-031.mp4
OK    /Volumes/Samsung 990-2/100 Hours/Furniture/MTL-SGF00108-015.txt -> gs://100hr-data/Furniture/IMU/MTL-SGF00108-015.txt
OK    /Volumes/Samsung 990-2/100 Hours/Furniture/MTL-SGF00115-036.txt -> gs://100hr-data/Furniture/IMU/MTL-SGF00115-036.txt
OK    /Volumes/Samsung 990-2/100 Hours/Furniture/MTL-SGF00123-034.txt -> gs://100hr-data/Furniture/IMU/MTL-SGF00123-034.txt
OK    /Volumes/Samsung 990-2/100 Hours/Furniture/MTL-SGF00106-045.aac -> gs://100hr-data/Furniture/IMU/MTL-SGF00106-045.aac
OK    /Volumes/Samsung 990-2/100 Hours/Furniture/MTL-SGF00118-096.mp4 -> gs://100hr-data/Furniture/Videos/MTL-SGF00118-096.mp4
OK    /Volumes/Samsung 990-2/100 Hours/Furniture/MTL-SGF00125-019.mp4 -> gs://100hr-data/Furniture/Videos/MTL-SGF00125-019.mp4
OK    /Volumes/Samsung 990-2/100 Hours/Furniture/MTL-SGF00113-100.aac -> gs://100hr-data/Furniture/IMU/MTL-SGF00113-100.aac
OK    /Volumes/Samsung 990-2/100 Hours/Furniture/MTL-SGF00113-098.txt -> gs://100hr-data/Furniture/IMU/MTL-SGF00113-098.txt
OK    /Volumes/Samsung 990-2/100 Hours/Furniture/MTL-SGF00118-082.mp4 -> gs://100hr-data/Furniture/Videos/MTL-SGF00118-082.mp4
OK    /Volumes/Samsung 990-2/100 Hours/Furniture/MTL-SGF00113-027.mp4 -> gs://100hr-data/Furniture/Videos/MTL-SGF00113-027.mp4
OK    /Volumes/Samsung 990-2/100 Hours/Furniture/MTL-SGF00106-051.aac -> gs://100hr-data/Furniture/IMU/MTL-SGF00106-051.aac
OK    /Volumes/Samsung 990-2/100 Hours/Furniture/MTL-SGF00123-020.txt -> gs://100hr-data/Furniture/IMU/MTL-SGF00123-020.txt
OK    /Volumes/Samsung 990-2/100 Hours/Furniture/MTL-SGF00125-059.txt -> gs://100hr-data/Furniture/IMU/MTL-SGF00125-059.txt
OK    /Volumes/Samsung 990-2/100 Hours/Furniture/MTL-SGF00126-016.aac -> gs://100hr-data/Furniture/IMU/MTL-SGF00126-016.aac
OK    /Volumes/Samsung 990-2/100 Hours/Furniture/MTL-SGF00118-069.mp4 -> gs://100hr-data/Furniture/Videos/MTL-SGF00118-069.mp4
OK    /Volumes/Samsung 990-2/100 Hours/Furniture/MTL-SGF00113-067.txt -> gs://100hr-data/Furniture/IMU/MTL-SGF00113-067.txt
OK    /Volumes/Samsung 990-2/100 Hours/Furniture/MTL-SGF00115-062.mp4 -> gs://100hr-data/Furniture/Videos/MTL-SGF00115-062.mp4
OK    /Volumes/Samsung 990-2/100 Hours/Furniture/MTL-SGF00108-041.mp4 -> gs://100hr-data/Furniture/Videos/MTL-SGF00108-041.mp4
OK    /Volumes/Samsung 990-2/100 Hours/Furniture/MTL-SGF00125-065.txt -> gs://100hr-data/Furniture/IMU/MTL-SGF00125-065.txt
OK    /Volumes/Samsung 990-2/100 Hours/Furniture/MTL-SGF00125-071.txt -> gs://100hr-data/Furniture/IMU/MTL-SGF00125-071.txt
OK    /Volumes/Samsung 990-2/100 Hours/Furniture/MTL-SGF00118-041.mp4 -> gs://100hr-data/Furniture/Videos/MTL-SGF00118-041.mp4
OK    /Volumes/Samsung 990-2/100 Hours/Furniture/MTL-SGF00115-076.mp4 -> gs://100hr-data/Furniture/Videos/MTL-SGF00115-076.mp4
OK    /Volumes/Samsung 990-2/100 Hours/Furniture/MTL-SGF00119-087.mp4 -> gs://100hr-data/Furniture/Videos/MTL-SGF00119-087.mp4
OK    /Volumes/Samsung 990-2/100 Hours/Furniture/MTL-SGF00119-078.mp4 -> gs://100hr-data/Furniture/Videos/MTL-SGF00119-078.mp4
OK    /Volumes/Samsung 990-2/100 Hours/Furniture/MTL-SGF00111-039.aac -> gs://100hr-data/Furniture/IMU/MTL-SGF00111-039.aac
OK    /Volumes/Samsung 990-2/100 Hours/Furniture/MTL-SGF00111-013.aac -> gs://100hr-data/Furniture/IMU/MTL-SGF00111-013.aac
OK    /Volumes/Samsung 990-2/100 Hours/Furniture/MTL-SGF00119-085.mp4 -> gs://100hr-data/Furniture/Videos/MTL-SGF00119-085.mp4
OK    /Volumes/Samsung 990-2/100 Hours/Furniture/MTL-SGF00126-028.aac -> gs://100hr-data/Furniture/IMU/MTL-SGF00126-028.aac
OK    /Volumes/Samsung 990-2/100 Hours/Furniture/MTL-SGF00125-067.txt -> gs://100hr-data/Furniture/IMU/MTL-SGF00125-067.txt
OK    /Volumes/Samsung 990-2/100 Hours/Furniture/MTL-SGF00118-057.mp4 -> gs://100hr-data/Furniture/Videos/MTL-SGF00118-057.mp4
OK    /Volumes/Samsung 990-2/100 Hours/Furniture/MTL-SGF00108-043.mp4 -> gs://100hr-data/Furniture/Videos/MTL-SGF00108-043.mp4
OK    /Volumes/Samsung 990-2/100 Hours/Furniture/MTL-SGF00115-060.mp4 -> gs://100hr-data/Furniture/Videos/MTL-SGF00115-060.mp4
OK    /Volumes/Samsung 990-2/100 Hours/Furniture/MTL-SGF00115-074.mp4 -> gs://100hr-data/Furniture/Videos/MTL-SGF00115-074.mp4
OK    /Volumes/Samsung 990-2/100 Hours/Furniture/MTL-SGF00118-043.mp4 -> gs://100hr-data/Furniture/Videos/MTL-SGF00118-043.mp4
OK    /Volumes/Samsung 990-2/100 Hours/Furniture/MTL-SGF00113-059.txt -> gs://100hr-data/Furniture/IMU/MTL-SGF00113-059.txt
OK    /Volumes/Samsung 990-2/100 Hours/Furniture/MTL-SGF00113-071.txt -> gs://100hr-data/Furniture/IMU/MTL-SGF00113-071.txt
OK    /Volumes/Samsung 990-2/100 Hours/Furniture/MTL-SGF00126-014.aac -> gs://100hr-data/Furniture/IMU/MTL-SGF00126-014.aac
OK    /Volumes/Samsung 990-2/100 Hours/Furniture/MTL-SGF00113-065.txt -> gs://100hr-data/Furniture/IMU/MTL-SGF00113-065.txt
OK    /Volumes/Samsung 990-2/100 Hours/Furniture/MTL-SGF00113-102.aac -> gs://100hr-data/Furniture/IMU/MTL-SGF00113-102.aac
OK    /Volumes/Samsung 990-2/100 Hours/Furniture/MTL-SGF00118-094.mp4 -> gs://100hr-data/Furniture/Videos/MTL-SGF00118-094.mp4
OK    /Volumes/Samsung 990-2/100 Hours/Furniture/MTL-SGF00106-047.aac -> gs://100hr-data/Furniture/IMU/MTL-SGF00106-047.aac
OK    /Volumes/Samsung 990-2/100 Hours/Furniture/MTL-SGF00113-031.mp4 -> gs://100hr-data/Furniture/Videos/MTL-SGF00113-031.mp4
OK    /Volumes/Samsung 990-2/100 Hours/Furniture/MTL-SGF00123-036.txt -> gs://100hr-data/Furniture/IMU/MTL-SGF00123-036.txt
OK    /Volumes/Samsung 990-2/100 Hours/Furniture/MTL-SGF00106-053.aac -> gs://100hr-data/Furniture/IMU/MTL-SGF00106-053.aac
OK    /Volumes/Samsung 990-2/100 Hours/Furniture/MTL-SGF00113-025.mp4 -> gs://100hr-data/Furniture/Videos/MTL-SGF00113-025.mp4
OK    /Volumes/Samsung 990-2/100 Hours/Furniture/MTL-SGF00118-080.mp4 -> gs://100hr-data/Furniture/Videos/MTL-SGF00118-080.mp4
OK    /Volumes/Samsung 990-2/100 Hours/Furniture/MTL-SGF00125-098.txt -> gs://100hr-data/Furniture/IMU/MTL-SGF00125-098.txt
OK    /Volumes/Samsung 990-2/100 Hours/Furniture/MTL-SGF00118-017.txt -> gs://100hr-data/Furniture/IMU/MTL-SGF00118-017.txt
OK    /Volumes/Samsung 990-2/100 Hours/Furniture/MTL-SGF00125-027.mp4 -> gs://100hr-data/Furniture/Videos/MTL-SGF00125-027.mp4
OK    /Volumes/Samsung 990-2/100 Hours/Furniture/MTL-SGF00115-020.txt -> gs://100hr-data/Furniture/IMU/MTL-SGF00115-020.txt
OK    /Volumes/Samsung 990-2/100 Hours/Furniture/MTL-SGF00115-034.txt -> gs://100hr-data/Furniture/IMU/MTL-SGF00115-034.txt
OK    /Volumes/Samsung 990-2/100 Hours/Furniture/MTL-SGF00108-017.txt -> gs://100hr-data/Furniture/IMU/MTL-SGF00108-017.txt
OK    /Volumes/Samsung 990-2/100 Hours/Furniture/MTL-SGF00113-019.mp4 -> gs://100hr-data/Furniture/Videos/MTL-SGF00113-019.mp4
OK    /Volumes/Samsung 990-2/100 Hours/Furniture/MTL-SGF00125-100.aac -> gs://100hr-data/Furniture/IMU/MTL-SGF00125-100.aac
OK    /Volumes/Samsung 990-2/100 Hours/Furniture/MTL-SGF00118-010.aac -> gs://100hr-data/Furniture/IMU/MTL-SGF00118-010.aac
OK    /Volumes/Samsung 990-2/100 Hours/Furniture/MTL-SGF00125-113.txt -> gs://100hr-data/Furniture/IMU/MTL-SGF00125-113.txt
OK    /Volumes/Samsung 990-2/100 Hours/Furniture/MTL-SGF00118-123.mp4 -> gs://100hr-data/Furniture/Videos/MTL-SGF00118-123.mp4
OK    /Volumes/Samsung 990-2/100 Hours/Furniture/MTL-SGF00115-027.aac -> gs://100hr-data/Furniture/IMU/MTL-SGF00115-027.aac
OK    /Volumes/Samsung 990-2/100 Hours/Furniture/MTL-SGF00108-010.aac -> gs://100hr-data/Furniture/IMU/MTL-SGF00108-010.aac
OK    /Volumes/Samsung 990-2/100 Hours/Furniture/MTL-SGF00115-033.aac -> gs://100hr-data/Furniture/IMU/MTL-SGF00115-033.aac
OK    /Volumes/Samsung 990-2/100 Hours/Furniture/MTL-SGF00125-107.txt -> gs://100hr-data/Furniture/IMU/MTL-SGF00125-107.txt
OK    /Volumes/Samsung 990-2/100 Hours/Furniture/MTL-SGF00113-089.aac -> gs://100hr-data/Furniture/IMU/MTL-SGF00113-089.aac
OK    /Volumes/Samsung 990-2/100 Hours/Furniture/MTL-SGF00126-053.mp4 -> gs://100hr-data/Furniture/Videos/MTL-SGF00126-053.mp4
OK    /Volumes/Samsung 990-2/100 Hours/Furniture/MTL-SGF00113-105.txt -> gs://100hr-data/Furniture/IMU/MTL-SGF00113-105.txt
OK    /Volumes/Samsung 990-2/100 Hours/Furniture/MTL-SGF00123-031.aac -> gs://100hr-data/Furniture/IMU/MTL-SGF00123-031.aac
OK    /Volumes/Samsung 990-2/100 Hours/Furniture/MTL-SGF00108-038.aac -> gs://100hr-data/Furniture/IMU/MTL-SGF00108-038.aac
OK    /Volumes/Samsung 990-2/100 Hours/Furniture/MTL-SGF00123-025.aac -> gs://100hr-data/Furniture/IMU/MTL-SGF00123-025.aac
OK    /Volumes/Samsung 990-2/100 Hours/Furniture/MTL-SGF00118-038.aac -> gs://100hr-data/Furniture/IMU/MTL-SGF00118-038.aac
OK    /Volumes/Samsung 990-2/100 Hours/Furniture/MTL-SGF00106-054.txt -> gs://100hr-data/Furniture/IMU/MTL-SGF00106-054.txt
OK    /Volumes/Samsung 990-2/100 Hours/Furniture/MTL-SGF00126-047.mp4 -> gs://100hr-data/Furniture/Videos/MTL-SGF00126-047.mp4
OK    /Volumes/Samsung 990-2/100 Hours/Furniture/MTL-SGF00113-076.aac -> gs://100hr-data/Furniture/IMU/MTL-SGF00113-076.aac
OK    /Volumes/Samsung 990-2/100 Hours/Furniture/MTL-SGF00126-013.txt -> gs://100hr-data/Furniture/IMU/MTL-SGF00126-013.txt
OK    /Volumes/Samsung 990-2/100 Hours/Furniture/MTL-SGF00113-062.aac -> gs://100hr-data/Furniture/IMU/MTL-SGF00113-062.aac
OK    /Volumes/Samsung 990-2/100 Hours/Furniture/MTL-SGF00125-060.aac -> gs://100hr-data/Furniture/IMU/MTL-SGF00125-060.aac
OK    /Volumes/Samsung 990-2/100 Hours/Furniture/MTL-SGF00126-090.mp4 -> gs://100hr-data/Furniture/Videos/MTL-SGF00126-090.mp4
OK    /Volumes/Samsung 990-2/100 Hours/Furniture/MTL-SGF00106-028.mp4 -> gs://100hr-data/Furniture/Videos/MTL-SGF00106-028.mp4
OK    /Volumes/Samsung 990-2/100 Hours/Furniture/MTL-SGF00126-084.mp4 -> gs://100hr-data/Furniture/Videos/MTL-SGF00126-084.mp4
OK    /Volumes/Samsung 990-2/100 Hours/Furniture/MTL-SGF00111-054.mp4 -> gs://100hr-data/Furniture/Videos/MTL-SGF00111-054.mp4
OK    /Volumes/Samsung 990-2/100 Hours/Furniture/MTL-SGF00111-040.mp4 -> gs://100hr-data/Furniture/Videos/MTL-SGF00111-040.mp4
OK    /Volumes/Samsung 990-2/100 Hours/Furniture/MTL-SGF00111-068.mp4 -> gs://100hr-data/Furniture/Videos/MTL-SGF00111-068.mp4
OK    /Volumes/Samsung 990-2/100 Hours/Furniture/MTL-SGF00111-028.txt -> gs://100hr-data/Furniture/IMU/MTL-SGF00111-028.txt
OK    /Volumes/Samsung 990-2/100 Hours/Furniture/MTL-SGF00111-083.mp4 -> gs://100hr-data/Furniture/Videos/MTL-SGF00111-083.mp4
OK    /Volumes/Samsung 990-2/100 Hours/Furniture/MTL-SGF00111-014.txt -> gs://100hr-data/Furniture/IMU/MTL-SGF00111-014.txt
OK    /Volumes/Samsung 990-2/100 Hours/Furniture/MTL-SGF00111-015.txt -> gs://100hr-data/Furniture/IMU/MTL-SGF00111-015.txt
OK    /Volumes/Samsung 990-2/100 Hours/Furniture/MTL-SGF00111-082.mp4 -> gs://100hr-data/Furniture/Videos/MTL-SGF00111-082.mp4
OK    /Volumes/Samsung 990-2/100 Hours/Furniture/MTL-SGF00111-069.mp4 -> gs://100hr-data/Furniture/Videos/MTL-SGF00111-069.mp4
OK    /Volumes/Samsung 990-2/100 Hours/Furniture/MTL-SGF00111-041.mp4 -> gs://100hr-data/Furniture/Videos/MTL-SGF00111-041.mp4
OK    /Volumes/Samsung 990-2/100 Hours/Furniture/MTL-SGF00125-075.aac -> gs://100hr-data/Furniture/IMU/MTL-SGF00125-075.aac
OK    /Volumes/Samsung 990-2/100 Hours/Furniture/MTL-SGF00126-085.mp4 -> gs://100hr-data/Furniture/Videos/MTL-SGF00126-085.mp4
OK    /Volumes/Samsung 990-2/100 Hours/Furniture/MTL-SGF00106-029.mp4 -> gs://100hr-data/Furniture/Videos/MTL-SGF00106-029.mp4
OK    /Volumes/Samsung 990-2/100 Hours/Furniture/MTL-SGF00126-091.mp4 -> gs://100hr-data/Furniture/Videos/MTL-SGF00126-091.mp4
OK    /Volumes/Samsung 990-2/100 Hours/Furniture/MTL-SGF00125-061.aac -> gs://100hr-data/Furniture/IMU/MTL-SGF00125-061.aac
OK    /Volumes/Samsung 990-2/100 Hours/Furniture/MTL-SGF00125-049.aac -> gs://100hr-data/Furniture/IMU/MTL-SGF00125-049.aac
OK    /Volumes/Samsung 990-2/100 Hours/Furniture/MTL-SGF00126-012.txt -> gs://100hr-data/Furniture/IMU/MTL-SGF00126-012.txt
OK    /Volumes/Samsung 990-2/100 Hours/Furniture/MTL-SGF00113-077.aac -> gs://100hr-data/Furniture/IMU/MTL-SGF00113-077.aac
OK    /Volumes/Samsung 990-2/100 Hours/Furniture/MTL-SGF00123-024.aac -> gs://100hr-data/Furniture/IMU/MTL-SGF00123-024.aac
OK    /Volumes/Samsung 990-2/100 Hours/Furniture/MTL-SGF00126-046.mp4 -> gs://100hr-data/Furniture/Videos/MTL-SGF00126-046.mp4
OK    /Volumes/Samsung 990-2/100 Hours/Furniture/MTL-SGF00118-039.aac -> gs://100hr-data/Furniture/IMU/MTL-SGF00118-039.aac
OK    /Volumes/Samsung 990-2/100 Hours/Furniture/MTL-SGF00106-041.txt -> gs://100hr-data/Furniture/IMU/MTL-SGF00106-041.txt
OK    /Volumes/Samsung 990-2/100 Hours/Furniture/MTL-SGF00113-104.txt -> gs://100hr-data/Furniture/IMU/MTL-SGF00113-104.txt
OK    /Volumes/Samsung 990-2/100 Hours/Furniture/MTL-SGF00126-052.mp4 -> gs://100hr-data/Furniture/Videos/MTL-SGF00126-052.mp4
OK    /Volumes/Samsung 990-2/100 Hours/Furniture/MTL-SGF00113-088.aac -> gs://100hr-data/Furniture/IMU/MTL-SGF00113-088.aac
OK    /Volumes/Samsung 990-2/100 Hours/Furniture/MTL-SGF00108-039.aac -> gs://100hr-data/Furniture/IMU/MTL-SGF00108-039.aac
OK    /Volumes/Samsung 990-2/100 Hours/Furniture/MTL-SGF00108-011.aac -> gs://100hr-data/Furniture/IMU/MTL-SGF00108-011.aac
OK    /Volumes/Samsung 990-2/100 Hours/Furniture/MTL-SGF00115-032.aac -> gs://100hr-data/Furniture/IMU/MTL-SGF00115-032.aac
OK    /Volumes/Samsung 990-2/100 Hours/Furniture/MTL-SGF00123-018.aac -> gs://100hr-data/Furniture/IMU/MTL-SGF00123-018.aac
OK    /Volumes/Samsung 990-2/100 Hours/Furniture/MTL-SGF00118-005.aac -> gs://100hr-data/Furniture/IMU/MTL-SGF00118-005.aac
OK    /Volumes/Samsung 990-2/100 Hours/Furniture/MTL-SGF00118-122.mp4 -> gs://100hr-data/Furniture/Videos/MTL-SGF00118-122.mp4
OK    /Volumes/Samsung 990-2/100 Hours/Furniture/MTL-SGF00125-112.txt -> gs://100hr-data/Furniture/IMU/MTL-SGF00125-112.txt
OK    /Volumes/Samsung 990-2/100 Hours/Furniture/MTL-SGF00118-011.aac -> gs://100hr-data/Furniture/IMU/MTL-SGF00118-011.aac
OK    /Volumes/Samsung 990-2/100 Hours/Furniture/MTL-SGF00108-005.aac -> gs://100hr-data/Furniture/IMU/MTL-SGF00108-005.aac
OK    /Volumes/Samsung 990-2/100 Hours/Furniture/MTL-SGF00115-035.txt -> gs://100hr-data/Furniture/IMU/MTL-SGF00115-035.txt
OK    /Volumes/Samsung 990-2/100 Hours/Furniture/MTL-SGF00108-016.txt -> gs://100hr-data/Furniture/IMU/MTL-SGF00108-016.txt
OK    /Volumes/Samsung 990-2/100 Hours/Furniture/MTL-SGF00125-101.aac -> gs://100hr-data/Furniture/IMU/MTL-SGF00125-101.aac
OK    /Volumes/Samsung 990-2/100 Hours/Furniture/MTL-SGF00113-018.mp4 -> gs://100hr-data/Furniture/Videos/MTL-SGF00113-018.mp4
OK    /Volumes/Samsung 990-2/100 Hours/Furniture/MTL-SGF00125-032.mp4 -> gs://100hr-data/Furniture/Videos/MTL-SGF00125-032.mp4
OK    /Volumes/Samsung 990-2/100 Hours/Furniture/MTL-SGF00118-016.txt -> gs://100hr-data/Furniture/IMU/MTL-SGF00118-016.txt
OK    /Volumes/Samsung 990-2/100 Hours/Furniture/MTL-SGF00115-021.txt -> gs://100hr-data/Furniture/IMU/MTL-SGF00115-021.txt
OK    /Volumes/Samsung 990-2/100 Hours/Furniture/MTL-SGF00123-023.txt -> gs://100hr-data/Furniture/IMU/MTL-SGF00123-023.txt
OK    /Volumes/Samsung 990-2/100 Hours/Furniture/MTL-SGF00115-009.txt -> gs://100hr-data/Furniture/IMU/MTL-SGF00115-009.txt
OK    /Volumes/Samsung 990-2/100 Hours/Furniture/MTL-SGF00113-024.mp4 -> gs://100hr-data/Furniture/Videos/MTL-SGF00113-024.mp4
OK    /Volumes/Samsung 990-2/100 Hours/Furniture/MTL-SGF00113-030.mp4 -> gs://100hr-data/Furniture/Videos/MTL-SGF00113-030.mp4
OK    /Volumes/Samsung 990-2/100 Hours/Furniture/MTL-SGF00106-046.aac -> gs://100hr-data/Furniture/IMU/MTL-SGF00106-046.aac
OK    /Volumes/Samsung 990-2/100 Hours/Furniture/MTL-SGF00118-095.mp4 -> gs://100hr-data/Furniture/Videos/MTL-SGF00118-095.mp4
OK    /Volumes/Samsung 990-2/100 Hours/Furniture/MTL-SGF00123-037.txt -> gs://100hr-data/Furniture/IMU/MTL-SGF00123-037.txt
OK    /Volumes/Samsung 990-2/100 Hours/Furniture/MTL-SGF00115-049.mp4 -> gs://100hr-data/Furniture/Videos/MTL-SGF00115-049.mp4
OK    /Volumes/Samsung 990-2/100 Hours/Furniture/MTL-SGF00113-064.txt -> gs://100hr-data/Furniture/IMU/MTL-SGF00113-064.txt
OK    /Volumes/Samsung 990-2/100 Hours/Furniture/MTL-SGF00113-070.txt -> gs://100hr-data/Furniture/IMU/MTL-SGF00113-070.txt
OK    /Volumes/Samsung 990-2/100 Hours/Furniture/MTL-SGF00115-075.mp4 -> gs://100hr-data/Furniture/Videos/MTL-SGF00115-075.mp4
OK    /Volumes/Samsung 990-2/100 Hours/Furniture/MTL-SGF00125-072.txt -> gs://100hr-data/Furniture/IMU/MTL-SGF00125-072.txt
OK    /Volumes/Samsung 990-2/100 Hours/Furniture/MTL-SGF00113-058.txt -> gs://100hr-data/Furniture/IMU/MTL-SGF00113-058.txt
OK    /Volumes/Samsung 990-2/100 Hours/Furniture/MTL-SGF00118-042.mp4 -> gs://100hr-data/Furniture/Videos/MTL-SGF00118-042.mp4
OK    /Volumes/Samsung 990-2/100 Hours/Furniture/MTL-SGF00118-056.mp4 -> gs://100hr-data/Furniture/Videos/MTL-SGF00118-056.mp4
OK    /Volumes/Samsung 990-2/100 Hours/Furniture/MTL-SGF00126-029.aac -> gs://100hr-data/Furniture/IMU/MTL-SGF00126-029.aac
OK    /Volumes/Samsung 990-2/100 Hours/Furniture/MTL-SGF00108-042.mp4 -> gs://100hr-data/Furniture/Videos/MTL-SGF00108-042.mp4
OK    /Volumes/Samsung 990-2/100 Hours/Furniture/MTL-SGF00115-061.mp4 -> gs://100hr-data/Furniture/Videos/MTL-SGF00115-061.mp4
OK    /Volumes/Samsung 990-2/100 Hours/Furniture/MTL-SGF00119-084.mp4 -> gs://100hr-data/Furniture/Videos/MTL-SGF00119-084.mp4
OK    /Volumes/Samsung 990-2/100 Hours/Furniture/MTL-SGF00111-012.aac -> gs://100hr-data/Furniture/IMU/MTL-SGF00111-012.aac
OK    /Volumes/Samsung 990-2/100 Hours/Furniture/MTL-SGF00111-016.aac -> gs://100hr-data/Furniture/IMU/MTL-SGF00111-016.aac
OK    /Volumes/Samsung 990-2/100 Hours/Furniture/MTL-SGF00119-080.mp4 -> gs://100hr-data/Furniture/Videos/MTL-SGF00119-080.mp4
OK    /Volumes/Samsung 990-2/100 Hours/Furniture/MTL-SGF00113-074.txt -> gs://100hr-data/Furniture/IMU/MTL-SGF00113-074.txt
OK    /Volumes/Samsung 990-2/100 Hours/Furniture/MTL-SGF00126-011.aac -> gs://100hr-data/Furniture/IMU/MTL-SGF00126-011.aac
OK    /Volumes/Samsung 990-2/100 Hours/Furniture/MTL-SGF00113-060.txt -> gs://100hr-data/Furniture/IMU/MTL-SGF00113-060.txt
OK    /Volumes/Samsung 990-2/100 Hours/Furniture/MTL-SGF00115-065.mp4 -> gs://100hr-data/Furniture/Videos/MTL-SGF00115-065.mp4
OK    /Volumes/Samsung 990-2/100 Hours/Furniture/MTL-SGF00108-046.mp4 -> gs://100hr-data/Furniture/Videos/MTL-SGF00108-046.mp4
OK    /Volumes/Samsung 990-2/100 Hours/Furniture/MTL-SGF00113-048.txt -> gs://100hr-data/Furniture/IMU/MTL-SGF00113-048.txt
OK    /Volumes/Samsung 990-2/100 Hours/Furniture/MTL-SGF00118-052.mp4 -> gs://100hr-data/Furniture/Videos/MTL-SGF00118-052.mp4
OK    /Volumes/Samsung 990-2/100 Hours/Furniture/MTL-SGF00118-046.mp4 -> gs://100hr-data/Furniture/Videos/MTL-SGF00118-046.mp4
OK    /Volumes/Samsung 990-2/100 Hours/Furniture/MTL-SGF00126-039.aac -> gs://100hr-data/Furniture/IMU/MTL-SGF00126-039.aac
OK    /Volumes/Samsung 990-2/100 Hours/Furniture/MTL-SGF00125-076.txt -> gs://100hr-data/Furniture/IMU/MTL-SGF00125-076.txt
OK    /Volumes/Samsung 990-2/100 Hours/Furniture/MTL-SGF00115-071.mp4 -> gs://100hr-data/Furniture/Videos/MTL-SGF00115-071.mp4
OK    /Volumes/Samsung 990-2/100 Hours/Furniture/MTL-SGF00115-025.txt -> gs://100hr-data/Furniture/IMU/MTL-SGF00115-025.txt
OK    /Volumes/Samsung 990-2/100 Hours/Furniture/MTL-SGF00108-006.txt -> gs://100hr-data/Furniture/IMU/MTL-SGF00108-006.txt
OK    /Volumes/Samsung 990-2/100 Hours/Furniture/MTL-SGF00118-012.txt -> gs://100hr-data/Furniture/IMU/MTL-SGF00118-012.txt
OK    /Volumes/Samsung 990-2/100 Hours/Furniture/MTL-SGF00125-111.aac -> gs://100hr-data/Furniture/IMU/MTL-SGF00125-111.aac
OK    /Volumes/Samsung 990-2/100 Hours/Furniture/MTL-SGF00113-008.mp4 -> gs://100hr-data/Furniture/Videos/MTL-SGF00113-008.mp4
OK    /Volumes/Samsung 990-2/100 Hours/Furniture/MTL-SGF00125-036.mp4 -> gs://100hr-data/Furniture/Videos/MTL-SGF00125-036.mp4
OK    /Volumes/Samsung 990-2/100 Hours/Furniture/MTL-SGF00125-089.txt -> gs://100hr-data/Furniture/IMU/MTL-SGF00125-089.txt
OK    /Volumes/Samsung 990-2/100 Hours/Furniture/MTL-SGF00118-006.txt -> gs://100hr-data/Furniture/IMU/MTL-SGF00118-006.txt
OK    /Volumes/Samsung 990-2/100 Hours/Furniture/MTL-SGF00125-105.aac -> gs://100hr-data/Furniture/IMU/MTL-SGF00125-105.aac
OK    /Volumes/Samsung 990-2/100 Hours/Furniture/MTL-SGF00108-012.txt -> gs://100hr-data/Furniture/IMU/MTL-SGF00108-012.txt
OK    /Volumes/Samsung 990-2/100 Hours/Furniture/MTL-SGF00115-031.txt -> gs://100hr-data/Furniture/IMU/MTL-SGF00115-031.txt
OK    /Volumes/Samsung 990-2/100 Hours/Furniture/MTL-SGF00115-019.txt -> gs://100hr-data/Furniture/IMU/MTL-SGF00115-019.txt
OK    /Volumes/Samsung 990-2/100 Hours/Furniture/MTL-SGF00118-091.mp4 -> gs://100hr-data/Furniture/Videos/MTL-SGF00118-091.mp4
OK    /Volumes/Samsung 990-2/100 Hours/Furniture/MTL-SGF00106-042.aac -> gs://100hr-data/Furniture/IMU/MTL-SGF00106-042.aac
OK    /Volumes/Samsung 990-2/100 Hours/Furniture/MTL-SGF00113-034.mp4 -> gs://100hr-data/Furniture/Videos/MTL-SGF00113-034.mp4
OK    /Volumes/Samsung 990-2/100 Hours/Furniture/MTL-SGF00106-056.aac -> gs://100hr-data/Furniture/IMU/MTL-SGF00106-056.aac
OK    /Volumes/Samsung 990-2/100 Hours/Furniture/MTL-SGF00113-020.mp4 -> gs://100hr-data/Furniture/Videos/MTL-SGF00113-020.mp4
OK    /Volumes/Samsung 990-2/100 Hours/Furniture/MTL-SGF00118-085.mp4 -> gs://100hr-data/Furniture/Videos/MTL-SGF00118-085.mp4
OK    /Volumes/Samsung 990-2/100 Hours/Furniture/MTL-SGF00123-027.txt -> gs://100hr-data/Furniture/IMU/MTL-SGF00123-027.txt
OK    /Volumes/Samsung 990-2/100 Hours/Furniture/MTL-SGF00123-034.aac -> gs://100hr-data/Furniture/IMU/MTL-SGF00123-034.aac
OK    /Volumes/Samsung 990-2/100 Hours/Furniture/MTL-SGF00126-056.mp4 -> gs://100hr-data/Furniture/Videos/MTL-SGF00126-056.mp4
OK    /Volumes/Samsung 990-2/100 Hours/Furniture/MTL-SGF00113-100.txt -> gs://100hr-data/Furniture/IMU/MTL-SGF00113-100.txt
OK    /Volumes/Samsung 990-2/100 Hours/Furniture/MTL-SGF00118-029.aac -> gs://100hr-data/Furniture/IMU/MTL-SGF00118-029.aac
OK    /Volumes/Samsung 990-2/100 Hours/Furniture/MTL-SGF00106-045.txt -> gs://100hr-data/Furniture/IMU/MTL-SGF00106-045.txt
OK    /Volumes/Samsung 990-2/100 Hours/Furniture/MTL-SGF00126-042.mp4 -> gs://100hr-data/Furniture/Videos/MTL-SGF00126-042.mp4
OK    /Volumes/Samsung 990-2/100 Hours/Furniture/MTL-SGF00113-098.aac -> gs://100hr-data/Furniture/IMU/MTL-SGF00113-098.aac
OK    /Volumes/Samsung 990-2/100 Hours/Furniture/MTL-SGF00108-029.aac -> gs://100hr-data/Furniture/IMU/MTL-SGF00108-029.aac
OK    /Volumes/Samsung 990-2/100 Hours/Furniture/MTL-SGF00123-020.aac -> gs://100hr-data/Furniture/IMU/MTL-SGF00123-020.aac
OK    /Volumes/Samsung 990-2/100 Hours/Furniture/MTL-SGF00115-022.aac -> gs://100hr-data/Furniture/IMU/MTL-SGF00115-022.aac
OK    /Volumes/Samsung 990-2/100 Hours/Furniture/MTL-SGF00118-126.mp4 -> gs://100hr-data/Furniture/Videos/MTL-SGF00118-126.mp4
OK    /Volumes/Samsung 990-2/100 Hours/Furniture/MTL-SGF00125-102.txt -> gs://100hr-data/Furniture/IMU/MTL-SGF00125-102.txt
OK    /Volumes/Samsung 990-2/100 Hours/Furniture/MTL-SGF00115-036.aac -> gs://100hr-data/Furniture/IMU/MTL-SGF00115-036.aac
OK    /Volumes/Samsung 990-2/100 Hours/Furniture/MTL-SGF00125-065.aac -> gs://100hr-data/Furniture/IMU/MTL-SGF00125-065.aac
OK    /Volumes/Samsung 990-2/100 Hours/Furniture/MTL-SGF00106-039.mp4 -> gs://100hr-data/Furniture/Videos/MTL-SGF00106-039.mp4
OK    /Volumes/Samsung 990-2/100 Hours/Furniture/MTL-SGF00125-071.aac -> gs://100hr-data/Furniture/IMU/MTL-SGF00125-071.aac
OK    /Volumes/Samsung 990-2/100 Hours/Furniture/MTL-SGF00113-073.aac -> gs://100hr-data/Furniture/IMU/MTL-SGF00113-073.aac
OK    /Volumes/Samsung 990-2/100 Hours/Furniture/MTL-SGF00126-016.txt -> gs://100hr-data/Furniture/IMU/MTL-SGF00126-016.txt
OK    /Volumes/Samsung 990-2/100 Hours/Furniture/MTL-SGF00113-067.aac -> gs://100hr-data/Furniture/IMU/MTL-SGF00113-067.aac
OK    /Volumes/Samsung 990-2/100 Hours/Furniture/MTL-SGF00111-079.mp4 -> gs://100hr-data/Furniture/Videos/MTL-SGF00111-079.mp4
OK    /Volumes/Samsung 990-2/100 Hours/Furniture/MTL-SGF00111-051.mp4 -> gs://100hr-data/Furniture/Videos/MTL-SGF00111-051.mp4
OK    /Volumes/Samsung 990-2/100 Hours/Furniture/MTL-SGF00111-045.mp4 -> gs://100hr-data/Furniture/Videos/MTL-SGF00111-045.mp4
OK    /Volumes/Samsung 990-2/100 Hours/Furniture/MTL-SGF00111-039.txt -> gs://100hr-data/Furniture/IMU/MTL-SGF00111-039.txt
OK    /Volumes/Samsung 990-2/100 Hours/Furniture/MTL-SGF00111-086.mp4 -> gs://100hr-data/Furniture/Videos/MTL-SGF00111-086.mp4
OK    /Volumes/Samsung 990-2/100 Hours/Furniture/MTL-SGF00111-087.mp4 -> gs://100hr-data/Furniture/Videos/MTL-SGF00111-087.mp4
OK    /Volumes/Samsung 990-2/100 Hours/Furniture/MTL-SGF00111-038.txt -> gs://100hr-data/Furniture/IMU/MTL-SGF00111-038.txt
OK    /Volumes/Samsung 990-2/100 Hours/Furniture/MTL-SGF00111-050.mp4 -> gs://100hr-data/Furniture/Videos/MTL-SGF00111-050.mp4
OK    /Volumes/Samsung 990-2/100 Hours/Furniture/MTL-SGF00111-078.mp4 -> gs://100hr-data/Furniture/Videos/MTL-SGF00111-078.mp4
OK    /Volumes/Samsung 990-2/100 Hours/Furniture/MTL-SGF00113-066.aac -> gs://100hr-data/Furniture/IMU/MTL-SGF00113-066.aac
OK    /Volumes/Samsung 990-2/100 Hours/Furniture/MTL-SGF00126-017.txt -> gs://100hr-data/Furniture/IMU/MTL-SGF00126-017.txt
OK    /Volumes/Samsung 990-2/100 Hours/Furniture/MTL-SGF00125-058.aac -> gs://100hr-data/Furniture/IMU/MTL-SGF00125-058.aac
OK    /Volumes/Samsung 990-2/100 Hours/Furniture/MTL-SGF00113-072.aac -> gs://100hr-data/Furniture/IMU/MTL-SGF00113-072.aac
OK    /Volumes/Samsung 990-2/100 Hours/Furniture/MTL-SGF00126-080.mp4 -> gs://100hr-data/Furniture/Videos/MTL-SGF00126-080.mp4
OK    /Volumes/Samsung 990-2/100 Hours/Furniture/MTL-SGF00126-094.mp4 -> gs://100hr-data/Furniture/Videos/MTL-SGF00126-094.mp4
OK    /Volumes/Samsung 990-2/100 Hours/Furniture/MTL-SGF00106-038.mp4 -> gs://100hr-data/Furniture/Videos/MTL-SGF00106-038.mp4
OK    /Volumes/Samsung 990-2/100 Hours/Furniture/MTL-SGF00125-064.aac -> gs://100hr-data/Furniture/IMU/MTL-SGF00125-064.aac
OK    /Volumes/Samsung 990-2/100 Hours/Furniture/MTL-SGF00125-103.txt -> gs://100hr-data/Furniture/IMU/MTL-SGF00125-103.txt
OK    /Volumes/Samsung 990-2/100 Hours/Furniture/MTL-SGF00118-133.mp4 -> gs://100hr-data/Furniture/Videos/MTL-SGF00118-133.mp4
OK    /Volumes/Samsung 990-2/100 Hours/Furniture/MTL-SGF00108-014.aac -> gs://100hr-data/Furniture/IMU/MTL-SGF00108-014.aac
OK    /Volumes/Samsung 990-2/100 Hours/Furniture/MTL-SGF00123-009.aac -> gs://100hr-data/Furniture/IMU/MTL-SGF00123-009.aac
OK    /Volumes/Samsung 990-2/100 Hours/Furniture/MTL-SGF00115-023.aac -> gs://100hr-data/Furniture/IMU/MTL-SGF00115-023.aac
OK    /Volumes/Samsung 990-2/100 Hours/Furniture/MTL-SGF00118-127.mp4 -> gs://100hr-data/Furniture/Videos/MTL-SGF00118-127.mp4
OK    /Volumes/Samsung 990-2/100 Hours/Furniture/MTL-SGF00118-014.aac -> gs://100hr-data/Furniture/IMU/MTL-SGF00118-014.aac
OK    /Volumes/Samsung 990-2/100 Hours/Furniture/MTL-SGF00113-099.aac -> gs://100hr-data/Furniture/IMU/MTL-SGF00113-099.aac
OK    /Volumes/Samsung 990-2/100 Hours/Furniture/MTL-SGF00126-043.mp4 -> gs://100hr-data/Furniture/Videos/MTL-SGF00126-043.mp4
OK    /Volumes/Samsung 990-2/100 Hours/Furniture/MTL-SGF00106-050.txt -> gs://100hr-data/Furniture/IMU/MTL-SGF00106-050.txt
OK    /Volumes/Samsung 990-2/100 Hours/Furniture/MTL-SGF00123-021.aac -> gs://100hr-data/Furniture/IMU/MTL-SGF00123-021.aac
OK    /Volumes/Samsung 990-2/100 Hours/Furniture/MTL-SGF00108-028.aac -> gs://100hr-data/Furniture/IMU/MTL-SGF00108-028.aac
OK    /Volumes/Samsung 990-2/100 Hours/Furniture/MTL-SGF00123-035.aac -> gs://100hr-data/Furniture/IMU/MTL-SGF00123-035.aac
OK    /Volumes/Samsung 990-2/100 Hours/Furniture/MTL-SGF00118-028.aac -> gs://100hr-data/Furniture/IMU/MTL-SGF00118-028.aac
OK    /Volumes/Samsung 990-2/100 Hours/Furniture/MTL-SGF00113-101.txt -> gs://100hr-data/Furniture/IMU/MTL-SGF00113-101.txt
OK    /Volumes/Samsung 990-2/100 Hours/Furniture/MTL-SGF00126-057.mp4 -> gs://100hr-data/Furniture/Videos/MTL-SGF00126-057.mp4
OK    /Volumes/Samsung 990-2/100 Hours/Furniture/MTL-SGF00118-084.mp4 -> gs://100hr-data/Furniture/Videos/MTL-SGF00118-084.mp4
OK    /Volumes/Samsung 990-2/100 Hours/Furniture/MTL-SGF00113-021.mp4 -> gs://100hr-data/Furniture/Videos/MTL-SGF00113-021.mp4
OK    /Volumes/Samsung 990-2/100 Hours/Furniture/MTL-SGF00106-057.aac -> gs://100hr-data/Furniture/IMU/MTL-SGF00106-057.aac
OK    /Volumes/Samsung 990-2/100 Hours/Furniture/MTL-SGF00123-026.txt -> gs://100hr-data/Furniture/IMU/MTL-SGF00123-026.txt
OK    /Volumes/Samsung 990-2/100 Hours/Furniture/MTL-SGF00123-032.txt -> gs://100hr-data/Furniture/IMU/MTL-SGF00123-032.txt
OK    /Volumes/Samsung 990-2/100 Hours/Furniture/MTL-SGF00113-035.mp4 -> gs://100hr-data/Furniture/Videos/MTL-SGF00113-035.mp4
OK    /Volumes/Samsung 990-2/100 Hours/Furniture/MTL-SGF00106-043.aac -> gs://100hr-data/Furniture/IMU/MTL-SGF00106-043.aac
OK    /Volumes/Samsung 990-2/100 Hours/Furniture/MTL-SGF00118-090.mp4 -> gs://100hr-data/Furniture/Videos/MTL-SGF00118-090.mp4
OK    /Volumes/Samsung 990-2/100 Hours/Furniture/MTL-SGF00113-106.aac -> gs://100hr-data/Furniture/IMU/MTL-SGF00113-106.aac
OK    /Volumes/Samsung 990-2/100 Hours/Furniture/MTL-SGF00125-104.aac -> gs://100hr-data/Furniture/IMU/MTL-SGF00125-104.aac
OK    /Volumes/Samsung 990-2/100 Hours/Furniture/MTL-SGF00108-013.txt -> gs://100hr-data/Furniture/IMU/MTL-SGF00108-013.txt
OK    /Volumes/Samsung 990-2/100 Hours/Furniture/MTL-SGF00115-030.txt -> gs://100hr-data/Furniture/IMU/MTL-SGF00115-030.txt
OK    /Volumes/Samsung 990-2/100 Hours/Furniture/MTL-SGF00115-024.txt -> gs://100hr-data/Furniture/IMU/MTL-SGF00115-024.txt
OK    /Volumes/Samsung 990-2/100 Hours/Furniture/MTL-SGF00125-023.mp4 -> gs://100hr-data/Furniture/Videos/MTL-SGF00125-023.mp4
OK    /Volumes/Samsung 990-2/100 Hours/Furniture/MTL-SGF00113-009.mp4 -> gs://100hr-data/Furniture/Videos/MTL-SGF00113-009.mp4
OK    /Volumes/Samsung 990-2/100 Hours/Furniture/MTL-SGF00125-110.aac -> gs://100hr-data/Furniture/IMU/MTL-SGF00125-110.aac
OK    /Volumes/Samsung 990-2/100 Hours/Furniture/MTL-SGF00118-013.txt -> gs://100hr-data/Furniture/IMU/MTL-SGF00118-013.txt
OK    /Volumes/Samsung 990-2/100 Hours/Furniture/MTL-SGF00126-038.aac -> gs://100hr-data/Furniture/IMU/MTL-SGF00126-038.aac
OK    /Volumes/Samsung 990-2/100 Hours/Furniture/MTL-SGF00118-047.mp4 -> gs://100hr-data/Furniture/Videos/MTL-SGF00118-047.mp4
OK    /Volumes/Samsung 990-2/100 Hours/Furniture/MTL-SGF00115-064.mp4 -> gs://100hr-data/Furniture/Videos/MTL-SGF00115-064.mp4
OK    /Volumes/Samsung 990-2/100 Hours/Furniture/MTL-SGF00108-047.mp4 -> gs://100hr-data/Furniture/Videos/MTL-SGF00108-047.mp4
OK    /Volumes/Samsung 990-2/100 Hours/Furniture/MTL-SGF00118-053.mp4 -> gs://100hr-data/Furniture/Videos/MTL-SGF00118-053.mp4
OK    /Volumes/Samsung 990-2/100 Hours/Furniture/MTL-SGF00113-049.txt -> gs://100hr-data/Furniture/IMU/MTL-SGF00113-049.txt
OK    /Volumes/Samsung 990-2/100 Hours/Furniture/MTL-SGF00125-063.txt -> gs://100hr-data/Furniture/IMU/MTL-SGF00125-063.txt
OK    /Volumes/Samsung 990-2/100 Hours/Furniture/MTL-SGF00113-061.txt -> gs://100hr-data/Furniture/IMU/MTL-SGF00113-061.txt
OK    /Volumes/Samsung 990-2/100 Hours/Furniture/MTL-SGF00115-058.mp4 -> gs://100hr-data/Furniture/Videos/MTL-SGF00115-058.mp4
OK    /Volumes/Samsung 990-2/100 Hours/Furniture/MTL-SGF00126-010.aac -> gs://100hr-data/Furniture/IMU/MTL-SGF00126-010.aac
OK    /Volumes/Samsung 990-2/100 Hours/Furniture/MTL-SGF00113-075.txt -> gs://100hr-data/Furniture/IMU/MTL-SGF00113-075.txt
OK    /Volumes/Samsung 990-2/100 Hours/Furniture/MTL-SGF00111-017.aac -> gs://100hr-data/Furniture/IMU/MTL-SGF00111-017.aac
OK    /Volumes/Samsung 990-2/100 Hours/Furniture/MTL-SGF00111-029.aac -> gs://100hr-data/Furniture/IMU/MTL-SGF00111-029.aac
OK    /Volumes/Samsung 990-2/100 Hours/Furniture/MTL-SGF00119-083.mp4 -> gs://100hr-data/Furniture/Videos/MTL-SGF00119-083.mp4
OK    /Volumes/Samsung 990-2/100 Hours/Furniture/MTL-SGF00125-049.txt -> gs://100hr-data/Furniture/IMU/MTL-SGF00125-049.txt
OK    /Volumes/Samsung 990-2/100 Hours/Furniture/MTL-SGF00113-063.txt -> gs://100hr-data/Furniture/IMU/MTL-SGF00113-063.txt
OK    /Volumes/Samsung 990-2/100 Hours/Furniture/MTL-SGF00118-079.mp4 -> gs://100hr-data/Furniture/Videos/MTL-SGF00118-079.mp4
OK    /Volumes/Samsung 990-2/100 Hours/Furniture/MTL-SGF00126-012.aac -> gs://100hr-data/Furniture/IMU/MTL-SGF00126-012.aac
OK    /Volumes/Samsung 990-2/100 Hours/Furniture/MTL-SGF00115-072.mp4 -> gs://100hr-data/Furniture/Videos/MTL-SGF00115-072.mp4
OK    /Volumes/Samsung 990-2/100 Hours/Furniture/MTL-SGF00118-045.mp4 -> gs://100hr-data/Furniture/Videos/MTL-SGF00118-045.mp4
OK    /Volumes/Samsung 990-2/100 Hours/Furniture/MTL-SGF00125-075.txt -> gs://100hr-data/Furniture/IMU/MTL-SGF00125-075.txt
OK    /Volumes/Samsung 990-2/100 Hours/Furniture/MTL-SGF00125-061.txt -> gs://100hr-data/Furniture/IMU/MTL-SGF00125-061.txt
OK    /Volumes/Samsung 990-2/100 Hours/Furniture/MTL-SGF00118-051.mp4 -> gs://100hr-data/Furniture/Videos/MTL-SGF00118-051.mp4
OK    /Volumes/Samsung 990-2/100 Hours/Furniture/MTL-SGF00108-045.mp4 -> gs://100hr-data/Furniture/Videos/MTL-SGF00108-045.mp4
OK    /Volumes/Samsung 990-2/100 Hours/Furniture/MTL-SGF00115-032.txt -> gs://100hr-data/Furniture/IMU/MTL-SGF00115-032.txt
OK    /Volumes/Samsung 990-2/100 Hours/Furniture/MTL-SGF00125-035.mp4 -> gs://100hr-data/Furniture/Videos/MTL-SGF00125-035.mp4
OK    /Volumes/Samsung 990-2/100 Hours/Furniture/MTL-SGF00118-005.txt -> gs://100hr-data/Furniture/IMU/MTL-SGF00118-005.txt
OK    /Volumes/Samsung 990-2/100 Hours/Furniture/MTL-SGF00125-106.aac -> gs://100hr-data/Furniture/IMU/MTL-SGF00125-106.aac
OK    /Volumes/Samsung 990-2/100 Hours/Furniture/MTL-SGF00125-112.aac -> gs://100hr-data/Furniture/IMU/MTL-SGF00125-112.aac
OK    /Volumes/Samsung 990-2/100 Hours/Furniture/MTL-SGF00125-021.mp4 -> gs://100hr-data/Furniture/Videos/MTL-SGF00125-021.mp4
OK    /Volumes/Samsung 990-2/100 Hours/Furniture/MTL-SGF00115-026.txt -> gs://100hr-data/Furniture/IMU/MTL-SGF00115-026.txt
OK    /Volumes/Samsung 990-2/100 Hours/Furniture/MTL-SGF00123-024.txt -> gs://100hr-data/Furniture/IMU/MTL-SGF00123-024.txt
OK    /Volumes/Samsung 990-2/100 Hours/Furniture/MTL-SGF00106-055.aac -> gs://100hr-data/Furniture/IMU/MTL-SGF00106-055.aac
OK    /Volumes/Samsung 990-2/100 Hours/Furniture/MTL-SGF00118-039.txt -> gs://100hr-data/Furniture/IMU/MTL-SGF00118-039.txt
OK    /Volumes/Samsung 990-2/100 Hours/Furniture/MTL-SGF00113-023.mp4 -> gs://100hr-data/Furniture/Videos/MTL-SGF00113-023.mp4
OK    /Volumes/Samsung 990-2/100 Hours/Furniture/MTL-SGF00125-009.mp4 -> gs://100hr-data/Furniture/Videos/MTL-SGF00125-009.mp4
OK    /Volumes/Samsung 990-2/100 Hours/Furniture/MTL-SGF00118-086.mp4 -> gs://100hr-data/Furniture/Videos/MTL-SGF00118-086.mp4
OK    /Volumes/Samsung 990-2/100 Hours/Furniture/MTL-SGF00113-104.aac -> gs://100hr-data/Furniture/IMU/MTL-SGF00113-104.aac
OK    /Volumes/Samsung 990-2/100 Hours/Furniture/MTL-SGF00123-030.txt -> gs://100hr-data/Furniture/IMU/MTL-SGF00123-030.txt
OK    /Volumes/Samsung 990-2/100 Hours/Furniture/MTL-SGF00108-039.txt -> gs://100hr-data/Furniture/IMU/MTL-SGF00108-039.txt
OK    /Volumes/Samsung 990-2/100 Hours/Furniture/MTL-SGF00115-009.aac -> gs://100hr-data/Furniture/IMU/MTL-SGF00115-009.aac
OK    /Volumes/Samsung 990-2/100 Hours/Furniture/MTL-SGF00123-023.aac -> gs://100hr-data/Furniture/IMU/MTL-SGF00123-023.aac
OK    /Volumes/Samsung 990-2/100 Hours/Furniture/MTL-SGF00106-052.txt -> gs://100hr-data/Furniture/IMU/MTL-SGF00106-052.txt
OK    /Volumes/Samsung 990-2/100 Hours/Furniture/MTL-SGF00126-041.mp4 -> gs://100hr-data/Furniture/Videos/MTL-SGF00126-041.mp4
OK    /Volumes/Samsung 990-2/100 Hours/Furniture/MTL-SGF00118-119.mp4 -> gs://100hr-data/Furniture/Videos/MTL-SGF00118-119.mp4
OK    /Volumes/Samsung 990-2/100 Hours/Furniture/MTL-SGF00113-103.txt -> gs://100hr-data/Furniture/IMU/MTL-SGF00113-103.txt
OK    /Volumes/Samsung 990-2/100 Hours/Furniture/MTL-SGF00106-046.txt -> gs://100hr-data/Furniture/IMU/MTL-SGF00106-046.txt
OK    /Volumes/Samsung 990-2/100 Hours/Furniture/MTL-SGF00108-016.aac -> gs://100hr-data/Furniture/IMU/MTL-SGF00108-016.aac
OK    /Volumes/Samsung 990-2/100 Hours/Furniture/MTL-SGF00115-035.aac -> gs://100hr-data/Furniture/IMU/MTL-SGF00115-035.aac
OK    /Volumes/Samsung 990-2/100 Hours/Furniture/MTL-SGF00118-131.mp4 -> gs://100hr-data/Furniture/Videos/MTL-SGF00118-131.mp4
OK    /Volumes/Samsung 990-2/100 Hours/Furniture/MTL-SGF00125-101.txt -> gs://100hr-data/Furniture/IMU/MTL-SGF00125-101.txt
OK    /Volumes/Samsung 990-2/100 Hours/Furniture/MTL-SGF00118-016.aac -> gs://100hr-data/Furniture/IMU/MTL-SGF00118-016.aac
OK    /Volumes/Samsung 990-2/100 Hours/Furniture/MTL-SGF00125-099.aac -> gs://100hr-data/Furniture/IMU/MTL-SGF00125-099.aac
OK    /Volumes/Samsung 990-2/100 Hours/Furniture/MTL-SGF00126-069.mp4 -> gs://100hr-data/Furniture/Videos/MTL-SGF00126-069.mp4
OK    /Volumes/Samsung 990-2/100 Hours/Furniture/MTL-SGF00115-021.aac -> gs://100hr-data/Furniture/IMU/MTL-SGF00115-021.aac
OK    /Volumes/Samsung 990-2/100 Hours/Furniture/MTL-SGF00126-082.mp4 -> gs://100hr-data/Furniture/Videos/MTL-SGF00126-082.mp4
OK    /Volumes/Samsung 990-2/100 Hours/Furniture/MTL-SGF00113-058.aac -> gs://100hr-data/Furniture/IMU/MTL-SGF00113-058.aac
OK    /Volumes/Samsung 990-2/100 Hours/Furniture/MTL-SGF00125-072.aac -> gs://100hr-data/Furniture/IMU/MTL-SGF00125-072.aac
OK    /Volumes/Samsung 990-2/100 Hours/Furniture/MTL-SGF00125-066.aac -> gs://100hr-data/Furniture/IMU/MTL-SGF00125-066.aac
OK    /Volumes/Samsung 990-2/100 Hours/Furniture/MTL-SGF00113-064.aac -> gs://100hr-data/Furniture/IMU/MTL-SGF00113-064.aac
OK    /Volumes/Samsung 990-2/100 Hours/Furniture/MTL-SGF00126-015.txt -> gs://100hr-data/Furniture/IMU/MTL-SGF00126-015.txt
OK    /Volumes/Samsung 990-2/100 Hours/Furniture/MTL-SGF00111-046.mp4 -> gs://100hr-data/Furniture/Videos/MTL-SGF00111-046.mp4
OK    /Volumes/Samsung 990-2/100 Hours/Furniture/MTL-SGF00111-052.mp4 -> gs://100hr-data/Furniture/Videos/MTL-SGF00111-052.mp4
OK    /Volumes/Samsung 990-2/100 Hours/Furniture/MTL-SGF00111-085.mp4 -> gs://100hr-data/Furniture/Videos/MTL-SGF00111-085.mp4
OK    /Volumes/Samsung 990-2/100 Hours/Furniture/MTL-SGF00111-091.mp4 -> gs://100hr-data/Furniture/Videos/MTL-SGF00111-091.mp4
OK    /Volumes/Samsung 990-2/100 Hours/Furniture/MTL-SGF00111-090.mp4 -> gs://100hr-data/Furniture/Videos/MTL-SGF00111-090.mp4
OK    /Volumes/Samsung 990-2/100 Hours/Furniture/MTL-SGF00111-084.mp4 -> gs://100hr-data/Furniture/Videos/MTL-SGF00111-084.mp4
OK    /Volumes/Samsung 990-2/100 Hours/Furniture/MTL-SGF00111-013.txt -> gs://100hr-data/Furniture/IMU/MTL-SGF00111-013.txt
OK    /Volumes/Samsung 990-2/100 Hours/Furniture/MTL-SGF00111-053.mp4 -> gs://100hr-data/Furniture/Videos/MTL-SGF00111-053.mp4
OK    /Volumes/Samsung 990-2/100 Hours/Furniture/MTL-SGF00111-047.mp4 -> gs://100hr-data/Furniture/Videos/MTL-SGF00111-047.mp4
OK    /Volumes/Samsung 990-2/100 Hours/Furniture/MTL-SGF00126-014.txt -> gs://100hr-data/Furniture/IMU/MTL-SGF00126-014.txt
OK    /Volumes/Samsung 990-2/100 Hours/Furniture/MTL-SGF00113-071.aac -> gs://100hr-data/Furniture/IMU/MTL-SGF00113-071.aac
OK    /Volumes/Samsung 990-2/100 Hours/Furniture/MTL-SGF00113-065.aac -> gs://100hr-data/Furniture/IMU/MTL-SGF00113-065.aac
OK    /Volumes/Samsung 990-2/100 Hours/Furniture/MTL-SGF00126-028.txt -> gs://100hr-data/Furniture/IMU/MTL-SGF00126-028.txt
OK    /Volumes/Samsung 990-2/100 Hours/Furniture/MTL-SGF00125-067.aac -> gs://100hr-data/Furniture/IMU/MTL-SGF00125-067.aac
OK    /Volumes/Samsung 990-2/100 Hours/Furniture/MTL-SGF00125-073.aac -> gs://100hr-data/Furniture/IMU/MTL-SGF00125-073.aac
OK    /Volumes/Samsung 990-2/100 Hours/Furniture/MTL-SGF00126-083.mp4 -> gs://100hr-data/Furniture/Videos/MTL-SGF00126-083.mp4
OK    /Volumes/Samsung 990-2/100 Hours/Furniture/MTL-SGF00118-124.mp4 -> gs://100hr-data/Furniture/Videos/MTL-SGF00118-124.mp4
OK    /Volumes/Samsung 990-2/100 Hours/Furniture/MTL-SGF00126-068.mp4 -> gs://100hr-data/Furniture/Videos/MTL-SGF00126-068.mp4
OK    /Volumes/Samsung 990-2/100 Hours/Furniture/MTL-SGF00125-098.aac -> gs://100hr-data/Furniture/IMU/MTL-SGF00125-098.aac
OK    /Volumes/Samsung 990-2/100 Hours/Furniture/MTL-SGF00118-017.aac -> gs://100hr-data/Furniture/IMU/MTL-SGF00118-017.aac
OK    /Volumes/Samsung 990-2/100 Hours/Furniture/MTL-SGF00115-020.aac -> gs://100hr-data/Furniture/IMU/MTL-SGF00115-020.aac
OK    /Volumes/Samsung 990-2/100 Hours/Furniture/MTL-SGF00108-017.aac -> gs://100hr-data/Furniture/IMU/MTL-SGF00108-017.aac
OK    /Volumes/Samsung 990-2/100 Hours/Furniture/MTL-SGF00115-034.aac -> gs://100hr-data/Furniture/IMU/MTL-SGF00115-034.aac
OK    /Volumes/Samsung 990-2/100 Hours/Furniture/MTL-SGF00125-100.txt -> gs://100hr-data/Furniture/IMU/MTL-SGF00125-100.txt
OK    /Volumes/Samsung 990-2/100 Hours/Furniture/MTL-SGF00118-130.mp4 -> gs://100hr-data/Furniture/Videos/MTL-SGF00118-130.mp4
OK    /Volumes/Samsung 990-2/100 Hours/Furniture/MTL-SGF00106-047.txt -> gs://100hr-data/Furniture/IMU/MTL-SGF00106-047.txt
OK    /Volumes/Samsung 990-2/100 Hours/Furniture/MTL-SGF00113-102.txt -> gs://100hr-data/Furniture/IMU/MTL-SGF00113-102.txt
OK    /Volumes/Samsung 990-2/100 Hours/Furniture/MTL-SGF00118-118.mp4 -> gs://100hr-data/Furniture/Videos/MTL-SGF00118-118.mp4
OK    /Volumes/Samsung 990-2/100 Hours/Furniture/MTL-SGF00126-054.mp4 -> gs://100hr-data/Furniture/Videos/MTL-SGF00126-054.mp4
OK    /Volumes/Samsung 990-2/100 Hours/Furniture/MTL-SGF00123-036.aac -> gs://100hr-data/Furniture/IMU/MTL-SGF00123-036.aac
OK    /Volumes/Samsung 990-2/100 Hours/Furniture/MTL-SGF00123-022.aac -> gs://100hr-data/Furniture/IMU/MTL-SGF00123-022.aac
OK    /Volumes/Samsung 990-2/100 Hours/Furniture/MTL-SGF00126-040.mp4 -> gs://100hr-data/Furniture/Videos/MTL-SGF00126-040.mp4
OK    /Volumes/Samsung 990-2/100 Hours/Furniture/MTL-SGF00106-053.txt -> gs://100hr-data/Furniture/IMU/MTL-SGF00106-053.txt
OK    /Volumes/Samsung 990-2/100 Hours/Furniture/MTL-SGF00113-036.mp4 -> gs://100hr-data/Furniture/Videos/MTL-SGF00113-036.mp4
OK    /Volumes/Samsung 990-2/100 Hours/Furniture/MTL-SGF00106-040.aac -> gs://100hr-data/Furniture/IMU/MTL-SGF00106-040.aac
OK    /Volumes/Samsung 990-2/100 Hours/Furniture/MTL-SGF00118-093.mp4 -> gs://100hr-data/Furniture/Videos/MTL-SGF00118-093.mp4
OK    /Volumes/Samsung 990-2/100 Hours/Furniture/MTL-SGF00113-089.txt -> gs://100hr-data/Furniture/IMU/MTL-SGF00113-089.txt
OK    /Volumes/Samsung 990-2/100 Hours/Furniture/MTL-SGF00113-105.aac -> gs://100hr-data/Furniture/IMU/MTL-SGF00113-105.aac
OK    /Volumes/Samsung 990-2/100 Hours/Furniture/MTL-SGF00108-038.txt -> gs://100hr-data/Furniture/IMU/MTL-SGF00108-038.txt
OK    /Volumes/Samsung 990-2/100 Hours/Furniture/MTL-SGF00123-031.txt -> gs://100hr-data/Furniture/IMU/MTL-SGF00123-031.txt
OK    /Volumes/Samsung 990-2/100 Hours/Furniture/MTL-SGF00123-025.txt -> gs://100hr-data/Furniture/IMU/MTL-SGF00123-025.txt
OK    /Volumes/Samsung 990-2/100 Hours/Furniture/MTL-SGF00118-087.mp4 -> gs://100hr-data/Furniture/Videos/MTL-SGF00118-087.mp4
OK    /Volumes/Samsung 990-2/100 Hours/Furniture/MTL-SGF00125-008.mp4 -> gs://100hr-data/Furniture/Videos/MTL-SGF00125-008.mp4
OK    /Volumes/Samsung 990-2/100 Hours/Furniture/MTL-SGF00118-038.txt -> gs://100hr-data/Furniture/IMU/MTL-SGF00118-038.txt
OK    /Volumes/Samsung 990-2/100 Hours/Furniture/MTL-SGF00106-054.aac -> gs://100hr-data/Furniture/IMU/MTL-SGF00106-054.aac
OK    /Volumes/Samsung 990-2/100 Hours/Furniture/MTL-SGF00125-020.mp4 -> gs://100hr-data/Furniture/Videos/MTL-SGF00125-020.mp4
OK    /Volumes/Samsung 990-2/100 Hours/Furniture/MTL-SGF00125-113.aac -> gs://100hr-data/Furniture/IMU/MTL-SGF00125-113.aac
OK    /Volumes/Samsung 990-2/100 Hours/Furniture/MTL-SGF00118-010.txt -> gs://100hr-data/Furniture/IMU/MTL-SGF00118-010.txt
OK    /Volumes/Samsung 990-2/100 Hours/Furniture/MTL-SGF00108-004.txt -> gs://100hr-data/Furniture/IMU/MTL-SGF00108-004.txt
OK    /Volumes/Samsung 990-2/100 Hours/Furniture/MTL-SGF00115-027.txt -> gs://100hr-data/Furniture/IMU/MTL-SGF00115-027.txt
OK    /Volumes/Samsung 990-2/100 Hours/Furniture/MTL-SGF00108-010.txt -> gs://100hr-data/Furniture/IMU/MTL-SGF00108-010.txt
OK    /Volumes/Samsung 990-2/100 Hours/Furniture/MTL-SGF00123-019.txt -> gs://100hr-data/Furniture/IMU/MTL-SGF00123-019.txt
OK    /Volumes/Samsung 990-2/100 Hours/Furniture/MTL-SGF00118-004.txt -> gs://100hr-data/Furniture/IMU/MTL-SGF00118-004.txt
OK    /Volumes/Samsung 990-2/100 Hours/Furniture/MTL-SGF00125-034.mp4 -> gs://100hr-data/Furniture/Videos/MTL-SGF00125-034.mp4
OK    /Volumes/Samsung 990-2/100 Hours/Furniture/MTL-SGF00118-050.mp4 -> gs://100hr-data/Furniture/Videos/MTL-SGF00118-050.mp4
OK    /Volumes/Samsung 990-2/100 Hours/Furniture/MTL-SGF00125-060.txt -> gs://100hr-data/Furniture/IMU/MTL-SGF00125-060.txt
OK    /Volumes/Samsung 990-2/100 Hours/Furniture/MTL-SGF00115-067.mp4 -> gs://100hr-data/Furniture/Videos/MTL-SGF00115-067.mp4
OK    /Volumes/Samsung 990-2/100 Hours/Furniture/MTL-SGF00115-073.mp4 -> gs://100hr-data/Furniture/Videos/MTL-SGF00115-073.mp4
OK    /Volumes/Samsung 990-2/100 Hours/Furniture/MTL-SGF00108-050.mp4 -> gs://100hr-data/Furniture/Videos/MTL-SGF00108-050.mp4
OK    /Volumes/Samsung 990-2/100 Hours/Furniture/MTL-SGF00125-074.txt -> gs://100hr-data/Furniture/IMU/MTL-SGF00125-074.txt
OK    /Volumes/Samsung 990-2/100 Hours/Furniture/MTL-SGF00126-013.aac -> gs://100hr-data/Furniture/IMU/MTL-SGF00126-013.aac
OK    /Volumes/Samsung 990-2/100 Hours/Furniture/MTL-SGF00113-076.txt -> gs://100hr-data/Furniture/IMU/MTL-SGF00113-076.txt
OK    /Volumes/Samsung 990-2/100 Hours/Furniture/MTL-SGF00118-078.mp4 -> gs://100hr-data/Furniture/Videos/MTL-SGF00118-078.mp4
OK    /Volumes/Samsung 990-2/100 Hours/Furniture/MTL-SGF00125-048.txt -> gs://100hr-data/Furniture/IMU/MTL-SGF00125-048.txt
OK    /Volumes/Samsung 990-2/100 Hours/Furniture/MTL-SGF00119-082.mp4 -> gs://100hr-data/Furniture/Videos/MTL-SGF00119-082.mp4
OK    /Volumes/Samsung 990-2/100 Hours/Furniture/MTL-SGF00111-014.aac -> gs://100hr-data/Furniture/IMU/MTL-SGF00111-014.aac
OK    /Volumes/Samsung 990-2/100 Hours/Furniture/MTL-SGF00111-028.aac -> gs://100hr-data/Furniture/IMU/MTL-SGF00111-028.aac
OK    /Volumes/Samsung 990-2/100 Hours/Furniture/MTL-SGF00111-067.aac -> gs://100hr-data/Furniture/IMU/MTL-SGF00111-067.aac
OK    /Volumes/Samsung 990-2/100 Hours/Furniture/MTL-SGF00111-073.aac -> gs://100hr-data/Furniture/IMU/MTL-SGF00111-073.aac
OK    /Volumes/Samsung 990-2/100 Hours/Furniture/MTL-SGF00119-072.txt -> gs://100hr-data/Furniture/IMU/MTL-SGF00119-072.txt
OK    /Volumes/Samsung 990-2/100 Hours/Furniture/MTL-SGF00115-014.mp4 -> gs://100hr-data/Furniture/Videos/MTL-SGF00115-014.mp4
OK    /Volumes/Samsung 990-2/100 Hours/Furniture/MTL-SGF00113-086.mp4 -> gs://100hr-data/Furniture/Videos/MTL-SGF00113-086.mp4
OK    /Volumes/Samsung 990-2/100 Hours/Furniture/MTL-SGF00125-013.txt -> gs://100hr-data/Furniture/IMU/MTL-SGF00125-013.txt
OK    /Volumes/Samsung 990-2/100 Hours/Furniture/MTL-SGF00118-110.aac -> gs://100hr-data/Furniture/IMU/MTL-SGF00118-110.aac
OK    /Volumes/Samsung 990-2/100 Hours/Furniture/MTL-SGF00118-023.mp4 -> gs://100hr-data/Furniture/Videos/MTL-SGF00118-023.mp4
OK    /Volumes/Samsung 990-2/100 Hours/Furniture/MTL-SGF00113-039.txt -> gs://100hr-data/Furniture/IMU/MTL-SGF00113-039.txt
OK    /Volumes/Samsung 990-2/100 Hours/Furniture/MTL-SGF00118-104.aac -> gs://100hr-data/Furniture/IMU/MTL-SGF00118-104.aac
OK    /Volumes/Samsung 990-2/100 Hours/Furniture/MTL-SGF00108-023.mp4 -> gs://100hr-data/Furniture/Videos/MTL-SGF00108-023.mp4
OK    /Volumes/Samsung 990-2/100 Hours/Furniture/MTL-SGF00115-028.mp4 -> gs://100hr-data/Furniture/Videos/MTL-SGF00115-028.mp4
OK    /Volumes/Samsung 990-2/100 Hours/Furniture/MTL-SGF00125-090.mp4 -> gs://100hr-data/Furniture/Videos/MTL-SGF00125-090.mp4
OK    /Volumes/Samsung 990-2/100 Hours/Furniture/MTL-SGF00126-060.aac -> gs://100hr-data/Furniture/IMU/MTL-SGF00126-060.aac
OK    /Volumes/Samsung 990-2/100 Hours/Furniture/MTL-SGF00125-084.mp4 -> gs://100hr-data/Furniture/Videos/MTL-SGF00125-084.mp4
OK    /Volumes/Samsung 990-2/100 Hours/Furniture/MTL-SGF00115-083.txt -> gs://100hr-data/Furniture/IMU/MTL-SGF00115-083.txt
OK    /Volumes/Samsung 990-2/100 Hours/Furniture/MTL-SGF00123-016.mp4 -> gs://100hr-data/Furniture/Videos/MTL-SGF00123-016.mp4
OK    /Volumes/Samsung 990-2/100 Hours/Furniture/MTL-SGF00115-068.txt -> gs://100hr-data/Furniture/IMU/MTL-SGF00115-068.txt
OK    /Volumes/Samsung 990-2/100 Hours/Furniture/MTL-SGF00106-033.aac -> gs://100hr-data/Furniture/IMU/MTL-SGF00106-033.aac
OK    /Volumes/Samsung 990-2/100 Hours/Furniture/MTL-SGF00113-045.mp4 -> gs://100hr-data/Furniture/Videos/MTL-SGF00113-045.mp4
OK    /Volumes/Samsung 990-2/100 Hours/Furniture/MTL-SGF00106-027.aac -> gs://100hr-data/Furniture/IMU/MTL-SGF00106-027.aac
OK    /Volumes/Samsung 990-2/100 Hours/Furniture/MTL-SGF00113-051.mp4 -> gs://100hr-data/Furniture/Videos/MTL-SGF00113-051.mp4
OK    /Volumes/Samsung 990-2/100 Hours/Furniture/MTL-SGF00115-054.txt -> gs://100hr-data/Furniture/IMU/MTL-SGF00115-054.txt
OK    /Volumes/Samsung 990-2/100 Hours/Furniture/MTL-SGF00113-079.mp4 -> gs://100hr-data/Furniture/Videos/MTL-SGF00113-079.mp4
OK    /Volumes/Samsung 990-2/100 Hours/Furniture/MTL-SGF00118-063.txt -> gs://100hr-data/Furniture/IMU/MTL-SGF00118-063.txt
OK    /Volumes/Samsung 990-2/100 Hours/Furniture/MTL-SGF00125-053.mp4 -> gs://100hr-data/Furniture/Videos/MTL-SGF00125-053.mp4
OK    /Volumes/Samsung 990-2/100 Hours/Furniture/MTL-SGF00125-047.mp4 -> gs://100hr-data/Furniture/Videos/MTL-SGF00125-047.mp4
OK    /Volumes/Samsung 990-2/100 Hours/Furniture/MTL-SGF00115-053.aac -> gs://100hr-data/Furniture/IMU/MTL-SGF00115-053.aac
OK    /Volumes/Samsung 990-2/100 Hours/Furniture/MTL-SGF00118-064.aac -> gs://100hr-data/Furniture/IMU/MTL-SGF00118-064.aac
OK    /Volumes/Samsung 990-2/100 Hours/Furniture/MTL-SGF00115-047.aac -> gs://100hr-data/Furniture/IMU/MTL-SGF00115-047.aac
OK    /Volumes/Samsung 990-2/100 Hours/Furniture/MTL-SGF00126-027.mp4 -> gs://100hr-data/Furniture/Videos/MTL-SGF00126-027.mp4
OK    /Volumes/Samsung 990-2/100 Hours/Furniture/MTL-SGF00118-058.aac -> gs://100hr-data/Furniture/IMU/MTL-SGF00118-058.aac
OK    /Volumes/Samsung 990-2/100 Hours/Furniture/MTL-SGF00106-034.txt -> gs://100hr-data/Furniture/IMU/MTL-SGF00106-034.txt
OK    /Volumes/Samsung 990-2/100 Hours/Furniture/MTL-SGF00106-020.txt -> gs://100hr-data/Furniture/IMU/MTL-SGF00106-020.txt
OK    /Volumes/Samsung 990-2/100 Hours/Furniture/MTL-SGF00125-028.aac -> gs://100hr-data/Furniture/IMU/MTL-SGF00125-028.aac
OK    /Volumes/Samsung 990-2/100 Hours/Furniture/MTL-SGF00126-067.txt -> gs://100hr-data/Furniture/IMU/MTL-SGF00126-067.txt
OK    /Volumes/Samsung 990-2/100 Hours/Furniture/MTL-SGF00106-060.mp4 -> gs://100hr-data/Furniture/Videos/MTL-SGF00106-060.mp4
OK    /Volumes/Samsung 990-2/100 Hours/Furniture/MTL-SGF00113-016.aac -> gs://100hr-data/Furniture/IMU/MTL-SGF00113-016.aac
OK    /Volumes/Samsung 990-2/100 Hours/Furniture/MTL-SGF00125-014.aac -> gs://100hr-data/Furniture/IMU/MTL-SGF00125-014.aac
OK    /Volumes/Samsung 990-2/100 Hours/Furniture/MTL-SGF00118-103.txt -> gs://100hr-data/Furniture/IMU/MTL-SGF00118-103.txt
OK    /Volumes/Samsung 990-2/100 Hours/Furniture/MTL-SGF00111-020.mp4 -> gs://100hr-data/Furniture/Videos/MTL-SGF00111-020.mp4
OK    /Volumes/Samsung 990-2/100 Hours/Furniture/MTL-SGF00119-075.aac -> gs://100hr-data/Furniture/IMU/MTL-SGF00119-075.aac
OK    /Volumes/Samsung 990-2/100 Hours/Furniture/MTL-SGF00111-034.mp4 -> gs://100hr-data/Furniture/Videos/MTL-SGF00111-034.mp4
OK    /Volumes/Samsung 990-2/100 Hours/Furniture/MTL-SGF00111-048.txt -> gs://100hr-data/Furniture/IMU/MTL-SGF00111-048.txt
OK    /Volumes/Samsung 990-2/100 Hours/Furniture/MTL-SGF00111-060.txt -> gs://100hr-data/Furniture/IMU/MTL-SGF00111-060.txt
OK    /Volumes/Samsung 990-2/100 Hours/Furniture/MTL-SGF00111-074.txt -> gs://100hr-data/Furniture/IMU/MTL-SGF00111-074.txt
OK    /Volumes/Samsung 990-2/100 Hours/Furniture/MTL-SGF00111-075.txt -> gs://100hr-data/Furniture/IMU/MTL-SGF00111-075.txt
OK    /Volumes/Samsung 990-2/100 Hours/Furniture/MTL-SGF00111-061.txt -> gs://100hr-data/Furniture/IMU/MTL-SGF00111-061.txt
OK    /Volumes/Samsung 990-2/100 Hours/Furniture/MTL-SGF00111-049.txt -> gs://100hr-data/Furniture/IMU/MTL-SGF00111-049.txt
OK    /Volumes/Samsung 990-2/100 Hours/Furniture/MTL-SGF00111-035.mp4 -> gs://100hr-data/Furniture/Videos/MTL-SGF00111-035.mp4
OK    /Volumes/Samsung 990-2/100 Hours/Furniture/MTL-SGF00111-021.mp4 -> gs://100hr-data/Furniture/Videos/MTL-SGF00111-021.mp4
OK    /Volumes/Samsung 990-2/100 Hours/Furniture/MTL-SGF00118-102.txt -> gs://100hr-data/Furniture/IMU/MTL-SGF00118-102.txt
OK    /Volumes/Samsung 990-2/100 Hours/Furniture/MTL-SGF00106-049.mp4 -> gs://100hr-data/Furniture/Videos/MTL-SGF00106-049.mp4
OK    /Volumes/Samsung 990-2/100 Hours/Furniture/MTL-SGF00118-116.txt -> gs://100hr-data/Furniture/IMU/MTL-SGF00118-116.txt
OK    /Volumes/Samsung 990-2/100 Hours/Furniture/MTL-SGF00113-017.aac -> gs://100hr-data/Furniture/IMU/MTL-SGF00113-017.aac
OK    /Volumes/Samsung 990-2/100 Hours/Furniture/MTL-SGF00106-061.mp4 -> gs://100hr-data/Furniture/Videos/MTL-SGF00106-061.mp4
OK    /Volumes/Samsung 990-2/100 Hours/Furniture/MTL-SGF00126-072.txt -> gs://100hr-data/Furniture/IMU/MTL-SGF00126-072.txt
OK    /Volumes/Samsung 990-2/100 Hours/Furniture/MTL-SGF00125-029.aac -> gs://100hr-data/Furniture/IMU/MTL-SGF00125-029.aac
OK    /Volumes/Samsung 990-2/100 Hours/Furniture/MTL-SGF00126-032.mp4 -> gs://100hr-data/Furniture/Videos/MTL-SGF00126-032.mp4
OK    /Volumes/Samsung 990-2/100 Hours/Furniture/MTL-SGF00106-021.txt -> gs://100hr-data/Furniture/IMU/MTL-SGF00106-021.txt
OK    /Volumes/Samsung 990-2/100 Hours/Furniture/MTL-SGF00106-035.txt -> gs://100hr-data/Furniture/IMU/MTL-SGF00106-035.txt
OK    /Volumes/Samsung 990-2/100 Hours/Furniture/MTL-SGF00118-071.aac -> gs://100hr-data/Furniture/IMU/MTL-SGF00118-071.aac
OK    /Volumes/Samsung 990-2/100 Hours/Furniture/MTL-SGF00115-046.aac -> gs://100hr-data/Furniture/IMU/MTL-SGF00115-046.aac
OK    /Volumes/Samsung 990-2/100 Hours/Furniture/MTL-SGF00118-065.aac -> gs://100hr-data/Furniture/IMU/MTL-SGF00118-065.aac
OK    /Volumes/Samsung 990-2/100 Hours/Furniture/MTL-SGF00118-076.txt -> gs://100hr-data/Furniture/IMU/MTL-SGF00118-076.txt
OK    /Volumes/Samsung 990-2/100 Hours/Furniture/MTL-SGF00125-046.mp4 -> gs://100hr-data/Furniture/Videos/MTL-SGF00125-046.mp4
OK    /Volumes/Samsung 990-2/100 Hours/Furniture/MTL-SGF00115-041.txt -> gs://100hr-data/Furniture/IMU/MTL-SGF00115-041.txt
OK    /Volumes/Samsung 990-2/100 Hours/Furniture/MTL-SGF00125-052.mp4 -> gs://100hr-data/Furniture/Videos/MTL-SGF00125-052.mp4
OK    /Volumes/Samsung 990-2/100 Hours/Furniture/MTL-SGF00113-078.mp4 -> gs://100hr-data/Furniture/Videos/MTL-SGF00113-078.mp4
OK    /Volumes/Samsung 990-2/100 Hours/Furniture/MTL-SGF00113-050.mp4 -> gs://100hr-data/Furniture/Videos/MTL-SGF00113-050.mp4
OK    /Volumes/Samsung 990-2/100 Hours/Furniture/MTL-SGF00115-069.txt -> gs://100hr-data/Furniture/IMU/MTL-SGF00115-069.txt
OK    /Volumes/Samsung 990-2/100 Hours/Furniture/MTL-SGF00106-032.aac -> gs://100hr-data/Furniture/IMU/MTL-SGF00106-032.aac
OK    /Volumes/Samsung 990-2/100 Hours/Furniture/MTL-SGF00125-085.mp4 -> gs://100hr-data/Furniture/Videos/MTL-SGF00125-085.mp4
OK    /Volumes/Samsung 990-2/100 Hours/Furniture/MTL-SGF00113-010.txt -> gs://100hr-data/Furniture/IMU/MTL-SGF00113-010.txt
OK    /Volumes/Samsung 990-2/100 Hours/Furniture/MTL-SGF00126-075.aac -> gs://100hr-data/Furniture/IMU/MTL-SGF00126-075.aac
OK    /Volumes/Samsung 990-2/100 Hours/Furniture/MTL-SGF00123-017.mp4 -> gs://100hr-data/Furniture/Videos/MTL-SGF00123-017.mp4
OK    /Volumes/Samsung 990-2/100 Hours/Furniture/MTL-SGF00115-082.txt -> gs://100hr-data/Furniture/IMU/MTL-SGF00115-082.txt
OK    /Volumes/Samsung 990-2/100 Hours/Furniture/MTL-SGF00115-029.mp4 -> gs://100hr-data/Furniture/Videos/MTL-SGF00115-029.mp4
OK    /Volumes/Samsung 990-2/100 Hours/Furniture/MTL-SGF00126-061.aac -> gs://100hr-data/Furniture/IMU/MTL-SGF00126-061.aac
OK    /Volumes/Samsung 990-2/100 Hours/Furniture/MTL-SGF00125-091.mp4 -> gs://100hr-data/Furniture/Videos/MTL-SGF00125-091.mp4
OK    /Volumes/Samsung 990-2/100 Hours/Furniture/MTL-SGF00118-105.aac -> gs://100hr-data/Furniture/IMU/MTL-SGF00118-105.aac
OK    /Volumes/Samsung 990-2/100 Hours/Furniture/MTL-SGF00118-089.txt -> gs://100hr-data/Furniture/IMU/MTL-SGF00118-089.txt
OK    /Volumes/Samsung 990-2/100 Hours/Furniture/MTL-SGF00126-049.aac -> gs://100hr-data/Furniture/IMU/MTL-SGF00126-049.aac
OK    /Volumes/Samsung 990-2/100 Hours/Furniture/MTL-SGF00113-093.mp4 -> gs://100hr-data/Furniture/Videos/MTL-SGF00113-093.mp4
OK    /Volumes/Samsung 990-2/100 Hours/Furniture/MTL-SGF00118-036.mp4 -> gs://100hr-data/Furniture/Videos/MTL-SGF00118-036.mp4
OK    /Volumes/Samsung 990-2/100 Hours/Furniture/MTL-SGF00108-036.mp4 -> gs://100hr-data/Furniture/Videos/MTL-SGF00108-036.mp4
OK    /Volumes/Samsung 990-2/100 Hours/Furniture/MTL-SGF00113-038.txt -> gs://100hr-data/Furniture/IMU/MTL-SGF00113-038.txt
OK    /Volumes/Samsung 990-2/100 Hours/Furniture/MTL-SGF00118-111.aac -> gs://100hr-data/Furniture/IMU/MTL-SGF00118-111.aac
OK    /Volumes/Samsung 990-2/100 Hours/Furniture/MTL-SGF00125-012.txt -> gs://100hr-data/Furniture/IMU/MTL-SGF00125-012.txt
OK    /Volumes/Samsung 990-2/100 Hours/Furniture/MTL-SGF00113-087.mp4 -> gs://100hr-data/Furniture/Videos/MTL-SGF00113-087.mp4
OK    /Volumes/Samsung 990-2/100 Hours/Furniture/MTL-SGF00111-072.aac -> gs://100hr-data/Furniture/IMU/MTL-SGF00111-072.aac
OK    /Volumes/Samsung 990-2/100 Hours/Furniture/MTL-SGF00111-066.aac -> gs://100hr-data/Furniture/IMU/MTL-SGF00111-066.aac
OK    /Volumes/Samsung 990-2/100 Hours/Furniture/MTL-SGF00111-064.aac -> gs://100hr-data/Furniture/IMU/MTL-SGF00111-064.aac
OK    /Volumes/Samsung 990-2/100 Hours/Furniture/MTL-SGF00111-058.aac -> gs://100hr-data/Furniture/IMU/MTL-SGF00111-058.aac
OK    /Volumes/Samsung 990-2/100 Hours/Furniture/MTL-SGF00119-071.txt -> gs://100hr-data/Furniture/IMU/MTL-SGF00119-071.txt
OK    /Volumes/Samsung 990-2/100 Hours/Furniture/MTL-SGF00108-020.mp4 -> gs://100hr-data/Furniture/Videos/MTL-SGF00108-020.mp4
OK    /Volumes/Samsung 990-2/100 Hours/Furniture/MTL-SGF00123-029.mp4 -> gs://100hr-data/Furniture/Videos/MTL-SGF00123-029.mp4
OK    /Volumes/Samsung 990-2/100 Hours/Furniture/MTL-SGF00118-034.mp4 -> gs://100hr-data/Furniture/Videos/MTL-SGF00118-034.mp4
OK    /Volumes/Samsung 990-2/100 Hours/Furniture/MTL-SGF00113-091.mp4 -> gs://100hr-data/Furniture/Videos/MTL-SGF00113-091.mp4
OK    /Volumes/Samsung 990-2/100 Hours/Furniture/MTL-SGF00113-085.mp4 -> gs://100hr-data/Furniture/Videos/MTL-SGF00113-085.mp4
OK    /Volumes/Samsung 990-2/100 Hours/Furniture/MTL-SGF00125-010.txt -> gs://100hr-data/Furniture/IMU/MTL-SGF00125-010.txt
OK    /Volumes/Samsung 990-2/100 Hours/Furniture/MTL-SGF00118-113.aac -> gs://100hr-data/Furniture/IMU/MTL-SGF00118-113.aac
OK    /Volumes/Samsung 990-2/100 Hours/Furniture/MTL-SGF00118-020.mp4 -> gs://100hr-data/Furniture/Videos/MTL-SGF00118-020.mp4
OK    /Volumes/Samsung 990-2/100 Hours/Furniture/MTL-SGF00108-034.mp4 -> gs://100hr-data/Furniture/Videos/MTL-SGF00108-034.mp4
OK    /Volumes/Samsung 990-2/100 Hours/Furniture/MTL-SGF00115-017.mp4 -> gs://100hr-data/Furniture/Videos/MTL-SGF00115-017.mp4
OK    /Volumes/Samsung 990-2/100 Hours/Furniture/MTL-SGF00115-080.txt -> gs://100hr-data/Furniture/IMU/MTL-SGF00115-080.txt
OK    /Volumes/Samsung 990-2/100 Hours/Furniture/MTL-SGF00126-077.aac -> gs://100hr-data/Furniture/IMU/MTL-SGF00126-077.aac
OK    /Volumes/Samsung 990-2/100 Hours/Furniture/MTL-SGF00125-038.txt -> gs://100hr-data/Furniture/IMU/MTL-SGF00125-038.txt
OK    /Volumes/Samsung 990-2/100 Hours/Furniture/MTL-SGF00118-008.mp4 -> gs://100hr-data/Furniture/Videos/MTL-SGF00118-008.mp4
OK    /Volumes/Samsung 990-2/100 Hours/Furniture/MTL-SGF00113-012.txt -> gs://100hr-data/Furniture/IMU/MTL-SGF00113-012.txt
OK    /Volumes/Samsung 990-2/100 Hours/Furniture/MTL-SGF00125-087.mp4 -> gs://100hr-data/Furniture/Videos/MTL-SGF00125-087.mp4
OK    /Volumes/Samsung 990-2/100 Hours/Furniture/MTL-SGF00125-093.mp4 -> gs://100hr-data/Furniture/Videos/MTL-SGF00125-093.mp4
OK    /Volumes/Samsung 990-2/100 Hours/Furniture/MTL-SGF00108-008.mp4 -> gs://100hr-data/Furniture/Videos/MTL-SGF00108-008.mp4
OK    /Volumes/Samsung 990-2/100 Hours/Furniture/MTL-SGF00106-024.aac -> gs://100hr-data/Furniture/IMU/MTL-SGF00106-024.aac
OK    /Volumes/Samsung 990-2/100 Hours/Furniture/MTL-SGF00113-052.mp4 -> gs://100hr-data/Furniture/Videos/MTL-SGF00113-052.mp4
OK    /Volumes/Samsung 990-2/100 Hours/Furniture/MTL-SGF00118-048.txt -> gs://100hr-data/Furniture/IMU/MTL-SGF00118-048.txt
OK    /Volumes/Samsung 990-2/100 Hours/Furniture/MTL-SGF00126-088.aac -> gs://100hr-data/Furniture/IMU/MTL-SGF00126-088.aac
OK    /Volumes/Samsung 990-2/100 Hours/Furniture/MTL-SGF00125-078.mp4 -> gs://100hr-data/Furniture/Videos/MTL-SGF00125-078.mp4
OK    /Volumes/Samsung 990-2/100 Hours/Furniture/MTL-SGF00113-046.mp4 -> gs://100hr-data/Furniture/Videos/MTL-SGF00113-046.mp4
OK    /Volumes/Samsung 990-2/100 Hours/Furniture/MTL-SGF00108-048.txt -> gs://100hr-data/Furniture/IMU/MTL-SGF00108-048.txt
OK    /Volumes/Samsung 990-2/100 Hours/Furniture/MTL-SGF00115-043.txt -> gs://100hr-data/Furniture/IMU/MTL-SGF00115-043.txt
OK    /Volumes/Samsung 990-2/100 Hours/Furniture/MTL-SGF00118-074.txt -> gs://100hr-data/Furniture/IMU/MTL-SGF00118-074.txt
OK    /Volumes/Samsung 990-2/100 Hours/Furniture/MTL-SGF00118-060.txt -> gs://100hr-data/Furniture/IMU/MTL-SGF00118-060.txt
OK    /Volumes/Samsung 990-2/100 Hours/Furniture/MTL-SGF00125-050.mp4 -> gs://100hr-data/Furniture/Videos/MTL-SGF00125-050.mp4
OK    /Volumes/Samsung 990-2/100 Hours/Furniture/MTL-SGF00115-057.txt -> gs://100hr-data/Furniture/IMU/MTL-SGF00115-057.txt
OK    /Volumes/Samsung 990-2/100 Hours/Furniture/MTL-SGF00115-044.aac -> gs://100hr-data/Furniture/IMU/MTL-SGF00115-044.aac
OK    /Volumes/Samsung 990-2/100 Hours/Furniture/MTL-SGF00118-073.aac -> gs://100hr-data/Furniture/IMU/MTL-SGF00118-073.aac
OK    /Volumes/Samsung 990-2/100 Hours/Furniture/MTL-SGF00118-067.aac -> gs://100hr-data/Furniture/IMU/MTL-SGF00118-067.aac
OK    /Volumes/Samsung 990-2/100 Hours/Furniture/MTL-SGF00126-018.mp4 -> gs://100hr-data/Furniture/Videos/MTL-SGF00126-018.mp4
OK    /Volumes/Samsung 990-2/100 Hours/Furniture/MTL-SGF00115-050.aac -> gs://100hr-data/Furniture/IMU/MTL-SGF00115-050.aac
OK    /Volumes/Samsung 990-2/100 Hours/Furniture/MTL-SGF00115-078.aac -> gs://100hr-data/Furniture/IMU/MTL-SGF00115-078.aac
OK    /Volumes/Samsung 990-2/100 Hours/Furniture/MTL-SGF00106-023.txt -> gs://100hr-data/Furniture/IMU/MTL-SGF00106-023.txt
OK    /Volumes/Samsung 990-2/100 Hours/Furniture/MTL-SGF00126-030.mp4 -> gs://100hr-data/Furniture/Videos/MTL-SGF00126-030.mp4
OK    /Volumes/Samsung 990-2/100 Hours/Furniture/MTL-SGF00126-024.mp4 -> gs://100hr-data/Furniture/Videos/MTL-SGF00126-024.mp4
OK    /Volumes/Samsung 990-2/100 Hours/Furniture/MTL-SGF00106-037.txt -> gs://100hr-data/Furniture/IMU/MTL-SGF00106-037.txt
OK    /Volumes/Samsung 990-2/100 Hours/Furniture/MTL-SGF00126-070.txt -> gs://100hr-data/Furniture/IMU/MTL-SGF00126-070.txt
OK    /Volumes/Samsung 990-2/100 Hours/Furniture/MTL-SGF00106-063.mp4 -> gs://100hr-data/Furniture/Videos/MTL-SGF00106-063.mp4
OK    /Volumes/Samsung 990-2/100 Hours/Furniture/MTL-SGF00126-064.txt -> gs://100hr-data/Furniture/IMU/MTL-SGF00126-064.txt
OK    /Volumes/Samsung 990-2/100 Hours/Furniture/MTL-SGF00113-029.aac -> gs://100hr-data/Furniture/IMU/MTL-SGF00113-029.aac
OK    /Volumes/Samsung 990-2/100 Hours/Furniture/MTL-SGF00118-100.txt -> gs://100hr-data/Furniture/IMU/MTL-SGF00118-100.txt
OK    /Volumes/Samsung 990-2/100 Hours/Furniture/MTL-SGF00118-114.txt -> gs://100hr-data/Furniture/IMU/MTL-SGF00118-114.txt
OK    /Volumes/Samsung 990-2/100 Hours/Furniture/MTL-SGF00125-017.aac -> gs://100hr-data/Furniture/IMU/MTL-SGF00125-017.aac
OK    /Volumes/Samsung 990-2/100 Hours/Furniture/MTL-SGF00118-098.aac -> gs://100hr-data/Furniture/IMU/MTL-SGF00118-098.aac
OK    /Volumes/Samsung 990-2/100 Hours/Furniture/MTL-SGF00126-058.txt -> gs://100hr-data/Furniture/IMU/MTL-SGF00126-058.txt
OK    /Volumes/Samsung 990-2/100 Hours/Furniture/MTL-SGF00111-023.mp4 -> gs://100hr-data/Furniture/Videos/MTL-SGF00111-023.mp4
OK    /Volumes/Samsung 990-2/100 Hours/Furniture/MTL-SGF00119-076.aac -> gs://100hr-data/Furniture/IMU/MTL-SGF00119-076.aac
OK    /Volumes/Samsung 990-2/100 Hours/Furniture/MTL-SGF00111-063.txt -> gs://100hr-data/Furniture/IMU/MTL-SGF00111-063.txt
OK    /Volumes/Samsung 990-2/100 Hours/Furniture/MTL-SGF00111-076.txt -> gs://100hr-data/Furniture/IMU/MTL-SGF00111-076.txt
OK    /Volumes/Samsung 990-2/100 Hours/Furniture/MTL-SGF00119-077.aac -> gs://100hr-data/Furniture/IMU/MTL-SGF00119-077.aac
OK    /Volumes/Samsung 990-2/100 Hours/Furniture/MTL-SGF00111-089.txt -> gs://100hr-data/Furniture/IMU/MTL-SGF00111-089.txt
OK    /Volumes/Samsung 990-2/100 Hours/Furniture/MTL-SGF00111-036.mp4 -> gs://100hr-data/Furniture/Videos/MTL-SGF00111-036.mp4
OK    /Volumes/Samsung 990-2/100 Hours/Furniture/MTL-SGF00126-059.txt -> gs://100hr-data/Furniture/IMU/MTL-SGF00126-059.txt
OK    /Volumes/Samsung 990-2/100 Hours/Furniture/MTL-SGF00118-099.aac -> gs://100hr-data/Furniture/IMU/MTL-SGF00118-099.aac
OK    /Volumes/Samsung 990-2/100 Hours/Furniture/MTL-SGF00125-016.aac -> gs://100hr-data/Furniture/IMU/MTL-SGF00125-016.aac
OK    /Volumes/Samsung 990-2/100 Hours/Furniture/MTL-SGF00118-115.txt -> gs://100hr-data/Furniture/IMU/MTL-SGF00118-115.txt
OK    /Volumes/Samsung 990-2/100 Hours/Furniture/MTL-SGF00118-101.txt -> gs://100hr-data/Furniture/IMU/MTL-SGF00118-101.txt
OK    /Volumes/Samsung 990-2/100 Hours/Furniture/MTL-SGF00113-028.aac -> gs://100hr-data/Furniture/IMU/MTL-SGF00113-028.aac
OK    /Volumes/Samsung 990-2/100 Hours/Furniture/MTL-SGF00126-065.txt -> gs://100hr-data/Furniture/IMU/MTL-SGF00126-065.txt
OK    /Volumes/Samsung 990-2/100 Hours/Furniture/MTL-SGF00118-129.txt -> gs://100hr-data/Furniture/IMU/MTL-SGF00118-129.txt
OK    /Volumes/Samsung 990-2/100 Hours/Furniture/MTL-SGF00113-014.aac -> gs://100hr-data/Furniture/IMU/MTL-SGF00113-014.aac
OK    /Volumes/Samsung 990-2/100 Hours/Furniture/MTL-SGF00106-062.mp4 -> gs://100hr-data/Furniture/Videos/MTL-SGF00106-062.mp4
OK    /Volumes/Samsung 990-2/100 Hours/Furniture/MTL-SGF00126-071.txt -> gs://100hr-data/Furniture/IMU/MTL-SGF00126-071.txt
OK    /Volumes/Samsung 990-2/100 Hours/Furniture/MTL-SGF00106-036.txt -> gs://100hr-data/Furniture/IMU/MTL-SGF00106-036.txt
OK    /Volumes/Samsung 990-2/100 Hours/Furniture/MTL-SGF00126-025.mp4 -> gs://100hr-data/Furniture/Videos/MTL-SGF00126-025.mp4
OK    /Volumes/Samsung 990-2/100 Hours/Furniture/MTL-SGF00115-079.aac -> gs://100hr-data/Furniture/IMU/MTL-SGF00115-079.aac
OK    /Volumes/Samsung 990-2/100 Hours/Furniture/MTL-SGF00126-031.mp4 -> gs://100hr-data/Furniture/Videos/MTL-SGF00126-031.mp4
OK    /Volumes/Samsung 990-2/100 Hours/Furniture/MTL-SGF00126-019.mp4 -> gs://100hr-data/Furniture/Videos/MTL-SGF00126-019.mp4
OK    /Volumes/Samsung 990-2/100 Hours/Furniture/MTL-SGF00118-066.aac -> gs://100hr-data/Furniture/IMU/MTL-SGF00118-066.aac
OK    /Volumes/Samsung 990-2/100 Hours/Furniture/MTL-SGF00115-051.aac -> gs://100hr-data/Furniture/IMU/MTL-SGF00115-051.aac
OK    /Volumes/Samsung 990-2/100 Hours/Furniture/MTL-SGF00115-045.aac -> gs://100hr-data/Furniture/IMU/MTL-SGF00115-045.aac
OK    /Volumes/Samsung 990-2/100 Hours/Furniture/MTL-SGF00118-072.aac -> gs://100hr-data/Furniture/IMU/MTL-SGF00118-072.aac
OK    /Volumes/Samsung 990-2/100 Hours/Furniture/MTL-SGF00125-051.mp4 -> gs://100hr-data/Furniture/Videos/MTL-SGF00125-051.mp4
OK    /Volumes/Samsung 990-2/100 Hours/Furniture/MTL-SGF00118-061.txt -> gs://100hr-data/Furniture/IMU/MTL-SGF00118-061.txt
OK    /Volumes/Samsung 990-2/100 Hours/Furniture/MTL-SGF00115-056.txt -> gs://100hr-data/Furniture/IMU/MTL-SGF00115-056.txt
OK    /Volumes/Samsung 990-2/100 Hours/Furniture/MTL-SGF00115-042.txt -> gs://100hr-data/Furniture/IMU/MTL-SGF00115-042.txt
OK    /Volumes/Samsung 990-2/100 Hours/Furniture/MTL-SGF00118-075.txt -> gs://100hr-data/Furniture/IMU/MTL-SGF00118-075.txt
OK    /Volumes/Samsung 990-2/100 Hours/Furniture/MTL-SGF00125-045.mp4 -> gs://100hr-data/Furniture/Videos/MTL-SGF00125-045.mp4
OK    /Volumes/Samsung 990-2/100 Hours/Furniture/MTL-SGF00113-047.mp4 -> gs://100hr-data/Furniture/Videos/MTL-SGF00113-047.mp4
OK    /Volumes/Samsung 990-2/100 Hours/Furniture/MTL-SGF00106-031.aac -> gs://100hr-data/Furniture/IMU/MTL-SGF00106-031.aac
OK    /Volumes/Samsung 990-2/100 Hours/Furniture/MTL-SGF00108-049.txt -> gs://100hr-data/Furniture/IMU/MTL-SGF00108-049.txt
OK    /Volumes/Samsung 990-2/100 Hours/Furniture/MTL-SGF00125-079.mp4 -> gs://100hr-data/Furniture/Videos/MTL-SGF00125-079.mp4
OK    /Volumes/Samsung 990-2/100 Hours/Furniture/MTL-SGF00126-089.aac -> gs://100hr-data/Furniture/IMU/MTL-SGF00126-089.aac
OK    /Volumes/Samsung 990-2/100 Hours/Furniture/MTL-SGF00118-049.txt -> gs://100hr-data/Furniture/IMU/MTL-SGF00118-049.txt
OK    /Volumes/Samsung 990-2/100 Hours/Furniture/MTL-SGF00113-053.mp4 -> gs://100hr-data/Furniture/Videos/MTL-SGF00113-053.mp4
OK    /Volumes/Samsung 990-2/100 Hours/Furniture/MTL-SGF00106-025.aac -> gs://100hr-data/Furniture/IMU/MTL-SGF00106-025.aac
OK    /Volumes/Samsung 990-2/100 Hours/Furniture/MTL-SGF00126-062.aac -> gs://100hr-data/Furniture/IMU/MTL-SGF00126-062.aac
OK    /Volumes/Samsung 990-2/100 Hours/Furniture/MTL-SGF00108-009.mp4 -> gs://100hr-data/Furniture/Videos/MTL-SGF00108-009.mp4
OK    /Volumes/Samsung 990-2/100 Hours/Furniture/MTL-SGF00123-014.mp4 -> gs://100hr-data/Furniture/Videos/MTL-SGF00123-014.mp4
OK    /Volumes/Samsung 990-2/100 Hours/Furniture/MTL-SGF00115-081.txt -> gs://100hr-data/Furniture/IMU/MTL-SGF00115-081.txt
OK    /Volumes/Samsung 990-2/100 Hours/Furniture/MTL-SGF00125-086.mp4 -> gs://100hr-data/Furniture/Videos/MTL-SGF00125-086.mp4
OK    /Volumes/Samsung 990-2/100 Hours/Furniture/MTL-SGF00113-013.txt -> gs://100hr-data/Furniture/IMU/MTL-SGF00113-013.txt
OK    /Volumes/Samsung 990-2/100 Hours/Furniture/MTL-SGF00118-009.mp4 -> gs://100hr-data/Furniture/Videos/MTL-SGF00118-009.mp4
OK    /Volumes/Samsung 990-2/100 Hours/Furniture/MTL-SGF00125-039.txt -> gs://100hr-data/Furniture/IMU/MTL-SGF00125-039.txt
OK    /Volumes/Samsung 990-2/100 Hours/Furniture/MTL-SGF00126-076.aac -> gs://100hr-data/Furniture/IMU/MTL-SGF00126-076.aac
OK    /Volumes/Samsung 990-2/100 Hours/Furniture/MTL-SGF00118-021.mp4 -> gs://100hr-data/Furniture/Videos/MTL-SGF00118-021.mp4
OK    /Volumes/Samsung 990-2/100 Hours/Furniture/MTL-SGF00118-112.aac -> gs://100hr-data/Furniture/IMU/MTL-SGF00118-112.aac
OK    /Volumes/Samsung 990-2/100 Hours/Furniture/MTL-SGF00113-084.mp4 -> gs://100hr-data/Furniture/Videos/MTL-SGF00113-084.mp4
OK    /Volumes/Samsung 990-2/100 Hours/Furniture/MTL-SGF00108-035.mp4 -> gs://100hr-data/Furniture/Videos/MTL-SGF00108-035.mp4
OK    /Volumes/Samsung 990-2/100 Hours/Furniture/MTL-SGF00115-016.mp4 -> gs://100hr-data/Furniture/Videos/MTL-SGF00115-016.mp4
OK    /Volumes/Samsung 990-2/100 Hours/Furniture/MTL-SGF00123-028.mp4 -> gs://100hr-data/Furniture/Videos/MTL-SGF00123-028.mp4
OK    /Volumes/Samsung 990-2/100 Hours/Furniture/MTL-SGF00108-021.mp4 -> gs://100hr-data/Furniture/Videos/MTL-SGF00108-021.mp4
OK    /Volumes/Samsung 990-2/100 Hours/Furniture/MTL-SGF00118-106.aac -> gs://100hr-data/Furniture/IMU/MTL-SGF00118-106.aac
OK    /Volumes/Samsung 990-2/100 Hours/Furniture/MTL-SGF00113-090.mp4 -> gs://100hr-data/Furniture/Videos/MTL-SGF00113-090.mp4
OK    /Volumes/Samsung 990-2/100 Hours/Furniture/MTL-SGF00118-035.mp4 -> gs://100hr-data/Furniture/Videos/MTL-SGF00118-035.mp4
OK    /Volumes/Samsung 990-2/100 Hours/Furniture/MTL-SGF00111-065.aac -> gs://100hr-data/Furniture/IMU/MTL-SGF00111-065.aac
OK    /Volumes/Samsung 990-2/100 Hours/Furniture/MTL-SGF00111-071.aac -> gs://100hr-data/Furniture/IMU/MTL-SGF00111-071.aac
OK    /Volumes/Samsung 990-2/100 Hours/Furniture/MTL-SGF00111-049.aac -> gs://100hr-data/Furniture/IMU/MTL-SGF00111-049.aac
OK    /Volumes/Samsung 990-2/100 Hours/Furniture/MTL-SGF00111-075.aac -> gs://100hr-data/Furniture/IMU/MTL-SGF00111-075.aac
OK    /Volumes/Samsung 990-2/100 Hours/Furniture/MTL-SGF00111-061.aac -> gs://100hr-data/Furniture/IMU/MTL-SGF00111-061.aac
OK    /Volumes/Samsung 990-2/100 Hours/Furniture/MTL-SGF00119-074.txt -> gs://100hr-data/Furniture/IMU/MTL-SGF00119-074.txt
OK    /Volumes/Samsung 990-2/100 Hours/Furniture/MTL-SGF00126-072.aac -> gs://100hr-data/Furniture/IMU/MTL-SGF00126-072.aac
OK    /Volumes/Samsung 990-2/100 Hours/Furniture/MTL-SGF00113-017.txt -> gs://100hr-data/Furniture/IMU/MTL-SGF00113-017.txt
OK    /Volumes/Samsung 990-2/100 Hours/Furniture/MTL-SGF00125-082.mp4 -> gs://100hr-data/Furniture/Videos/MTL-SGF00125-082.mp4
OK    /Volumes/Samsung 990-2/100 Hours/Furniture/MTL-SGF00123-010.mp4 -> gs://100hr-data/Furniture/Videos/MTL-SGF00123-010.mp4
OK    /Volumes/Samsung 990-2/100 Hours/Furniture/MTL-SGF00108-019.mp4 -> gs://100hr-data/Furniture/Videos/MTL-SGF00108-019.mp4
OK    /Volumes/Samsung 990-2/100 Hours/Furniture/MTL-SGF00118-019.mp4 -> gs://100hr-data/Furniture/Videos/MTL-SGF00118-019.mp4
OK    /Volumes/Samsung 990-2/100 Hours/Furniture/MTL-SGF00125-096.mp4 -> gs://100hr-data/Furniture/Videos/MTL-SGF00125-096.mp4
OK    /Volumes/Samsung 990-2/100 Hours/Furniture/MTL-SGF00126-066.aac -> gs://100hr-data/Furniture/IMU/MTL-SGF00126-066.aac
OK    /Volumes/Samsung 990-2/100 Hours/Furniture/MTL-SGF00118-031.mp4 -> gs://100hr-data/Furniture/Videos/MTL-SGF00118-031.mp4
OK    /Volumes/Samsung 990-2/100 Hours/Furniture/MTL-SGF00113-094.mp4 -> gs://100hr-data/Furniture/Videos/MTL-SGF00113-094.mp4
OK    /Volumes/Samsung 990-2/100 Hours/Furniture/MTL-SGF00118-102.aac -> gs://100hr-data/Furniture/IMU/MTL-SGF00118-102.aac
OK    /Volumes/Samsung 990-2/100 Hours/Furniture/MTL-SGF00108-025.mp4 -> gs://100hr-data/Furniture/Videos/MTL-SGF00108-025.mp4
OK    /Volumes/Samsung 990-2/100 Hours/Furniture/MTL-SGF00123-038.mp4 -> gs://100hr-data/Furniture/Videos/MTL-SGF00123-038.mp4
OK    /Volumes/Samsung 990-2/100 Hours/Furniture/MTL-SGF00115-012.mp4 -> gs://100hr-data/Furniture/Videos/MTL-SGF00115-012.mp4
OK    /Volumes/Samsung 990-2/100 Hours/Furniture/MTL-SGF00108-031.mp4 -> gs://100hr-data/Furniture/Videos/MTL-SGF00108-031.mp4
OK    /Volumes/Samsung 990-2/100 Hours/Furniture/MTL-SGF00113-080.mp4 -> gs://100hr-data/Furniture/Videos/MTL-SGF00113-080.mp4
OK    /Volumes/Samsung 990-2/100 Hours/Furniture/MTL-SGF00118-116.aac -> gs://100hr-data/Furniture/IMU/MTL-SGF00118-116.aac
OK    /Volumes/Samsung 990-2/100 Hours/Furniture/MTL-SGF00125-015.txt -> gs://100hr-data/Furniture/IMU/MTL-SGF00125-015.txt
OK    /Volumes/Samsung 990-2/100 Hours/Furniture/MTL-SGF00118-025.mp4 -> gs://100hr-data/Furniture/Videos/MTL-SGF00118-025.mp4
OK    /Volumes/Samsung 990-2/100 Hours/Furniture/MTL-SGF00125-041.mp4 -> gs://100hr-data/Furniture/Videos/MTL-SGF00125-041.mp4
OK    /Volumes/Samsung 990-2/100 Hours/Furniture/MTL-SGF00118-071.txt -> gs://100hr-data/Furniture/IMU/MTL-SGF00118-071.txt
OK    /Volumes/Samsung 990-2/100 Hours/Furniture/MTL-SGF00115-046.txt -> gs://100hr-data/Furniture/IMU/MTL-SGF00115-046.txt
OK    /Volumes/Samsung 990-2/100 Hours/Furniture/MTL-SGF00115-052.txt -> gs://100hr-data/Furniture/IMU/MTL-SGF00115-052.txt
OK    /Volumes/Samsung 990-2/100 Hours/Furniture/MTL-SGF00118-065.txt -> gs://100hr-data/Furniture/IMU/MTL-SGF00118-065.txt
OK    /Volumes/Samsung 990-2/100 Hours/Furniture/MTL-SGF00106-021.aac -> gs://100hr-data/Furniture/IMU/MTL-SGF00106-021.aac
OK    /Volumes/Samsung 990-2/100 Hours/Furniture/MTL-SGF00113-057.mp4 -> gs://100hr-data/Furniture/Videos/MTL-SGF00113-057.mp4
OK    /Volumes/Samsung 990-2/100 Hours/Furniture/MTL-SGF00125-069.mp4 -> gs://100hr-data/Furniture/Videos/MTL-SGF00125-069.mp4
OK    /Volumes/Samsung 990-2/100 Hours/Furniture/MTL-SGF00106-035.aac -> gs://100hr-data/Furniture/IMU/MTL-SGF00106-035.aac
OK    /Volumes/Samsung 990-2/100 Hours/Furniture/MTL-SGF00118-059.txt -> gs://100hr-data/Furniture/IMU/MTL-SGF00118-059.txt
OK    /Volumes/Samsung 990-2/100 Hours/Furniture/MTL-SGF00113-043.mp4 -> gs://100hr-data/Furniture/Videos/MTL-SGF00113-043.mp4
OK    /Volumes/Samsung 990-2/100 Hours/Furniture/MTL-SGF00106-026.txt -> gs://100hr-data/Furniture/IMU/MTL-SGF00106-026.txt
OK    /Volumes/Samsung 990-2/100 Hours/Furniture/MTL-SGF00126-035.mp4 -> gs://100hr-data/Furniture/Videos/MTL-SGF00126-035.mp4
OK    /Volumes/Samsung 990-2/100 Hours/Furniture/MTL-SGF00115-069.aac -> gs://100hr-data/Furniture/IMU/MTL-SGF00115-069.aac
OK    /Volumes/Samsung 990-2/100 Hours/Furniture/MTL-SGF00126-021.mp4 -> gs://100hr-data/Furniture/Videos/MTL-SGF00126-021.mp4
OK    /Volumes/Samsung 990-2/100 Hours/Furniture/MTL-SGF00106-032.txt -> gs://100hr-data/Furniture/IMU/MTL-SGF00106-032.txt
OK    /Volumes/Samsung 990-2/100 Hours/Furniture/MTL-SGF00126-009.mp4 -> gs://100hr-data/Furniture/Videos/MTL-SGF00126-009.mp4
OK    /Volumes/Samsung 990-2/100 Hours/Furniture/MTL-SGF00118-076.aac -> gs://100hr-data/Furniture/IMU/MTL-SGF00118-076.aac
OK    /Volumes/Samsung 990-2/100 Hours/Furniture/MTL-SGF00115-055.aac -> gs://100hr-data/Furniture/IMU/MTL-SGF00115-055.aac
OK    /Volumes/Samsung 990-2/100 Hours/Furniture/MTL-SGF00118-062.aac -> gs://100hr-data/Furniture/IMU/MTL-SGF00118-062.aac
OK    /Volumes/Samsung 990-2/100 Hours/Furniture/MTL-SGF00118-105.txt -> gs://100hr-data/Furniture/IMU/MTL-SGF00118-105.txt
OK    /Volumes/Samsung 990-2/100 Hours/Furniture/MTL-SGF00118-089.aac -> gs://100hr-data/Furniture/IMU/MTL-SGF00118-089.aac
OK    /Volumes/Samsung 990-2/100 Hours/Furniture/MTL-SGF00126-049.txt -> gs://100hr-data/Furniture/IMU/MTL-SGF00126-049.txt
OK    /Volumes/Samsung 990-2/100 Hours/Furniture/MTL-SGF00125-012.aac -> gs://100hr-data/Furniture/IMU/MTL-SGF00125-012.aac
OK    /Volumes/Samsung 990-2/100 Hours/Furniture/MTL-SGF00118-111.txt -> gs://100hr-data/Furniture/IMU/MTL-SGF00118-111.txt
OK    /Volumes/Samsung 990-2/100 Hours/Furniture/MTL-SGF00113-038.aac -> gs://100hr-data/Furniture/IMU/MTL-SGF00113-038.aac
OK    /Volumes/Samsung 990-2/100 Hours/Furniture/MTL-SGF00126-075.txt -> gs://100hr-data/Furniture/IMU/MTL-SGF00126-075.txt
OK    /Volumes/Samsung 990-2/100 Hours/Furniture/MTL-SGF00113-010.aac -> gs://100hr-data/Furniture/IMU/MTL-SGF00113-010.aac
OK    /Volumes/Samsung 990-2/100 Hours/Furniture/MTL-SGF00125-109.mp4 -> gs://100hr-data/Furniture/Videos/MTL-SGF00125-109.mp4
OK    /Volumes/Samsung 990-2/100 Hours/Furniture/MTL-SGF00115-082.aac -> gs://100hr-data/Furniture/IMU/MTL-SGF00115-082.aac
OK    /Volumes/Samsung 990-2/100 Hours/Furniture/MTL-SGF00126-061.txt -> gs://100hr-data/Furniture/IMU/MTL-SGF00126-061.txt
OK    /Volumes/Samsung 990-2/100 Hours/Furniture/MTL-SGF00111-032.mp4 -> gs://100hr-data/Furniture/Videos/MTL-SGF00111-032.mp4
OK    /Volumes/Samsung 990-2/100 Hours/Furniture/MTL-SGF00119-073.aac -> gs://100hr-data/Furniture/IMU/MTL-SGF00119-073.aac
OK    /Volumes/Samsung 990-2/100 Hours/Furniture/MTL-SGF00111-072.txt -> gs://100hr-data/Furniture/IMU/MTL-SGF00111-072.txt
OK    /Volumes/Samsung 990-2/100 Hours/Furniture/MTL-SGF00111-067.txt -> gs://100hr-data/Furniture/IMU/MTL-SGF00111-067.txt
OK    /Volumes/Samsung 990-2/100 Hours/Furniture/MTL-SGF00119-072.aac -> gs://100hr-data/Furniture/IMU/MTL-SGF00119-072.aac
OK    /Volumes/Samsung 990-2/100 Hours/Furniture/MTL-SGF00111-027.mp4 -> gs://100hr-data/Furniture/Videos/MTL-SGF00111-027.mp4
OK    /Volumes/Samsung 990-2/100 Hours/Furniture/MTL-SGF00126-060.txt -> gs://100hr-data/Furniture/IMU/MTL-SGF00126-060.txt
OK    /Volumes/Samsung 990-2/100 Hours/Furniture/MTL-SGF00125-108.mp4 -> gs://100hr-data/Furniture/Videos/MTL-SGF00125-108.mp4
OK    /Volumes/Samsung 990-2/100 Hours/Furniture/MTL-SGF00113-011.aac -> gs://100hr-data/Furniture/IMU/MTL-SGF00113-011.aac
OK    /Volumes/Samsung 990-2/100 Hours/Furniture/MTL-SGF00126-074.txt -> gs://100hr-data/Furniture/IMU/MTL-SGF00126-074.txt
OK    /Volumes/Samsung 990-2/100 Hours/Furniture/MTL-SGF00115-083.aac -> gs://100hr-data/Furniture/IMU/MTL-SGF00115-083.aac
OK    /Volumes/Samsung 990-2/100 Hours/Furniture/MTL-SGF00113-039.aac -> gs://100hr-data/Furniture/IMU/MTL-SGF00113-039.aac
OK    /Volumes/Samsung 990-2/100 Hours/Furniture/MTL-SGF00125-013.aac -> gs://100hr-data/Furniture/IMU/MTL-SGF00125-013.aac
OK    /Volumes/Samsung 990-2/100 Hours/Furniture/MTL-SGF00126-048.txt -> gs://100hr-data/Furniture/IMU/MTL-SGF00126-048.txt
OK    /Volumes/Samsung 990-2/100 Hours/Furniture/MTL-SGF00118-088.aac -> gs://100hr-data/Furniture/IMU/MTL-SGF00118-088.aac
OK    /Volumes/Samsung 990-2/100 Hours/Furniture/MTL-SGF00118-104.txt -> gs://100hr-data/Furniture/IMU/MTL-SGF00118-104.txt
OK    /Volumes/Samsung 990-2/100 Hours/Furniture/MTL-SGF00115-054.aac -> gs://100hr-data/Furniture/IMU/MTL-SGF00115-054.aac
OK    /Volumes/Samsung 990-2/100 Hours/Furniture/MTL-SGF00118-077.aac -> gs://100hr-data/Furniture/IMU/MTL-SGF00118-077.aac
OK    /Volumes/Samsung 990-2/100 Hours/Furniture/MTL-SGF00126-008.mp4 -> gs://100hr-data/Furniture/Videos/MTL-SGF00126-008.mp4
OK    /Volumes/Samsung 990-2/100 Hours/Furniture/MTL-SGF00115-040.aac -> gs://100hr-data/Furniture/IMU/MTL-SGF00115-040.aac
OK    /Volumes/Samsung 990-2/100 Hours/Furniture/MTL-SGF00115-068.aac -> gs://100hr-data/Furniture/IMU/MTL-SGF00115-068.aac
OK    /Volumes/Samsung 990-2/100 Hours/Furniture/MTL-SGF00126-020.mp4 -> gs://100hr-data/Furniture/Videos/MTL-SGF00126-020.mp4
OK    /Volumes/Samsung 990-2/100 Hours/Furniture/MTL-SGF00126-034.mp4 -> gs://100hr-data/Furniture/Videos/MTL-SGF00126-034.mp4
OK    /Volumes/Samsung 990-2/100 Hours/Furniture/MTL-SGF00106-027.txt -> gs://100hr-data/Furniture/IMU/MTL-SGF00106-027.txt
OK    /Volumes/Samsung 990-2/100 Hours/Furniture/MTL-SGF00113-042.mp4 -> gs://100hr-data/Furniture/Videos/MTL-SGF00113-042.mp4
OK    /Volumes/Samsung 990-2/100 Hours/Furniture/MTL-SGF00118-058.txt -> gs://100hr-data/Furniture/IMU/MTL-SGF00118-058.txt
OK    /Volumes/Samsung 990-2/100 Hours/Furniture/MTL-SGF00106-034.aac -> gs://100hr-data/Furniture/IMU/MTL-SGF00106-034.aac
OK    /Volumes/Samsung 990-2/100 Hours/Furniture/MTL-SGF00125-068.mp4 -> gs://100hr-data/Furniture/Videos/MTL-SGF00125-068.mp4
OK    /Volumes/Samsung 990-2/100 Hours/Furniture/MTL-SGF00113-056.mp4 -> gs://100hr-data/Furniture/Videos/MTL-SGF00113-056.mp4
OK    /Volumes/Samsung 990-2/100 Hours/Furniture/MTL-SGF00106-020.aac -> gs://100hr-data/Furniture/IMU/MTL-SGF00106-020.aac
OK    /Volumes/Samsung 990-2/100 Hours/Furniture/MTL-SGF00115-053.txt -> gs://100hr-data/Furniture/IMU/MTL-SGF00115-053.txt
OK    /Volumes/Samsung 990-2/100 Hours/Furniture/MTL-SGF00125-054.mp4 -> gs://100hr-data/Furniture/Videos/MTL-SGF00125-054.mp4
OK    /Volumes/Samsung 990-2/100 Hours/Furniture/MTL-SGF00118-064.txt -> gs://100hr-data/Furniture/IMU/MTL-SGF00118-064.txt
OK    /Volumes/Samsung 990-2/100 Hours/Furniture/MTL-SGF00118-070.txt -> gs://100hr-data/Furniture/IMU/MTL-SGF00118-070.txt
OK    /Volumes/Samsung 990-2/100 Hours/Furniture/MTL-SGF00125-040.mp4 -> gs://100hr-data/Furniture/Videos/MTL-SGF00125-040.mp4
OK    /Volumes/Samsung 990-2/100 Hours/Furniture/MTL-SGF00115-047.txt -> gs://100hr-data/Furniture/IMU/MTL-SGF00115-047.txt
OK    /Volumes/Samsung 990-2/100 Hours/Furniture/MTL-SGF00115-013.mp4 -> gs://100hr-data/Furniture/Videos/MTL-SGF00115-013.mp4
OK    /Volumes/Samsung 990-2/100 Hours/Furniture/MTL-SGF00108-030.mp4 -> gs://100hr-data/Furniture/Videos/MTL-SGF00108-030.mp4
OK    /Volumes/Samsung 990-2/100 Hours/Furniture/MTL-SGF00123-039.mp4 -> gs://100hr-data/Furniture/Videos/MTL-SGF00123-039.mp4
OK    /Volumes/Samsung 990-2/100 Hours/Furniture/MTL-SGF00118-024.mp4 -> gs://100hr-data/Furniture/Videos/MTL-SGF00118-024.mp4
OK    /Volumes/Samsung 990-2/100 Hours/Furniture/MTL-SGF00125-014.txt -> gs://100hr-data/Furniture/IMU/MTL-SGF00125-014.txt
OK    /Volumes/Samsung 990-2/100 Hours/Furniture/MTL-SGF00118-117.aac -> gs://100hr-data/Furniture/IMU/MTL-SGF00118-117.aac
OK    /Volumes/Samsung 990-2/100 Hours/Furniture/MTL-SGF00113-095.mp4 -> gs://100hr-data/Furniture/Videos/MTL-SGF00113-095.mp4
OK    /Volumes/Samsung 990-2/100 Hours/Furniture/MTL-SGF00118-030.mp4 -> gs://100hr-data/Furniture/Videos/MTL-SGF00118-030.mp4
OK    /Volumes/Samsung 990-2/100 Hours/Furniture/MTL-SGF00108-024.mp4 -> gs://100hr-data/Furniture/Videos/MTL-SGF00108-024.mp4
OK    /Volumes/Samsung 990-2/100 Hours/Furniture/MTL-SGF00125-028.txt -> gs://100hr-data/Furniture/IMU/MTL-SGF00125-028.txt
OK    /Volumes/Samsung 990-2/100 Hours/Furniture/MTL-SGF00126-067.aac -> gs://100hr-data/Furniture/IMU/MTL-SGF00126-067.aac
OK    /Volumes/Samsung 990-2/100 Hours/Furniture/MTL-SGF00125-097.mp4 -> gs://100hr-data/Furniture/Videos/MTL-SGF00125-097.mp4
OK    /Volumes/Samsung 990-2/100 Hours/Furniture/MTL-SGF00118-018.mp4 -> gs://100hr-data/Furniture/Videos/MTL-SGF00118-018.mp4
OK    /Volumes/Samsung 990-2/100 Hours/Furniture/MTL-SGF00125-083.mp4 -> gs://100hr-data/Furniture/Videos/MTL-SGF00125-083.mp4
OK    /Volumes/Samsung 990-2/100 Hours/Furniture/MTL-SGF00113-016.txt -> gs://100hr-data/Furniture/IMU/MTL-SGF00113-016.txt
OK    /Volumes/Samsung 990-2/100 Hours/Furniture/MTL-SGF00126-073.aac -> gs://100hr-data/Furniture/IMU/MTL-SGF00126-073.aac
OK    /Volumes/Samsung 990-2/100 Hours/Furniture/MTL-SGF00108-018.mp4 -> gs://100hr-data/Furniture/Videos/MTL-SGF00108-018.mp4
OK    /Volumes/Samsung 990-2/100 Hours/Furniture/MTL-SGF00119-075.txt -> gs://100hr-data/Furniture/IMU/MTL-SGF00119-075.txt
OK    /Volumes/Samsung 990-2/100 Hours/Furniture/MTL-SGF00111-060.aac -> gs://100hr-data/Furniture/IMU/MTL-SGF00111-060.aac
OK    /Volumes/Samsung 990-2/100 Hours/Furniture/MTL-SGF00111-062.aac -> gs://100hr-data/Furniture/IMU/MTL-SGF00111-062.aac
OK    /Volumes/Samsung 990-2/100 Hours/Furniture/MTL-SGF00111-076.aac -> gs://100hr-data/Furniture/IMU/MTL-SGF00111-076.aac
OK    /Volumes/Samsung 990-2/100 Hours/Furniture/MTL-SGF00111-089.aac -> gs://100hr-data/Furniture/IMU/MTL-SGF00111-089.aac
OK    /Volumes/Samsung 990-2/100 Hours/Furniture/MTL-SGF00125-095.mp4 -> gs://100hr-data/Furniture/Videos/MTL-SGF00125-095.mp4
OK    /Volumes/Samsung 990-2/100 Hours/Furniture/MTL-SGF00126-065.aac -> gs://100hr-data/Furniture/IMU/MTL-SGF00126-065.aac
OK    /Volumes/Samsung 990-2/100 Hours/Furniture/MTL-SGF00123-013.mp4 -> gs://100hr-data/Furniture/Videos/MTL-SGF00123-013.mp4
OK    /Volumes/Samsung 990-2/100 Hours/Furniture/MTL-SGF00115-039.mp4 -> gs://100hr-data/Furniture/Videos/MTL-SGF00115-039.mp4
OK    /Volumes/Samsung 990-2/100 Hours/Furniture/MTL-SGF00126-071.aac -> gs://100hr-data/Furniture/IMU/MTL-SGF00126-071.aac
OK    /Volumes/Samsung 990-2/100 Hours/Furniture/MTL-SGF00113-014.txt -> gs://100hr-data/Furniture/IMU/MTL-SGF00113-014.txt
OK    /Volumes/Samsung 990-2/100 Hours/Furniture/MTL-SGF00113-083.mp4 -> gs://100hr-data/Furniture/Videos/MTL-SGF00113-083.mp4
OK    /Volumes/Samsung 990-2/100 Hours/Furniture/MTL-SGF00118-115.aac -> gs://100hr-data/Furniture/IMU/MTL-SGF00118-115.aac
OK    /Volumes/Samsung 990-2/100 Hours/Furniture/MTL-SGF00125-016.txt -> gs://100hr-data/Furniture/IMU/MTL-SGF00125-016.txt
OK    /Volumes/Samsung 990-2/100 Hours/Furniture/MTL-SGF00108-032.mp4 -> gs://100hr-data/Furniture/Videos/MTL-SGF00108-032.mp4
OK    /Volumes/Samsung 990-2/100 Hours/Furniture/MTL-SGF00113-028.txt -> gs://100hr-data/Furniture/IMU/MTL-SGF00113-028.txt
OK    /Volumes/Samsung 990-2/100 Hours/Furniture/MTL-SGF00118-032.mp4 -> gs://100hr-data/Furniture/Videos/MTL-SGF00118-032.mp4
OK    /Volumes/Samsung 990-2/100 Hours/Furniture/MTL-SGF00113-097.mp4 -> gs://100hr-data/Furniture/Videos/MTL-SGF00113-097.mp4
OK    /Volumes/Samsung 990-2/100 Hours/Furniture/MTL-SGF00118-101.aac -> gs://100hr-data/Furniture/IMU/MTL-SGF00118-101.aac
OK    /Volumes/Samsung 990-2/100 Hours/Furniture/MTL-SGF00125-056.mp4 -> gs://100hr-data/Furniture/Videos/MTL-SGF00125-056.mp4
OK    /Volumes/Samsung 990-2/100 Hours/Furniture/MTL-SGF00115-045.txt -> gs://100hr-data/Furniture/IMU/MTL-SGF00115-045.txt
OK    /Volumes/Samsung 990-2/100 Hours/Furniture/MTL-SGF00125-042.mp4 -> gs://100hr-data/Furniture/Videos/MTL-SGF00125-042.mp4
OK    /Volumes/Samsung 990-2/100 Hours/Furniture/MTL-SGF00118-072.txt -> gs://100hr-data/Furniture/IMU/MTL-SGF00118-072.txt
OK    /Volumes/Samsung 990-2/100 Hours/Furniture/MTL-SGF00113-068.mp4 -> gs://100hr-data/Furniture/Videos/MTL-SGF00113-068.mp4
OK    /Volumes/Samsung 990-2/100 Hours/Furniture/MTL-SGF00106-036.aac -> gs://100hr-data/Furniture/IMU/MTL-SGF00106-036.aac
OK    /Volumes/Samsung 990-2/100 Hours/Furniture/MTL-SGF00113-040.mp4 -> gs://100hr-data/Furniture/Videos/MTL-SGF00113-040.mp4
OK    /Volumes/Samsung 990-2/100 Hours/Furniture/MTL-SGF00115-079.txt -> gs://100hr-data/Furniture/IMU/MTL-SGF00115-079.txt
OK    /Volumes/Samsung 990-2/100 Hours/Furniture/MTL-SGF00106-022.aac -> gs://100hr-data/Furniture/IMU/MTL-SGF00106-022.aac
OK    /Volumes/Samsung 990-2/100 Hours/Furniture/MTL-SGF00113-054.mp4 -> gs://100hr-data/Furniture/Videos/MTL-SGF00113-054.mp4
OK    /Volumes/Samsung 990-2/100 Hours/Furniture/MTL-SGF00106-031.txt -> gs://100hr-data/Furniture/IMU/MTL-SGF00106-031.txt
OK    /Volumes/Samsung 990-2/100 Hours/Furniture/MTL-SGF00108-049.aac -> gs://100hr-data/Furniture/IMU/MTL-SGF00108-049.aac
OK    /Volumes/Samsung 990-2/100 Hours/Furniture/MTL-SGF00126-089.txt -> gs://100hr-data/Furniture/IMU/MTL-SGF00126-089.txt
OK    /Volumes/Samsung 990-2/100 Hours/Furniture/MTL-SGF00118-049.aac -> gs://100hr-data/Furniture/IMU/MTL-SGF00118-049.aac
OK    /Volumes/Samsung 990-2/100 Hours/Furniture/MTL-SGF00106-025.txt -> gs://100hr-data/Furniture/IMU/MTL-SGF00106-025.txt
OK    /Volumes/Samsung 990-2/100 Hours/Furniture/MTL-SGF00126-036.mp4 -> gs://100hr-data/Furniture/Videos/MTL-SGF00126-036.mp4
OK    /Volumes/Samsung 990-2/100 Hours/Furniture/MTL-SGF00118-061.aac -> gs://100hr-data/Furniture/IMU/MTL-SGF00118-061.aac
OK    /Volumes/Samsung 990-2/100 Hours/Furniture/MTL-SGF00115-056.aac -> gs://100hr-data/Furniture/IMU/MTL-SGF00115-056.aac
OK    /Volumes/Samsung 990-2/100 Hours/Furniture/MTL-SGF00115-042.aac -> gs://100hr-data/Furniture/IMU/MTL-SGF00115-042.aac
OK    /Volumes/Samsung 990-2/100 Hours/Furniture/MTL-SGF00118-075.aac -> gs://100hr-data/Furniture/IMU/MTL-SGF00118-075.aac
OK    /Volumes/Samsung 990-2/100 Hours/Furniture/MTL-SGF00113-108.mp4 -> gs://100hr-data/Furniture/Videos/MTL-SGF00113-108.mp4
OK    /Volumes/Samsung 990-2/100 Hours/Furniture/MTL-SGF00125-011.aac -> gs://100hr-data/Furniture/IMU/MTL-SGF00125-011.aac
OK    /Volumes/Samsung 990-2/100 Hours/Furniture/MTL-SGF00118-112.txt -> gs://100hr-data/Furniture/IMU/MTL-SGF00118-112.txt
OK    /Volumes/Samsung 990-2/100 Hours/Furniture/MTL-SGF00125-039.aac -> gs://100hr-data/Furniture/IMU/MTL-SGF00125-039.aac
OK    /Volumes/Samsung 990-2/100 Hours/Furniture/MTL-SGF00126-076.txt -> gs://100hr-data/Furniture/IMU/MTL-SGF00126-076.txt
OK    /Volumes/Samsung 990-2/100 Hours/Furniture/MTL-SGF00106-065.mp4 -> gs://100hr-data/Furniture/Videos/MTL-SGF00106-065.mp4
OK    /Volumes/Samsung 990-2/100 Hours/Furniture/MTL-SGF00113-013.aac -> gs://100hr-data/Furniture/IMU/MTL-SGF00113-013.aac
OK    /Volumes/Samsung 990-2/100 Hours/Furniture/MTL-SGF00111-019.mp4 -> gs://100hr-data/Furniture/Videos/MTL-SGF00111-019.mp4
OK    /Volumes/Samsung 990-2/100 Hours/Furniture/MTL-SGF00111-025.mp4 -> gs://100hr-data/Furniture/Videos/MTL-SGF00111-025.mp4
OK    /Volumes/Samsung 990-2/100 Hours/Furniture/MTL-SGF00111-031.mp4 -> gs://100hr-data/Furniture/Videos/MTL-SGF00111-031.mp4
OK    /Volumes/Samsung 990-2/100 Hours/Furniture/MTL-SGF00111-065.txt -> gs://100hr-data/Furniture/IMU/MTL-SGF00111-065.txt
OK    /Volumes/Samsung 990-2/100 Hours/Furniture/MTL-SGF00111-071.txt -> gs://100hr-data/Furniture/IMU/MTL-SGF00111-071.txt
OK    /Volumes/Samsung 990-2/100 Hours/Furniture/MTL-SGF00111-059.txt -> gs://100hr-data/Furniture/IMU/MTL-SGF00111-059.txt
OK    /Volumes/Samsung 990-2/100 Hours/Furniture/MTL-SGF00111-058.txt -> gs://100hr-data/Furniture/IMU/MTL-SGF00111-058.txt
OK    /Volumes/Samsung 990-2/100 Hours/Furniture/MTL-SGF00111-070.txt -> gs://100hr-data/Furniture/IMU/MTL-SGF00111-070.txt
OK    /Volumes/Samsung 990-2/100 Hours/Furniture/MTL-SGF00111-064.txt -> gs://100hr-data/Furniture/IMU/MTL-SGF00111-064.txt
OK    /Volumes/Samsung 990-2/100 Hours/Furniture/MTL-SGF00111-030.mp4 -> gs://100hr-data/Furniture/Videos/MTL-SGF00111-030.mp4
OK    /Volumes/Samsung 990-2/100 Hours/Furniture/MTL-SGF00119-071.aac -> gs://100hr-data/Furniture/IMU/MTL-SGF00119-071.aac
OK    /Volumes/Samsung 990-2/100 Hours/Furniture/MTL-SGF00111-024.mp4 -> gs://100hr-data/Furniture/Videos/MTL-SGF00111-024.mp4
OK    /Volumes/Samsung 990-2/100 Hours/Furniture/MTL-SGF00111-018.mp4 -> gs://100hr-data/Furniture/Videos/MTL-SGF00111-018.mp4
OK    /Volumes/Samsung 990-2/100 Hours/Furniture/MTL-SGF00115-080.aac -> gs://100hr-data/Furniture/IMU/MTL-SGF00115-080.aac
OK    /Volumes/Samsung 990-2/100 Hours/Furniture/MTL-SGF00113-012.aac -> gs://100hr-data/Furniture/IMU/MTL-SGF00113-012.aac
OK    /Volumes/Samsung 990-2/100 Hours/Furniture/MTL-SGF00106-064.mp4 -> gs://100hr-data/Furniture/Videos/MTL-SGF00106-064.mp4
OK    /Volumes/Samsung 990-2/100 Hours/Furniture/MTL-SGF00125-038.aac -> gs://100hr-data/Furniture/IMU/MTL-SGF00125-038.aac
OK    /Volumes/Samsung 990-2/100 Hours/Furniture/MTL-SGF00126-063.txt -> gs://100hr-data/Furniture/IMU/MTL-SGF00126-063.txt
OK    /Volumes/Samsung 990-2/100 Hours/Furniture/MTL-SGF00118-107.txt -> gs://100hr-data/Furniture/IMU/MTL-SGF00118-107.txt
OK    /Volumes/Samsung 990-2/100 Hours/Furniture/MTL-SGF00106-058.mp4 -> gs://100hr-data/Furniture/Videos/MTL-SGF00106-058.mp4
OK    /Volumes/Samsung 990-2/100 Hours/Furniture/MTL-SGF00118-113.txt -> gs://100hr-data/Furniture/IMU/MTL-SGF00118-113.txt
OK    /Volumes/Samsung 990-2/100 Hours/Furniture/MTL-SGF00125-010.aac -> gs://100hr-data/Furniture/IMU/MTL-SGF00125-010.aac
OK    /Volumes/Samsung 990-2/100 Hours/Furniture/MTL-SGF00113-109.mp4 -> gs://100hr-data/Furniture/Videos/MTL-SGF00113-109.mp4
OK    /Volumes/Samsung 990-2/100 Hours/Furniture/MTL-SGF00115-043.aac -> gs://100hr-data/Furniture/IMU/MTL-SGF00115-043.aac
OK    /Volumes/Samsung 990-2/100 Hours/Furniture/MTL-SGF00118-060.aac -> gs://100hr-data/Furniture/IMU/MTL-SGF00118-060.aac
OK    /Volumes/Samsung 990-2/100 Hours/Furniture/MTL-SGF00115-057.aac -> gs://100hr-data/Furniture/IMU/MTL-SGF00115-057.aac
OK    /Volumes/Samsung 990-2/100 Hours/Furniture/MTL-SGF00106-024.txt -> gs://100hr-data/Furniture/IMU/MTL-SGF00106-024.txt
OK    /Volumes/Samsung 990-2/100 Hours/Furniture/MTL-SGF00106-030.txt -> gs://100hr-data/Furniture/IMU/MTL-SGF00106-030.txt
OK    /Volumes/Samsung 990-2/100 Hours/Furniture/MTL-SGF00126-023.mp4 -> gs://100hr-data/Furniture/Videos/MTL-SGF00126-023.mp4
OK    /Volumes/Samsung 990-2/100 Hours/Furniture/MTL-SGF00115-078.txt -> gs://100hr-data/Furniture/IMU/MTL-SGF00115-078.txt
OK    /Volumes/Samsung 990-2/100 Hours/Furniture/MTL-SGF00106-023.aac -> gs://100hr-data/Furniture/IMU/MTL-SGF00106-023.aac
OK    /Volumes/Samsung 990-2/100 Hours/Furniture/MTL-SGF00113-041.mp4 -> gs://100hr-data/Furniture/Videos/MTL-SGF00113-041.mp4
OK    /Volumes/Samsung 990-2/100 Hours/Furniture/MTL-SGF00113-069.mp4 -> gs://100hr-data/Furniture/Videos/MTL-SGF00113-069.mp4
OK    /Volumes/Samsung 990-2/100 Hours/Furniture/MTL-SGF00125-043.mp4 -> gs://100hr-data/Furniture/Videos/MTL-SGF00125-043.mp4
OK    /Volumes/Samsung 990-2/100 Hours/Furniture/MTL-SGF00125-057.mp4 -> gs://100hr-data/Furniture/Videos/MTL-SGF00125-057.mp4
OK    /Volumes/Samsung 990-2/100 Hours/Furniture/MTL-SGF00118-067.txt -> gs://100hr-data/Furniture/IMU/MTL-SGF00118-067.txt
OK    /Volumes/Samsung 990-2/100 Hours/Furniture/MTL-SGF00115-050.txt -> gs://100hr-data/Furniture/IMU/MTL-SGF00115-050.txt
OK    /Volumes/Samsung 990-2/100 Hours/Furniture/MTL-SGF00108-027.mp4 -> gs://100hr-data/Furniture/Videos/MTL-SGF00108-027.mp4
OK    /Volumes/Samsung 990-2/100 Hours/Furniture/MTL-SGF00118-100.aac -> gs://100hr-data/Furniture/IMU/MTL-SGF00118-100.aac
OK    /Volumes/Samsung 990-2/100 Hours/Furniture/MTL-SGF00113-096.mp4 -> gs://100hr-data/Furniture/Videos/MTL-SGF00113-096.mp4
OK    /Volumes/Samsung 990-2/100 Hours/Furniture/MTL-SGF00118-027.mp4 -> gs://100hr-data/Furniture/Videos/MTL-SGF00118-027.mp4
OK    /Volumes/Samsung 990-2/100 Hours/Furniture/MTL-SGF00125-017.txt -> gs://100hr-data/Furniture/IMU/MTL-SGF00125-017.txt
OK    /Volumes/Samsung 990-2/100 Hours/Furniture/MTL-SGF00113-082.mp4 -> gs://100hr-data/Furniture/Videos/MTL-SGF00113-082.mp4
OK    /Volumes/Samsung 990-2/100 Hours/Furniture/MTL-SGF00118-098.txt -> gs://100hr-data/Furniture/IMU/MTL-SGF00118-098.txt
OK    /Volumes/Samsung 990-2/100 Hours/Furniture/MTL-SGF00126-058.aac -> gs://100hr-data/Furniture/IMU/MTL-SGF00126-058.aac
OK    /Volumes/Samsung 990-2/100 Hours/Furniture/MTL-SGF00115-010.mp4 -> gs://100hr-data/Furniture/Videos/MTL-SGF00115-010.mp4
OK    /Volumes/Samsung 990-2/100 Hours/Furniture/MTL-SGF00115-038.mp4 -> gs://100hr-data/Furniture/Videos/MTL-SGF00115-038.mp4
OK    /Volumes/Samsung 990-2/100 Hours/Furniture/MTL-SGF00123-012.mp4 -> gs://100hr-data/Furniture/Videos/MTL-SGF00123-012.mp4
OK    /Volumes/Samsung 990-2/100 Hours/Furniture/MTL-SGF00125-080.mp4 -> gs://100hr-data/Furniture/Videos/MTL-SGF00125-080.mp4
OK    /Volumes/Samsung 990-2/100 Hours/Furniture/MTL-SGF00113-015.txt -> gs://100hr-data/Furniture/IMU/MTL-SGF00113-015.txt
OK    /Volumes/Samsung 990-2/100 Hours/Furniture/MTL-SGF00118-128.aac -> gs://100hr-data/Furniture/IMU/MTL-SGF00118-128.aac
OK    /Volumes/Samsung 990-2/100 Hours/Furniture/MTL-SGF00126-064.aac -> gs://100hr-data/Furniture/IMU/MTL-SGF00126-064.aac
OK    /Volumes/Samsung 990-2/100 Hours/Furniture/MTL-SGF00125-094.mp4 -> gs://100hr-data/Furniture/Videos/MTL-SGF00125-094.mp4
OK    /Volumes/Samsung 990-2/100 Hours/Furniture/MTL-SGF00111-088.aac -> gs://100hr-data/Furniture/IMU/MTL-SGF00111-088.aac
OK    /Volumes/Samsung 990-2/100 Hours/Furniture/MTL-SGF00119-076.txt -> gs://100hr-data/Furniture/IMU/MTL-SGF00119-076.txt
OK    /Volumes/Samsung 990-2/100 Hours/Furniture/MTL-SGF00111-077.aac -> gs://100hr-data/Furniture/IMU/MTL-SGF00111-077.aac
OK    /Volumes/Samsung 990-2/100 Hours/Furniture/MTL-SGF00111-046.aac -> gs://100hr-data/Furniture/IMU/MTL-SGF00111-046.aac
OK    /Volumes/Samsung 990-2/100 Hours/Furniture/MTL-SGF00111-091.aac -> gs://100hr-data/Furniture/IMU/MTL-SGF00111-091.aac
OK    /Volumes/Samsung 990-2/100 Hours/Furniture/MTL-SGF00108-016.mp4 -> gs://100hr-data/Furniture/Videos/MTL-SGF00108-016.mp4
OK    /Volumes/Samsung 990-2/100 Hours/Furniture/MTL-SGF00115-035.mp4 -> gs://100hr-data/Furniture/Videos/MTL-SGF00115-035.mp4
OK    /Volumes/Samsung 990-2/100 Hours/Furniture/MTL-SGF00125-032.txt -> gs://100hr-data/Furniture/IMU/MTL-SGF00125-032.txt
OK    /Volumes/Samsung 990-2/100 Hours/Furniture/MTL-SGF00118-131.aac -> gs://100hr-data/Furniture/IMU/MTL-SGF00118-131.aac
OK    /Volumes/Samsung 990-2/100 Hours/Furniture/MTL-SGF00126-069.aac -> gs://100hr-data/Furniture/IMU/MTL-SGF00126-069.aac
OK    /Volumes/Samsung 990-2/100 Hours/Furniture/MTL-SGF00125-026.txt -> gs://100hr-data/Furniture/IMU/MTL-SGF00125-026.txt
OK    /Volumes/Samsung 990-2/100 Hours/Furniture/MTL-SGF00118-016.mp4 -> gs://100hr-data/Furniture/Videos/MTL-SGF00118-016.mp4
OK    /Volumes/Samsung 990-2/100 Hours/Furniture/MTL-SGF00115-021.mp4 -> gs://100hr-data/Furniture/Videos/MTL-SGF00115-021.mp4
OK    /Volumes/Samsung 990-2/100 Hours/Furniture/MTL-SGF00123-023.mp4 -> gs://100hr-data/Furniture/Videos/MTL-SGF00123-023.mp4
OK    /Volumes/Samsung 990-2/100 Hours/Furniture/MTL-SGF00115-009.mp4 -> gs://100hr-data/Furniture/Videos/MTL-SGF00115-009.mp4
OK    /Volumes/Samsung 990-2/100 Hours/Furniture/MTL-SGF00118-081.txt -> gs://100hr-data/Furniture/IMU/MTL-SGF00118-081.txt
OK    /Volumes/Samsung 990-2/100 Hours/Furniture/MTL-SGF00113-024.txt -> gs://100hr-data/Furniture/IMU/MTL-SGF00113-024.txt
OK    /Volumes/Samsung 990-2/100 Hours/Furniture/MTL-SGF00113-030.txt -> gs://100hr-data/Furniture/IMU/MTL-SGF00113-030.txt
OK    /Volumes/Samsung 990-2/100 Hours/Furniture/MTL-SGF00126-055.aac -> gs://100hr-data/Furniture/IMU/MTL-SGF00126-055.aac
OK    /Volumes/Samsung 990-2/100 Hours/Furniture/MTL-SGF00118-119.aac -> gs://100hr-data/Furniture/IMU/MTL-SGF00118-119.aac
OK    /Volumes/Samsung 990-2/100 Hours/Furniture/MTL-SGF00115-049.txt -> gs://100hr-data/Furniture/IMU/MTL-SGF00115-049.txt
OK    /Volumes/Samsung 990-2/100 Hours/Furniture/MTL-SGF00113-064.mp4 -> gs://100hr-data/Furniture/Videos/MTL-SGF00113-064.mp4
OK    /Volumes/Samsung 990-2/100 Hours/Furniture/MTL-SGF00115-075.txt -> gs://100hr-data/Furniture/IMU/MTL-SGF00115-075.txt
OK    /Volumes/Samsung 990-2/100 Hours/Furniture/MTL-SGF00125-072.mp4 -> gs://100hr-data/Furniture/Videos/MTL-SGF00125-072.mp4
OK    /Volumes/Samsung 990-2/100 Hours/Furniture/MTL-SGF00113-058.mp4 -> gs://100hr-data/Furniture/Videos/MTL-SGF00113-058.mp4
OK    /Volumes/Samsung 990-2/100 Hours/Furniture/MTL-SGF00118-042.txt -> gs://100hr-data/Furniture/IMU/MTL-SGF00118-042.txt
OK    /Volumes/Samsung 990-2/100 Hours/Furniture/MTL-SGF00126-082.aac -> gs://100hr-data/Furniture/IMU/MTL-SGF00126-082.aac
OK    /Volumes/Samsung 990-2/100 Hours/Furniture/MTL-SGF00118-056.txt -> gs://100hr-data/Furniture/IMU/MTL-SGF00118-056.txt
OK    /Volumes/Samsung 990-2/100 Hours/Furniture/MTL-SGF00115-061.txt -> gs://100hr-data/Furniture/IMU/MTL-SGF00115-061.txt
OK    /Volumes/Samsung 990-2/100 Hours/Furniture/MTL-SGF00108-042.txt -> gs://100hr-data/Furniture/IMU/MTL-SGF00108-042.txt
OK    /Volumes/Samsung 990-2/100 Hours/Furniture/MTL-SGF00115-072.aac -> gs://100hr-data/Furniture/IMU/MTL-SGF00115-072.aac
OK    /Volumes/Samsung 990-2/100 Hours/Furniture/MTL-SGF00118-045.aac -> gs://100hr-data/Furniture/IMU/MTL-SGF00118-045.aac
OK    /Volumes/Samsung 990-2/100 Hours/Furniture/MTL-SGF00126-085.txt -> gs://100hr-data/Furniture/IMU/MTL-SGF00126-085.txt
OK    /Volumes/Samsung 990-2/100 Hours/Furniture/MTL-SGF00118-051.aac -> gs://100hr-data/Furniture/IMU/MTL-SGF00118-051.aac
OK    /Volumes/Samsung 990-2/100 Hours/Furniture/MTL-SGF00126-091.txt -> gs://100hr-data/Furniture/IMU/MTL-SGF00126-091.txt
OK    /Volumes/Samsung 990-2/100 Hours/Furniture/MTL-SGF00108-045.aac -> gs://100hr-data/Furniture/IMU/MTL-SGF00108-045.aac
OK    /Volumes/Samsung 990-2/100 Hours/Furniture/MTL-SGF00115-066.aac -> gs://100hr-data/Furniture/IMU/MTL-SGF00115-066.aac
OK    /Volumes/Samsung 990-2/100 Hours/Furniture/MTL-SGF00118-079.aac -> gs://100hr-data/Furniture/IMU/MTL-SGF00118-079.aac
OK    /Volumes/Samsung 990-2/100 Hours/Furniture/MTL-SGF00126-012.mp4 -> gs://100hr-data/Furniture/Videos/MTL-SGF00126-012.mp4
OK    /Volumes/Samsung 990-2/100 Hours/Furniture/MTL-SGF00125-009.aac -> gs://100hr-data/Furniture/IMU/MTL-SGF00125-009.aac
OK    /Volumes/Samsung 990-2/100 Hours/Furniture/MTL-SGF00118-086.aac -> gs://100hr-data/Furniture/IMU/MTL-SGF00118-086.aac
OK    /Volumes/Samsung 990-2/100 Hours/Furniture/MTL-SGF00126-046.txt -> gs://100hr-data/Furniture/IMU/MTL-SGF00126-046.txt
OK    /Volumes/Samsung 990-2/100 Hours/Furniture/MTL-SGF00113-023.aac -> gs://100hr-data/Furniture/IMU/MTL-SGF00113-023.aac
OK    /Volumes/Samsung 990-2/100 Hours/Furniture/MTL-SGF00106-041.mp4 -> gs://100hr-data/Furniture/Videos/MTL-SGF00106-041.mp4
OK    /Volumes/Samsung 990-2/100 Hours/Furniture/MTL-SGF00113-104.mp4 -> gs://100hr-data/Furniture/Videos/MTL-SGF00113-104.mp4
OK    /Volumes/Samsung 990-2/100 Hours/Furniture/MTL-SGF00126-052.txt -> gs://100hr-data/Furniture/IMU/MTL-SGF00126-052.txt
OK    /Volumes/Samsung 990-2/100 Hours/Furniture/MTL-SGF00125-106.mp4 -> gs://100hr-data/Furniture/Videos/MTL-SGF00125-106.mp4
OK    /Volumes/Samsung 990-2/100 Hours/Furniture/MTL-SGF00125-035.aac -> gs://100hr-data/Furniture/IMU/MTL-SGF00125-035.aac
OK    /Volumes/Samsung 990-2/100 Hours/Furniture/MTL-SGF00118-122.txt -> gs://100hr-data/Furniture/IMU/MTL-SGF00118-122.txt
OK    /Volumes/Samsung 990-2/100 Hours/Furniture/MTL-SGF00125-021.aac -> gs://100hr-data/Furniture/IMU/MTL-SGF00125-021.aac
OK    /Volumes/Samsung 990-2/100 Hours/Furniture/MTL-SGF00125-112.mp4 -> gs://100hr-data/Furniture/Videos/MTL-SGF00125-112.mp4
OK    /Volumes/Samsung 990-2/100 Hours/Furniture/MTL-SGF00111-082.txt -> gs://100hr-data/Furniture/IMU/MTL-SGF00111-082.txt
OK    /Volumes/Samsung 990-2/100 Hours/Furniture/MTL-SGF00111-029.mp4 -> gs://100hr-data/Furniture/Videos/MTL-SGF00111-029.mp4
OK    /Volumes/Samsung 990-2/100 Hours/Furniture/MTL-SGF00119-083.aac -> gs://100hr-data/Furniture/IMU/MTL-SGF00119-083.aac
OK    /Volumes/Samsung 990-2/100 Hours/Furniture/MTL-SGF00111-069.txt -> gs://100hr-data/Furniture/IMU/MTL-SGF00111-069.txt
OK    /Volumes/Samsung 990-2/100 Hours/Furniture/MTL-SGF00111-041.txt -> gs://100hr-data/Furniture/IMU/MTL-SGF00111-041.txt
OK    /Volumes/Samsung 990-2/100 Hours/Furniture/MTL-SGF00111-054.txt -> gs://100hr-data/Furniture/IMU/MTL-SGF00111-054.txt
OK    /Volumes/Samsung 990-2/100 Hours/Furniture/MTL-SGF00111-068.txt -> gs://100hr-data/Furniture/IMU/MTL-SGF00111-068.txt
OK    /Volumes/Samsung 990-2/100 Hours/Furniture/MTL-SGF00119-082.aac -> gs://100hr-data/Furniture/IMU/MTL-SGF00119-082.aac
OK    /Volumes/Samsung 990-2/100 Hours/Furniture/MTL-SGF00111-028.mp4 -> gs://100hr-data/Furniture/Videos/MTL-SGF00111-028.mp4
OK    /Volumes/Samsung 990-2/100 Hours/Furniture/MTL-SGF00111-083.txt -> gs://100hr-data/Furniture/IMU/MTL-SGF00111-083.txt
OK    /Volumes/Samsung 990-2/100 Hours/Furniture/MTL-SGF00111-014.mp4 -> gs://100hr-data/Furniture/Videos/MTL-SGF00111-014.mp4
OK    /Volumes/Samsung 990-2/100 Hours/Furniture/MTL-SGF00125-113.mp4 -> gs://100hr-data/Furniture/Videos/MTL-SGF00125-113.mp4
OK    /Volumes/Samsung 990-2/100 Hours/Furniture/MTL-SGF00125-020.aac -> gs://100hr-data/Furniture/IMU/MTL-SGF00125-020.aac
OK    /Volumes/Samsung 990-2/100 Hours/Furniture/MTL-SGF00118-123.txt -> gs://100hr-data/Furniture/IMU/MTL-SGF00118-123.txt
OK    /Volumes/Samsung 990-2/100 Hours/Furniture/MTL-SGF00125-034.aac -> gs://100hr-data/Furniture/IMU/MTL-SGF00125-034.aac
OK    /Volumes/Samsung 990-2/100 Hours/Furniture/MTL-SGF00125-107.mp4 -> gs://100hr-data/Furniture/Videos/MTL-SGF00125-107.mp4
OK    /Volumes/Samsung 990-2/100 Hours/Furniture/MTL-SGF00126-053.txt -> gs://100hr-data/Furniture/IMU/MTL-SGF00126-053.txt
OK    /Volumes/Samsung 990-2/100 Hours/Furniture/MTL-SGF00118-093.aac -> gs://100hr-data/Furniture/IMU/MTL-SGF00118-093.aac
OK    /Volumes/Samsung 990-2/100 Hours/Furniture/MTL-SGF00113-105.mp4 -> gs://100hr-data/Furniture/Videos/MTL-SGF00113-105.mp4
OK    /Volumes/Samsung 990-2/100 Hours/Furniture/MTL-SGF00113-036.aac -> gs://100hr-data/Furniture/IMU/MTL-SGF00113-036.aac
OK    /Volumes/Samsung 990-2/100 Hours/Furniture/MTL-SGF00106-040.mp4 -> gs://100hr-data/Furniture/Videos/MTL-SGF00106-040.mp4
OK    /Volumes/Samsung 990-2/100 Hours/Furniture/MTL-SGF00113-022.aac -> gs://100hr-data/Furniture/IMU/MTL-SGF00113-022.aac
OK    /Volumes/Samsung 990-2/100 Hours/Furniture/MTL-SGF00106-054.mp4 -> gs://100hr-data/Furniture/Videos/MTL-SGF00106-054.mp4
OK    /Volumes/Samsung 990-2/100 Hours/Furniture/MTL-SGF00126-047.txt -> gs://100hr-data/Furniture/IMU/MTL-SGF00126-047.txt
OK    /Volumes/Samsung 990-2/100 Hours/Furniture/MTL-SGF00118-087.aac -> gs://100hr-data/Furniture/IMU/MTL-SGF00118-087.aac
OK    /Volumes/Samsung 990-2/100 Hours/Furniture/MTL-SGF00126-013.mp4 -> gs://100hr-data/Furniture/Videos/MTL-SGF00126-013.mp4
OK    /Volumes/Samsung 990-2/100 Hours/Furniture/MTL-SGF00118-078.aac -> gs://100hr-data/Furniture/IMU/MTL-SGF00118-078.aac
OK    /Volumes/Samsung 990-2/100 Hours/Furniture/MTL-SGF00126-090.txt -> gs://100hr-data/Furniture/IMU/MTL-SGF00126-090.txt
OK    /Volumes/Samsung 990-2/100 Hours/Furniture/MTL-SGF00118-050.aac -> gs://100hr-data/Furniture/IMU/MTL-SGF00118-050.aac
OK    /Volumes/Samsung 990-2/100 Hours/Furniture/MTL-SGF00108-044.aac -> gs://100hr-data/Furniture/IMU/MTL-SGF00108-044.aac
OK    /Volumes/Samsung 990-2/100 Hours/Furniture/MTL-SGF00115-067.aac -> gs://100hr-data/Furniture/IMU/MTL-SGF00115-067.aac
OK    /Volumes/Samsung 990-2/100 Hours/Furniture/MTL-SGF00115-073.aac -> gs://100hr-data/Furniture/IMU/MTL-SGF00115-073.aac
OK    /Volumes/Samsung 990-2/100 Hours/Furniture/MTL-SGF00108-050.aac -> gs://100hr-data/Furniture/IMU/MTL-SGF00108-050.aac
OK    /Volumes/Samsung 990-2/100 Hours/Furniture/MTL-SGF00106-028.txt -> gs://100hr-data/Furniture/IMU/MTL-SGF00106-028.txt
OK    /Volumes/Samsung 990-2/100 Hours/Furniture/MTL-SGF00118-044.aac -> gs://100hr-data/Furniture/IMU/MTL-SGF00118-044.aac
OK    /Volumes/Samsung 990-2/100 Hours/Furniture/MTL-SGF00125-067.mp4 -> gs://100hr-data/Furniture/Videos/MTL-SGF00125-067.mp4
OK    /Volumes/Samsung 990-2/100 Hours/Furniture/MTL-SGF00118-057.txt -> gs://100hr-data/Furniture/IMU/MTL-SGF00118-057.txt
OK    /Volumes/Samsung 990-2/100 Hours/Furniture/MTL-SGF00115-060.txt -> gs://100hr-data/Furniture/IMU/MTL-SGF00115-060.txt
OK    /Volumes/Samsung 990-2/100 Hours/Furniture/MTL-SGF00108-043.txt -> gs://100hr-data/Furniture/IMU/MTL-SGF00108-043.txt
OK    /Volumes/Samsung 990-2/100 Hours/Furniture/MTL-SGF00115-074.txt -> gs://100hr-data/Furniture/IMU/MTL-SGF00115-074.txt
OK    /Volumes/Samsung 990-2/100 Hours/Furniture/MTL-SGF00126-083.aac -> gs://100hr-data/Furniture/IMU/MTL-SGF00126-083.aac
OK    /Volumes/Samsung 990-2/100 Hours/Furniture/MTL-SGF00118-043.txt -> gs://100hr-data/Furniture/IMU/MTL-SGF00118-043.txt
OK    /Volumes/Samsung 990-2/100 Hours/Furniture/MTL-SGF00125-073.mp4 -> gs://100hr-data/Furniture/Videos/MTL-SGF00125-073.mp4
OK    /Volumes/Samsung 990-2/100 Hours/Furniture/MTL-SGF00113-071.mp4 -> gs://100hr-data/Furniture/Videos/MTL-SGF00113-071.mp4
OK    /Volumes/Samsung 990-2/100 Hours/Furniture/MTL-SGF00115-048.txt -> gs://100hr-data/Furniture/IMU/MTL-SGF00115-048.txt
OK    /Volumes/Samsung 990-2/100 Hours/Furniture/MTL-SGF00113-065.mp4 -> gs://100hr-data/Furniture/Videos/MTL-SGF00113-065.mp4
OK    /Volumes/Samsung 990-2/100 Hours/Furniture/MTL-SGF00126-054.aac -> gs://100hr-data/Furniture/IMU/MTL-SGF00126-054.aac
OK    /Volumes/Samsung 990-2/100 Hours/Furniture/MTL-SGF00118-094.txt -> gs://100hr-data/Furniture/IMU/MTL-SGF00118-094.txt
OK    /Volumes/Samsung 990-2/100 Hours/Furniture/MTL-SGF00113-031.txt -> gs://100hr-data/Furniture/IMU/MTL-SGF00113-031.txt
OK    /Volumes/Samsung 990-2/100 Hours/Furniture/MTL-SGF00123-036.mp4 -> gs://100hr-data/Furniture/Videos/MTL-SGF00123-036.mp4
OK    /Volumes/Samsung 990-2/100 Hours/Furniture/MTL-SGF00115-008.mp4 -> gs://100hr-data/Furniture/Videos/MTL-SGF00115-008.mp4
OK    /Volumes/Samsung 990-2/100 Hours/Furniture/MTL-SGF00113-025.txt -> gs://100hr-data/Furniture/IMU/MTL-SGF00113-025.txt
OK    /Volumes/Samsung 990-2/100 Hours/Furniture/MTL-SGF00126-040.aac -> gs://100hr-data/Furniture/IMU/MTL-SGF00126-040.aac
OK    /Volumes/Samsung 990-2/100 Hours/Furniture/MTL-SGF00118-080.txt -> gs://100hr-data/Furniture/IMU/MTL-SGF00118-080.txt
OK    /Volumes/Samsung 990-2/100 Hours/Furniture/MTL-SGF00125-098.mp4 -> gs://100hr-data/Furniture/Videos/MTL-SGF00125-098.mp4
OK    /Volumes/Samsung 990-2/100 Hours/Furniture/MTL-SGF00118-017.mp4 -> gs://100hr-data/Furniture/Videos/MTL-SGF00118-017.mp4
OK    /Volumes/Samsung 990-2/100 Hours/Furniture/MTL-SGF00118-124.aac -> gs://100hr-data/Furniture/IMU/MTL-SGF00118-124.aac
OK    /Volumes/Samsung 990-2/100 Hours/Furniture/MTL-SGF00125-027.txt -> gs://100hr-data/Furniture/IMU/MTL-SGF00125-027.txt
OK    /Volumes/Samsung 990-2/100 Hours/Furniture/MTL-SGF00126-068.aac -> gs://100hr-data/Furniture/IMU/MTL-SGF00126-068.aac
OK    /Volumes/Samsung 990-2/100 Hours/Furniture/MTL-SGF00115-020.mp4 -> gs://100hr-data/Furniture/Videos/MTL-SGF00115-020.mp4
OK    /Volumes/Samsung 990-2/100 Hours/Furniture/MTL-SGF00108-017.mp4 -> gs://100hr-data/Furniture/Videos/MTL-SGF00108-017.mp4
OK    /Volumes/Samsung 990-2/100 Hours/Furniture/MTL-SGF00115-034.mp4 -> gs://100hr-data/Furniture/Videos/MTL-SGF00115-034.mp4
OK    /Volumes/Samsung 990-2/100 Hours/Furniture/MTL-SGF00118-130.aac -> gs://100hr-data/Furniture/IMU/MTL-SGF00118-130.aac
OK    /Volumes/Samsung 990-2/100 Hours/Furniture/MTL-SGF00113-019.txt -> gs://100hr-data/Furniture/IMU/MTL-SGF00113-019.txt
OK    /Volumes/Samsung 990-2/100 Hours/Furniture/MTL-SGF00111-090.aac -> gs://100hr-data/Furniture/IMU/MTL-SGF00111-090.aac
OK    /Volumes/Samsung 990-2/100 Hours/Furniture/MTL-SGF00111-084.aac -> gs://100hr-data/Furniture/IMU/MTL-SGF00111-084.aac
OK    /Volumes/Samsung 990-2/100 Hours/Furniture/MTL-SGF00119-085.txt -> gs://100hr-data/Furniture/IMU/MTL-SGF00119-085.txt
OK    /Volumes/Samsung 990-2/100 Hours/Furniture/MTL-SGF00111-053.aac -> gs://100hr-data/Furniture/IMU/MTL-SGF00111-053.aac
OK    /Volumes/Samsung 990-2/100 Hours/Furniture/MTL-SGF00111-047.aac -> gs://100hr-data/Furniture/IMU/MTL-SGF00111-047.aac
OK    /Volumes/Samsung 990-2/100 Hours/Furniture/MTL-SGF00111-051.aac -> gs://100hr-data/Furniture/IMU/MTL-SGF00111-051.aac
OK    /Volumes/Samsung 990-2/100 Hours/Furniture/MTL-SGF00111-045.aac -> gs://100hr-data/Furniture/IMU/MTL-SGF00111-045.aac
OK    /Volumes/Samsung 990-2/100 Hours/Furniture/MTL-SGF00119-087.txt -> gs://100hr-data/Furniture/IMU/MTL-SGF00119-087.txt
OK    /Volumes/Samsung 990-2/100 Hours/Furniture/MTL-SGF00111-079.aac -> gs://100hr-data/Furniture/IMU/MTL-SGF00111-079.aac
OK    /Volumes/Samsung 990-2/100 Hours/Furniture/MTL-SGF00119-078.txt -> gs://100hr-data/Furniture/IMU/MTL-SGF00119-078.txt
OK    /Volumes/Samsung 990-2/100 Hours/Furniture/MTL-SGF00111-086.aac -> gs://100hr-data/Furniture/IMU/MTL-SGF00111-086.aac
OK    /Volumes/Samsung 990-2/100 Hours/Furniture/MTL-SGF00123-008.mp4 -> gs://100hr-data/Furniture/Videos/MTL-SGF00123-008.mp4
OK    /Volumes/Samsung 990-2/100 Hours/Furniture/MTL-SGF00125-025.txt -> gs://100hr-data/Furniture/IMU/MTL-SGF00125-025.txt
OK    /Volumes/Samsung 990-2/100 Hours/Furniture/MTL-SGF00118-126.aac -> gs://100hr-data/Furniture/IMU/MTL-SGF00118-126.aac
OK    /Volumes/Samsung 990-2/100 Hours/Furniture/MTL-SGF00125-031.txt -> gs://100hr-data/Furniture/IMU/MTL-SGF00125-031.txt
OK    /Volumes/Samsung 990-2/100 Hours/Furniture/MTL-SGF00118-132.aac -> gs://100hr-data/Furniture/IMU/MTL-SGF00118-132.aac
OK    /Volumes/Samsung 990-2/100 Hours/Furniture/MTL-SGF00115-036.mp4 -> gs://100hr-data/Furniture/Videos/MTL-SGF00115-036.mp4
OK    /Volumes/Samsung 990-2/100 Hours/Furniture/MTL-SGF00123-034.mp4 -> gs://100hr-data/Furniture/Videos/MTL-SGF00123-034.mp4
OK    /Volumes/Samsung 990-2/100 Hours/Furniture/MTL-SGF00118-029.mp4 -> gs://100hr-data/Furniture/Videos/MTL-SGF00118-029.mp4
OK    /Volumes/Samsung 990-2/100 Hours/Furniture/MTL-SGF00126-056.aac -> gs://100hr-data/Furniture/IMU/MTL-SGF00126-056.aac
OK    /Volumes/Samsung 990-2/100 Hours/Furniture/MTL-SGF00118-096.txt -> gs://100hr-data/Furniture/IMU/MTL-SGF00118-096.txt
OK    /Volumes/Samsung 990-2/100 Hours/Furniture/MTL-SGF00125-019.txt -> gs://100hr-data/Furniture/IMU/MTL-SGF00125-019.txt
OK    /Volumes/Samsung 990-2/100 Hours/Furniture/MTL-SGF00113-098.mp4 -> gs://100hr-data/Furniture/Videos/MTL-SGF00113-098.mp4
OK    /Volumes/Samsung 990-2/100 Hours/Furniture/MTL-SGF00126-042.aac -> gs://100hr-data/Furniture/IMU/MTL-SGF00126-042.aac
OK    /Volumes/Samsung 990-2/100 Hours/Furniture/MTL-SGF00118-082.txt -> gs://100hr-data/Furniture/IMU/MTL-SGF00118-082.txt
OK    /Volumes/Samsung 990-2/100 Hours/Furniture/MTL-SGF00113-027.txt -> gs://100hr-data/Furniture/IMU/MTL-SGF00113-027.txt
OK    /Volumes/Samsung 990-2/100 Hours/Furniture/MTL-SGF00123-020.mp4 -> gs://100hr-data/Furniture/Videos/MTL-SGF00123-020.mp4
OK    /Volumes/Samsung 990-2/100 Hours/Furniture/MTL-SGF00108-029.mp4 -> gs://100hr-data/Furniture/Videos/MTL-SGF00108-029.mp4
OK    /Volumes/Samsung 990-2/100 Hours/Furniture/MTL-SGF00113-073.mp4 -> gs://100hr-data/Furniture/Videos/MTL-SGF00113-073.mp4
OK    /Volumes/Samsung 990-2/100 Hours/Furniture/MTL-SGF00118-069.txt -> gs://100hr-data/Furniture/IMU/MTL-SGF00118-069.txt
OK    /Volumes/Samsung 990-2/100 Hours/Furniture/MTL-SGF00113-067.mp4 -> gs://100hr-data/Furniture/Videos/MTL-SGF00113-067.mp4
OK    /Volumes/Samsung 990-2/100 Hours/Furniture/MTL-SGF00108-041.txt -> gs://100hr-data/Furniture/IMU/MTL-SGF00108-041.txt
OK    /Volumes/Samsung 990-2/100 Hours/Furniture/MTL-SGF00106-039.aac -> gs://100hr-data/Furniture/IMU/MTL-SGF00106-039.aac
OK    /Volumes/Samsung 990-2/100 Hours/Furniture/MTL-SGF00125-065.mp4 -> gs://100hr-data/Furniture/Videos/MTL-SGF00125-065.mp4
OK    /Volumes/Samsung 990-2/100 Hours/Furniture/MTL-SGF00125-071.mp4 -> gs://100hr-data/Furniture/Videos/MTL-SGF00125-071.mp4
OK    /Volumes/Samsung 990-2/100 Hours/Furniture/MTL-SGF00118-041.txt -> gs://100hr-data/Furniture/IMU/MTL-SGF00118-041.txt
OK    /Volumes/Samsung 990-2/100 Hours/Furniture/MTL-SGF00115-076.txt -> gs://100hr-data/Furniture/IMU/MTL-SGF00115-076.txt
OK    /Volumes/Samsung 990-2/100 Hours/Furniture/MTL-SGF00115-065.aac -> gs://100hr-data/Furniture/IMU/MTL-SGF00115-065.aac
OK    /Volumes/Samsung 990-2/100 Hours/Furniture/MTL-SGF00108-046.aac -> gs://100hr-data/Furniture/IMU/MTL-SGF00108-046.aac
OK    /Volumes/Samsung 990-2/100 Hours/Furniture/MTL-SGF00126-092.txt -> gs://100hr-data/Furniture/IMU/MTL-SGF00126-092.txt
OK    /Volumes/Samsung 990-2/100 Hours/Furniture/MTL-SGF00126-039.mp4 -> gs://100hr-data/Furniture/Videos/MTL-SGF00126-039.mp4
OK    /Volumes/Samsung 990-2/100 Hours/Furniture/MTL-SGF00126-086.txt -> gs://100hr-data/Furniture/IMU/MTL-SGF00126-086.txt
OK    /Volumes/Samsung 990-2/100 Hours/Furniture/MTL-SGF00118-046.aac -> gs://100hr-data/Furniture/IMU/MTL-SGF00118-046.aac
OK    /Volumes/Samsung 990-2/100 Hours/Furniture/MTL-SGF00115-071.aac -> gs://100hr-data/Furniture/IMU/MTL-SGF00115-071.aac
OK    /Volumes/Samsung 990-2/100 Hours/Furniture/MTL-SGF00106-042.mp4 -> gs://100hr-data/Furniture/Videos/MTL-SGF00106-042.mp4
OK    /Volumes/Samsung 990-2/100 Hours/Furniture/MTL-SGF00113-034.aac -> gs://100hr-data/Furniture/IMU/MTL-SGF00113-034.aac
OK    /Volumes/Samsung 990-2/100 Hours/Furniture/MTL-SGF00113-107.mp4 -> gs://100hr-data/Furniture/Videos/MTL-SGF00113-107.mp4
OK    /Volumes/Samsung 990-2/100 Hours/Furniture/MTL-SGF00118-091.aac -> gs://100hr-data/Furniture/IMU/MTL-SGF00118-091.aac
OK    /Volumes/Samsung 990-2/100 Hours/Furniture/MTL-SGF00118-109.txt -> gs://100hr-data/Furniture/IMU/MTL-SGF00118-109.txt
OK    /Volumes/Samsung 990-2/100 Hours/Furniture/MTL-SGF00126-045.txt -> gs://100hr-data/Furniture/IMU/MTL-SGF00126-045.txt
OK    /Volumes/Samsung 990-2/100 Hours/Furniture/MTL-SGF00106-056.mp4 -> gs://100hr-data/Furniture/Videos/MTL-SGF00106-056.mp4
OK    /Volumes/Samsung 990-2/100 Hours/Furniture/MTL-SGF00113-020.aac -> gs://100hr-data/Furniture/IMU/MTL-SGF00113-020.aac
OK    /Volumes/Samsung 990-2/100 Hours/Furniture/MTL-SGF00125-022.aac -> gs://100hr-data/Furniture/IMU/MTL-SGF00125-022.aac
OK    /Volumes/Samsung 990-2/100 Hours/Furniture/MTL-SGF00125-111.mp4 -> gs://100hr-data/Furniture/Videos/MTL-SGF00125-111.mp4
OK    /Volumes/Samsung 990-2/100 Hours/Furniture/MTL-SGF00125-105.mp4 -> gs://100hr-data/Furniture/Videos/MTL-SGF00125-105.mp4
OK    /Volumes/Samsung 990-2/100 Hours/Furniture/MTL-SGF00118-135.txt -> gs://100hr-data/Furniture/IMU/MTL-SGF00118-135.txt
OK    /Volumes/Samsung 990-2/100 Hours/Furniture/MTL-SGF00125-036.aac -> gs://100hr-data/Furniture/IMU/MTL-SGF00125-036.aac
OK    /Volumes/Samsung 990-2/100 Hours/Furniture/MTL-SGF00126-079.txt -> gs://100hr-data/Furniture/IMU/MTL-SGF00126-079.txt
OK    /Volumes/Samsung 990-2/100 Hours/Furniture/MTL-SGF00111-016.mp4 -> gs://100hr-data/Furniture/Videos/MTL-SGF00111-016.mp4
OK    /Volumes/Samsung 990-2/100 Hours/Furniture/MTL-SGF00111-081.txt -> gs://100hr-data/Furniture/IMU/MTL-SGF00111-081.txt
OK    /Volumes/Samsung 990-2/100 Hours/Furniture/MTL-SGF00119-080.aac -> gs://100hr-data/Furniture/IMU/MTL-SGF00119-080.aac
OK    /Volumes/Samsung 990-2/100 Hours/Furniture/MTL-SGF00111-056.txt -> gs://100hr-data/Furniture/IMU/MTL-SGF00111-056.txt
OK    /Volumes/Samsung 990-2/100 Hours/Furniture/MTL-SGF00111-042.txt -> gs://100hr-data/Furniture/IMU/MTL-SGF00111-042.txt
OK    /Volumes/Samsung 990-2/100 Hours/Furniture/MTL-SGF00111-043.txt -> gs://100hr-data/Furniture/IMU/MTL-SGF00111-043.txt
OK    /Volumes/Samsung 990-2/100 Hours/Furniture/MTL-SGF00111-057.txt -> gs://100hr-data/Furniture/IMU/MTL-SGF00111-057.txt
OK    /Volumes/Samsung 990-2/100 Hours/Furniture/MTL-SGF00111-080.txt -> gs://100hr-data/Furniture/IMU/MTL-SGF00111-080.txt
OK    /Volumes/Samsung 990-2/100 Hours/Furniture/MTL-SGF00111-017.mp4 -> gs://100hr-data/Furniture/Videos/MTL-SGF00111-017.mp4
OK    /Volumes/Samsung 990-2/100 Hours/Furniture/MTL-SGF00126-078.txt -> gs://100hr-data/Furniture/IMU/MTL-SGF00126-078.txt
OK    /Volumes/Samsung 990-2/100 Hours/Furniture/MTL-SGF00118-134.txt -> gs://100hr-data/Furniture/IMU/MTL-SGF00118-134.txt
OK    /Volumes/Samsung 990-2/100 Hours/Furniture/MTL-SGF00125-104.mp4 -> gs://100hr-data/Furniture/Videos/MTL-SGF00125-104.mp4
OK    /Volumes/Samsung 990-2/100 Hours/Furniture/MTL-SGF00113-009.aac -> gs://100hr-data/Furniture/IMU/MTL-SGF00113-009.aac
OK    /Volumes/Samsung 990-2/100 Hours/Furniture/MTL-SGF00125-023.aac -> gs://100hr-data/Furniture/IMU/MTL-SGF00125-023.aac
OK    /Volumes/Samsung 990-2/100 Hours/Furniture/MTL-SGF00118-120.txt -> gs://100hr-data/Furniture/IMU/MTL-SGF00118-120.txt
OK    /Volumes/Samsung 990-2/100 Hours/Furniture/MTL-SGF00113-021.aac -> gs://100hr-data/Furniture/IMU/MTL-SGF00113-021.aac
OK    /Volumes/Samsung 990-2/100 Hours/Furniture/MTL-SGF00106-057.mp4 -> gs://100hr-data/Furniture/Videos/MTL-SGF00106-057.mp4
OK    /Volumes/Samsung 990-2/100 Hours/Furniture/MTL-SGF00118-084.aac -> gs://100hr-data/Furniture/IMU/MTL-SGF00118-084.aac
OK    /Volumes/Samsung 990-2/100 Hours/Furniture/MTL-SGF00118-108.txt -> gs://100hr-data/Furniture/IMU/MTL-SGF00118-108.txt
OK    /Volumes/Samsung 990-2/100 Hours/Furniture/MTL-SGF00118-090.aac -> gs://100hr-data/Furniture/IMU/MTL-SGF00118-090.aac
OK    /Volumes/Samsung 990-2/100 Hours/Furniture/MTL-SGF00126-050.txt -> gs://100hr-data/Furniture/IMU/MTL-SGF00126-050.txt
OK    /Volumes/Samsung 990-2/100 Hours/Furniture/MTL-SGF00113-106.mp4 -> gs://100hr-data/Furniture/Videos/MTL-SGF00113-106.mp4
OK    /Volumes/Samsung 990-2/100 Hours/Furniture/MTL-SGF00113-035.aac -> gs://100hr-data/Furniture/IMU/MTL-SGF00113-035.aac
OK    /Volumes/Samsung 990-2/100 Hours/Furniture/MTL-SGF00106-043.mp4 -> gs://100hr-data/Furniture/Videos/MTL-SGF00106-043.mp4
OK    /Volumes/Samsung 990-2/100 Hours/Furniture/MTL-SGF00115-058.aac -> gs://100hr-data/Furniture/IMU/MTL-SGF00115-058.aac
OK    /Volumes/Samsung 990-2/100 Hours/Furniture/MTL-SGF00126-010.mp4 -> gs://100hr-data/Furniture/Videos/MTL-SGF00126-010.mp4
OK    /Volumes/Samsung 990-2/100 Hours/Furniture/MTL-SGF00118-047.aac -> gs://100hr-data/Furniture/IMU/MTL-SGF00118-047.aac
OK    /Volumes/Samsung 990-2/100 Hours/Furniture/MTL-SGF00126-087.txt -> gs://100hr-data/Furniture/IMU/MTL-SGF00126-087.txt
OK    /Volumes/Samsung 990-2/100 Hours/Furniture/MTL-SGF00126-038.mp4 -> gs://100hr-data/Furniture/Videos/MTL-SGF00126-038.mp4
OK    /Volumes/Samsung 990-2/100 Hours/Furniture/MTL-SGF00115-064.aac -> gs://100hr-data/Furniture/IMU/MTL-SGF00115-064.aac
OK    /Volumes/Samsung 990-2/100 Hours/Furniture/MTL-SGF00108-047.aac -> gs://100hr-data/Furniture/IMU/MTL-SGF00108-047.aac
OK    /Volumes/Samsung 990-2/100 Hours/Furniture/MTL-SGF00118-053.aac -> gs://100hr-data/Furniture/IMU/MTL-SGF00118-053.aac
OK    /Volumes/Samsung 990-2/100 Hours/Furniture/MTL-SGF00126-093.txt -> gs://100hr-data/Furniture/IMU/MTL-SGF00126-093.txt
OK    /Volumes/Samsung 990-2/100 Hours/Furniture/MTL-SGF00126-080.aac -> gs://100hr-data/Furniture/IMU/MTL-SGF00126-080.aac
OK    /Volumes/Samsung 990-2/100 Hours/Furniture/MTL-SGF00115-063.txt -> gs://100hr-data/Furniture/IMU/MTL-SGF00115-063.txt
OK    /Volumes/Samsung 990-2/100 Hours/Furniture/MTL-SGF00125-064.mp4 -> gs://100hr-data/Furniture/Videos/MTL-SGF00125-064.mp4
OK    /Volumes/Samsung 990-2/100 Hours/Furniture/MTL-SGF00118-054.txt -> gs://100hr-data/Furniture/IMU/MTL-SGF00118-054.txt
OK    /Volumes/Samsung 990-2/100 Hours/Furniture/MTL-SGF00126-094.aac -> gs://100hr-data/Furniture/IMU/MTL-SGF00126-094.aac
OK    /Volumes/Samsung 990-2/100 Hours/Furniture/MTL-SGF00106-038.aac -> gs://100hr-data/Furniture/IMU/MTL-SGF00106-038.aac
OK    /Volumes/Samsung 990-2/100 Hours/Furniture/MTL-SGF00118-068.txt -> gs://100hr-data/Furniture/IMU/MTL-SGF00118-068.txt
OK    /Volumes/Samsung 990-2/100 Hours/Furniture/MTL-SGF00113-072.mp4 -> gs://100hr-data/Furniture/Videos/MTL-SGF00113-072.mp4
OK    /Volumes/Samsung 990-2/100 Hours/Furniture/MTL-SGF00125-058.mp4 -> gs://100hr-data/Furniture/Videos/MTL-SGF00125-058.mp4
OK    /Volumes/Samsung 990-2/100 Hours/Furniture/MTL-SGF00113-026.txt -> gs://100hr-data/Furniture/IMU/MTL-SGF00113-026.txt
OK    /Volumes/Samsung 990-2/100 Hours/Furniture/MTL-SGF00118-083.txt -> gs://100hr-data/Furniture/IMU/MTL-SGF00118-083.txt
OK    /Volumes/Samsung 990-2/100 Hours/Furniture/MTL-SGF00126-043.aac -> gs://100hr-data/Furniture/IMU/MTL-SGF00126-043.aac
OK    /Volumes/Samsung 990-2/100 Hours/Furniture/MTL-SGF00108-028.mp4 -> gs://100hr-data/Furniture/Videos/MTL-SGF00108-028.mp4
OK    /Volumes/Samsung 990-2/100 Hours/Furniture/MTL-SGF00123-021.mp4 -> gs://100hr-data/Furniture/Videos/MTL-SGF00123-021.mp4
OK    /Volumes/Samsung 990-2/100 Hours/Furniture/MTL-SGF00123-035.mp4 -> gs://100hr-data/Furniture/Videos/MTL-SGF00123-035.mp4
OK    /Volumes/Samsung 990-2/100 Hours/Furniture/MTL-SGF00118-097.txt -> gs://100hr-data/Furniture/IMU/MTL-SGF00118-097.txt
OK    /Volumes/Samsung 990-2/100 Hours/Furniture/MTL-SGF00126-057.aac -> gs://100hr-data/Furniture/IMU/MTL-SGF00126-057.aac
OK    /Volumes/Samsung 990-2/100 Hours/Furniture/MTL-SGF00113-032.txt -> gs://100hr-data/Furniture/IMU/MTL-SGF00113-032.txt
OK    /Volumes/Samsung 990-2/100 Hours/Furniture/MTL-SGF00118-028.mp4 -> gs://100hr-data/Furniture/Videos/MTL-SGF00118-028.mp4
OK    /Volumes/Samsung 990-2/100 Hours/Furniture/MTL-SGF00118-133.aac -> gs://100hr-data/Furniture/IMU/MTL-SGF00118-133.aac
OK    /Volumes/Samsung 990-2/100 Hours/Furniture/MTL-SGF00125-030.txt -> gs://100hr-data/Furniture/IMU/MTL-SGF00125-030.txt
OK    /Volumes/Samsung 990-2/100 Hours/Furniture/MTL-SGF00108-014.mp4 -> gs://100hr-data/Furniture/Videos/MTL-SGF00108-014.mp4
OK    /Volumes/Samsung 990-2/100 Hours/Furniture/MTL-SGF00115-023.mp4 -> gs://100hr-data/Furniture/Videos/MTL-SGF00115-023.mp4
OK    /Volumes/Samsung 990-2/100 Hours/Furniture/MTL-SGF00123-009.mp4 -> gs://100hr-data/Furniture/Videos/MTL-SGF00123-009.mp4
OK    /Volumes/Samsung 990-2/100 Hours/Furniture/MTL-SGF00118-014.mp4 -> gs://100hr-data/Furniture/Videos/MTL-SGF00118-014.mp4
OK    /Volumes/Samsung 990-2/100 Hours/Furniture/MTL-SGF00118-127.aac -> gs://100hr-data/Furniture/IMU/MTL-SGF00118-127.aac
OK    /Volumes/Samsung 990-2/100 Hours/Furniture/MTL-SGF00125-024.txt -> gs://100hr-data/Furniture/IMU/MTL-SGF00125-024.txt
OK    /Volumes/Samsung 990-2/100 Hours/Furniture/MTL-SGF00111-087.aac -> gs://100hr-data/Furniture/IMU/MTL-SGF00111-087.aac
OK    /Volumes/Samsung 990-2/100 Hours/Furniture/MTL-SGF00119-079.txt -> gs://100hr-data/Furniture/IMU/MTL-SGF00119-079.txt
OK    /Volumes/Samsung 990-2/100 Hours/Furniture/MTL-SGF00111-078.aac -> gs://100hr-data/Furniture/IMU/MTL-SGF00111-078.aac
OK    /Volumes/Samsung 990-2/100 Hours/Furniture/MTL-SGF00119-086.txt -> gs://100hr-data/Furniture/IMU/MTL-SGF00119-086.txt
OK    /Volumes/Samsung 990-2/100 Hours/Furniture/MTL-SGF00111-044.aac -> gs://100hr-data/Furniture/IMU/MTL-SGF00111-044.aac
OK    /Volumes/Samsung 990-2/100 Hours/Furniture/MTL-SGF00111-050.aac -> gs://100hr-data/Furniture/IMU/MTL-SGF00111-050.aac
OK    /Volumes/Samsung 990-2/100 Hours/Furniture/MTL-SGF00119-082.txt -> gs://100hr-data/Furniture/IMU/MTL-SGF00119-082.txt
OK    /Volumes/Samsung 990-2/100 Hours/Furniture/MTL-SGF00111-068.aac -> gs://100hr-data/Furniture/IMU/MTL-SGF00111-068.aac
OK    /Volumes/Samsung 990-2/100 Hours/Furniture/MTL-SGF00111-054.aac -> gs://100hr-data/Furniture/IMU/MTL-SGF00111-054.aac
OK    /Volumes/Samsung 990-2/100 Hours/Furniture/MTL-SGF00111-040.aac -> gs://100hr-data/Furniture/IMU/MTL-SGF00111-040.aac
OK    /Volumes/Samsung 990-2/100 Hours/Furniture/MTL-SGF00111-083.aac -> gs://100hr-data/Furniture/IMU/MTL-SGF00111-083.aac
OK    /Volumes/Samsung 990-2/100 Hours/Furniture/MTL-SGF00113-036.txt -> gs://100hr-data/Furniture/IMU/MTL-SGF00113-036.txt
OK    /Volumes/Samsung 990-2/100 Hours/Furniture/MTL-SGF00126-053.aac -> gs://100hr-data/Furniture/IMU/MTL-SGF00126-053.aac
OK    /Volumes/Samsung 990-2/100 Hours/Furniture/MTL-SGF00118-093.txt -> gs://100hr-data/Furniture/IMU/MTL-SGF00118-093.txt
OK    /Volumes/Samsung 990-2/100 Hours/Furniture/MTL-SGF00113-089.mp4 -> gs://100hr-data/Furniture/Videos/MTL-SGF00113-089.mp4
OK    /Volumes/Samsung 990-2/100 Hours/Furniture/MTL-SGF00108-038.mp4 -> gs://100hr-data/Furniture/Videos/MTL-SGF00108-038.mp4
OK    /Volumes/Samsung 990-2/100 Hours/Furniture/MTL-SGF00123-031.mp4 -> gs://100hr-data/Furniture/Videos/MTL-SGF00123-031.mp4
OK    /Volumes/Samsung 990-2/100 Hours/Furniture/MTL-SGF00123-025.mp4 -> gs://100hr-data/Furniture/Videos/MTL-SGF00123-025.mp4
OK    /Volumes/Samsung 990-2/100 Hours/Furniture/MTL-SGF00126-047.aac -> gs://100hr-data/Furniture/IMU/MTL-SGF00126-047.aac
OK    /Volumes/Samsung 990-2/100 Hours/Furniture/MTL-SGF00118-087.txt -> gs://100hr-data/Furniture/IMU/MTL-SGF00118-087.txt
OK    /Volumes/Samsung 990-2/100 Hours/Furniture/MTL-SGF00118-038.mp4 -> gs://100hr-data/Furniture/Videos/MTL-SGF00118-038.mp4
OK    /Volumes/Samsung 990-2/100 Hours/Furniture/MTL-SGF00118-123.aac -> gs://100hr-data/Furniture/IMU/MTL-SGF00118-123.aac
OK    /Volumes/Samsung 990-2/100 Hours/Furniture/MTL-SGF00125-020.txt -> gs://100hr-data/Furniture/IMU/MTL-SGF00125-020.txt
OK    /Volumes/Samsung 990-2/100 Hours/Furniture/MTL-SGF00118-010.mp4 -> gs://100hr-data/Furniture/Videos/MTL-SGF00118-010.mp4
OK    /Volumes/Samsung 990-2/100 Hours/Furniture/MTL-SGF00115-027.mp4 -> gs://100hr-data/Furniture/Videos/MTL-SGF00115-027.mp4
OK    /Volumes/Samsung 990-2/100 Hours/Furniture/MTL-SGF00108-010.mp4 -> gs://100hr-data/Furniture/Videos/MTL-SGF00108-010.mp4
OK    /Volumes/Samsung 990-2/100 Hours/Furniture/MTL-SGF00123-019.mp4 -> gs://100hr-data/Furniture/Videos/MTL-SGF00123-019.mp4
OK    /Volumes/Samsung 990-2/100 Hours/Furniture/MTL-SGF00125-034.txt -> gs://100hr-data/Furniture/IMU/MTL-SGF00125-034.txt
OK    /Volumes/Samsung 990-2/100 Hours/Furniture/MTL-SGF00126-090.aac -> gs://100hr-data/Furniture/IMU/MTL-SGF00126-090.aac
OK    /Volumes/Samsung 990-2/100 Hours/Furniture/MTL-SGF00118-050.txt -> gs://100hr-data/Furniture/IMU/MTL-SGF00118-050.txt
OK    /Volumes/Samsung 990-2/100 Hours/Furniture/MTL-SGF00125-060.mp4 -> gs://100hr-data/Furniture/Videos/MTL-SGF00125-060.mp4
OK    /Volumes/Samsung 990-2/100 Hours/Furniture/MTL-SGF00115-067.txt -> gs://100hr-data/Furniture/IMU/MTL-SGF00115-067.txt
OK    /Volumes/Samsung 990-2/100 Hours/Furniture/MTL-SGF00108-050.txt -> gs://100hr-data/Furniture/IMU/MTL-SGF00108-050.txt
OK    /Volumes/Samsung 990-2/100 Hours/Furniture/MTL-SGF00125-074.mp4 -> gs://100hr-data/Furniture/Videos/MTL-SGF00125-074.mp4
OK    /Volumes/Samsung 990-2/100 Hours/Furniture/MTL-SGF00106-028.aac -> gs://100hr-data/Furniture/IMU/MTL-SGF00106-028.aac
OK    /Volumes/Samsung 990-2/100 Hours/Furniture/MTL-SGF00126-084.aac -> gs://100hr-data/Furniture/IMU/MTL-SGF00126-084.aac
OK    /Volumes/Samsung 990-2/100 Hours/Furniture/MTL-SGF00113-076.mp4 -> gs://100hr-data/Furniture/Videos/MTL-SGF00113-076.mp4
OK    /Volumes/Samsung 990-2/100 Hours/Furniture/MTL-SGF00118-078.txt -> gs://100hr-data/Furniture/IMU/MTL-SGF00118-078.txt
OK    /Volumes/Samsung 990-2/100 Hours/Furniture/MTL-SGF00113-062.mp4 -> gs://100hr-data/Furniture/Videos/MTL-SGF00113-062.mp4
OK    /Volumes/Samsung 990-2/100 Hours/Furniture/MTL-SGF00126-014.mp4 -> gs://100hr-data/Furniture/Videos/MTL-SGF00126-014.mp4
OK    /Volumes/Samsung 990-2/100 Hours/Furniture/MTL-SGF00118-057.aac -> gs://100hr-data/Furniture/IMU/MTL-SGF00118-057.aac
OK    /Volumes/Samsung 990-2/100 Hours/Furniture/MTL-SGF00126-028.mp4 -> gs://100hr-data/Furniture/Videos/MTL-SGF00126-028.mp4
OK    /Volumes/Samsung 990-2/100 Hours/Furniture/MTL-SGF00108-043.aac -> gs://100hr-data/Furniture/IMU/MTL-SGF00108-043.aac
OK    /Volumes/Samsung 990-2/100 Hours/Furniture/MTL-SGF00115-060.aac -> gs://100hr-data/Furniture/IMU/MTL-SGF00115-060.aac
OK    /Volumes/Samsung 990-2/100 Hours/Furniture/MTL-SGF00126-083.txt -> gs://100hr-data/Furniture/IMU/MTL-SGF00126-083.txt
OK    /Volumes/Samsung 990-2/100 Hours/Furniture/MTL-SGF00118-043.aac -> gs://100hr-data/Furniture/IMU/MTL-SGF00118-043.aac
OK    /Volumes/Samsung 990-2/100 Hours/Furniture/MTL-SGF00125-027.aac -> gs://100hr-data/Furniture/IMU/MTL-SGF00125-027.aac
OK    /Volumes/Samsung 990-2/100 Hours/Furniture/MTL-SGF00118-124.txt -> gs://100hr-data/Furniture/IMU/MTL-SGF00118-124.txt
OK    /Volumes/Samsung 990-2/100 Hours/Furniture/MTL-SGF00126-068.txt -> gs://100hr-data/Furniture/IMU/MTL-SGF00126-068.txt
OK    /Volumes/Samsung 990-2/100 Hours/Furniture/MTL-SGF00125-100.mp4 -> gs://100hr-data/Furniture/Videos/MTL-SGF00125-100.mp4
OK    /Volumes/Samsung 990-2/100 Hours/Furniture/MTL-SGF00125-033.aac -> gs://100hr-data/Furniture/IMU/MTL-SGF00125-033.aac
OK    /Volumes/Samsung 990-2/100 Hours/Furniture/MTL-SGF00118-130.txt -> gs://100hr-data/Furniture/IMU/MTL-SGF00118-130.txt
OK    /Volumes/Samsung 990-2/100 Hours/Furniture/MTL-SGF00106-047.mp4 -> gs://100hr-data/Furniture/Videos/MTL-SGF00106-047.mp4
OK    /Volumes/Samsung 990-2/100 Hours/Furniture/MTL-SGF00113-031.aac -> gs://100hr-data/Furniture/IMU/MTL-SGF00113-031.aac
OK    /Volumes/Samsung 990-2/100 Hours/Furniture/MTL-SGF00113-102.mp4 -> gs://100hr-data/Furniture/Videos/MTL-SGF00113-102.mp4
OK    /Volumes/Samsung 990-2/100 Hours/Furniture/MTL-SGF00118-118.txt -> gs://100hr-data/Furniture/IMU/MTL-SGF00118-118.txt
OK    /Volumes/Samsung 990-2/100 Hours/Furniture/MTL-SGF00126-054.txt -> gs://100hr-data/Furniture/IMU/MTL-SGF00126-054.txt
OK    /Volumes/Samsung 990-2/100 Hours/Furniture/MTL-SGF00118-094.aac -> gs://100hr-data/Furniture/IMU/MTL-SGF00118-094.aac
OK    /Volumes/Samsung 990-2/100 Hours/Furniture/MTL-SGF00118-080.aac -> gs://100hr-data/Furniture/IMU/MTL-SGF00118-080.aac
OK    /Volumes/Samsung 990-2/100 Hours/Furniture/MTL-SGF00106-053.mp4 -> gs://100hr-data/Furniture/Videos/MTL-SGF00106-053.mp4
OK    /Volumes/Samsung 990-2/100 Hours/Furniture/MTL-SGF00113-025.aac -> gs://100hr-data/Furniture/IMU/MTL-SGF00113-025.aac
OK    /Volumes/Samsung 990-2/100 Hours/Furniture/MTL-SGF00111-090.txt -> gs://100hr-data/Furniture/IMU/MTL-SGF00111-090.txt
OK    /Volumes/Samsung 990-2/100 Hours/Furniture/MTL-SGF00111-013.mp4 -> gs://100hr-data/Furniture/Videos/MTL-SGF00111-013.mp4
OK    /Volumes/Samsung 990-2/100 Hours/Furniture/MTL-SGF00111-053.txt -> gs://100hr-data/Furniture/IMU/MTL-SGF00111-053.txt
OK    /Volumes/Samsung 990-2/100 Hours/Furniture/MTL-SGF00111-047.txt -> gs://100hr-data/Furniture/IMU/MTL-SGF00111-047.txt
OK    /Volumes/Samsung 990-2/100 Hours/Furniture/MTL-SGF00119-084.aac -> gs://100hr-data/Furniture/IMU/MTL-SGF00119-084.aac
OK    /Volumes/Samsung 990-2/100 Hours/Furniture/MTL-SGF00111-046.txt -> gs://100hr-data/Furniture/IMU/MTL-SGF00111-046.txt
OK    /Volumes/Samsung 990-2/100 Hours/Furniture/MTL-SGF00111-052.txt -> gs://100hr-data/Furniture/IMU/MTL-SGF00111-052.txt
OK    /Volumes/Samsung 990-2/100 Hours/Furniture/MTL-SGF00111-012.mp4 -> gs://100hr-data/Furniture/Videos/MTL-SGF00111-012.mp4
OK    /Volumes/Samsung 990-2/100 Hours/Furniture/MTL-SGF00111-085.txt -> gs://100hr-data/Furniture/IMU/MTL-SGF00111-085.txt
OK    /Volumes/Samsung 990-2/100 Hours/Furniture/MTL-SGF00111-091.txt -> gs://100hr-data/Furniture/IMU/MTL-SGF00111-091.txt
OK    /Volumes/Samsung 990-2/100 Hours/Furniture/MTL-SGF00113-024.aac -> gs://100hr-data/Furniture/IMU/MTL-SGF00113-024.aac
OK    /Volumes/Samsung 990-2/100 Hours/Furniture/MTL-SGF00106-052.mp4 -> gs://100hr-data/Furniture/Videos/MTL-SGF00106-052.mp4
OK    /Volumes/Samsung 990-2/100 Hours/Furniture/MTL-SGF00126-041.txt -> gs://100hr-data/Furniture/IMU/MTL-SGF00126-041.txt
OK    /Volumes/Samsung 990-2/100 Hours/Furniture/MTL-SGF00118-095.aac -> gs://100hr-data/Furniture/IMU/MTL-SGF00118-095.aac
OK    /Volumes/Samsung 990-2/100 Hours/Furniture/MTL-SGF00118-119.txt -> gs://100hr-data/Furniture/IMU/MTL-SGF00118-119.txt
OK    /Volumes/Samsung 990-2/100 Hours/Furniture/MTL-SGF00106-046.mp4 -> gs://100hr-data/Furniture/Videos/MTL-SGF00106-046.mp4
OK    /Volumes/Samsung 990-2/100 Hours/Furniture/MTL-SGF00118-131.txt -> gs://100hr-data/Furniture/IMU/MTL-SGF00118-131.txt
OK    /Volumes/Samsung 990-2/100 Hours/Furniture/MTL-SGF00125-032.aac -> gs://100hr-data/Furniture/IMU/MTL-SGF00125-032.aac
OK    /Volumes/Samsung 990-2/100 Hours/Furniture/MTL-SGF00113-018.aac -> gs://100hr-data/Furniture/IMU/MTL-SGF00113-018.aac
OK    /Volumes/Samsung 990-2/100 Hours/Furniture/MTL-SGF00125-101.mp4 -> gs://100hr-data/Furniture/Videos/MTL-SGF00125-101.mp4
OK    /Volumes/Samsung 990-2/100 Hours/Furniture/MTL-SGF00126-069.txt -> gs://100hr-data/Furniture/IMU/MTL-SGF00126-069.txt
OK    /Volumes/Samsung 990-2/100 Hours/Furniture/MTL-SGF00118-125.txt -> gs://100hr-data/Furniture/IMU/MTL-SGF00118-125.txt
OK    /Volumes/Samsung 990-2/100 Hours/Furniture/MTL-SGF00115-075.aac -> gs://100hr-data/Furniture/IMU/MTL-SGF00115-075.aac
OK    /Volumes/Samsung 990-2/100 Hours/Furniture/MTL-SGF00118-042.aac -> gs://100hr-data/Furniture/IMU/MTL-SGF00118-042.aac
OK    /Volumes/Samsung 990-2/100 Hours/Furniture/MTL-SGF00126-082.txt -> gs://100hr-data/Furniture/IMU/MTL-SGF00126-082.txt
OK    /Volumes/Samsung 990-2/100 Hours/Furniture/MTL-SGF00126-029.mp4 -> gs://100hr-data/Furniture/Videos/MTL-SGF00126-029.mp4
OK    /Volumes/Samsung 990-2/100 Hours/Furniture/MTL-SGF00118-056.aac -> gs://100hr-data/Furniture/IMU/MTL-SGF00118-056.aac
OK    /Volumes/Samsung 990-2/100 Hours/Furniture/MTL-SGF00108-042.aac -> gs://100hr-data/Furniture/IMU/MTL-SGF00108-042.aac
OK    /Volumes/Samsung 990-2/100 Hours/Furniture/MTL-SGF00115-061.aac -> gs://100hr-data/Furniture/IMU/MTL-SGF00115-061.aac
OK    /Volumes/Samsung 990-2/100 Hours/Furniture/MTL-SGF00115-049.aac -> gs://100hr-data/Furniture/IMU/MTL-SGF00115-049.aac
OK    /Volumes/Samsung 990-2/100 Hours/Furniture/MTL-SGF00125-049.mp4 -> gs://100hr-data/Furniture/Videos/MTL-SGF00125-049.mp4
OK    /Volumes/Samsung 990-2/100 Hours/Furniture/MTL-SGF00113-063.mp4 -> gs://100hr-data/Furniture/Videos/MTL-SGF00113-063.mp4
OK    /Volumes/Samsung 990-2/100 Hours/Furniture/MTL-SGF00118-079.txt -> gs://100hr-data/Furniture/IMU/MTL-SGF00118-079.txt
OK    /Volumes/Samsung 990-2/100 Hours/Furniture/MTL-SGF00115-072.txt -> gs://100hr-data/Furniture/IMU/MTL-SGF00115-072.txt
OK    /Volumes/Samsung 990-2/100 Hours/Furniture/MTL-SGF00118-045.txt -> gs://100hr-data/Furniture/IMU/MTL-SGF00118-045.txt
OK    /Volumes/Samsung 990-2/100 Hours/Furniture/MTL-SGF00106-029.aac -> gs://100hr-data/Furniture/IMU/MTL-SGF00106-029.aac
OK    /Volumes/Samsung 990-2/100 Hours/Furniture/MTL-SGF00125-075.mp4 -> gs://100hr-data/Furniture/Videos/MTL-SGF00125-075.mp4
OK    /Volumes/Samsung 990-2/100 Hours/Furniture/MTL-SGF00125-061.mp4 -> gs://100hr-data/Furniture/Videos/MTL-SGF00125-061.mp4
OK    /Volumes/Samsung 990-2/100 Hours/Furniture/MTL-SGF00126-091.aac -> gs://100hr-data/Furniture/IMU/MTL-SGF00126-091.aac
OK    /Volumes/Samsung 990-2/100 Hours/Furniture/MTL-SGF00108-045.txt -> gs://100hr-data/Furniture/IMU/MTL-SGF00108-045.txt
OK    /Volumes/Samsung 990-2/100 Hours/Furniture/MTL-SGF00123-018.mp4 -> gs://100hr-data/Furniture/Videos/MTL-SGF00123-018.mp4
OK    /Volumes/Samsung 990-2/100 Hours/Furniture/MTL-SGF00115-032.mp4 -> gs://100hr-data/Furniture/Videos/MTL-SGF00115-032.mp4
OK    /Volumes/Samsung 990-2/100 Hours/Furniture/MTL-SGF00125-035.txt -> gs://100hr-data/Furniture/IMU/MTL-SGF00125-035.txt
OK    /Volumes/Samsung 990-2/100 Hours/Furniture/MTL-SGF00118-005.mp4 -> gs://100hr-data/Furniture/Videos/MTL-SGF00118-005.mp4
OK    /Volumes/Samsung 990-2/100 Hours/Furniture/MTL-SGF00125-021.txt -> gs://100hr-data/Furniture/IMU/MTL-SGF00125-021.txt
OK    /Volumes/Samsung 990-2/100 Hours/Furniture/MTL-SGF00118-122.aac -> gs://100hr-data/Furniture/IMU/MTL-SGF00118-122.aac
OK    /Volumes/Samsung 990-2/100 Hours/Furniture/MTL-SGF00123-024.mp4 -> gs://100hr-data/Furniture/Videos/MTL-SGF00123-024.mp4
OK    /Volumes/Samsung 990-2/100 Hours/Furniture/MTL-SGF00118-039.mp4 -> gs://100hr-data/Furniture/Videos/MTL-SGF00118-039.mp4
OK    /Volumes/Samsung 990-2/100 Hours/Furniture/MTL-SGF00113-023.txt -> gs://100hr-data/Furniture/IMU/MTL-SGF00113-023.txt
OK    /Volumes/Samsung 990-2/100 Hours/Furniture/MTL-SGF00125-009.txt -> gs://100hr-data/Furniture/IMU/MTL-SGF00125-009.txt
OK    /Volumes/Samsung 990-2/100 Hours/Furniture/MTL-SGF00118-086.txt -> gs://100hr-data/Furniture/IMU/MTL-SGF00118-086.txt
OK    /Volumes/Samsung 990-2/100 Hours/Furniture/MTL-SGF00126-046.aac -> gs://100hr-data/Furniture/IMU/MTL-SGF00126-046.aac
OK    /Volumes/Samsung 990-2/100 Hours/Furniture/MTL-SGF00118-092.txt -> gs://100hr-data/Furniture/IMU/MTL-SGF00118-092.txt
OK    /Volumes/Samsung 990-2/100 Hours/Furniture/MTL-SGF00113-037.txt -> gs://100hr-data/Furniture/IMU/MTL-SGF00113-037.txt
OK    /Volumes/Samsung 990-2/100 Hours/Furniture/MTL-SGF00123-030.mp4 -> gs://100hr-data/Furniture/Videos/MTL-SGF00123-030.mp4
OK    /Volumes/Samsung 990-2/100 Hours/Furniture/MTL-SGF00108-039.mp4 -> gs://100hr-data/Furniture/Videos/MTL-SGF00108-039.mp4
OK    /Volumes/Samsung 990-2/100 Hours/Furniture/MTL-SGF00111-082.aac -> gs://100hr-data/Furniture/IMU/MTL-SGF00111-082.aac
OK    /Volumes/Samsung 990-2/100 Hours/Furniture/MTL-SGF00111-055.aac -> gs://100hr-data/Furniture/IMU/MTL-SGF00111-055.aac
OK    /Volumes/Samsung 990-2/100 Hours/Furniture/MTL-SGF00111-069.aac -> gs://100hr-data/Furniture/IMU/MTL-SGF00111-069.aac
OK    /Volumes/Samsung 990-2/100 Hours/Furniture/MTL-SGF00119-083.txt -> gs://100hr-data/Furniture/IMU/MTL-SGF00119-083.txt
OK    /Volumes/Samsung 990-2/100 Hours/Furniture/MTL-SGF00119-081.txt -> gs://100hr-data/Furniture/IMU/MTL-SGF00119-081.txt
OK    /Volumes/Samsung 990-2/100 Hours/Furniture/MTL-SGF00111-043.aac -> gs://100hr-data/Furniture/IMU/MTL-SGF00111-043.aac
OK    /Volumes/Samsung 990-2/100 Hours/Furniture/MTL-SGF00111-057.aac -> gs://100hr-data/Furniture/IMU/MTL-SGF00111-057.aac
OK    /Volumes/Samsung 990-2/100 Hours/Furniture/MTL-SGF00111-080.aac -> gs://100hr-data/Furniture/IMU/MTL-SGF00111-080.aac
OK    /Volumes/Samsung 990-2/100 Hours/Furniture/MTL-SGF00126-044.aac -> gs://100hr-data/Furniture/IMU/MTL-SGF00126-044.aac
OK    /Volumes/Samsung 990-2/100 Hours/Furniture/MTL-SGF00118-108.aac -> gs://100hr-data/Furniture/IMU/MTL-SGF00118-108.aac
OK    /Volumes/Samsung 990-2/100 Hours/Furniture/MTL-SGF00113-021.txt -> gs://100hr-data/Furniture/IMU/MTL-SGF00113-021.txt
OK    /Volumes/Samsung 990-2/100 Hours/Furniture/MTL-SGF00115-018.mp4 -> gs://100hr-data/Furniture/Videos/MTL-SGF00115-018.mp4
OK    /Volumes/Samsung 990-2/100 Hours/Furniture/MTL-SGF00123-032.mp4 -> gs://100hr-data/Furniture/Videos/MTL-SGF00123-032.mp4
OK    /Volumes/Samsung 990-2/100 Hours/Furniture/MTL-SGF00113-035.txt -> gs://100hr-data/Furniture/IMU/MTL-SGF00113-035.txt
OK    /Volumes/Samsung 990-2/100 Hours/Furniture/MTL-SGF00118-090.txt -> gs://100hr-data/Furniture/IMU/MTL-SGF00118-090.txt
OK    /Volumes/Samsung 990-2/100 Hours/Furniture/MTL-SGF00126-050.aac -> gs://100hr-data/Furniture/IMU/MTL-SGF00126-050.aac
OK    /Volumes/Samsung 990-2/100 Hours/Furniture/MTL-SGF00118-007.mp4 -> gs://100hr-data/Furniture/Videos/MTL-SGF00118-007.mp4
OK    /Volumes/Samsung 990-2/100 Hours/Furniture/MTL-SGF00126-078.aac -> gs://100hr-data/Furniture/IMU/MTL-SGF00126-078.aac
OK    /Volumes/Samsung 990-2/100 Hours/Furniture/MTL-SGF00118-134.aac -> gs://100hr-data/Furniture/IMU/MTL-SGF00118-134.aac
OK    /Volumes/Samsung 990-2/100 Hours/Furniture/MTL-SGF00125-037.txt -> gs://100hr-data/Furniture/IMU/MTL-SGF00125-037.txt
OK    /Volumes/Samsung 990-2/100 Hours/Furniture/MTL-SGF00115-030.mp4 -> gs://100hr-data/Furniture/Videos/MTL-SGF00115-030.mp4
OK    /Volumes/Samsung 990-2/100 Hours/Furniture/MTL-SGF00108-013.mp4 -> gs://100hr-data/Furniture/Videos/MTL-SGF00108-013.mp4
OK    /Volumes/Samsung 990-2/100 Hours/Furniture/MTL-SGF00108-007.mp4 -> gs://100hr-data/Furniture/Videos/MTL-SGF00108-007.mp4
OK    /Volumes/Samsung 990-2/100 Hours/Furniture/MTL-SGF00115-024.mp4 -> gs://100hr-data/Furniture/Videos/MTL-SGF00115-024.mp4
OK    /Volumes/Samsung 990-2/100 Hours/Furniture/MTL-SGF00118-120.aac -> gs://100hr-data/Furniture/IMU/MTL-SGF00118-120.aac
OK    /Volumes/Samsung 990-2/100 Hours/Furniture/MTL-SGF00125-023.txt -> gs://100hr-data/Furniture/IMU/MTL-SGF00125-023.txt
OK    /Volumes/Samsung 990-2/100 Hours/Furniture/MTL-SGF00113-009.txt -> gs://100hr-data/Furniture/IMU/MTL-SGF00113-009.txt
OK    /Volumes/Samsung 990-2/100 Hours/Furniture/MTL-SGF00118-013.mp4 -> gs://100hr-data/Furniture/Videos/MTL-SGF00118-013.mp4
OK    /Volumes/Samsung 990-2/100 Hours/Furniture/MTL-SGF00118-047.txt -> gs://100hr-data/Furniture/IMU/MTL-SGF00118-047.txt
OK    /Volumes/Samsung 990-2/100 Hours/Furniture/MTL-SGF00126-087.aac -> gs://100hr-data/Furniture/IMU/MTL-SGF00126-087.aac
OK    /Volumes/Samsung 990-2/100 Hours/Furniture/MTL-SGF00115-070.txt -> gs://100hr-data/Furniture/IMU/MTL-SGF00115-070.txt
OK    /Volumes/Samsung 990-2/100 Hours/Furniture/MTL-SGF00108-047.txt -> gs://100hr-data/Furniture/IMU/MTL-SGF00108-047.txt
OK    /Volumes/Samsung 990-2/100 Hours/Furniture/MTL-SGF00115-064.txt -> gs://100hr-data/Furniture/IMU/MTL-SGF00115-064.txt
OK    /Volumes/Samsung 990-2/100 Hours/Furniture/MTL-SGF00118-053.txt -> gs://100hr-data/Furniture/IMU/MTL-SGF00118-053.txt
OK    /Volumes/Samsung 990-2/100 Hours/Furniture/MTL-SGF00126-093.aac -> gs://100hr-data/Furniture/IMU/MTL-SGF00126-093.aac
OK    /Volumes/Samsung 990-2/100 Hours/Furniture/MTL-SGF00113-049.mp4 -> gs://100hr-data/Furniture/Videos/MTL-SGF00113-049.mp4
OK    /Volumes/Samsung 990-2/100 Hours/Furniture/MTL-SGF00125-063.mp4 -> gs://100hr-data/Furniture/Videos/MTL-SGF00125-063.mp4
OK    /Volumes/Samsung 990-2/100 Hours/Furniture/MTL-SGF00113-061.mp4 -> gs://100hr-data/Furniture/Videos/MTL-SGF00113-061.mp4
OK    /Volumes/Samsung 990-2/100 Hours/Furniture/MTL-SGF00115-058.txt -> gs://100hr-data/Furniture/IMU/MTL-SGF00115-058.txt
OK    /Volumes/Samsung 990-2/100 Hours/Furniture/MTL-SGF00113-075.mp4 -> gs://100hr-data/Furniture/Videos/MTL-SGF00113-075.mp4
OK    /Volumes/Samsung 990-2/100 Hours/Furniture/MTL-SGF00126-017.mp4 -> gs://100hr-data/Furniture/Videos/MTL-SGF00126-017.mp4
OK    /Volumes/Samsung 990-2/100 Hours/Furniture/MTL-SGF00118-068.aac -> gs://100hr-data/Furniture/IMU/MTL-SGF00118-068.aac
OK    /Volumes/Samsung 990-2/100 Hours/Furniture/MTL-SGF00118-040.aac -> gs://100hr-data/Furniture/IMU/MTL-SGF00118-040.aac
OK    /Volumes/Samsung 990-2/100 Hours/Furniture/MTL-SGF00126-080.txt -> gs://100hr-data/Furniture/IMU/MTL-SGF00126-080.txt
OK    /Volumes/Samsung 990-2/100 Hours/Furniture/MTL-SGF00115-077.aac -> gs://100hr-data/Furniture/IMU/MTL-SGF00115-077.aac
OK    /Volumes/Samsung 990-2/100 Hours/Furniture/MTL-SGF00108-040.aac -> gs://100hr-data/Furniture/IMU/MTL-SGF00108-040.aac
OK    /Volumes/Samsung 990-2/100 Hours/Furniture/MTL-SGF00118-054.aac -> gs://100hr-data/Furniture/IMU/MTL-SGF00118-054.aac
OK    /Volumes/Samsung 990-2/100 Hours/Furniture/MTL-SGF00126-094.txt -> gs://100hr-data/Furniture/IMU/MTL-SGF00126-094.txt
OK    /Volumes/Samsung 990-2/100 Hours/Furniture/MTL-SGF00106-038.txt -> gs://100hr-data/Furniture/IMU/MTL-SGF00106-038.txt
OK    /Volumes/Samsung 990-2/100 Hours/Furniture/MTL-SGF00118-133.txt -> gs://100hr-data/Furniture/IMU/MTL-SGF00118-133.txt
OK    /Volumes/Samsung 990-2/100 Hours/Furniture/MTL-SGF00125-024.aac -> gs://100hr-data/Furniture/IMU/MTL-SGF00125-024.aac
OK    /Volumes/Samsung 990-2/100 Hours/Furniture/MTL-SGF00118-127.txt -> gs://100hr-data/Furniture/IMU/MTL-SGF00118-127.txt
OK    /Volumes/Samsung 990-2/100 Hours/Furniture/MTL-SGF00118-083.aac -> gs://100hr-data/Furniture/IMU/MTL-SGF00118-083.aac
OK    /Volumes/Samsung 990-2/100 Hours/Furniture/MTL-SGF00126-043.txt -> gs://100hr-data/Furniture/IMU/MTL-SGF00126-043.txt
OK    /Volumes/Samsung 990-2/100 Hours/Furniture/MTL-SGF00106-050.mp4 -> gs://100hr-data/Furniture/Videos/MTL-SGF00106-050.mp4
OK    /Volumes/Samsung 990-2/100 Hours/Furniture/MTL-SGF00113-032.aac -> gs://100hr-data/Furniture/IMU/MTL-SGF00113-032.aac
OK    /Volumes/Samsung 990-2/100 Hours/Furniture/MTL-SGF00125-018.aac -> gs://100hr-data/Furniture/IMU/MTL-SGF00125-018.aac
OK    /Volumes/Samsung 990-2/100 Hours/Furniture/MTL-SGF00113-101.mp4 -> gs://100hr-data/Furniture/Videos/MTL-SGF00113-101.mp4
OK    /Volumes/Samsung 990-2/100 Hours/Furniture/MTL-SGF00118-097.aac -> gs://100hr-data/Furniture/IMU/MTL-SGF00118-097.aac
OK    /Volumes/Samsung 990-2/100 Hours/Furniture/MTL-SGF00126-057.txt -> gs://100hr-data/Furniture/IMU/MTL-SGF00126-057.txt
OK    /Volumes/Samsung 990-2/100 Hours/Furniture/MTL-SGF00111-087.txt -> gs://100hr-data/Furniture/IMU/MTL-SGF00111-087.txt
OK    /Volumes/Samsung 990-2/100 Hours/Furniture/MTL-SGF00111-038.mp4 -> gs://100hr-data/Furniture/Videos/MTL-SGF00111-038.mp4
OK    /Volumes/Samsung 990-2/100 Hours/Furniture/MTL-SGF00119-079.aac -> gs://100hr-data/Furniture/IMU/MTL-SGF00119-079.aac
OK    /Volumes/Samsung 990-2/100 Hours/Furniture/MTL-SGF00111-050.txt -> gs://100hr-data/Furniture/IMU/MTL-SGF00111-050.txt
OK    /Volumes/Samsung 990-2/100 Hours/Furniture/MTL-SGF00111-078.txt -> gs://100hr-data/Furniture/IMU/MTL-SGF00111-078.txt
OK    /Volumes/Samsung 990-2/100 Hours/Furniture/MTL-SGF00119-086.aac -> gs://100hr-data/Furniture/IMU/MTL-SGF00119-086.aac
OK    /Volumes/Samsung 990-2/100 Hours/Furniture/MTL-SGF00119-087.aac -> gs://100hr-data/Furniture/IMU/MTL-SGF00119-087.aac
OK    /Volumes/Samsung 990-2/100 Hours/Furniture/MTL-SGF00111-079.txt -> gs://100hr-data/Furniture/IMU/MTL-SGF00111-079.txt
OK    /Volumes/Samsung 990-2/100 Hours/Furniture/MTL-SGF00111-045.txt -> gs://100hr-data/Furniture/IMU/MTL-SGF00111-045.txt
OK    /Volumes/Samsung 990-2/100 Hours/Furniture/MTL-SGF00119-078.aac -> gs://100hr-data/Furniture/IMU/MTL-SGF00119-078.aac
OK    /Volumes/Samsung 990-2/100 Hours/Furniture/MTL-SGF00111-039.mp4 -> gs://100hr-data/Furniture/Videos/MTL-SGF00111-039.mp4
OK    /Volumes/Samsung 990-2/100 Hours/Furniture/MTL-SGF00111-086.txt -> gs://100hr-data/Furniture/IMU/MTL-SGF00111-086.txt
OK    /Volumes/Samsung 990-2/100 Hours/Furniture/MTL-SGF00126-056.txt -> gs://100hr-data/Furniture/IMU/MTL-SGF00126-056.txt
OK    /Volumes/Samsung 990-2/100 Hours/Furniture/MTL-SGF00113-100.mp4 -> gs://100hr-data/Furniture/Videos/MTL-SGF00113-100.mp4
OK    /Volumes/Samsung 990-2/100 Hours/Furniture/MTL-SGF00113-033.aac -> gs://100hr-data/Furniture/IMU/MTL-SGF00113-033.aac
OK    /Volumes/Samsung 990-2/100 Hours/Furniture/MTL-SGF00106-045.mp4 -> gs://100hr-data/Furniture/Videos/MTL-SGF00106-045.mp4
OK    /Volumes/Samsung 990-2/100 Hours/Furniture/MTL-SGF00113-027.aac -> gs://100hr-data/Furniture/IMU/MTL-SGF00113-027.aac
OK    /Volumes/Samsung 990-2/100 Hours/Furniture/MTL-SGF00106-051.mp4 -> gs://100hr-data/Furniture/Videos/MTL-SGF00106-051.mp4
OK    /Volumes/Samsung 990-2/100 Hours/Furniture/MTL-SGF00126-042.txt -> gs://100hr-data/Furniture/IMU/MTL-SGF00126-042.txt
OK    /Volumes/Samsung 990-2/100 Hours/Furniture/MTL-SGF00118-082.aac -> gs://100hr-data/Furniture/IMU/MTL-SGF00118-082.aac
OK    /Volumes/Samsung 990-2/100 Hours/Furniture/MTL-SGF00118-126.txt -> gs://100hr-data/Furniture/IMU/MTL-SGF00118-126.txt
OK    /Volumes/Samsung 990-2/100 Hours/Furniture/MTL-SGF00125-025.aac -> gs://100hr-data/Furniture/IMU/MTL-SGF00125-025.aac
OK    /Volumes/Samsung 990-2/100 Hours/Furniture/MTL-SGF00125-031.aac -> gs://100hr-data/Furniture/IMU/MTL-SGF00125-031.aac
OK    /Volumes/Samsung 990-2/100 Hours/Furniture/MTL-SGF00125-102.mp4 -> gs://100hr-data/Furniture/Videos/MTL-SGF00125-102.mp4
OK    /Volumes/Samsung 990-2/100 Hours/Furniture/MTL-SGF00115-062.aac -> gs://100hr-data/Furniture/IMU/MTL-SGF00115-062.aac
OK    /Volumes/Samsung 990-2/100 Hours/Furniture/MTL-SGF00106-039.txt -> gs://100hr-data/Furniture/IMU/MTL-SGF00106-039.txt
OK    /Volumes/Samsung 990-2/100 Hours/Furniture/MTL-SGF00118-055.aac -> gs://100hr-data/Furniture/IMU/MTL-SGF00118-055.aac
OK    /Volumes/Samsung 990-2/100 Hours/Furniture/MTL-SGF00126-081.txt -> gs://100hr-data/Furniture/IMU/MTL-SGF00126-081.txt
OK    /Volumes/Samsung 990-2/100 Hours/Furniture/MTL-SGF00115-076.aac -> gs://100hr-data/Furniture/IMU/MTL-SGF00115-076.aac
OK    /Volumes/Samsung 990-2/100 Hours/Furniture/MTL-SGF00118-069.aac -> gs://100hr-data/Furniture/IMU/MTL-SGF00118-069.aac
OK    /Volumes/Samsung 990-2/100 Hours/Furniture/MTL-SGF00126-016.mp4 -> gs://100hr-data/Furniture/Videos/MTL-SGF00126-016.mp4
OK    /Volumes/Samsung 990-2/100 Hours/Furniture/MTL-SGF00115-059.txt -> gs://100hr-data/Furniture/IMU/MTL-SGF00115-059.txt
OK    /Volumes/Samsung 990-2/100 Hours/Furniture/MTL-SGF00113-074.mp4 -> gs://100hr-data/Furniture/Videos/MTL-SGF00113-074.mp4
OK    /Volumes/Samsung 990-2/100 Hours/Furniture/MTL-SGF00113-060.mp4 -> gs://100hr-data/Furniture/Videos/MTL-SGF00113-060.mp4
OK    /Volumes/Samsung 990-2/100 Hours/Furniture/MTL-SGF00108-046.txt -> gs://100hr-data/Furniture/IMU/MTL-SGF00108-046.txt
OK    /Volumes/Samsung 990-2/100 Hours/Furniture/MTL-SGF00115-065.txt -> gs://100hr-data/Furniture/IMU/MTL-SGF00115-065.txt
OK    /Volumes/Samsung 990-2/100 Hours/Furniture/MTL-SGF00125-062.mp4 -> gs://100hr-data/Furniture/Videos/MTL-SGF00125-062.mp4
OK    /Volumes/Samsung 990-2/100 Hours/Furniture/MTL-SGF00118-052.txt -> gs://100hr-data/Furniture/IMU/MTL-SGF00118-052.txt
OK    /Volumes/Samsung 990-2/100 Hours/Furniture/MTL-SGF00126-086.aac -> gs://100hr-data/Furniture/IMU/MTL-SGF00126-086.aac
OK    /Volumes/Samsung 990-2/100 Hours/Furniture/MTL-SGF00118-046.txt -> gs://100hr-data/Furniture/IMU/MTL-SGF00118-046.txt
OK    /Volumes/Samsung 990-2/100 Hours/Furniture/MTL-SGF00125-076.mp4 -> gs://100hr-data/Furniture/Videos/MTL-SGF00125-076.mp4
OK    /Volumes/Samsung 990-2/100 Hours/Furniture/MTL-SGF00115-071.txt -> gs://100hr-data/Furniture/IMU/MTL-SGF00115-071.txt
OK    /Volumes/Samsung 990-2/100 Hours/Furniture/MTL-SGF00108-006.mp4 -> gs://100hr-data/Furniture/Videos/MTL-SGF00108-006.mp4
OK    /Volumes/Samsung 990-2/100 Hours/Furniture/MTL-SGF00115-025.mp4 -> gs://100hr-data/Furniture/Videos/MTL-SGF00115-025.mp4
OK    /Volumes/Samsung 990-2/100 Hours/Furniture/MTL-SGF00118-012.mp4 -> gs://100hr-data/Furniture/Videos/MTL-SGF00118-012.mp4
OK    /Volumes/Samsung 990-2/100 Hours/Furniture/MTL-SGF00118-121.aac -> gs://100hr-data/Furniture/IMU/MTL-SGF00118-121.aac
OK    /Volumes/Samsung 990-2/100 Hours/Furniture/MTL-SGF00125-036.txt -> gs://100hr-data/Furniture/IMU/MTL-SGF00125-036.txt
OK    /Volumes/Samsung 990-2/100 Hours/Furniture/MTL-SGF00118-135.aac -> gs://100hr-data/Furniture/IMU/MTL-SGF00118-135.aac
OK    /Volumes/Samsung 990-2/100 Hours/Furniture/MTL-SGF00126-079.aac -> gs://100hr-data/Furniture/IMU/MTL-SGF00126-079.aac
OK    /Volumes/Samsung 990-2/100 Hours/Furniture/MTL-SGF00125-089.mp4 -> gs://100hr-data/Furniture/Videos/MTL-SGF00125-089.mp4
OK    /Volumes/Samsung 990-2/100 Hours/Furniture/MTL-SGF00118-006.mp4 -> gs://100hr-data/Furniture/Videos/MTL-SGF00118-006.mp4
OK    /Volumes/Samsung 990-2/100 Hours/Furniture/MTL-SGF00115-031.mp4 -> gs://100hr-data/Furniture/Videos/MTL-SGF00115-031.mp4
OK    /Volumes/Samsung 990-2/100 Hours/Furniture/MTL-SGF00108-012.mp4 -> gs://100hr-data/Furniture/Videos/MTL-SGF00108-012.mp4
OK    /Volumes/Samsung 990-2/100 Hours/Furniture/MTL-SGF00115-019.mp4 -> gs://100hr-data/Furniture/Videos/MTL-SGF00115-019.mp4
OK    /Volumes/Samsung 990-2/100 Hours/Furniture/MTL-SGF00126-051.aac -> gs://100hr-data/Furniture/IMU/MTL-SGF00126-051.aac
OK    /Volumes/Samsung 990-2/100 Hours/Furniture/MTL-SGF00118-091.txt -> gs://100hr-data/Furniture/IMU/MTL-SGF00118-091.txt
OK    /Volumes/Samsung 990-2/100 Hours/Furniture/MTL-SGF00113-034.txt -> gs://100hr-data/Furniture/IMU/MTL-SGF00113-034.txt
OK    /Volumes/Samsung 990-2/100 Hours/Furniture/MTL-SGF00113-020.txt -> gs://100hr-data/Furniture/IMU/MTL-SGF00113-020.txt
OK    /Volumes/Samsung 990-2/100 Hours/Furniture/MTL-SGF00118-109.aac -> gs://100hr-data/Furniture/IMU/MTL-SGF00118-109.aac
OK    /Volumes/Samsung 990-2/100 Hours/Furniture/MTL-SGF00126-045.aac -> gs://100hr-data/Furniture/IMU/MTL-SGF00126-045.aac
OK    /Volumes/Samsung 990-2/100 Hours/Furniture/MTL-SGF00118-085.txt -> gs://100hr-data/Furniture/IMU/MTL-SGF00118-085.txt
OK    /Volumes/Samsung 990-2/100 Hours/Furniture/MTL-SGF00123-027.mp4 -> gs://100hr-data/Furniture/Videos/MTL-SGF00123-027.mp4
OK    /Volumes/Samsung 990-2/100 Hours/Furniture/MTL-SGF00111-056.aac -> gs://100hr-data/Furniture/IMU/MTL-SGF00111-056.aac
OK    /Volumes/Samsung 990-2/100 Hours/Furniture/MTL-SGF00111-042.aac -> gs://100hr-data/Furniture/IMU/MTL-SGF00111-042.aac
OK    /Volumes/Samsung 990-2/100 Hours/Furniture/MTL-SGF00119-080.txt -> gs://100hr-data/Furniture/IMU/MTL-SGF00119-080.txt
OK    /Volumes/Samsung 990-2/100 Hours/Furniture/MTL-SGF00111-025.aac -> gs://100hr-data/Furniture/IMU/MTL-SGF00111-025.aac
OK    /Volumes/Samsung 990-2/100 Hours/Furniture/MTL-SGF00111-031.aac -> gs://100hr-data/Furniture/IMU/MTL-SGF00111-031.aac
OK    /Volumes/Samsung 990-2/100 Hours/Furniture/MTL-SGF00118-061.mp4 -> gs://100hr-data/Furniture/Videos/MTL-SGF00118-061.mp4
OK    /Volumes/Samsung 990-2/100 Hours/Furniture/MTL-SGF00115-056.mp4 -> gs://100hr-data/Furniture/Videos/MTL-SGF00115-056.mp4
OK    /Volumes/Samsung 990-2/100 Hours/Furniture/MTL-SGF00115-042.mp4 -> gs://100hr-data/Furniture/Videos/MTL-SGF00115-042.mp4
OK    /Volumes/Samsung 990-2/100 Hours/Furniture/MTL-SGF00118-075.mp4 -> gs://100hr-data/Furniture/Videos/MTL-SGF00118-075.mp4
OK    /Volumes/Samsung 990-2/100 Hours/Furniture/MTL-SGF00125-045.txt -> gs://100hr-data/Furniture/IMU/MTL-SGF00125-045.txt
OK    /Volumes/Samsung 990-2/100 Hours/Furniture/MTL-SGF00113-047.txt -> gs://100hr-data/Furniture/IMU/MTL-SGF00113-047.txt
OK    /Volumes/Samsung 990-2/100 Hours/Furniture/MTL-SGF00126-022.aac -> gs://100hr-data/Furniture/IMU/MTL-SGF00126-022.aac
OK    /Volumes/Samsung 990-2/100 Hours/Furniture/MTL-SGF00108-049.mp4 -> gs://100hr-data/Furniture/Videos/MTL-SGF00108-049.mp4
OK    /Volumes/Samsung 990-2/100 Hours/Furniture/MTL-SGF00126-036.aac -> gs://100hr-data/Furniture/IMU/MTL-SGF00126-036.aac
OK    /Volumes/Samsung 990-2/100 Hours/Furniture/MTL-SGF00125-079.txt -> gs://100hr-data/Furniture/IMU/MTL-SGF00125-079.txt
OK    /Volumes/Samsung 990-2/100 Hours/Furniture/MTL-SGF00118-049.mp4 -> gs://100hr-data/Furniture/Videos/MTL-SGF00118-049.mp4
OK    /Volumes/Samsung 990-2/100 Hours/Furniture/MTL-SGF00113-053.txt -> gs://100hr-data/Furniture/IMU/MTL-SGF00113-053.txt
OK    /Volumes/Samsung 990-2/100 Hours/Furniture/MTL-SGF00125-092.txt -> gs://100hr-data/Furniture/IMU/MTL-SGF00125-092.txt
OK    /Volumes/Samsung 990-2/100 Hours/Furniture/MTL-SGF00108-009.txt -> gs://100hr-data/Furniture/IMU/MTL-SGF00108-009.txt
OK    /Volumes/Samsung 990-2/100 Hours/Furniture/MTL-SGF00123-014.txt -> gs://100hr-data/Furniture/IMU/MTL-SGF00123-014.txt
OK    /Volumes/Samsung 990-2/100 Hours/Furniture/MTL-SGF00106-065.aac -> gs://100hr-data/Furniture/IMU/MTL-SGF00106-065.aac
OK    /Volumes/Samsung 990-2/100 Hours/Furniture/MTL-SGF00125-086.txt -> gs://100hr-data/Furniture/IMU/MTL-SGF00125-086.txt
OK    /Volumes/Samsung 990-2/100 Hours/Furniture/MTL-SGF00113-013.mp4 -> gs://100hr-data/Furniture/Videos/MTL-SGF00113-013.mp4
OK    /Volumes/Samsung 990-2/100 Hours/Furniture/MTL-SGF00118-009.txt -> gs://100hr-data/Furniture/IMU/MTL-SGF00118-009.txt
OK    /Volumes/Samsung 990-2/100 Hours/Furniture/MTL-SGF00125-039.mp4 -> gs://100hr-data/Furniture/Videos/MTL-SGF00125-039.mp4
OK    /Volumes/Samsung 990-2/100 Hours/Furniture/MTL-SGF00118-021.txt -> gs://100hr-data/Furniture/IMU/MTL-SGF00118-021.txt
OK    /Volumes/Samsung 990-2/100 Hours/Furniture/MTL-SGF00113-108.aac -> gs://100hr-data/Furniture/IMU/MTL-SGF00113-108.aac
OK    /Volumes/Samsung 990-2/100 Hours/Furniture/MTL-SGF00115-016.txt -> gs://100hr-data/Furniture/IMU/MTL-SGF00115-016.txt
OK    /Volumes/Samsung 990-2/100 Hours/Furniture/MTL-SGF00108-035.txt -> gs://100hr-data/Furniture/IMU/MTL-SGF00108-035.txt
OK    /Volumes/Samsung 990-2/100 Hours/Furniture/MTL-SGF00123-028.txt -> gs://100hr-data/Furniture/IMU/MTL-SGF00123-028.txt
OK    /Volumes/Samsung 990-2/100 Hours/Furniture/MTL-SGF00108-021.txt -> gs://100hr-data/Furniture/IMU/MTL-SGF00108-021.txt
OK    /Volumes/Samsung 990-2/100 Hours/Furniture/MTL-SGF00113-090.txt -> gs://100hr-data/Furniture/IMU/MTL-SGF00113-090.txt
OK    /Volumes/Samsung 990-2/100 Hours/Furniture/MTL-SGF00118-035.txt -> gs://100hr-data/Furniture/IMU/MTL-SGF00118-035.txt
OK    /Volumes/Samsung 990-2/100 Hours/Furniture/MTL-SGF00113-083.aac -> gs://100hr-data/Furniture/IMU/MTL-SGF00113-083.aac
OK    /Volumes/Samsung 990-2/100 Hours/Furniture/MTL-SGF00118-115.mp4 -> gs://100hr-data/Furniture/Videos/MTL-SGF00118-115.mp4
OK    /Volumes/Samsung 990-2/100 Hours/Furniture/MTL-SGF00108-032.aac -> gs://100hr-data/Furniture/IMU/MTL-SGF00108-032.aac
OK    /Volumes/Samsung 990-2/100 Hours/Furniture/MTL-SGF00115-011.aac -> gs://100hr-data/Furniture/IMU/MTL-SGF00115-011.aac
OK    /Volumes/Samsung 990-2/100 Hours/Furniture/MTL-SGF00113-097.aac -> gs://100hr-data/Furniture/IMU/MTL-SGF00113-097.aac
OK    /Volumes/Samsung 990-2/100 Hours/Furniture/MTL-SGF00118-101.mp4 -> gs://100hr-data/Furniture/Videos/MTL-SGF00118-101.mp4
OK    /Volumes/Samsung 990-2/100 Hours/Furniture/MTL-SGF00118-032.aac -> gs://100hr-data/Furniture/IMU/MTL-SGF00118-032.aac
OK    /Volumes/Samsung 990-2/100 Hours/Furniture/MTL-SGF00126-065.mp4 -> gs://100hr-data/Furniture/Videos/MTL-SGF00126-065.mp4
OK    /Volumes/Samsung 990-2/100 Hours/Furniture/MTL-SGF00118-129.mp4 -> gs://100hr-data/Furniture/Videos/MTL-SGF00118-129.mp4
OK    /Volumes/Samsung 990-2/100 Hours/Furniture/MTL-SGF00125-095.aac -> gs://100hr-data/Furniture/IMU/MTL-SGF00125-095.aac
OK    /Volumes/Samsung 990-2/100 Hours/Furniture/MTL-SGF00115-039.aac -> gs://100hr-data/Furniture/IMU/MTL-SGF00115-039.aac
OK    /Volumes/Samsung 990-2/100 Hours/Furniture/MTL-SGF00123-013.aac -> gs://100hr-data/Furniture/IMU/MTL-SGF00123-013.aac
OK    /Volumes/Samsung 990-2/100 Hours/Furniture/MTL-SGF00126-071.mp4 -> gs://100hr-data/Furniture/Videos/MTL-SGF00126-071.mp4
OK    /Volumes/Samsung 990-2/100 Hours/Furniture/MTL-SGF00106-036.mp4 -> gs://100hr-data/Furniture/Videos/MTL-SGF00106-036.mp4
OK    /Volumes/Samsung 990-2/100 Hours/Furniture/MTL-SGF00113-040.aac -> gs://100hr-data/Furniture/IMU/MTL-SGF00113-040.aac
OK    /Volumes/Samsung 990-2/100 Hours/Furniture/MTL-SGF00126-025.txt -> gs://100hr-data/Furniture/IMU/MTL-SGF00126-025.txt
OK    /Volumes/Samsung 990-2/100 Hours/Furniture/MTL-SGF00126-031.txt -> gs://100hr-data/Furniture/IMU/MTL-SGF00126-031.txt
OK    /Volumes/Samsung 990-2/100 Hours/Furniture/MTL-SGF00113-054.aac -> gs://100hr-data/Furniture/IMU/MTL-SGF00113-054.aac
OK    /Volumes/Samsung 990-2/100 Hours/Furniture/MTL-SGF00125-056.aac -> gs://100hr-data/Furniture/IMU/MTL-SGF00125-056.aac
OK    /Volumes/Samsung 990-2/100 Hours/Furniture/MTL-SGF00126-019.txt -> gs://100hr-data/Furniture/IMU/MTL-SGF00126-019.txt
OK    /Volumes/Samsung 990-2/100 Hours/Furniture/MTL-SGF00113-068.aac -> gs://100hr-data/Furniture/IMU/MTL-SGF00113-068.aac
OK    /Volumes/Samsung 990-2/100 Hours/Furniture/MTL-SGF00125-042.aac -> gs://100hr-data/Furniture/IMU/MTL-SGF00125-042.aac
OK    /Volumes/Samsung 990-2/100 Hours/Furniture/MTL-SGF00111-062.mp4 -> gs://100hr-data/Furniture/Videos/MTL-SGF00111-062.mp4
OK    /Volumes/Samsung 990-2/100 Hours/Furniture/MTL-SGF00111-076.mp4 -> gs://100hr-data/Furniture/Videos/MTL-SGF00111-076.mp4
OK    /Volumes/Samsung 990-2/100 Hours/Furniture/MTL-SGF00111-089.mp4 -> gs://100hr-data/Furniture/Videos/MTL-SGF00111-089.mp4
OK    /Volumes/Samsung 990-2/100 Hours/Furniture/MTL-SGF00111-036.txt -> gs://100hr-data/Furniture/IMU/MTL-SGF00111-036.txt
OK    /Volumes/Samsung 990-2/100 Hours/Furniture/MTL-SGF00111-037.txt -> gs://100hr-data/Furniture/IMU/MTL-SGF00111-037.txt
OK    /Volumes/Samsung 990-2/100 Hours/Furniture/MTL-SGF00111-023.txt -> gs://100hr-data/Furniture/IMU/MTL-SGF00111-023.txt
OK    /Volumes/Samsung 990-2/100 Hours/Furniture/MTL-SGF00111-063.mp4 -> gs://100hr-data/Furniture/Videos/MTL-SGF00111-063.mp4
OK    /Volumes/Samsung 990-2/100 Hours/Furniture/MTL-SGF00125-043.aac -> gs://100hr-data/Furniture/IMU/MTL-SGF00125-043.aac
OK    /Volumes/Samsung 990-2/100 Hours/Furniture/MTL-SGF00113-069.aac -> gs://100hr-data/Furniture/IMU/MTL-SGF00113-069.aac
OK    /Volumes/Samsung 990-2/100 Hours/Furniture/MTL-SGF00125-057.aac -> gs://100hr-data/Furniture/IMU/MTL-SGF00125-057.aac
OK    /Volumes/Samsung 990-2/100 Hours/Furniture/MTL-SGF00113-055.aac -> gs://100hr-data/Furniture/IMU/MTL-SGF00113-055.aac
OK    /Volumes/Samsung 990-2/100 Hours/Furniture/MTL-SGF00106-023.mp4 -> gs://100hr-data/Furniture/Videos/MTL-SGF00106-023.mp4
OK    /Volumes/Samsung 990-2/100 Hours/Furniture/MTL-SGF00126-030.txt -> gs://100hr-data/Furniture/IMU/MTL-SGF00126-030.txt
OK    /Volumes/Samsung 990-2/100 Hours/Furniture/MTL-SGF00126-024.txt -> gs://100hr-data/Furniture/IMU/MTL-SGF00126-024.txt
OK    /Volumes/Samsung 990-2/100 Hours/Furniture/MTL-SGF00123-012.aac -> gs://100hr-data/Furniture/IMU/MTL-SGF00123-012.aac
OK    /Volumes/Samsung 990-2/100 Hours/Furniture/MTL-SGF00115-038.aac -> gs://100hr-data/Furniture/IMU/MTL-SGF00115-038.aac
OK    /Volumes/Samsung 990-2/100 Hours/Furniture/MTL-SGF00125-080.aac -> gs://100hr-data/Furniture/IMU/MTL-SGF00125-080.aac
OK    /Volumes/Samsung 990-2/100 Hours/Furniture/MTL-SGF00106-063.txt -> gs://100hr-data/Furniture/IMU/MTL-SGF00106-063.txt
OK    /Volumes/Samsung 990-2/100 Hours/Furniture/MTL-SGF00125-094.aac -> gs://100hr-data/Furniture/IMU/MTL-SGF00125-094.aac
OK    /Volumes/Samsung 990-2/100 Hours/Furniture/MTL-SGF00118-128.mp4 -> gs://100hr-data/Furniture/Videos/MTL-SGF00118-128.mp4
OK    /Volumes/Samsung 990-2/100 Hours/Furniture/MTL-SGF00126-064.mp4 -> gs://100hr-data/Furniture/Videos/MTL-SGF00126-064.mp4
OK    /Volumes/Samsung 990-2/100 Hours/Furniture/MTL-SGF00108-027.aac -> gs://100hr-data/Furniture/IMU/MTL-SGF00108-027.aac
OK    /Volumes/Samsung 990-2/100 Hours/Furniture/MTL-SGF00118-033.aac -> gs://100hr-data/Furniture/IMU/MTL-SGF00118-033.aac
OK    /Volumes/Samsung 990-2/100 Hours/Furniture/MTL-SGF00118-100.mp4 -> gs://100hr-data/Furniture/Videos/MTL-SGF00118-100.mp4
OK    /Volumes/Samsung 990-2/100 Hours/Furniture/MTL-SGF00126-058.mp4 -> gs://100hr-data/Furniture/Videos/MTL-SGF00126-058.mp4
OK    /Volumes/Samsung 990-2/100 Hours/Furniture/MTL-SGF00113-082.aac -> gs://100hr-data/Furniture/IMU/MTL-SGF00113-082.aac
OK    /Volumes/Samsung 990-2/100 Hours/Furniture/MTL-SGF00118-027.aac -> gs://100hr-data/Furniture/IMU/MTL-SGF00118-027.aac
OK    /Volumes/Samsung 990-2/100 Hours/Furniture/MTL-SGF00108-033.aac -> gs://100hr-data/Furniture/IMU/MTL-SGF00108-033.aac
OK    /Volumes/Samsung 990-2/100 Hours/Furniture/MTL-SGF00115-010.aac -> gs://100hr-data/Furniture/IMU/MTL-SGF00115-010.aac
OK    /Volumes/Samsung 990-2/100 Hours/Furniture/MTL-SGF00108-020.txt -> gs://100hr-data/Furniture/IMU/MTL-SGF00108-020.txt
OK    /Volumes/Samsung 990-2/100 Hours/Furniture/MTL-SGF00118-034.txt -> gs://100hr-data/Furniture/IMU/MTL-SGF00118-034.txt
OK    /Volumes/Samsung 990-2/100 Hours/Furniture/MTL-SGF00106-058.aac -> gs://100hr-data/Furniture/IMU/MTL-SGF00106-058.aac
OK    /Volumes/Samsung 990-2/100 Hours/Furniture/MTL-SGF00113-091.txt -> gs://100hr-data/Furniture/IMU/MTL-SGF00113-091.txt
OK    /Volumes/Samsung 990-2/100 Hours/Furniture/MTL-SGF00113-085.txt -> gs://100hr-data/Furniture/IMU/MTL-SGF00113-085.txt
OK    /Volumes/Samsung 990-2/100 Hours/Furniture/MTL-SGF00113-109.aac -> gs://100hr-data/Furniture/IMU/MTL-SGF00113-109.aac
OK    /Volumes/Samsung 990-2/100 Hours/Furniture/MTL-SGF00125-010.mp4 -> gs://100hr-data/Furniture/Videos/MTL-SGF00125-010.mp4
OK    /Volumes/Samsung 990-2/100 Hours/Furniture/MTL-SGF00118-020.txt -> gs://100hr-data/Furniture/IMU/MTL-SGF00118-020.txt
OK    /Volumes/Samsung 990-2/100 Hours/Furniture/MTL-SGF00115-017.txt -> gs://100hr-data/Furniture/IMU/MTL-SGF00115-017.txt
OK    /Volumes/Samsung 990-2/100 Hours/Furniture/MTL-SGF00108-034.txt -> gs://100hr-data/Furniture/IMU/MTL-SGF00108-034.txt
OK    /Volumes/Samsung 990-2/100 Hours/Furniture/MTL-SGF00115-080.mp4 -> gs://100hr-data/Furniture/Videos/MTL-SGF00115-080.mp4
OK    /Volumes/Samsung 990-2/100 Hours/Furniture/MTL-SGF00123-015.txt -> gs://100hr-data/Furniture/IMU/MTL-SGF00123-015.txt
OK    /Volumes/Samsung 990-2/100 Hours/Furniture/MTL-SGF00125-038.mp4 -> gs://100hr-data/Furniture/Videos/MTL-SGF00125-038.mp4
OK    /Volumes/Samsung 990-2/100 Hours/Furniture/MTL-SGF00118-008.txt -> gs://100hr-data/Furniture/IMU/MTL-SGF00118-008.txt
OK    /Volumes/Samsung 990-2/100 Hours/Furniture/MTL-SGF00113-012.mp4 -> gs://100hr-data/Furniture/Videos/MTL-SGF00113-012.mp4
OK    /Volumes/Samsung 990-2/100 Hours/Furniture/MTL-SGF00125-087.txt -> gs://100hr-data/Furniture/IMU/MTL-SGF00125-087.txt
OK    /Volumes/Samsung 990-2/100 Hours/Furniture/MTL-SGF00106-064.aac -> gs://100hr-data/Furniture/IMU/MTL-SGF00106-064.aac
OK    /Volumes/Samsung 990-2/100 Hours/Furniture/MTL-SGF00125-093.txt -> gs://100hr-data/Furniture/IMU/MTL-SGF00125-093.txt
OK    /Volumes/Samsung 990-2/100 Hours/Furniture/MTL-SGF00108-008.txt -> gs://100hr-data/Furniture/IMU/MTL-SGF00108-008.txt
OK    /Volumes/Samsung 990-2/100 Hours/Furniture/MTL-SGF00113-052.txt -> gs://100hr-data/Furniture/IMU/MTL-SGF00113-052.txt
OK    /Volumes/Samsung 990-2/100 Hours/Furniture/MTL-SGF00125-078.txt -> gs://100hr-data/Furniture/IMU/MTL-SGF00125-078.txt
OK    /Volumes/Samsung 990-2/100 Hours/Furniture/MTL-SGF00126-023.aac -> gs://100hr-data/Furniture/IMU/MTL-SGF00126-023.aac
OK    /Volumes/Samsung 990-2/100 Hours/Furniture/MTL-SGF00113-046.txt -> gs://100hr-data/Furniture/IMU/MTL-SGF00113-046.txt
OK    /Volumes/Samsung 990-2/100 Hours/Furniture/MTL-SGF00115-043.mp4 -> gs://100hr-data/Furniture/Videos/MTL-SGF00115-043.mp4
OK    /Volumes/Samsung 990-2/100 Hours/Furniture/MTL-SGF00118-074.mp4 -> gs://100hr-data/Furniture/Videos/MTL-SGF00118-074.mp4
OK    /Volumes/Samsung 990-2/100 Hours/Furniture/MTL-SGF00118-060.mp4 -> gs://100hr-data/Furniture/Videos/MTL-SGF00118-060.mp4
OK    /Volumes/Samsung 990-2/100 Hours/Furniture/MTL-SGF00125-050.txt -> gs://100hr-data/Furniture/IMU/MTL-SGF00125-050.txt
OK    /Volumes/Samsung 990-2/100 Hours/Furniture/MTL-SGF00115-057.mp4 -> gs://100hr-data/Furniture/Videos/MTL-SGF00115-057.mp4
OK    /Volumes/Samsung 990-2/100 Hours/Furniture/MTL-SGF00111-018.aac -> gs://100hr-data/Furniture/IMU/MTL-SGF00111-018.aac
OK    /Volumes/Samsung 990-2/100 Hours/Furniture/MTL-SGF00119-071.mp4 -> gs://100hr-data/Furniture/Videos/MTL-SGF00119-071.mp4
OK    /Volumes/Samsung 990-2/100 Hours/Furniture/MTL-SGF00111-024.aac -> gs://100hr-data/Furniture/IMU/MTL-SGF00111-024.aac
OK    /Volumes/Samsung 990-2/100 Hours/Furniture/MTL-SGF00111-032.aac -> gs://100hr-data/Furniture/IMU/MTL-SGF00111-032.aac
OK    /Volumes/Samsung 990-2/100 Hours/Furniture/MTL-SGF00119-073.mp4 -> gs://100hr-data/Furniture/Videos/MTL-SGF00119-073.mp4
OK    /Volumes/Samsung 990-2/100 Hours/Furniture/MTL-SGF00118-076.mp4 -> gs://100hr-data/Furniture/Videos/MTL-SGF00118-076.mp4
OK    /Volumes/Samsung 990-2/100 Hours/Furniture/MTL-SGF00126-009.aac -> gs://100hr-data/Furniture/IMU/MTL-SGF00126-009.aac
OK    /Volumes/Samsung 990-2/100 Hours/Furniture/MTL-SGF00125-046.txt -> gs://100hr-data/Furniture/IMU/MTL-SGF00125-046.txt
OK    /Volumes/Samsung 990-2/100 Hours/Furniture/MTL-SGF00115-041.mp4 -> gs://100hr-data/Furniture/Videos/MTL-SGF00115-041.mp4
OK    /Volumes/Samsung 990-2/100 Hours/Furniture/MTL-SGF00125-052.txt -> gs://100hr-data/Furniture/IMU/MTL-SGF00125-052.txt
OK    /Volumes/Samsung 990-2/100 Hours/Furniture/MTL-SGF00118-062.mp4 -> gs://100hr-data/Furniture/Videos/MTL-SGF00118-062.mp4
OK    /Volumes/Samsung 990-2/100 Hours/Furniture/MTL-SGF00113-078.txt -> gs://100hr-data/Furniture/IMU/MTL-SGF00113-078.txt
OK    /Volumes/Samsung 990-2/100 Hours/Furniture/MTL-SGF00126-035.aac -> gs://100hr-data/Furniture/IMU/MTL-SGF00126-035.aac
OK    /Volumes/Samsung 990-2/100 Hours/Furniture/MTL-SGF00113-050.txt -> gs://100hr-data/Furniture/IMU/MTL-SGF00113-050.txt
OK    /Volumes/Samsung 990-2/100 Hours/Furniture/MTL-SGF00115-069.mp4 -> gs://100hr-data/Furniture/Videos/MTL-SGF00115-069.mp4
OK    /Volumes/Samsung 990-2/100 Hours/Furniture/MTL-SGF00126-021.aac -> gs://100hr-data/Furniture/IMU/MTL-SGF00126-021.aac
OK    /Volumes/Samsung 990-2/100 Hours/Furniture/MTL-SGF00125-085.txt -> gs://100hr-data/Furniture/IMU/MTL-SGF00125-085.txt
OK    /Volumes/Samsung 990-2/100 Hours/Furniture/MTL-SGF00125-109.aac -> gs://100hr-data/Furniture/IMU/MTL-SGF00125-109.aac
OK    /Volumes/Samsung 990-2/100 Hours/Furniture/MTL-SGF00113-010.mp4 -> gs://100hr-data/Furniture/Videos/MTL-SGF00113-010.mp4
OK    /Volumes/Samsung 990-2/100 Hours/Furniture/MTL-SGF00123-017.txt -> gs://100hr-data/Furniture/IMU/MTL-SGF00123-017.txt
OK    /Volumes/Samsung 990-2/100 Hours/Furniture/MTL-SGF00115-082.mp4 -> gs://100hr-data/Furniture/Videos/MTL-SGF00115-082.mp4
OK    /Volumes/Samsung 990-2/100 Hours/Furniture/MTL-SGF00125-091.txt -> gs://100hr-data/Furniture/IMU/MTL-SGF00125-091.txt
OK    /Volumes/Samsung 990-2/100 Hours/Furniture/MTL-SGF00118-089.mp4 -> gs://100hr-data/Furniture/Videos/MTL-SGF00118-089.mp4
OK    /Volumes/Samsung 990-2/100 Hours/Furniture/MTL-SGF00113-093.txt -> gs://100hr-data/Furniture/IMU/MTL-SGF00113-093.txt
OK    /Volumes/Samsung 990-2/100 Hours/Furniture/MTL-SGF00118-036.txt -> gs://100hr-data/Furniture/IMU/MTL-SGF00118-036.txt
OK    /Volumes/Samsung 990-2/100 Hours/Furniture/MTL-SGF00108-036.txt -> gs://100hr-data/Furniture/IMU/MTL-SGF00108-036.txt
OK    /Volumes/Samsung 990-2/100 Hours/Furniture/MTL-SGF00115-015.txt -> gs://100hr-data/Furniture/IMU/MTL-SGF00115-015.txt
OK    /Volumes/Samsung 990-2/100 Hours/Furniture/MTL-SGF00113-038.mp4 -> gs://100hr-data/Furniture/Videos/MTL-SGF00113-038.mp4
OK    /Volumes/Samsung 990-2/100 Hours/Furniture/MTL-SGF00125-012.mp4 -> gs://100hr-data/Furniture/Videos/MTL-SGF00125-012.mp4
OK    /Volumes/Samsung 990-2/100 Hours/Furniture/MTL-SGF00113-087.txt -> gs://100hr-data/Furniture/IMU/MTL-SGF00113-087.txt
OK    /Volumes/Samsung 990-2/100 Hours/Furniture/MTL-SGF00113-094.aac -> gs://100hr-data/Furniture/IMU/MTL-SGF00113-094.aac
OK    /Volumes/Samsung 990-2/100 Hours/Furniture/MTL-SGF00118-102.mp4 -> gs://100hr-data/Furniture/Videos/MTL-SGF00118-102.mp4
OK    /Volumes/Samsung 990-2/100 Hours/Furniture/MTL-SGF00118-031.aac -> gs://100hr-data/Furniture/IMU/MTL-SGF00118-031.aac
OK    /Volumes/Samsung 990-2/100 Hours/Furniture/MTL-SGF00108-025.aac -> gs://100hr-data/Furniture/IMU/MTL-SGF00108-025.aac
OK    /Volumes/Samsung 990-2/100 Hours/Furniture/MTL-SGF00115-012.aac -> gs://100hr-data/Furniture/IMU/MTL-SGF00115-012.aac
OK    /Volumes/Samsung 990-2/100 Hours/Furniture/MTL-SGF00108-031.aac -> gs://100hr-data/Furniture/IMU/MTL-SGF00108-031.aac
OK    /Volumes/Samsung 990-2/100 Hours/Furniture/MTL-SGF00123-038.aac -> gs://100hr-data/Furniture/IMU/MTL-SGF00123-038.aac
OK    /Volumes/Samsung 990-2/100 Hours/Furniture/MTL-SGF00118-025.aac -> gs://100hr-data/Furniture/IMU/MTL-SGF00118-025.aac
OK    /Volumes/Samsung 990-2/100 Hours/Furniture/MTL-SGF00106-049.txt -> gs://100hr-data/Furniture/IMU/MTL-SGF00106-049.txt
OK    /Volumes/Samsung 990-2/100 Hours/Furniture/MTL-SGF00113-080.aac -> gs://100hr-data/Furniture/IMU/MTL-SGF00113-080.aac
OK    /Volumes/Samsung 990-2/100 Hours/Furniture/MTL-SGF00118-116.mp4 -> gs://100hr-data/Furniture/Videos/MTL-SGF00118-116.mp4
OK    /Volumes/Samsung 990-2/100 Hours/Furniture/MTL-SGF00125-082.aac -> gs://100hr-data/Furniture/IMU/MTL-SGF00125-082.aac
OK    /Volumes/Samsung 990-2/100 Hours/Furniture/MTL-SGF00106-061.txt -> gs://100hr-data/Furniture/IMU/MTL-SGF00106-061.txt
OK    /Volumes/Samsung 990-2/100 Hours/Furniture/MTL-SGF00126-072.mp4 -> gs://100hr-data/Furniture/Videos/MTL-SGF00126-072.mp4
OK    /Volumes/Samsung 990-2/100 Hours/Furniture/MTL-SGF00123-010.aac -> gs://100hr-data/Furniture/IMU/MTL-SGF00123-010.aac
OK    /Volumes/Samsung 990-2/100 Hours/Furniture/MTL-SGF00126-032.txt -> gs://100hr-data/Furniture/IMU/MTL-SGF00126-032.txt
OK    /Volumes/Samsung 990-2/100 Hours/Furniture/MTL-SGF00106-021.mp4 -> gs://100hr-data/Furniture/Videos/MTL-SGF00106-021.mp4
OK    /Volumes/Samsung 990-2/100 Hours/Furniture/MTL-SGF00113-057.aac -> gs://100hr-data/Furniture/IMU/MTL-SGF00113-057.aac
OK    /Volumes/Samsung 990-2/100 Hours/Furniture/MTL-SGF00106-035.mp4 -> gs://100hr-data/Furniture/Videos/MTL-SGF00106-035.mp4
OK    /Volumes/Samsung 990-2/100 Hours/Furniture/MTL-SGF00113-043.aac -> gs://100hr-data/Furniture/IMU/MTL-SGF00113-043.aac
OK    /Volumes/Samsung 990-2/100 Hours/Furniture/MTL-SGF00125-069.aac -> gs://100hr-data/Furniture/IMU/MTL-SGF00125-069.aac
OK    /Volumes/Samsung 990-2/100 Hours/Furniture/MTL-SGF00126-026.txt -> gs://100hr-data/Furniture/IMU/MTL-SGF00126-026.txt
OK    /Volumes/Samsung 990-2/100 Hours/Furniture/MTL-SGF00125-055.aac -> gs://100hr-data/Furniture/IMU/MTL-SGF00125-055.aac
OK    /Volumes/Samsung 990-2/100 Hours/Furniture/MTL-SGF00111-075.mp4 -> gs://100hr-data/Furniture/Videos/MTL-SGF00111-075.mp4
OK    /Volumes/Samsung 990-2/100 Hours/Furniture/MTL-SGF00111-061.mp4 -> gs://100hr-data/Furniture/Videos/MTL-SGF00111-061.mp4
OK    /Volumes/Samsung 990-2/100 Hours/Furniture/MTL-SGF00111-049.mp4 -> gs://100hr-data/Furniture/Videos/MTL-SGF00111-049.mp4
OK    /Volumes/Samsung 990-2/100 Hours/Furniture/MTL-SGF00111-035.txt -> gs://100hr-data/Furniture/IMU/MTL-SGF00111-035.txt
OK    /Volumes/Samsung 990-2/100 Hours/Furniture/MTL-SGF00111-021.txt -> gs://100hr-data/Furniture/IMU/MTL-SGF00111-021.txt
OK    /Volumes/Samsung 990-2/100 Hours/Furniture/MTL-SGF00111-020.txt -> gs://100hr-data/Furniture/IMU/MTL-SGF00111-020.txt
OK    /Volumes/Samsung 990-2/100 Hours/Furniture/MTL-SGF00111-034.txt -> gs://100hr-data/Furniture/IMU/MTL-SGF00111-034.txt
OK    /Volumes/Samsung 990-2/100 Hours/Furniture/MTL-SGF00111-060.mp4 -> gs://100hr-data/Furniture/Videos/MTL-SGF00111-060.mp4
OK    /Volumes/Samsung 990-2/100 Hours/Furniture/MTL-SGF00111-074.mp4 -> gs://100hr-data/Furniture/Videos/MTL-SGF00111-074.mp4
OK    /Volumes/Samsung 990-2/100 Hours/Furniture/MTL-SGF00125-054.aac -> gs://100hr-data/Furniture/IMU/MTL-SGF00125-054.aac
OK    /Volumes/Samsung 990-2/100 Hours/Furniture/MTL-SGF00125-040.aac -> gs://100hr-data/Furniture/IMU/MTL-SGF00125-040.aac
OK    /Volumes/Samsung 990-2/100 Hours/Furniture/MTL-SGF00126-027.txt -> gs://100hr-data/Furniture/IMU/MTL-SGF00126-027.txt
OK    /Volumes/Samsung 990-2/100 Hours/Furniture/MTL-SGF00125-068.aac -> gs://100hr-data/Furniture/IMU/MTL-SGF00125-068.aac
OK    /Volumes/Samsung 990-2/100 Hours/Furniture/MTL-SGF00113-042.aac -> gs://100hr-data/Furniture/IMU/MTL-SGF00113-042.aac
OK    /Volumes/Samsung 990-2/100 Hours/Furniture/MTL-SGF00106-034.mp4 -> gs://100hr-data/Furniture/Videos/MTL-SGF00106-034.mp4
OK    /Volumes/Samsung 990-2/100 Hours/Furniture/MTL-SGF00113-056.aac -> gs://100hr-data/Furniture/IMU/MTL-SGF00113-056.aac
OK    /Volumes/Samsung 990-2/100 Hours/Furniture/MTL-SGF00106-020.mp4 -> gs://100hr-data/Furniture/Videos/MTL-SGF00106-020.mp4
OK    /Volumes/Samsung 990-2/100 Hours/Furniture/MTL-SGF00125-097.aac -> gs://100hr-data/Furniture/IMU/MTL-SGF00125-097.aac
OK    /Volumes/Samsung 990-2/100 Hours/Furniture/MTL-SGF00118-018.aac -> gs://100hr-data/Furniture/IMU/MTL-SGF00118-018.aac
OK    /Volumes/Samsung 990-2/100 Hours/Furniture/MTL-SGF00126-067.mp4 -> gs://100hr-data/Furniture/Videos/MTL-SGF00126-067.mp4
OK    /Volumes/Samsung 990-2/100 Hours/Furniture/MTL-SGF00126-073.mp4 -> gs://100hr-data/Furniture/Videos/MTL-SGF00126-073.mp4
OK    /Volumes/Samsung 990-2/100 Hours/Furniture/MTL-SGF00106-060.txt -> gs://100hr-data/Furniture/IMU/MTL-SGF00106-060.txt
OK    /Volumes/Samsung 990-2/100 Hours/Furniture/MTL-SGF00125-083.aac -> gs://100hr-data/Furniture/IMU/MTL-SGF00125-083.aac
OK    /Volumes/Samsung 990-2/100 Hours/Furniture/MTL-SGF00123-011.aac -> gs://100hr-data/Furniture/IMU/MTL-SGF00123-011.aac
OK    /Volumes/Samsung 990-2/100 Hours/Furniture/MTL-SGF00108-018.aac -> gs://100hr-data/Furniture/IMU/MTL-SGF00108-018.aac
OK    /Volumes/Samsung 990-2/100 Hours/Furniture/MTL-SGF00123-039.aac -> gs://100hr-data/Furniture/IMU/MTL-SGF00123-039.aac
OK    /Volumes/Samsung 990-2/100 Hours/Furniture/MTL-SGF00115-013.aac -> gs://100hr-data/Furniture/IMU/MTL-SGF00115-013.aac
OK    /Volumes/Samsung 990-2/100 Hours/Furniture/MTL-SGF00118-117.mp4 -> gs://100hr-data/Furniture/Videos/MTL-SGF00118-117.mp4
OK    /Volumes/Samsung 990-2/100 Hours/Furniture/MTL-SGF00106-048.txt -> gs://100hr-data/Furniture/IMU/MTL-SGF00106-048.txt
OK    /Volumes/Samsung 990-2/100 Hours/Furniture/MTL-SGF00118-024.aac -> gs://100hr-data/Furniture/IMU/MTL-SGF00118-024.aac
OK    /Volumes/Samsung 990-2/100 Hours/Furniture/MTL-SGF00113-095.aac -> gs://100hr-data/Furniture/IMU/MTL-SGF00113-095.aac
OK    /Volumes/Samsung 990-2/100 Hours/Furniture/MTL-SGF00108-024.aac -> gs://100hr-data/Furniture/IMU/MTL-SGF00108-024.aac
OK    /Volumes/Samsung 990-2/100 Hours/Furniture/MTL-SGF00108-037.txt -> gs://100hr-data/Furniture/IMU/MTL-SGF00108-037.txt
OK    /Volumes/Samsung 990-2/100 Hours/Furniture/MTL-SGF00115-014.txt -> gs://100hr-data/Furniture/IMU/MTL-SGF00115-014.txt
OK    /Volumes/Samsung 990-2/100 Hours/Furniture/MTL-SGF00113-086.txt -> gs://100hr-data/Furniture/IMU/MTL-SGF00113-086.txt
OK    /Volumes/Samsung 990-2/100 Hours/Furniture/MTL-SGF00125-013.mp4 -> gs://100hr-data/Furniture/Videos/MTL-SGF00125-013.mp4
OK    /Volumes/Samsung 990-2/100 Hours/Furniture/MTL-SGF00118-023.txt -> gs://100hr-data/Furniture/IMU/MTL-SGF00118-023.txt
OK    /Volumes/Samsung 990-2/100 Hours/Furniture/MTL-SGF00113-039.mp4 -> gs://100hr-data/Furniture/Videos/MTL-SGF00113-039.mp4
OK    /Volumes/Samsung 990-2/100 Hours/Furniture/MTL-SGF00118-037.txt -> gs://100hr-data/Furniture/IMU/MTL-SGF00118-037.txt
OK    /Volumes/Samsung 990-2/100 Hours/Furniture/MTL-SGF00113-092.txt -> gs://100hr-data/Furniture/IMU/MTL-SGF00113-092.txt
OK    /Volumes/Samsung 990-2/100 Hours/Furniture/MTL-SGF00108-023.txt -> gs://100hr-data/Furniture/IMU/MTL-SGF00108-023.txt
OK    /Volumes/Samsung 990-2/100 Hours/Furniture/MTL-SGF00115-028.txt -> gs://100hr-data/Furniture/IMU/MTL-SGF00115-028.txt
OK    /Volumes/Samsung 990-2/100 Hours/Furniture/MTL-SGF00125-090.txt -> gs://100hr-data/Furniture/IMU/MTL-SGF00125-090.txt
OK    /Volumes/Samsung 990-2/100 Hours/Furniture/MTL-SGF00125-108.aac -> gs://100hr-data/Furniture/IMU/MTL-SGF00125-108.aac
OK    /Volumes/Samsung 990-2/100 Hours/Furniture/MTL-SGF00115-083.mp4 -> gs://100hr-data/Furniture/Videos/MTL-SGF00115-083.mp4
OK    /Volumes/Samsung 990-2/100 Hours/Furniture/MTL-SGF00123-016.txt -> gs://100hr-data/Furniture/IMU/MTL-SGF00123-016.txt
OK    /Volumes/Samsung 990-2/100 Hours/Furniture/MTL-SGF00115-068.mp4 -> gs://100hr-data/Furniture/Videos/MTL-SGF00115-068.mp4
OK    /Volumes/Samsung 990-2/100 Hours/Furniture/MTL-SGF00126-020.aac -> gs://100hr-data/Furniture/IMU/MTL-SGF00126-020.aac
OK    /Volumes/Samsung 990-2/100 Hours/Furniture/MTL-SGF00113-045.txt -> gs://100hr-data/Furniture/IMU/MTL-SGF00113-045.txt
OK    /Volumes/Samsung 990-2/100 Hours/Furniture/MTL-SGF00126-034.aac -> gs://100hr-data/Furniture/IMU/MTL-SGF00126-034.aac
OK    /Volumes/Samsung 990-2/100 Hours/Furniture/MTL-SGF00115-054.mp4 -> gs://100hr-data/Furniture/Videos/MTL-SGF00115-054.mp4
OK    /Volumes/Samsung 990-2/100 Hours/Furniture/MTL-SGF00113-079.txt -> gs://100hr-data/Furniture/IMU/MTL-SGF00113-079.txt
OK    /Volumes/Samsung 990-2/100 Hours/Furniture/MTL-SGF00118-063.mp4 -> gs://100hr-data/Furniture/Videos/MTL-SGF00118-063.mp4
OK    /Volumes/Samsung 990-2/100 Hours/Furniture/MTL-SGF00125-053.txt -> gs://100hr-data/Furniture/IMU/MTL-SGF00125-053.txt
OK    /Volumes/Samsung 990-2/100 Hours/Furniture/MTL-SGF00125-047.txt -> gs://100hr-data/Furniture/IMU/MTL-SGF00125-047.txt
OK    /Volumes/Samsung 990-2/100 Hours/Furniture/MTL-SGF00115-040.mp4 -> gs://100hr-data/Furniture/Videos/MTL-SGF00115-040.mp4
OK    /Volumes/Samsung 990-2/100 Hours/Furniture/MTL-SGF00119-072.mp4 -> gs://100hr-data/Furniture/Videos/MTL-SGF00119-072.mp4
OK    /Volumes/Samsung 990-2/100 Hours/Furniture/MTL-SGF00111-027.aac -> gs://100hr-data/Furniture/IMU/MTL-SGF00111-027.aac
OK    /Volumes/Samsung 990-2/100 Hours/Furniture/MTL-SGF00111-033.aac -> gs://100hr-data/Furniture/IMU/MTL-SGF00111-033.aac
OK    /Volumes/Samsung 990-2/100 Hours/Furniture/MTL-SGF00111-023.aac -> gs://100hr-data/Furniture/IMU/MTL-SGF00111-023.aac
OK    /Volumes/Samsung 990-2/100 Hours/Furniture/MTL-SGF00119-076.mp4 -> gs://100hr-data/Furniture/Videos/MTL-SGF00119-076.mp4
OK    /Volumes/Samsung 990-2/100 Hours/Furniture/MTL-SGF00115-078.mp4 -> gs://100hr-data/Furniture/Videos/MTL-SGF00115-078.mp4
OK    /Volumes/Samsung 990-2/100 Hours/Furniture/MTL-SGF00113-041.txt -> gs://100hr-data/Furniture/IMU/MTL-SGF00113-041.txt
OK    /Volumes/Samsung 990-2/100 Hours/Furniture/MTL-SGF00126-024.aac -> gs://100hr-data/Furniture/IMU/MTL-SGF00126-024.aac
OK    /Volumes/Samsung 990-2/100 Hours/Furniture/MTL-SGF00113-069.txt -> gs://100hr-data/Furniture/IMU/MTL-SGF00113-069.txt
OK    /Volumes/Samsung 990-2/100 Hours/Furniture/MTL-SGF00118-073.mp4 -> gs://100hr-data/Furniture/Videos/MTL-SGF00118-073.mp4
OK    /Volumes/Samsung 990-2/100 Hours/Furniture/MTL-SGF00125-043.txt -> gs://100hr-data/Furniture/IMU/MTL-SGF00125-043.txt
OK    /Volumes/Samsung 990-2/100 Hours/Furniture/MTL-SGF00126-018.aac -> gs://100hr-data/Furniture/IMU/MTL-SGF00126-018.aac
OK    /Volumes/Samsung 990-2/100 Hours/Furniture/MTL-SGF00125-057.txt -> gs://100hr-data/Furniture/IMU/MTL-SGF00125-057.txt
OK    /Volumes/Samsung 990-2/100 Hours/Furniture/MTL-SGF00118-067.mp4 -> gs://100hr-data/Furniture/Videos/MTL-SGF00118-067.mp4
OK    /Volumes/Samsung 990-2/100 Hours/Furniture/MTL-SGF00115-050.mp4 -> gs://100hr-data/Furniture/Videos/MTL-SGF00115-050.mp4
OK    /Volumes/Samsung 990-2/100 Hours/Furniture/MTL-SGF00108-027.txt -> gs://100hr-data/Furniture/IMU/MTL-SGF00108-027.txt
OK    /Volumes/Samsung 990-2/100 Hours/Furniture/MTL-SGF00113-096.txt -> gs://100hr-data/Furniture/IMU/MTL-SGF00113-096.txt
OK    /Volumes/Samsung 990-2/100 Hours/Furniture/MTL-SGF00113-029.mp4 -> gs://100hr-data/Furniture/Videos/MTL-SGF00113-029.mp4
OK    /Volumes/Samsung 990-2/100 Hours/Furniture/MTL-SGF00118-027.txt -> gs://100hr-data/Furniture/IMU/MTL-SGF00118-027.txt
OK    /Volumes/Samsung 990-2/100 Hours/Furniture/MTL-SGF00125-017.mp4 -> gs://100hr-data/Furniture/Videos/MTL-SGF00125-017.mp4
OK    /Volumes/Samsung 990-2/100 Hours/Furniture/MTL-SGF00113-082.txt -> gs://100hr-data/Furniture/IMU/MTL-SGF00113-082.txt
OK    /Volumes/Samsung 990-2/100 Hours/Furniture/MTL-SGF00118-098.mp4 -> gs://100hr-data/Furniture/Videos/MTL-SGF00118-098.mp4
OK    /Volumes/Samsung 990-2/100 Hours/Furniture/MTL-SGF00115-010.txt -> gs://100hr-data/Furniture/IMU/MTL-SGF00115-010.txt
OK    /Volumes/Samsung 990-2/100 Hours/Furniture/MTL-SGF00115-038.txt -> gs://100hr-data/Furniture/IMU/MTL-SGF00115-038.txt
OK    /Volumes/Samsung 990-2/100 Hours/Furniture/MTL-SGF00123-012.txt -> gs://100hr-data/Furniture/IMU/MTL-SGF00123-012.txt
OK    /Volumes/Samsung 990-2/100 Hours/Furniture/MTL-SGF00125-080.txt -> gs://100hr-data/Furniture/IMU/MTL-SGF00125-080.txt
OK    /Volumes/Samsung 990-2/100 Hours/Furniture/MTL-SGF00125-094.txt -> gs://100hr-data/Furniture/IMU/MTL-SGF00125-094.txt
OK    /Volumes/Samsung 990-2/100 Hours/Furniture/MTL-SGF00125-087.aac -> gs://100hr-data/Furniture/IMU/MTL-SGF00125-087.aac
OK    /Volumes/Samsung 990-2/100 Hours/Furniture/MTL-SGF00106-064.txt -> gs://100hr-data/Furniture/IMU/MTL-SGF00106-064.txt
OK    /Volumes/Samsung 990-2/100 Hours/Furniture/MTL-SGF00126-063.mp4 -> gs://100hr-data/Furniture/Videos/MTL-SGF00126-063.mp4
OK    /Volumes/Samsung 990-2/100 Hours/Furniture/MTL-SGF00125-093.aac -> gs://100hr-data/Furniture/IMU/MTL-SGF00125-093.aac
OK    /Volumes/Samsung 990-2/100 Hours/Furniture/MTL-SGF00123-029.aac -> gs://100hr-data/Furniture/IMU/MTL-SGF00123-029.aac
OK    /Volumes/Samsung 990-2/100 Hours/Furniture/MTL-SGF00108-020.aac -> gs://100hr-data/Furniture/IMU/MTL-SGF00108-020.aac
OK    /Volumes/Samsung 990-2/100 Hours/Furniture/MTL-SGF00113-091.aac -> gs://100hr-data/Furniture/IMU/MTL-SGF00113-091.aac
OK    /Volumes/Samsung 990-2/100 Hours/Furniture/MTL-SGF00118-107.mp4 -> gs://100hr-data/Furniture/Videos/MTL-SGF00118-107.mp4
OK    /Volumes/Samsung 990-2/100 Hours/Furniture/MTL-SGF00118-034.aac -> gs://100hr-data/Furniture/IMU/MTL-SGF00118-034.aac
OK    /Volumes/Samsung 990-2/100 Hours/Furniture/MTL-SGF00106-058.txt -> gs://100hr-data/Furniture/IMU/MTL-SGF00106-058.txt
OK    /Volumes/Samsung 990-2/100 Hours/Furniture/MTL-SGF00118-020.aac -> gs://100hr-data/Furniture/IMU/MTL-SGF00118-020.aac
OK    /Volumes/Samsung 990-2/100 Hours/Furniture/MTL-SGF00118-113.mp4 -> gs://100hr-data/Furniture/Videos/MTL-SGF00118-113.mp4
OK    /Volumes/Samsung 990-2/100 Hours/Furniture/MTL-SGF00113-109.txt -> gs://100hr-data/Furniture/IMU/MTL-SGF00113-109.txt
OK    /Volumes/Samsung 990-2/100 Hours/Furniture/MTL-SGF00108-034.aac -> gs://100hr-data/Furniture/IMU/MTL-SGF00108-034.aac
OK    /Volumes/Samsung 990-2/100 Hours/Furniture/MTL-SGF00115-017.aac -> gs://100hr-data/Furniture/IMU/MTL-SGF00115-017.aac
OK    /Volumes/Samsung 990-2/100 Hours/Furniture/MTL-SGF00125-044.aac -> gs://100hr-data/Furniture/IMU/MTL-SGF00125-044.aac
OK    /Volumes/Samsung 990-2/100 Hours/Furniture/MTL-SGF00125-050.aac -> gs://100hr-data/Furniture/IMU/MTL-SGF00125-050.aac
OK    /Volumes/Samsung 990-2/100 Hours/Furniture/MTL-SGF00125-078.aac -> gs://100hr-data/Furniture/IMU/MTL-SGF00125-078.aac
OK    /Volumes/Samsung 990-2/100 Hours/Furniture/MTL-SGF00126-037.txt -> gs://100hr-data/Furniture/IMU/MTL-SGF00126-037.txt
OK    /Volumes/Samsung 990-2/100 Hours/Furniture/MTL-SGF00106-024.mp4 -> gs://100hr-data/Furniture/Videos/MTL-SGF00106-024.mp4
OK    /Volumes/Samsung 990-2/100 Hours/Furniture/MTL-SGF00106-030.mp4 -> gs://100hr-data/Furniture/Videos/MTL-SGF00106-030.mp4
OK    /Volumes/Samsung 990-2/100 Hours/Furniture/MTL-SGF00113-046.aac -> gs://100hr-data/Furniture/IMU/MTL-SGF00113-046.aac
OK    /Volumes/Samsung 990-2/100 Hours/Furniture/MTL-SGF00126-023.txt -> gs://100hr-data/Furniture/IMU/MTL-SGF00126-023.txt
OK    /Volumes/Samsung 990-2/100 Hours/Furniture/MTL-SGF00111-058.mp4 -> gs://100hr-data/Furniture/Videos/MTL-SGF00111-058.mp4
OK    /Volumes/Samsung 990-2/100 Hours/Furniture/MTL-SGF00111-064.mp4 -> gs://100hr-data/Furniture/Videos/MTL-SGF00111-064.mp4
OK    /Volumes/Samsung 990-2/100 Hours/Furniture/MTL-SGF00111-030.txt -> gs://100hr-data/Furniture/IMU/MTL-SGF00111-030.txt
OK    /Volumes/Samsung 990-2/100 Hours/Furniture/MTL-SGF00111-024.txt -> gs://100hr-data/Furniture/IMU/MTL-SGF00111-024.txt
OK    /Volumes/Samsung 990-2/100 Hours/Furniture/MTL-SGF00111-019.txt -> gs://100hr-data/Furniture/IMU/MTL-SGF00111-019.txt
OK    /Volumes/Samsung 990-2/100 Hours/Furniture/MTL-SGF00111-025.txt -> gs://100hr-data/Furniture/IMU/MTL-SGF00111-025.txt
OK    /Volumes/Samsung 990-2/100 Hours/Furniture/MTL-SGF00111-031.txt -> gs://100hr-data/Furniture/IMU/MTL-SGF00111-031.txt
OK    /Volumes/Samsung 990-2/100 Hours/Furniture/MTL-SGF00111-065.mp4 -> gs://100hr-data/Furniture/Videos/MTL-SGF00111-065.mp4
OK    /Volumes/Samsung 990-2/100 Hours/Furniture/MTL-SGF00111-071.mp4 -> gs://100hr-data/Furniture/Videos/MTL-SGF00111-071.mp4
OK    /Volumes/Samsung 990-2/100 Hours/Furniture/MTL-SGF00113-047.aac -> gs://100hr-data/Furniture/IMU/MTL-SGF00113-047.aac
OK    /Volumes/Samsung 990-2/100 Hours/Furniture/MTL-SGF00106-031.mp4 -> gs://100hr-data/Furniture/Videos/MTL-SGF00106-031.mp4
OK    /Volumes/Samsung 990-2/100 Hours/Furniture/MTL-SGF00113-053.aac -> gs://100hr-data/Furniture/IMU/MTL-SGF00113-053.aac
OK    /Volumes/Samsung 990-2/100 Hours/Furniture/MTL-SGF00126-089.mp4 -> gs://100hr-data/Furniture/Videos/MTL-SGF00126-089.mp4
OK    /Volumes/Samsung 990-2/100 Hours/Furniture/MTL-SGF00106-025.mp4 -> gs://100hr-data/Furniture/Videos/MTL-SGF00106-025.mp4
OK    /Volumes/Samsung 990-2/100 Hours/Furniture/MTL-SGF00126-036.txt -> gs://100hr-data/Furniture/IMU/MTL-SGF00126-036.txt
OK    /Volumes/Samsung 990-2/100 Hours/Furniture/MTL-SGF00125-079.aac -> gs://100hr-data/Furniture/IMU/MTL-SGF00125-079.aac
OK    /Volumes/Samsung 990-2/100 Hours/Furniture/MTL-SGF00125-051.aac -> gs://100hr-data/Furniture/IMU/MTL-SGF00125-051.aac
OK    /Volumes/Samsung 990-2/100 Hours/Furniture/MTL-SGF00125-045.aac -> gs://100hr-data/Furniture/IMU/MTL-SGF00125-045.aac
OK    /Volumes/Samsung 990-2/100 Hours/Furniture/MTL-SGF00113-108.txt -> gs://100hr-data/Furniture/IMU/MTL-SGF00113-108.txt
OK    /Volumes/Samsung 990-2/100 Hours/Furniture/MTL-SGF00118-112.mp4 -> gs://100hr-data/Furniture/Videos/MTL-SGF00118-112.mp4
OK    /Volumes/Samsung 990-2/100 Hours/Furniture/MTL-SGF00113-084.aac -> gs://100hr-data/Furniture/IMU/MTL-SGF00113-084.aac
OK    /Volumes/Samsung 990-2/100 Hours/Furniture/MTL-SGF00118-021.aac -> gs://100hr-data/Furniture/IMU/MTL-SGF00118-021.aac
OK    /Volumes/Samsung 990-2/100 Hours/Furniture/MTL-SGF00108-035.aac -> gs://100hr-data/Furniture/IMU/MTL-SGF00108-035.aac
OK    /Volumes/Samsung 990-2/100 Hours/Furniture/MTL-SGF00115-016.aac -> gs://100hr-data/Furniture/IMU/MTL-SGF00115-016.aac
OK    /Volumes/Samsung 990-2/100 Hours/Furniture/MTL-SGF00108-021.aac -> gs://100hr-data/Furniture/IMU/MTL-SGF00108-021.aac
OK    /Volumes/Samsung 990-2/100 Hours/Furniture/MTL-SGF00123-028.aac -> gs://100hr-data/Furniture/IMU/MTL-SGF00123-028.aac
OK    /Volumes/Samsung 990-2/100 Hours/Furniture/MTL-SGF00106-059.txt -> gs://100hr-data/Furniture/IMU/MTL-SGF00106-059.txt
OK    /Volumes/Samsung 990-2/100 Hours/Furniture/MTL-SGF00118-035.aac -> gs://100hr-data/Furniture/IMU/MTL-SGF00118-035.aac
OK    /Volumes/Samsung 990-2/100 Hours/Furniture/MTL-SGF00118-106.mp4 -> gs://100hr-data/Furniture/Videos/MTL-SGF00118-106.mp4
OK    /Volumes/Samsung 990-2/100 Hours/Furniture/MTL-SGF00113-090.aac -> gs://100hr-data/Furniture/IMU/MTL-SGF00113-090.aac
OK    /Volumes/Samsung 990-2/100 Hours/Furniture/MTL-SGF00126-062.mp4 -> gs://100hr-data/Furniture/Videos/MTL-SGF00126-062.mp4
OK    /Volumes/Samsung 990-2/100 Hours/Furniture/MTL-SGF00108-009.aac -> gs://100hr-data/Furniture/IMU/MTL-SGF00108-009.aac
OK    /Volumes/Samsung 990-2/100 Hours/Furniture/MTL-SGF00123-014.aac -> gs://100hr-data/Furniture/IMU/MTL-SGF00123-014.aac
OK    /Volumes/Samsung 990-2/100 Hours/Furniture/MTL-SGF00126-076.mp4 -> gs://100hr-data/Furniture/Videos/MTL-SGF00126-076.mp4
OK    /Volumes/Samsung 990-2/100 Hours/Furniture/MTL-SGF00106-065.txt -> gs://100hr-data/Furniture/IMU/MTL-SGF00106-065.txt
OK    /Volumes/Samsung 990-2/100 Hours/Furniture/MTL-SGF00125-086.aac -> gs://100hr-data/Furniture/IMU/MTL-SGF00125-086.aac
OK    /Volumes/Samsung 990-2/100 Hours/Furniture/MTL-SGF00118-009.aac -> gs://100hr-data/Furniture/IMU/MTL-SGF00118-009.aac
OK    /Volumes/Samsung 990-2/100 Hours/Furniture/MTL-SGF00123-013.txt -> gs://100hr-data/Furniture/IMU/MTL-SGF00123-013.txt
OK    /Volumes/Samsung 990-2/100 Hours/Furniture/MTL-SGF00115-039.txt -> gs://100hr-data/Furniture/IMU/MTL-SGF00115-039.txt
OK    /Volumes/Samsung 990-2/100 Hours/Furniture/MTL-SGF00113-014.mp4 -> gs://100hr-data/Furniture/Videos/MTL-SGF00113-014.mp4
OK    /Volumes/Samsung 990-2/100 Hours/Furniture/MTL-SGF00106-062.aac -> gs://100hr-data/Furniture/IMU/MTL-SGF00106-062.aac
OK    /Volumes/Samsung 990-2/100 Hours/Furniture/MTL-SGF00125-081.txt -> gs://100hr-data/Furniture/IMU/MTL-SGF00125-081.txt
OK    /Volumes/Samsung 990-2/100 Hours/Furniture/MTL-SGF00113-083.txt -> gs://100hr-data/Furniture/IMU/MTL-SGF00113-083.txt
OK    /Volumes/Samsung 990-2/100 Hours/Furniture/MTL-SGF00125-016.mp4 -> gs://100hr-data/Furniture/Videos/MTL-SGF00125-016.mp4
OK    /Volumes/Samsung 990-2/100 Hours/Furniture/MTL-SGF00118-026.txt -> gs://100hr-data/Furniture/IMU/MTL-SGF00118-026.txt
OK    /Volumes/Samsung 990-2/100 Hours/Furniture/MTL-SGF00108-032.txt -> gs://100hr-data/Furniture/IMU/MTL-SGF00108-032.txt
OK    /Volumes/Samsung 990-2/100 Hours/Furniture/MTL-SGF00108-026.txt -> gs://100hr-data/Furniture/IMU/MTL-SGF00108-026.txt
OK    /Volumes/Samsung 990-2/100 Hours/Furniture/MTL-SGF00113-028.mp4 -> gs://100hr-data/Furniture/Videos/MTL-SGF00113-028.mp4
OK    /Volumes/Samsung 990-2/100 Hours/Furniture/MTL-SGF00118-032.txt -> gs://100hr-data/Furniture/IMU/MTL-SGF00118-032.txt
OK    /Volumes/Samsung 990-2/100 Hours/Furniture/MTL-SGF00113-097.txt -> gs://100hr-data/Furniture/IMU/MTL-SGF00113-097.txt
OK    /Volumes/Samsung 990-2/100 Hours/Furniture/MTL-SGF00125-056.txt -> gs://100hr-data/Furniture/IMU/MTL-SGF00125-056.txt
OK    /Volumes/Samsung 990-2/100 Hours/Furniture/MTL-SGF00115-051.mp4 -> gs://100hr-data/Furniture/Videos/MTL-SGF00115-051.mp4
OK    /Volumes/Samsung 990-2/100 Hours/Furniture/MTL-SGF00115-045.mp4 -> gs://100hr-data/Furniture/Videos/MTL-SGF00115-045.mp4
OK    /Volumes/Samsung 990-2/100 Hours/Furniture/MTL-SGF00125-042.txt -> gs://100hr-data/Furniture/IMU/MTL-SGF00125-042.txt
OK    /Volumes/Samsung 990-2/100 Hours/Furniture/MTL-SGF00118-072.mp4 -> gs://100hr-data/Furniture/Videos/MTL-SGF00118-072.mp4
OK    /Volumes/Samsung 990-2/100 Hours/Furniture/MTL-SGF00113-068.txt -> gs://100hr-data/Furniture/IMU/MTL-SGF00113-068.txt
OK    /Volumes/Samsung 990-2/100 Hours/Furniture/MTL-SGF00126-025.aac -> gs://100hr-data/Furniture/IMU/MTL-SGF00126-025.aac
OK    /Volumes/Samsung 990-2/100 Hours/Furniture/MTL-SGF00115-079.mp4 -> gs://100hr-data/Furniture/Videos/MTL-SGF00115-079.mp4
OK    /Volumes/Samsung 990-2/100 Hours/Furniture/MTL-SGF00113-054.txt -> gs://100hr-data/Furniture/IMU/MTL-SGF00113-054.txt
OK    /Volumes/Samsung 990-2/100 Hours/Furniture/MTL-SGF00126-031.aac -> gs://100hr-data/Furniture/IMU/MTL-SGF00126-031.aac
OK    /Volumes/Samsung 990-2/100 Hours/Furniture/MTL-SGF00111-022.aac -> gs://100hr-data/Furniture/IMU/MTL-SGF00111-022.aac
OK    /Volumes/Samsung 990-2/100 Hours/Furniture/MTL-SGF00111-036.aac -> gs://100hr-data/Furniture/IMU/MTL-SGF00111-036.aac
OK    /Volumes/Samsung 990-2/100 Hours/Furniture/MTL-SGF00111-020.aac -> gs://100hr-data/Furniture/IMU/MTL-SGF00111-020.aac
OK    /Volumes/Samsung 990-2/100 Hours/Furniture/MTL-SGF00119-075.mp4 -> gs://100hr-data/Furniture/Videos/MTL-SGF00119-075.mp4
OK    /Volumes/Samsung 990-2/100 Hours/Furniture/MTL-SGF00111-034.aac -> gs://100hr-data/Furniture/IMU/MTL-SGF00111-034.aac
OK    /Volumes/Samsung 990-2/100 Hours/Furniture/MTL-SGF00113-042.txt -> gs://100hr-data/Furniture/IMU/MTL-SGF00113-042.txt
OK    /Volumes/Samsung 990-2/100 Hours/Furniture/MTL-SGF00118-058.mp4 -> gs://100hr-data/Furniture/Videos/MTL-SGF00118-058.mp4
OK    /Volumes/Samsung 990-2/100 Hours/Furniture/MTL-SGF00126-027.aac -> gs://100hr-data/Furniture/IMU/MTL-SGF00126-027.aac
OK    /Volumes/Samsung 990-2/100 Hours/Furniture/MTL-SGF00125-068.txt -> gs://100hr-data/Furniture/IMU/MTL-SGF00125-068.txt
OK    /Volumes/Samsung 990-2/100 Hours/Furniture/MTL-SGF00126-033.aac -> gs://100hr-data/Furniture/IMU/MTL-SGF00126-033.aac
OK    /Volumes/Samsung 990-2/100 Hours/Furniture/MTL-SGF00113-056.txt -> gs://100hr-data/Furniture/IMU/MTL-SGF00113-056.txt
OK    /Volumes/Samsung 990-2/100 Hours/Furniture/MTL-SGF00115-053.mp4 -> gs://100hr-data/Furniture/Videos/MTL-SGF00115-053.mp4
OK    /Volumes/Samsung 990-2/100 Hours/Furniture/MTL-SGF00125-054.txt -> gs://100hr-data/Furniture/IMU/MTL-SGF00125-054.txt
OK    /Volumes/Samsung 990-2/100 Hours/Furniture/MTL-SGF00118-064.mp4 -> gs://100hr-data/Furniture/Videos/MTL-SGF00118-064.mp4
OK    /Volumes/Samsung 990-2/100 Hours/Furniture/MTL-SGF00115-047.mp4 -> gs://100hr-data/Furniture/Videos/MTL-SGF00115-047.mp4
OK    /Volumes/Samsung 990-2/100 Hours/Furniture/MTL-SGF00108-030.txt -> gs://100hr-data/Furniture/IMU/MTL-SGF00108-030.txt
OK    /Volumes/Samsung 990-2/100 Hours/Furniture/MTL-SGF00115-013.txt -> gs://100hr-data/Furniture/IMU/MTL-SGF00115-013.txt
OK    /Volumes/Samsung 990-2/100 Hours/Furniture/MTL-SGF00123-039.txt -> gs://100hr-data/Furniture/IMU/MTL-SGF00123-039.txt
OK    /Volumes/Samsung 990-2/100 Hours/Furniture/MTL-SGF00118-024.txt -> gs://100hr-data/Furniture/IMU/MTL-SGF00118-024.txt
OK    /Volumes/Samsung 990-2/100 Hours/Furniture/MTL-SGF00125-014.mp4 -> gs://100hr-data/Furniture/Videos/MTL-SGF00125-014.mp4
OK    /Volumes/Samsung 990-2/100 Hours/Furniture/MTL-SGF00113-081.txt -> gs://100hr-data/Furniture/IMU/MTL-SGF00113-081.txt
OK    /Volumes/Samsung 990-2/100 Hours/Furniture/MTL-SGF00118-030.txt -> gs://100hr-data/Furniture/IMU/MTL-SGF00118-030.txt
OK    /Volumes/Samsung 990-2/100 Hours/Furniture/MTL-SGF00108-024.txt -> gs://100hr-data/Furniture/IMU/MTL-SGF00108-024.txt
OK    /Volumes/Samsung 990-2/100 Hours/Furniture/MTL-SGF00125-028.mp4 -> gs://100hr-data/Furniture/Videos/MTL-SGF00125-028.mp4
OK    /Volumes/Samsung 990-2/100 Hours/Furniture/MTL-SGF00125-097.txt -> gs://100hr-data/Furniture/IMU/MTL-SGF00125-097.txt
OK    /Volumes/Samsung 990-2/100 Hours/Furniture/MTL-SGF00106-060.aac -> gs://100hr-data/Furniture/IMU/MTL-SGF00106-060.aac
OK    /Volumes/Samsung 990-2/100 Hours/Furniture/MTL-SGF00125-083.txt -> gs://100hr-data/Furniture/IMU/MTL-SGF00125-083.txt
OK    /Volumes/Samsung 990-2/100 Hours/Furniture/MTL-SGF00113-016.mp4 -> gs://100hr-data/Furniture/Videos/MTL-SGF00113-016.mp4
OK    /Volumes/Samsung 990-2/100 Hours/Furniture/MTL-SGF00115-028.aac -> gs://100hr-data/Furniture/IMU/MTL-SGF00115-028.aac
OK    /Volumes/Samsung 990-2/100 Hours/Furniture/MTL-SGF00126-060.mp4 -> gs://100hr-data/Furniture/Videos/MTL-SGF00126-060.mp4
OK    /Volumes/Samsung 990-2/100 Hours/Furniture/MTL-SGF00125-090.aac -> gs://100hr-data/Furniture/IMU/MTL-SGF00125-090.aac
OK    /Volumes/Samsung 990-2/100 Hours/Furniture/MTL-SGF00125-108.txt -> gs://100hr-data/Furniture/IMU/MTL-SGF00125-108.txt
OK    /Volumes/Samsung 990-2/100 Hours/Furniture/MTL-SGF00125-084.aac -> gs://100hr-data/Furniture/IMU/MTL-SGF00125-084.aac
OK    /Volumes/Samsung 990-2/100 Hours/Furniture/MTL-SGF00126-074.mp4 -> gs://100hr-data/Furniture/Videos/MTL-SGF00126-074.mp4
OK    /Volumes/Samsung 990-2/100 Hours/Furniture/MTL-SGF00123-016.aac -> gs://100hr-data/Furniture/IMU/MTL-SGF00123-016.aac
OK    /Volumes/Samsung 990-2/100 Hours/Furniture/MTL-SGF00115-014.aac -> gs://100hr-data/Furniture/IMU/MTL-SGF00115-014.aac
OK    /Volumes/Samsung 990-2/100 Hours/Furniture/MTL-SGF00118-023.aac -> gs://100hr-data/Furniture/IMU/MTL-SGF00118-023.aac
OK    /Volumes/Samsung 990-2/100 Hours/Furniture/MTL-SGF00113-086.aac -> gs://100hr-data/Furniture/IMU/MTL-SGF00113-086.aac
OK    /Volumes/Samsung 990-2/100 Hours/Furniture/MTL-SGF00118-104.mp4 -> gs://100hr-data/Furniture/Videos/MTL-SGF00118-104.mp4
OK    /Volumes/Samsung 990-2/100 Hours/Furniture/MTL-SGF00108-023.aac -> gs://100hr-data/Furniture/IMU/MTL-SGF00108-023.aac
OK    /Volumes/Samsung 990-2/100 Hours/Furniture/MTL-SGF00125-053.aac -> gs://100hr-data/Furniture/IMU/MTL-SGF00125-053.aac
OK    /Volumes/Samsung 990-2/100 Hours/Furniture/MTL-SGF00113-079.aac -> gs://100hr-data/Furniture/IMU/MTL-SGF00113-079.aac
OK    /Volumes/Samsung 990-2/100 Hours/Furniture/MTL-SGF00125-047.aac -> gs://100hr-data/Furniture/IMU/MTL-SGF00125-047.aac
OK    /Volumes/Samsung 990-2/100 Hours/Furniture/MTL-SGF00113-045.aac -> gs://100hr-data/Furniture/IMU/MTL-SGF00113-045.aac
OK    /Volumes/Samsung 990-2/100 Hours/Furniture/MTL-SGF00126-020.txt -> gs://100hr-data/Furniture/IMU/MTL-SGF00126-020.txt
OK    /Volumes/Samsung 990-2/100 Hours/Furniture/MTL-SGF00126-034.txt -> gs://100hr-data/Furniture/IMU/MTL-SGF00126-034.txt
OK    /Volumes/Samsung 990-2/100 Hours/Furniture/MTL-SGF00106-027.mp4 -> gs://100hr-data/Furniture/Videos/MTL-SGF00106-027.mp4
OK    /Volumes/Samsung 990-2/100 Hours/Furniture/MTL-SGF00113-051.aac -> gs://100hr-data/Furniture/IMU/MTL-SGF00113-051.aac
OK    /Volumes/Samsung 990-2/100 Hours/Furniture/MTL-SGF00111-067.mp4 -> gs://100hr-data/Furniture/Videos/MTL-SGF00111-067.mp4
OK    /Volumes/Samsung 990-2/100 Hours/Furniture/MTL-SGF00111-073.mp4 -> gs://100hr-data/Furniture/Videos/MTL-SGF00111-073.mp4
OK    /Volumes/Samsung 990-2/100 Hours/Furniture/MTL-SGF00111-027.txt -> gs://100hr-data/Furniture/IMU/MTL-SGF00111-027.txt
OK    /Volumes/Samsung 990-2/100 Hours/Furniture/MTL-SGF00111-032.txt -> gs://100hr-data/Furniture/IMU/MTL-SGF00111-032.txt
OK    /Volumes/Samsung 990-2/100 Hours/Furniture/MTL-SGF00111-026.txt -> gs://100hr-data/Furniture/IMU/MTL-SGF00111-026.txt
OK    /Volumes/Samsung 990-2/100 Hours/Furniture/MTL-SGF00111-072.mp4 -> gs://100hr-data/Furniture/Videos/MTL-SGF00111-072.mp4
OK    /Volumes/Samsung 990-2/100 Hours/Furniture/MTL-SGF00113-050.aac -> gs://100hr-data/Furniture/IMU/MTL-SGF00113-050.aac
OK    /Volumes/Samsung 990-2/100 Hours/Furniture/MTL-SGF00126-035.txt -> gs://100hr-data/Furniture/IMU/MTL-SGF00126-035.txt
OK    /Volumes/Samsung 990-2/100 Hours/Furniture/MTL-SGF00126-021.txt -> gs://100hr-data/Furniture/IMU/MTL-SGF00126-021.txt
OK    /Volumes/Samsung 990-2/100 Hours/Furniture/MTL-SGF00113-044.aac -> gs://100hr-data/Furniture/IMU/MTL-SGF00113-044.aac
OK    /Volumes/Samsung 990-2/100 Hours/Furniture/MTL-SGF00106-032.mp4 -> gs://100hr-data/Furniture/Videos/MTL-SGF00106-032.mp4
OK    /Volumes/Samsung 990-2/100 Hours/Furniture/MTL-SGF00126-009.txt -> gs://100hr-data/Furniture/IMU/MTL-SGF00126-009.txt
OK    /Volumes/Samsung 990-2/100 Hours/Furniture/MTL-SGF00125-046.aac -> gs://100hr-data/Furniture/IMU/MTL-SGF00125-046.aac
OK    /Volumes/Samsung 990-2/100 Hours/Furniture/MTL-SGF00113-078.aac -> gs://100hr-data/Furniture/IMU/MTL-SGF00113-078.aac
OK    /Volumes/Samsung 990-2/100 Hours/Furniture/MTL-SGF00118-036.aac -> gs://100hr-data/Furniture/IMU/MTL-SGF00118-036.aac
OK    /Volumes/Samsung 990-2/100 Hours/Furniture/MTL-SGF00118-105.mp4 -> gs://100hr-data/Furniture/Videos/MTL-SGF00118-105.mp4
OK    /Volumes/Samsung 990-2/100 Hours/Furniture/MTL-SGF00113-093.aac -> gs://100hr-data/Furniture/IMU/MTL-SGF00113-093.aac
OK    /Volumes/Samsung 990-2/100 Hours/Furniture/MTL-SGF00126-049.mp4 -> gs://100hr-data/Furniture/Videos/MTL-SGF00126-049.mp4
OK    /Volumes/Samsung 990-2/100 Hours/Furniture/MTL-SGF00108-022.aac -> gs://100hr-data/Furniture/IMU/MTL-SGF00108-022.aac
OK    /Volumes/Samsung 990-2/100 Hours/Furniture/MTL-SGF00108-036.aac -> gs://100hr-data/Furniture/IMU/MTL-SGF00108-036.aac
OK    /Volumes/Samsung 990-2/100 Hours/Furniture/MTL-SGF00118-111.mp4 -> gs://100hr-data/Furniture/Videos/MTL-SGF00118-111.mp4
OK    /Volumes/Samsung 990-2/100 Hours/Furniture/MTL-SGF00113-087.aac -> gs://100hr-data/Furniture/IMU/MTL-SGF00113-087.aac
OK    /Volumes/Samsung 990-2/100 Hours/Furniture/MTL-SGF00118-022.aac -> gs://100hr-data/Furniture/IMU/MTL-SGF00118-022.aac
OK    /Volumes/Samsung 990-2/100 Hours/Furniture/MTL-SGF00126-075.mp4 -> gs://100hr-data/Furniture/Videos/MTL-SGF00126-075.mp4
OK    /Volumes/Samsung 990-2/100 Hours/Furniture/MTL-SGF00125-109.txt -> gs://100hr-data/Furniture/IMU/MTL-SGF00125-109.txt
OK    /Volumes/Samsung 990-2/100 Hours/Furniture/MTL-SGF00123-017.aac -> gs://100hr-data/Furniture/IMU/MTL-SGF00123-017.aac
OK    /Volumes/Samsung 990-2/100 Hours/Furniture/MTL-SGF00115-029.aac -> gs://100hr-data/Furniture/IMU/MTL-SGF00115-029.aac
OK    /Volumes/Samsung 990-2/100 Hours/Furniture/MTL-SGF00125-091.aac -> gs://100hr-data/Furniture/IMU/MTL-SGF00125-091.aac
OK    /Volumes/Samsung 990-2/100 Hours/Furniture/MTL-SGF00126-061.mp4 -> gs://100hr-data/Furniture/Videos/MTL-SGF00126-061.mp4
OK    /Volumes/Samsung 990-2/100 Hours/Furniture/MTL-SGF00113-017.mp4 -> gs://100hr-data/Furniture/Videos/MTL-SGF00113-017.mp4
OK    /Volumes/Samsung 990-2/100 Hours/Furniture/MTL-SGF00125-082.txt -> gs://100hr-data/Furniture/IMU/MTL-SGF00125-082.txt
OK    /Volumes/Samsung 990-2/100 Hours/Furniture/MTL-SGF00106-061.aac -> gs://100hr-data/Furniture/IMU/MTL-SGF00106-061.aac
OK    /Volumes/Samsung 990-2/100 Hours/Furniture/MTL-SGF00123-010.txt -> gs://100hr-data/Furniture/IMU/MTL-SGF00123-010.txt
OK    /Volumes/Samsung 990-2/100 Hours/Furniture/MTL-SGF00108-019.txt -> gs://100hr-data/Furniture/IMU/MTL-SGF00108-019.txt
OK    /Volumes/Samsung 990-2/100 Hours/Furniture/MTL-SGF00118-019.txt -> gs://100hr-data/Furniture/IMU/MTL-SGF00118-019.txt
OK    /Volumes/Samsung 990-2/100 Hours/Furniture/MTL-SGF00125-096.txt -> gs://100hr-data/Furniture/IMU/MTL-SGF00125-096.txt
OK    /Volumes/Samsung 990-2/100 Hours/Furniture/MTL-SGF00125-029.mp4 -> gs://100hr-data/Furniture/Videos/MTL-SGF00125-029.mp4
OK    /Volumes/Samsung 990-2/100 Hours/Furniture/MTL-SGF00118-031.txt -> gs://100hr-data/Furniture/IMU/MTL-SGF00118-031.txt
OK    /Volumes/Samsung 990-2/100 Hours/Furniture/MTL-SGF00113-094.txt -> gs://100hr-data/Furniture/IMU/MTL-SGF00113-094.txt
OK    /Volumes/Samsung 990-2/100 Hours/Furniture/MTL-SGF00108-025.txt -> gs://100hr-data/Furniture/IMU/MTL-SGF00108-025.txt
OK    /Volumes/Samsung 990-2/100 Hours/Furniture/MTL-SGF00123-038.txt -> gs://100hr-data/Furniture/IMU/MTL-SGF00123-038.txt
OK    /Volumes/Samsung 990-2/100 Hours/Furniture/MTL-SGF00108-031.txt -> gs://100hr-data/Furniture/IMU/MTL-SGF00108-031.txt
OK    /Volumes/Samsung 990-2/100 Hours/Furniture/MTL-SGF00115-012.txt -> gs://100hr-data/Furniture/IMU/MTL-SGF00115-012.txt
OK    /Volumes/Samsung 990-2/100 Hours/Furniture/MTL-SGF00113-080.txt -> gs://100hr-data/Furniture/IMU/MTL-SGF00113-080.txt
OK    /Volumes/Samsung 990-2/100 Hours/Furniture/MTL-SGF00118-025.txt -> gs://100hr-data/Furniture/IMU/MTL-SGF00118-025.txt
OK    /Volumes/Samsung 990-2/100 Hours/Furniture/MTL-SGF00106-049.aac -> gs://100hr-data/Furniture/IMU/MTL-SGF00106-049.aac
OK    /Volumes/Samsung 990-2/100 Hours/Furniture/MTL-SGF00125-041.txt -> gs://100hr-data/Furniture/IMU/MTL-SGF00125-041.txt
OK    /Volumes/Samsung 990-2/100 Hours/Furniture/MTL-SGF00118-071.mp4 -> gs://100hr-data/Furniture/Videos/MTL-SGF00118-071.mp4
OK    /Volumes/Samsung 990-2/100 Hours/Furniture/MTL-SGF00115-046.mp4 -> gs://100hr-data/Furniture/Videos/MTL-SGF00115-046.mp4
OK    /Volumes/Samsung 990-2/100 Hours/Furniture/MTL-SGF00115-052.mp4 -> gs://100hr-data/Furniture/Videos/MTL-SGF00115-052.mp4
OK    /Volumes/Samsung 990-2/100 Hours/Furniture/MTL-SGF00118-065.mp4 -> gs://100hr-data/Furniture/Videos/MTL-SGF00118-065.mp4
OK    /Volumes/Samsung 990-2/100 Hours/Furniture/MTL-SGF00113-057.txt -> gs://100hr-data/Furniture/IMU/MTL-SGF00113-057.txt
OK    /Volumes/Samsung 990-2/100 Hours/Furniture/MTL-SGF00126-032.aac -> gs://100hr-data/Furniture/IMU/MTL-SGF00126-032.aac
OK    /Volumes/Samsung 990-2/100 Hours/Furniture/MTL-SGF00125-069.txt -> gs://100hr-data/Furniture/IMU/MTL-SGF00125-069.txt
OK    /Volumes/Samsung 990-2/100 Hours/Furniture/MTL-SGF00113-043.txt -> gs://100hr-data/Furniture/IMU/MTL-SGF00113-043.txt
OK    /Volumes/Samsung 990-2/100 Hours/Furniture/MTL-SGF00111-035.aac -> gs://100hr-data/Furniture/IMU/MTL-SGF00111-035.aac
OK    /Volumes/Samsung 990-2/100 Hours/Furniture/MTL-SGF00119-074.mp4 -> gs://100hr-data/Furniture/Videos/MTL-SGF00119-074.mp4
OK    /Volumes/Samsung 990-2/100 Hours/Furniture/MTL-SGF00111-021.aac -> gs://100hr-data/Furniture/IMU/MTL-SGF00111-021.aac
Summary: success=1778 skipped=0 failed=0
